age,monthly_income,monthly_expenses,monthly_surplus,savings,existing_investments,monthly_emi,investment_horizon,investment_experience,reaction_to_market_loss,investment_frequency,liquidity_preference,investment_goal,risk_questionnaire_score,risk_profile,savings_ratio,expense_ratio,emi_to_income_ratio,investment_to_income_ratio
61,50000.0,41500.0,0.0,982000,405000.0,14300,17,3,1,MONTHLY,MEDIUM,WEALTH_CREATION,70.0,HIGH,1.6366666666666667,0.83,0.286,0.675
45,109000.0,59500.0,15800.0,1865000,145000.0,33700,5,1,2,MONTHLY,MEDIUM,TAX_SAVING,47.0,HIGH,1.4258409785932722,0.5458715596330275,0.3091743119266055,0.11085626911314984
34,113000.0,67200.0,8400.0,939000,422000.0,37400,1,4,4,MONTHLY,LOW,SHORT_TERM_GOAL,94.0,MEDIUM,0.6924778761061947,0.5946902654867257,0.3309734513274336,0.3112094395280236
34,84000.0,43300.0,31300.0,976000,357000.0,9400,14,2,1,MONTHLY,HIGH,RETIREMENT,63.0,HIGH,0.9682539682539683,0.5154761904761904,0.11190476190476191,0.3541666666666667
21,80000.0,65500.0,0.0,67000,20000.0,32600,2,3,4,QUARTERLY,MEDIUM,RETIREMENT,77.0,MEDIUM,0.06979166666666667,0.81875,0.4075,0.020833333333333332
54,177000.0,40100.0,96900.0,1675000,58000.0,40000,9,1,3,RARELY,LOW,RETIREMENT,37.0,LOW,0.7886064030131826,0.22655367231638418,0.22598870056497175,0.027306967984934087
55,143000.0,83300.0,34100.0,918000,18000.0,25600,12,1,1,MONTHLY,MEDIUM,RETIREMENT,37.0,MEDIUM,0.534965034965035,0.5825174825174825,0.17902097902097902,0.01048951048951049
55,75000.0,60100.0,0.0,1254000,250000.0,34600,2,2,2,RARELY,LOW,WEALTH_CREATION,48.0,MEDIUM,1.3933333333333333,0.8013333333333333,0.4613333333333333,0.2777777777777778
38,49000.0,43000.0,0.0,672000,409000.0,10600,14,1,3,LUMP_SUM,HIGH,TAX_SAVING,54.0,HIGH,1.1428571428571428,0.8775510204081632,0.2163265306122449,0.6955782312925171
34,66000.0,48400.0,14300.0,320000,16000.0,3300,4,1,5,MONTHLY,MEDIUM,TAX_SAVING,63.0,HIGH,0.40404040404040403,0.7333333333333333,0.05,0.020202020202020204
54,52000.0,28700.0,17900.0,2118000,25000.0,5400,9,2,1,MONTHLY,LOW,WEALTH_CREATION,54.0,HIGH,3.394230769230769,0.551923076923077,0.10384615384615385,0.04006410256410257
55,108000.0,85000.0,21300.0,442000,115000.0,1700,3,3,2,QUARTERLY,HIGH,EMERGENCY_FUND,65.0,LOW,0.3410493827160494,0.7870370370370371,0.01574074074074074,0.08873456790123457
38,34000.0,31200.0,500.0,167000,113000.0,2300,9,2,1,MONTHLY,HIGH,SHORT_TERM_GOAL,64.0,MEDIUM,0.40931372549019607,0.9176470588235294,0.06764705882352941,0.2769607843137255
64,50000.0,32800.0,0.0,318000,138000.0,19200,1,3,2,RARELY,HIGH,SHORT_TERM_GOAL,52.0,LOW,0.53,0.656,0.384,0.23
65,102000.0,70600.0,13300.0,629000,410000.0,18100,6,5,3,RARELY,LOW,SHORT_TERM_GOAL,78.0,HIGH,0.5138888888888888,0.692156862745098,0.17745098039215687,0.3349673202614379
37,33000.0,30300.0,0.0,527000,327000.0,9100,20,4,3,LUMP_SUM,LOW,SHORT_TERM_GOAL,72.0,HIGH,1.3308080808080809,0.9181818181818182,0.27575757575757576,0.8257575757575758
41,58000.0,42700.0,7100.0,1108000,265000.0,8200,14,1,1,QUARTERLY,MEDIUM,WEALTH_CREATION,49.0,HIGH,1.5919540229885059,0.7362068965517241,0.1413793103448276,0.3807471264367816
64,26000.0,9800.0,10200.0,404000,67000.0,6000,16,4,4,MONTHLY,HIGH,TAX_SAVING,71.0,HIGH,1.294871794871795,0.3769230769230769,0.23076923076923078,0.21474358974358973
28,53000.0,20300.0,24600.0,728000,242000.0,8100,14,2,3,MONTHLY,LOW,WEALTH_CREATION,51.0,HIGH,1.1446540880503144,0.38301886792452833,0.15283018867924528,0.3805031446540881
55,58000.0,44000.0,7000.0,180000,19000.0,7000,8,5,2,MONTHLY,HIGH,EMERGENCY_FUND,62.0,LOW,0.25862068965517243,0.7586206896551724,0.1206896551724138,0.027298850574712645
59,137000.0,81300.0,39700.0,3690000,1240000.0,16000,5,2,2,RARELY,MEDIUM,SHORT_TERM_GOAL,60.0,HIGH,2.2445255474452557,0.5934306569343065,0.11678832116788321,0.754257907542579
51,126000.0,96200.0,0.0,2579000,1390000.0,49500,13,1,4,RARELY,LOW,WEALTH_CREATION,57.0,HIGH,1.7056878306878307,0.7634920634920634,0.39285714285714285,0.9193121693121693
45,46000.0,38500.0,0.0,916000,199000.0,9200,5,4,4,MONTHLY,HIGH,TAX_SAVING,89.0,HIGH,1.6594202898550725,0.8369565217391305,0.2,0.3605072463768116
48,34000.0,13500.0,15100.0,269000,111000.0,5400,4,2,4,QUARTERLY,MEDIUM,WEALTH_CREATION,64.0,HIGH,0.6593137254901961,0.39705882352941174,0.1588235294117647,0.27205882352941174
52,20000.0,8800.0,200.0,84000,17000.0,11000,8,3,1,MONTHLY,MEDIUM,WEALTH_CREATION,77.0,LOW,0.35,0.44,0.55,0.07083333333333333
54,71000.0,37700.0,16100.0,555000,86000.0,17200,14,2,5,RARELY,MEDIUM,RETIREMENT,66.0,HIGH,0.6514084507042254,0.5309859154929577,0.24225352112676057,0.10093896713615023
29,78000.0,65900.0,0.0,1088000,48000.0,14600,6,1,3,MONTHLY,LOW,TAX_SAVING,79.0,HIGH,1.1623931623931625,0.8448717948717949,0.18717948717948718,0.05128205128205128
28,72000.0,66200.0,0.0,1490000,328000.0,13500,4,1,2,QUARTERLY,LOW,RETIREMENT,53.0,HIGH,1.724537037037037,0.9194444444444444,0.1875,0.37962962962962965
23,27000.0,15300.0,5700.0,471000,88000.0,6000,15,1,1,MONTHLY,HIGH,TAX_SAVING,28.0,HIGH,1.4537037037037037,0.5666666666666667,0.2222222222222222,0.2716049382716049
65,48000.0,33600.0,8200.0,1898000,136000.0,6200,1,3,4,QUARTERLY,HIGH,WEALTH_CREATION,62.0,HIGH,3.295138888888889,0.7,0.12916666666666668,0.2361111111111111
38,32000.0,15800.0,14000.0,431000,152000.0,2200,22,2,3,RARELY,MEDIUM,RETIREMENT,49.0,HIGH,1.1223958333333333,0.49375,0.06875,0.3958333333333333
44,83000.0,55800.0,8400.0,703000,154000.0,18800,12,1,1,MONTHLY,LOW,EMERGENCY_FUND,69.0,HIGH,0.7058232931726908,0.672289156626506,0.22650602409638554,0.15461847389558234
62,123000.0,71300.0,37400.0,3870000,658000.0,14300,8,4,2,MONTHLY,MEDIUM,SHORT_TERM_GOAL,66.0,HIGH,2.6219512195121952,0.5796747967479675,0.11626016260162601,0.44579945799457993
55,64000.0,40000.0,11000.0,630000,140000.0,13000,6,5,4,LUMP_SUM,LOW,SHORT_TERM_GOAL,100.0,HIGH,0.8203125,0.625,0.203125,0.18229166666666666
42,58000.0,21600.0,22100.0,859000,332000.0,14300,5,3,4,RARELY,LOW,WEALTH_CREATION,82.0,HIGH,1.2341954022988506,0.3724137931034483,0.24655172413793103,0.47701149425287354
35,99000.0,35100.0,60300.0,929000,50000.0,3600,2,2,3,LUMP_SUM,LOW,WEALTH_CREATION,78.0,HIGH,0.781986531986532,0.35454545454545455,0.03636363636363636,0.04208754208754209
36,65000.0,41900.0,15800.0,463000,27000.0,7300,25,4,1,MONTHLY,MEDIUM,WEALTH_CREATION,82.0,HIGH,0.5935897435897436,0.6446153846153846,0.1123076923076923,0.03461538461538462
63,59000.0,34600.0,2200.0,2931000,572000.0,22200,4,3,4,LUMP_SUM,LOW,WEALTH_CREATION,83.0,HIGH,4.139830508474576,0.5864406779661017,0.376271186440678,0.807909604519774
49,33000.0,28300.0,0.0,536000,20000.0,6400,5,4,4,MONTHLY,LOW,EMERGENCY_FUND,100.0,HIGH,1.3535353535353536,0.8575757575757575,0.19393939393939394,0.050505050505050504
64,104000.0,89100.0,0.0,2010000,115000.0,19400,20,1,3,MONTHLY,HIGH,WEALTH_CREATION,39.0,HIGH,1.6105769230769231,0.8567307692307692,0.18653846153846154,0.0921474358974359
65,136000.0,83700.0,28700.0,1239000,81000.0,23600,6,2,1,MONTHLY,HIGH,RETIREMENT,40.0,MEDIUM,0.7591911764705882,0.6154411764705883,0.17352941176470588,0.04963235294117647
59,93000.0,39400.0,17900.0,606000,341000.0,35700,23,2,4,MONTHLY,HIGH,WEALTH_CREATION,57.0,HIGH,0.543010752688172,0.4236559139784946,0.38387096774193546,0.3055555555555556
58,54000.0,46900.0,0.0,930000,492000.0,11800,17,2,3,RARELY,LOW,RETIREMENT,68.0,HIGH,1.4351851851851851,0.8685185185185185,0.21851851851851853,0.7592592592592593
52,94000.0,71500.0,15900.0,1965000,626000.0,6600,14,1,3,RARELY,MEDIUM,SHORT_TERM_GOAL,31.0,HIGH,1.7420212765957446,0.7606382978723404,0.07021276595744681,0.5549645390070922
47,50000.0,27900.0,12200.0,173000,81000.0,9900,5,1,2,LUMP_SUM,HIGH,SHORT_TERM_GOAL,42.0,LOW,0.28833333333333333,0.558,0.198,0.135
59,54000.0,11100.0,31600.0,246000,28000.0,11300,9,3,3,LUMP_SUM,MEDIUM,TAX_SAVING,63.0,HIGH,0.37962962962962965,0.20555555555555555,0.20925925925925926,0.043209876543209874
22,23000.0,13000.0,9800.0,76000,3000.0,200,5,2,4,LUMP_SUM,MEDIUM,WEALTH_CREATION,77.0,HIGH,0.2753623188405797,0.5652173913043478,0.008695652173913044,0.010869565217391304
60,60000.0,39000.0,1500.0,636000,233000.0,19500,3,5,1,MONTHLY,HIGH,EMERGENCY_FUND,70.0,LOW,0.8833333333333333,0.65,0.325,0.3236111111111111
28,40000.0,22600.0,0.0,2605000,630000.0,22000,2,1,2,RARELY,MEDIUM,EMERGENCY_FUND,31.0,HIGH,5.427083333333333,0.565,0.55,1.3125
27,36000.0,21100.0,5800.0,319000,84000.0,9100,5,3,4,RARELY,LOW,WEALTH_CREATION,82.0,HIGH,0.7384259259259259,0.5861111111111111,0.25277777777777777,0.19444444444444445
62,82000.0,34900.0,25900.0,578000,102000.0,21200,14,2,2,MONTHLY,MEDIUM,WEALTH_CREATION,56.0,HIGH,0.5873983739837398,0.42560975609756097,0.25853658536585367,0.10365853658536585
62,82000.0,58700.0,11900.0,967000,353000.0,11400,1,1,5,MONTHLY,HIGH,RETIREMENT,69.0,HIGH,0.9827235772357723,0.7158536585365853,0.13902439024390245,0.358739837398374
49,77000.0,58300.0,0.0,1067000,411000.0,42300,21,2,1,MONTHLY,MEDIUM,SHORT_TERM_GOAL,49.0,MEDIUM,1.1547619047619047,0.7571428571428571,0.5493506493506494,0.4448051948051948
63,51000.0,42600.0,2800.0,1747000,579000.0,5600,6,2,1,MONTHLY,HIGH,RETIREMENT,46.0,HIGH,2.854575163398693,0.8352941176470589,0.10980392156862745,0.946078431372549
25,26000.0,10900.0,7600.0,367000,27000.0,7500,18,3,1,MONTHLY,HIGH,SHORT_TERM_GOAL,53.0,MEDIUM,1.1762820512820513,0.41923076923076924,0.28846153846153844,0.08653846153846154
49,47000.0,21000.0,11800.0,1070000,342000.0,14200,17,1,3,MONTHLY,HIGH,EMERGENCY_FUND,47.0,HIGH,1.8971631205673758,0.44680851063829785,0.3021276595744681,0.6063829787234043
26,93000.0,64600.0,6400.0,952000,63000.0,22000,6,1,5,RARELY,MEDIUM,EMERGENCY_FUND,60.0,MEDIUM,0.8530465949820788,0.6946236559139785,0.23655913978494625,0.056451612903225805
51,82000.0,59000.0,0.0,1532000,536000.0,30500,1,2,4,MONTHLY,LOW,SHORT_TERM_GOAL,80.0,HIGH,1.556910569105691,0.7195121951219512,0.3719512195121951,0.5447154471544715
53,85000.0,52500.0,14700.0,1139000,898000.0,17800,1,2,2,LUMP_SUM,MEDIUM,WEALTH_CREATION,56.0,HIGH,1.1166666666666667,0.6176470588235294,0.20941176470588235,0.8803921568627451
27,174000.0,148500.0,1700.0,1144000,239000.0,23800,1,3,3,MONTHLY,LOW,WEALTH_CREATION,100.0,HIGH,0.5478927203065134,0.853448275862069,0.1367816091954023,0.11446360153256704
53,39000.0,22400.0,7400.0,1029000,324000.0,9200,6,3,2,MONTHLY,MEDIUM,RETIREMENT,69.0,HIGH,2.198717948717949,0.5743589743589743,0.2358974358974359,0.6923076923076923
39,55000.0,33900.0,7000.0,1140000,53000.0,14100,4,5,5,MONTHLY,MEDIUM,RETIREMENT,100.0,HIGH,1.7272727272727273,0.6163636363636363,0.25636363636363635,0.0803030303030303
22,28000.0,17500.0,9000.0,338000,143000.0,1500,9,2,2,LUMP_SUM,LOW,WEALTH_CREATION,60.0,HIGH,1.005952380952381,0.625,0.05357142857142857,0.4255952380952381
45,158000.0,68300.0,76500.0,592000,24000.0,13200,15,5,5,LUMP_SUM,HIGH,RETIREMENT,91.0,HIGH,0.31223628691983124,0.43227848101265826,0.08354430379746836,0.012658227848101266
31,124000.0,66800.0,45700.0,2589000,1031000.0,11500,12,2,4,RARELY,LOW,SHORT_TERM_GOAL,70.0,HIGH,1.7399193548387097,0.5387096774193548,0.09274193548387097,0.6928763440860215
64,67000.0,32300.0,9100.0,316000,179000.0,25600,3,4,2,RARELY,MEDIUM,WEALTH_CREATION,71.0,MEDIUM,0.39303482587064675,0.48208955223880595,0.382089552238806,0.22263681592039802
56,37000.0,20900.0,6800.0,612000,253000.0,9300,2,5,4,MONTHLY,LOW,TAX_SAVING,100.0,HIGH,1.3783783783783783,0.5648648648648649,0.25135135135135134,0.5698198198198198
61,74000.0,43800.0,23400.0,704000,72000.0,6800,2,4,2,RARELY,MEDIUM,RETIREMENT,66.0,MEDIUM,0.7927927927927928,0.5918918918918918,0.0918918918918919,0.08108108108108109
27,48000.0,29100.0,15700.0,272000,24000.0,3200,14,2,3,QUARTERLY,MEDIUM,WEALTH_CREATION,71.0,HIGH,0.4722222222222222,0.60625,0.06666666666666667,0.041666666666666664
36,43000.0,23900.0,18100.0,359000,174000.0,1000,3,2,1,QUARTERLY,HIGH,WEALTH_CREATION,56.0,HIGH,0.6957364341085271,0.5558139534883721,0.023255813953488372,0.3372093023255814
28,72000.0,54200.0,0.0,2575000,434000.0,23600,5,2,3,RARELY,MEDIUM,RETIREMENT,66.0,HIGH,2.980324074074074,0.7527777777777778,0.3277777777777778,0.5023148148148148
57,23000.0,13900.0,6600.0,239000,105000.0,2500,10,1,3,QUARTERLY,HIGH,WEALTH_CREATION,48.0,HIGH,0.8659420289855072,0.6043478260869565,0.10869565217391304,0.3804347826086957
65,53000.0,29600.0,10500.0,150000,14000.0,12900,5,1,5,MONTHLY,MEDIUM,EMERGENCY_FUND,65.0,LOW,0.2358490566037736,0.5584905660377358,0.24339622641509434,0.0220125786163522
65,43000.0,16900.0,21600.0,321000,73000.0,4500,9,2,5,MONTHLY,MEDIUM,EMERGENCY_FUND,83.0,HIGH,0.622093023255814,0.3930232558139535,0.10465116279069768,0.14147286821705427
26,51000.0,31200.0,17300.0,191000,49000.0,2500,11,1,2,LUMP_SUM,LOW,EMERGENCY_FUND,65.0,HIGH,0.31209150326797386,0.611764705882353,0.049019607843137254,0.08006535947712418
31,20000.0,12500.0,5200.0,268000,59000.0,2300,6,2,5,RARELY,HIGH,SHORT_TERM_GOAL,74.0,HIGH,1.1166666666666667,0.625,0.115,0.24583333333333332
27,121000.0,48400.0,34600.0,781000,115000.0,38000,1,1,2,LUMP_SUM,LOW,TAX_SAVING,58.0,LOW,0.5378787878787878,0.4,0.3140495867768595,0.07920110192837465
48,67000.0,33100.0,7400.0,502000,54000.0,26500,1,1,2,MONTHLY,MEDIUM,SHORT_TERM_GOAL,50.0,LOW,0.6243781094527363,0.49402985074626865,0.39552238805970147,0.06716417910447761
28,56000.0,44500.0,0.0,1848000,763000.0,11700,8,2,2,RARELY,LOW,EMERGENCY_FUND,54.0,HIGH,2.75,0.7946428571428571,0.20892857142857144,1.1354166666666667
55,40000.0,22300.0,6500.0,148000,75000.0,11200,15,3,2,RARELY,HIGH,TAX_SAVING,57.0,MEDIUM,0.30833333333333335,0.5575,0.28,0.15625
25,68000.0,62500.0,0.0,1701000,194000.0,18100,16,3,5,MONTHLY,HIGH,RETIREMENT,65.0,HIGH,2.0845588235294117,0.9191176470588235,0.2661764705882353,0.23774509803921567
50,54000.0,37700.0,12400.0,308000,6000.0,3900,4,1,4,MONTHLY,MEDIUM,WEALTH_CREATION,72.0,MEDIUM,0.47530864197530864,0.6981481481481482,0.07222222222222222,0.009259259259259259
41,91000.0,60800.0,0.0,932000,420000.0,41600,9,1,2,LUMP_SUM,MEDIUM,RETIREMENT,41.0,MEDIUM,0.8534798534798534,0.6681318681318681,0.45714285714285713,0.38461538461538464
40,41000.0,19000.0,12500.0,949000,267000.0,9500,4,1,3,RARELY,HIGH,WEALTH_CREATION,40.0,HIGH,1.9288617886178863,0.4634146341463415,0.23170731707317074,0.5426829268292683
38,49000.0,33300.0,0.0,371000,90000.0,16400,13,3,4,RARELY,MEDIUM,EMERGENCY_FUND,72.0,LOW,0.6309523809523809,0.6795918367346939,0.3346938775510204,0.15306122448979592
41,100000.0,69100.0,3800.0,1472000,858000.0,27100,9,1,1,MONTHLY,HIGH,TAX_SAVING,33.0,MEDIUM,1.2266666666666666,0.691,0.271,0.715
42,36000.0,22500.0,3100.0,465000,82000.0,10400,18,5,5,QUARTERLY,HIGH,WEALTH_CREATION,100.0,HIGH,1.0763888888888888,0.625,0.28888888888888886,0.18981481481481483
21,39000.0,22300.0,4700.0,398000,148000.0,12000,1,2,1,QUARTERLY,MEDIUM,SHORT_TERM_GOAL,67.0,LOW,0.8504273504273504,0.5717948717948718,0.3076923076923077,0.3162393162393162
64,22000.0,17000.0,800.0,235000,14000.0,4200,12,1,4,MONTHLY,HIGH,TAX_SAVING,77.0,HIGH,0.8901515151515151,0.7727272727272727,0.19090909090909092,0.05303030303030303
45,69000.0,45000.0,13500.0,908000,47000.0,10500,9,1,5,MONTHLY,HIGH,TAX_SAVING,66.0,HIGH,1.0966183574879227,0.6521739130434783,0.15217391304347827,0.05676328502415459
46,117000.0,50200.0,17900.0,2689000,1703000.0,48900,1,2,3,QUARTERLY,HIGH,WEALTH_CREATION,52.0,HIGH,1.9152421652421652,0.42905982905982903,0.41794871794871796,1.212962962962963
49,65000.0,26700.0,9700.0,1794000,79000.0,28600,13,1,1,MONTHLY,MEDIUM,RETIREMENT,45.0,HIGH,2.3,0.4107692307692308,0.44,0.10128205128205128
32,57000.0,31000.0,23100.0,432000,175000.0,2900,3,1,2,MONTHLY,LOW,WEALTH_CREATION,59.0,HIGH,0.631578947368421,0.543859649122807,0.05087719298245614,0.25584795321637427
44,48000.0,42500.0,0.0,579000,66000.0,16400,5,3,4,RARELY,LOW,WEALTH_CREATION,84.0,HIGH,1.0052083333333333,0.8854166666666666,0.3416666666666667,0.11458333333333333
41,39000.0,19900.0,11300.0,255000,73000.0,7800,3,3,1,LUMP_SUM,HIGH,WEALTH_CREATION,62.0,MEDIUM,0.5448717948717948,0.5102564102564102,0.2,0.15598290598290598
25,55000.0,18200.0,24100.0,382000,127000.0,12700,9,3,1,LUMP_SUM,MEDIUM,RETIREMENT,55.0,HIGH,0.5787878787878787,0.33090909090909093,0.2309090909090909,0.19242424242424241
62,87000.0,54500.0,13000.0,1187000,406000.0,19500,10,2,2,MONTHLY,LOW,RETIREMENT,44.0,HIGH,1.1369731800766283,0.6264367816091954,0.22413793103448276,0.3888888888888889
30,53000.0,31800.0,0.0,1374000,163000.0,21400,13,2,3,MONTHLY,MEDIUM,RETIREMENT,71.0,HIGH,2.160377358490566,0.6,0.4037735849056604,0.2562893081761006
32,83000.0,69400.0,4600.0,580000,67000.0,9000,7,1,4,QUARTERLY,MEDIUM,TAX_SAVING,66.0,MEDIUM,0.5823293172690763,0.8361445783132531,0.10843373493975904,0.06726907630522089
43,51000.0,24600.0,23300.0,519000,156000.0,3100,2,2,3,QUARTERLY,MEDIUM,RETIREMENT,45.0,HIGH,0.8480392156862745,0.4823529411764706,0.060784313725490195,0.2549019607843137
32,73000.0,51700.0,6000.0,379000,108000.0,15300,8,1,1,LUMP_SUM,MEDIUM,WEALTH_CREATION,47.0,LOW,0.432648401826484,0.7082191780821918,0.2095890410958904,0.1232876712328767
50,86000.0,51300.0,18400.0,1143000,238000.0,16300,3,2,4,LUMP_SUM,LOW,SHORT_TERM_GOAL,83.0,HIGH,1.1075581395348837,0.5965116279069768,0.18953488372093022,0.23062015503875968
26,93000.0,65000.0,15900.0,442000,79000.0,12100,12,1,2,RARELY,HIGH,TAX_SAVING,22.0,MEDIUM,0.3960573476702509,0.6989247311827957,0.13010752688172042,0.07078853046594982
47,98000.0,83400.0,0.0,1616000,256000.0,24000,17,1,3,MONTHLY,HIGH,RETIREMENT,59.0,HIGH,1.3741496598639455,0.8510204081632653,0.24489795918367346,0.21768707482993196
21,100000.0,78700.0,9900.0,928000,163000.0,11400,18,3,1,QUARTERLY,HIGH,WEALTH_CREATION,38.0,HIGH,0.7733333333333333,0.787,0.114,0.13583333333333333
50,26000.0,15000.0,8100.0,162000,26000.0,2900,12,1,3,LUMP_SUM,LOW,RETIREMENT,66.0,HIGH,0.5192307692307693,0.5769230769230769,0.11153846153846154,0.08333333333333333
64,62000.0,35600.0,0.0,277000,26000.0,27800,15,4,3,LUMP_SUM,LOW,TAX_SAVING,89.0,HIGH,0.37231182795698925,0.5741935483870968,0.4483870967741935,0.03494623655913978
43,116000.0,64800.0,43600.0,310000,149000.0,7600,5,1,2,MONTHLY,MEDIUM,TAX_SAVING,40.0,LOW,0.22270114942528735,0.5586206896551724,0.06551724137931035,0.10704022988505747
65,103000.0,55500.0,35100.0,558000,161000.0,12400,1,2,2,MONTHLY,HIGH,RETIREMENT,49.0,MEDIUM,0.45145631067961167,0.5388349514563107,0.1203883495145631,0.1302588996763754
51,67000.0,39600.0,16100.0,848000,128000.0,11300,15,2,2,LUMP_SUM,HIGH,TAX_SAVING,60.0,HIGH,1.054726368159204,0.591044776119403,0.16865671641791044,0.15920398009950248
36,59000.0,30200.0,1600.0,1405000,864000.0,27200,14,1,4,LUMP_SUM,LOW,EMERGENCY_FUND,64.0,HIGH,1.984463276836158,0.511864406779661,0.4610169491525424,1.2203389830508475
57,84000.0,56900.0,2300.0,416000,2000.0,24800,3,5,1,RARELY,HIGH,TAX_SAVING,60.0,LOW,0.4126984126984127,0.6773809523809524,0.29523809523809524,0.001984126984126984
41,52000.0,25300.0,6400.0,788000,121000.0,20300,7,2,3,LUMP_SUM,LOW,SHORT_TERM_GOAL,77.0,HIGH,1.2628205128205128,0.48653846153846153,0.3903846153846154,0.19391025641025642
21,73000.0,36500.0,24700.0,478000,113000.0,11800,16,2,5,MONTHLY,HIGH,TAX_SAVING,61.0,HIGH,0.545662100456621,0.5,0.16164383561643836,0.12899543378995434
46,26000.0,6200.0,16400.0,234000,80000.0,3400,14,2,1,MONTHLY,MEDIUM,RETIREMENT,63.0,HIGH,0.75,0.23846153846153847,0.13076923076923078,0.2564102564102564
34,60000.0,31600.0,5200.0,327000,12000.0,23200,2,1,4,MONTHLY,LOW,EMERGENCY_FUND,75.0,LOW,0.45416666666666666,0.5266666666666666,0.38666666666666666,0.016666666666666666
46,47000.0,23000.0,15300.0,90000,5000.0,8700,1,3,1,MONTHLY,LOW,WEALTH_CREATION,59.0,MEDIUM,0.1595744680851064,0.48936170212765956,0.1851063829787234,0.008865248226950355
60,90000.0,53200.0,18100.0,854000,382000.0,18700,9,1,2,LUMP_SUM,MEDIUM,EMERGENCY_FUND,41.0,MEDIUM,0.7907407407407407,0.5911111111111111,0.20777777777777778,0.3537037037037037
41,58000.0,33200.0,22400.0,166000,14000.0,2400,6,4,4,MONTHLY,MEDIUM,EMERGENCY_FUND,96.0,HIGH,0.23850574712643677,0.5724137931034483,0.041379310344827586,0.020114942528735632
22,88000.0,25000.0,52500.0,1201000,308000.0,10500,8,1,3,RARELY,MEDIUM,WEALTH_CREATION,54.0,HIGH,1.137310606060606,0.2840909090909091,0.11931818181818182,0.2916666666666667
24,132000.0,101600.0,17300.0,759000,214000.0,13100,10,1,2,LUMP_SUM,LOW,EMERGENCY_FUND,51.0,HIGH,0.4791666666666667,0.7696969696969697,0.09924242424242424,0.1351010101010101
46,71000.0,35200.0,27100.0,210000,45000.0,8700,11,5,4,LUMP_SUM,HIGH,WEALTH_CREATION,92.0,HIGH,0.24647887323943662,0.49577464788732395,0.12253521126760564,0.0528169014084507
65,38000.0,23700.0,8200.0,507000,107000.0,6100,3,1,4,MONTHLY,MEDIUM,SHORT_TERM_GOAL,67.0,HIGH,1.111842105263158,0.6236842105263158,0.16052631578947368,0.23464912280701755
45,54000.0,35800.0,0.0,1018000,360000.0,23000,6,2,3,MONTHLY,LOW,WEALTH_CREATION,80.0,HIGH,1.5709876543209877,0.662962962962963,0.42592592592592593,0.5555555555555556
51,42000.0,37300.0,0.0,190000,25000.0,5700,4,2,2,MONTHLY,LOW,EMERGENCY_FUND,76.0,LOW,0.376984126984127,0.888095238095238,0.1357142857142857,0.0496031746031746
43,108000.0,60600.0,42700.0,1540000,578000.0,4700,16,1,3,QUARTERLY,MEDIUM,SHORT_TERM_GOAL,70.0,HIGH,1.1882716049382716,0.5611111111111111,0.04351851851851852,0.44598765432098764
49,35000.0,27600.0,0.0,575000,46000.0,19200,10,2,2,MONTHLY,LOW,TAX_SAVING,67.0,HIGH,1.369047619047619,0.7885714285714286,0.5485714285714286,0.10952380952380952
27,70000.0,16800.0,42900.0,322000,132000.0,10300,10,3,1,RARELY,MEDIUM,WEALTH_CREATION,50.0,MEDIUM,0.38333333333333336,0.24,0.14714285714285713,0.15714285714285714
44,51000.0,19000.0,27000.0,326000,40000.0,5000,3,4,4,LUMP_SUM,HIGH,EMERGENCY_FUND,78.0,MEDIUM,0.5326797385620915,0.37254901960784315,0.09803921568627451,0.06535947712418301
40,92000.0,56200.0,4300.0,275000,33000.0,31500,19,3,2,QUARTERLY,MEDIUM,SHORT_TERM_GOAL,54.0,LOW,0.24909420289855072,0.6108695652173913,0.3423913043478261,0.029891304347826088
43,140000.0,81900.0,47900.0,824000,7000.0,10200,10,1,2,RARELY,MEDIUM,SHORT_TERM_GOAL,50.0,LOW,0.49047619047619045,0.585,0.07285714285714286,0.004166666666666667
45,122000.0,59600.0,50000.0,2718000,706000.0,12400,5,1,2,MONTHLY,MEDIUM,SHORT_TERM_GOAL,49.0,HIGH,1.8565573770491803,0.4885245901639344,0.10163934426229508,0.4822404371584699
54,87000.0,44500.0,13100.0,889000,473000.0,29400,4,2,4,RARELY,MEDIUM,RETIREMENT,50.0,HIGH,0.8515325670498084,0.5114942528735632,0.33793103448275863,0.45306513409961685
56,47000.0,17200.0,27500.0,133000,28000.0,2300,5,3,2,MONTHLY,MEDIUM,SHORT_TERM_GOAL,51.0,HIGH,0.23581560283687944,0.3659574468085106,0.04893617021276596,0.04964539007092199
58,80000.0,41300.0,33400.0,191000,14000.0,5300,9,1,4,LUMP_SUM,LOW,RETIREMENT,70.0,HIGH,0.19895833333333332,0.51625,0.06625,0.014583333333333334
51,59000.0,40800.0,13500.0,384000,81000.0,4700,3,4,2,MONTHLY,HIGH,TAX_SAVING,59.0,HIGH,0.5423728813559322,0.6915254237288135,0.07966101694915254,0.11440677966101695
29,20000.0,11000.0,6400.0,363000,30000.0,2600,17,1,3,MONTHLY,HIGH,TAX_SAVING,56.0,HIGH,1.5125,0.55,0.13,0.125
65,34000.0,20100.0,12000.0,284000,61000.0,1900,18,2,3,MONTHLY,HIGH,RETIREMENT,47.0,HIGH,0.696078431372549,0.5911764705882353,0.05588235294117647,0.14950980392156862
54,132000.0,71300.0,35800.0,419000,220000.0,24900,18,3,3,RARELY,MEDIUM,WEALTH_CREATION,67.0,HIGH,0.26452020202020204,0.5401515151515152,0.18863636363636363,0.1388888888888889
39,44000.0,14000.0,24900.0,408000,285000.0,5100,6,2,1,MONTHLY,MEDIUM,EMERGENCY_FUND,50.0,MEDIUM,0.7727272727272727,0.3181818181818182,0.1159090909090909,0.5397727272727273
47,132000.0,106500.0,16600.0,2168000,911000.0,8900,1,3,4,RARELY,LOW,SHORT_TERM_GOAL,88.0,HIGH,1.3686868686868687,0.8068181818181818,0.06742424242424243,0.5751262626262627
23,72000.0,52300.0,7800.0,1030000,267000.0,11900,11,3,1,RARELY,HIGH,TAX_SAVING,63.0,HIGH,1.1921296296296295,0.7263888888888889,0.16527777777777777,0.3090277777777778
53,65000.0,43500.0,14000.0,718000,179000.0,7500,8,3,1,MONTHLY,MEDIUM,WEALTH_CREATION,61.0,HIGH,0.9205128205128205,0.6692307692307692,0.11538461538461539,0.22948717948717948
60,215000.0,158600.0,4900.0,7510000,2788000.0,51500,7,1,3,MONTHLY,MEDIUM,TAX_SAVING,63.0,HIGH,2.9108527131782944,0.7376744186046512,0.23953488372093024,1.0806201550387597
44,80000.0,53200.0,0.0,620000,87000.0,36100,2,2,5,RARELY,MEDIUM,EMERGENCY_FUND,75.0,LOW,0.6458333333333334,0.665,0.45125,0.090625
53,33000.0,22800.0,6400.0,394000,187000.0,3800,10,4,3,MONTHLY,HIGH,SHORT_TERM_GOAL,76.0,HIGH,0.9949494949494949,0.6909090909090909,0.11515151515151516,0.4722222222222222
42,148000.0,108100.0,0.0,6640000,1045000.0,52500,11,5,3,RARELY,MEDIUM,TAX_SAVING,87.0,HIGH,3.7387387387387387,0.7304054054054054,0.3547297297297297,0.5884009009009009
43,76000.0,52500.0,2300.0,957000,98000.0,21200,23,3,1,MONTHLY,HIGH,WEALTH_CREATION,45.0,HIGH,1.049342105263158,0.6907894736842105,0.2789473684210526,0.1074561403508772
49,111000.0,71200.0,5600.0,1818000,170000.0,34200,15,4,4,LUMP_SUM,HIGH,RETIREMENT,93.0,HIGH,1.364864864864865,0.6414414414414414,0.3081081081081081,0.12762762762762764
33,52000.0,23500.0,8300.0,512000,138000.0,20200,5,3,1,MONTHLY,MEDIUM,WEALTH_CREATION,73.0,MEDIUM,0.8205128205128205,0.4519230769230769,0.38846153846153847,0.22115384615384615
63,27000.0,15100.0,5600.0,361000,54000.0,6300,5,5,3,MONTHLY,MEDIUM,EMERGENCY_FUND,90.0,HIGH,1.1141975308641976,0.5592592592592592,0.23333333333333334,0.16666666666666666
43,38000.0,21100.0,5700.0,542000,115000.0,11200,18,1,3,RARELY,LOW,SHORT_TERM_GOAL,54.0,HIGH,1.1885964912280702,0.5552631578947368,0.29473684210526313,0.25219298245614036
25,31000.0,20900.0,0.0,121000,10000.0,10400,6,2,2,MONTHLY,MEDIUM,WEALTH_CREATION,74.0,MEDIUM,0.32526881720430106,0.6741935483870968,0.33548387096774196,0.026881720430107527
25,118000.0,74200.0,36800.0,1794000,567000.0,7000,9,5,1,LUMP_SUM,HIGH,EMERGENCY_FUND,63.0,HIGH,1.2669491525423728,0.6288135593220339,0.059322033898305086,0.4004237288135593
21,74000.0,46700.0,12900.0,662000,331000.0,14400,16,1,1,LUMP_SUM,HIGH,SHORT_TERM_GOAL,33.0,HIGH,0.7454954954954955,0.6310810810810811,0.1945945945945946,0.37274774774774777
50,76000.0,31000.0,16800.0,1342000,321000.0,28200,5,3,3,MONTHLY,MEDIUM,EMERGENCY_FUND,81.0,HIGH,1.4714912280701755,0.40789473684210525,0.37105263157894736,0.3519736842105263
41,48000.0,29200.0,2800.0,445000,27000.0,16000,2,2,2,RARELY,LOW,WEALTH_CREATION,47.0,MEDIUM,0.7725694444444444,0.6083333333333333,0.3333333333333333,0.046875
22,133000.0,85400.0,45200.0,1909000,356000.0,2400,2,2,1,MONTHLY,LOW,WEALTH_CREATION,85.0,HIGH,1.1961152882205515,0.6421052631578947,0.01804511278195489,0.22305764411027568
64,34000.0,17800.0,7400.0,94000,3000.0,8800,1,5,2,LUMP_SUM,MEDIUM,EMERGENCY_FUND,81.0,LOW,0.23039215686274508,0.5235294117647059,0.25882352941176473,0.007352941176470588
55,73000.0,37300.0,20900.0,407000,347000.0,14800,7,1,3,MONTHLY,LOW,WEALTH_CREATION,53.0,HIGH,0.4646118721461187,0.510958904109589,0.20273972602739726,0.3961187214611872
63,20000.0,11700.0,2800.0,311000,122000.0,5500,21,2,3,MONTHLY,HIGH,TAX_SAVING,49.0,HIGH,1.2958333333333334,0.585,0.275,0.5083333333333333
49,80000.0,54900.0,8100.0,1326000,634000.0,17000,19,2,1,MONTHLY,LOW,WEALTH_CREATION,41.0,HIGH,1.38125,0.68625,0.2125,0.6604166666666667
64,60000.0,46100.0,2300.0,297000,14000.0,11600,14,3,3,MONTHLY,LOW,RETIREMENT,88.0,HIGH,0.4125,0.7683333333333333,0.19333333333333333,0.019444444444444445
45,32000.0,28900.0,0.0,732000,230000.0,9400,15,2,1,MONTHLY,MEDIUM,WEALTH_CREATION,42.0,HIGH,1.90625,0.903125,0.29375,0.5989583333333334
60,34000.0,21200.0,0.0,297000,39000.0,13500,11,3,3,LUMP_SUM,LOW,WEALTH_CREATION,68.0,HIGH,0.7279411764705882,0.6235294117647059,0.39705882352941174,0.09558823529411764
56,93000.0,65500.0,24300.0,2436000,998000.0,3200,10,3,5,MONTHLY,MEDIUM,WEALTH_CREATION,93.0,HIGH,2.182795698924731,0.7043010752688172,0.034408602150537634,0.8942652329749103
32,83000.0,57200.0,23300.0,370000,75000.0,2500,1,1,2,RARELY,HIGH,WEALTH_CREATION,46.0,LOW,0.3714859437751004,0.689156626506024,0.030120481927710843,0.07530120481927711
59,147000.0,86800.0,47900.0,1064000,276000.0,12300,4,2,2,QUARTERLY,LOW,WEALTH_CREATION,67.0,HIGH,0.6031746031746031,0.5904761904761905,0.0836734693877551,0.1564625850340136
58,127000.0,77700.0,8100.0,1978000,330000.0,41200,5,2,1,MONTHLY,LOW,TAX_SAVING,69.0,HIGH,1.2979002624671916,0.6118110236220472,0.32440944881889766,0.21653543307086615
33,66000.0,56800.0,0.0,712000,30000.0,27200,11,2,4,QUARTERLY,LOW,RETIREMENT,71.0,HIGH,0.898989898989899,0.8606060606060606,0.4121212121212121,0.03787878787878788
57,131000.0,120500.0,0.0,4421000,1413000.0,15200,3,5,3,MONTHLY,MEDIUM,WEALTH_CREATION,90.0,HIGH,2.8123409669211195,0.9198473282442748,0.11603053435114503,0.898854961832061
41,25000.0,20600.0,1400.0,255000,40000.0,3000,6,2,3,RARELY,MEDIUM,EMERGENCY_FUND,54.0,LOW,0.85,0.824,0.12,0.13333333333333333
56,59000.0,51100.0,1000.0,926000,306000.0,6900,1,3,3,QUARTERLY,MEDIUM,WEALTH_CREATION,91.0,HIGH,1.307909604519774,0.8661016949152542,0.11694915254237288,0.4322033898305085
37,51000.0,39600.0,4600.0,999000,119000.0,6800,2,2,3,RARELY,HIGH,TAX_SAVING,57.0,MEDIUM,1.6323529411764706,0.7764705882352941,0.13333333333333333,0.19444444444444445
60,103000.0,72600.0,16700.0,1835000,500000.0,13700,21,2,1,MONTHLY,HIGH,TAX_SAVING,48.0,HIGH,1.4846278317152104,0.7048543689320388,0.13300970873786408,0.4045307443365696
26,42000.0,22200.0,17300.0,734000,322000.0,2500,7,1,3,MONTHLY,LOW,RETIREMENT,82.0,HIGH,1.4563492063492063,0.5285714285714286,0.05952380952380952,0.6388888888888888
50,44000.0,37900.0,2700.0,731000,294000.0,3400,15,2,2,MONTHLY,MEDIUM,WEALTH_CREATION,58.0,HIGH,1.384469696969697,0.8613636363636363,0.07727272727272727,0.5568181818181818
43,42000.0,14000.0,18200.0,696000,212000.0,9800,17,2,2,LUMP_SUM,MEDIUM,EMERGENCY_FUND,56.0,HIGH,1.380952380952381,0.3333333333333333,0.23333333333333334,0.42063492063492064
61,23000.0,19900.0,0.0,321000,29000.0,5400,4,3,1,MONTHLY,LOW,RETIREMENT,60.0,HIGH,1.1630434782608696,0.8652173913043478,0.23478260869565218,0.10507246376811594
38,35000.0,24000.0,10300.0,379000,41000.0,700,6,2,1,RARELY,MEDIUM,RETIREMENT,67.0,HIGH,0.9023809523809524,0.6857142857142857,0.02,0.09761904761904762
36,22000.0,17900.0,3200.0,117000,71000.0,900,5,2,1,LUMP_SUM,HIGH,WEALTH_CREATION,48.0,MEDIUM,0.4431818181818182,0.8136363636363636,0.04090909090909091,0.2689393939393939
38,75000.0,47300.0,19900.0,1304000,408000.0,7800,13,1,2,MONTHLY,MEDIUM,WEALTH_CREATION,45.0,HIGH,1.448888888888889,0.6306666666666667,0.104,0.4533333333333333
56,202000.0,137100.0,42600.0,2141000,1124000.0,22300,13,1,4,RARELY,MEDIUM,WEALTH_CREATION,46.0,HIGH,0.8832508250825083,0.6787128712871288,0.1103960396039604,0.4636963696369637
37,71000.0,51800.0,0.0,1459000,840000.0,20900,15,1,3,LUMP_SUM,LOW,WEALTH_CREATION,55.0,HIGH,1.7124413145539905,0.7295774647887324,0.2943661971830986,0.9859154929577465
27,67000.0,44400.0,10200.0,1247000,553000.0,12400,1,4,2,QUARTERLY,HIGH,WEALTH_CREATION,61.0,HIGH,1.550995024875622,0.6626865671641791,0.18507462686567164,0.6878109452736318
56,73000.0,41300.0,19000.0,645000,220000.0,12700,14,2,3,LUMP_SUM,MEDIUM,WEALTH_CREATION,65.0,HIGH,0.7363013698630136,0.5657534246575342,0.17397260273972603,0.2511415525114155
53,55000.0,43600.0,2100.0,700000,308000.0,9300,19,1,5,MONTHLY,MEDIUM,EMERGENCY_FUND,73.0,HIGH,1.0606060606060606,0.7927272727272727,0.1690909090909091,0.4666666666666667
54,44000.0,26200.0,6300.0,594000,188000.0,11500,4,4,2,MONTHLY,MEDIUM,TAX_SAVING,71.0,HIGH,1.125,0.5954545454545455,0.26136363636363635,0.3560606060606061
25,183000.0,138900.0,10700.0,1677000,933000.0,33400,5,3,2,RARELY,HIGH,WEALTH_CREATION,64.0,MEDIUM,0.7636612021857924,0.759016393442623,0.1825136612021858,0.4248633879781421
21,93000.0,41100.0,47200.0,476000,31000.0,4700,2,2,4,MONTHLY,MEDIUM,RETIREMENT,74.0,HIGH,0.4265232974910394,0.44193548387096776,0.05053763440860215,0.027777777777777776
37,30000.0,18900.0,8900.0,151000,98000.0,2200,5,4,1,LUMP_SUM,MEDIUM,WEALTH_CREATION,60.0,HIGH,0.41944444444444445,0.63,0.07333333333333333,0.2722222222222222
22,89000.0,72400.0,7200.0,1106000,246000.0,9400,2,3,2,QUARTERLY,LOW,EMERGENCY_FUND,71.0,HIGH,1.0355805243445693,0.8134831460674158,0.10561797752808989,0.2303370786516854
28,46000.0,22500.0,20000.0,525000,228000.0,3500,8,1,1,MONTHLY,MEDIUM,WEALTH_CREATION,58.0,HIGH,0.9510869565217391,0.4891304347826087,0.07608695652173914,0.41304347826086957
25,57000.0,40100.0,0.0,463000,76000.0,17700,8,2,5,MONTHLY,LOW,RETIREMENT,84.0,HIGH,0.6769005847953217,0.7035087719298245,0.3105263157894737,0.1111111111111111
31,54000.0,49600.0,0.0,459000,70000.0,8600,12,4,3,MONTHLY,MEDIUM,RETIREMENT,83.0,HIGH,0.7083333333333334,0.9185185185185185,0.15925925925925927,0.10802469135802469
49,69000.0,56600.0,8800.0,599000,253000.0,3600,19,1,3,RARELY,LOW,WEALTH_CREATION,66.0,HIGH,0.7234299516908212,0.8202898550724638,0.05217391304347826,0.3055555555555556
41,122000.0,57700.0,54300.0,1206000,192000.0,10000,8,2,3,LUMP_SUM,MEDIUM,SHORT_TERM_GOAL,68.0,HIGH,0.8237704918032787,0.47295081967213115,0.08196721311475409,0.13114754098360656
33,42000.0,26200.0,400.0,829000,496000.0,15400,10,4,4,MONTHLY,HIGH,TAX_SAVING,70.0,HIGH,1.6448412698412698,0.6238095238095238,0.36666666666666664,0.9841269841269841
23,68000.0,43600.0,13800.0,1115000,228000.0,10600,7,2,3,MONTHLY,MEDIUM,WEALTH_CREATION,65.0,HIGH,1.366421568627451,0.6411764705882353,0.15588235294117647,0.27941176470588236
53,36000.0,16700.0,13200.0,166000,11000.0,6100,12,1,1,MONTHLY,MEDIUM,RETIREMENT,34.0,HIGH,0.38425925925925924,0.4638888888888889,0.16944444444444445,0.02546296296296296
53,75000.0,43000.0,28000.0,297000,77000.0,4000,21,1,4,MONTHLY,MEDIUM,RETIREMENT,66.0,HIGH,0.33,0.5733333333333334,0.05333333333333334,0.08555555555555555
52,36000.0,14900.0,9500.0,221000,108000.0,11600,1,4,3,RARELY,MEDIUM,SHORT_TERM_GOAL,81.0,MEDIUM,0.5115740740740741,0.41388888888888886,0.32222222222222224,0.25
32,42000.0,20500.0,10400.0,932000,635000.0,11100,2,4,2,MONTHLY,LOW,WEALTH_CREATION,72.0,HIGH,1.8492063492063493,0.4880952380952381,0.2642857142857143,1.2599206349206349
61,68000.0,47200.0,4200.0,837000,103000.0,16600,10,2,4,QUARTERLY,HIGH,SHORT_TERM_GOAL,64.0,MEDIUM,1.025735294117647,0.6941176470588235,0.24411764705882352,0.12622549019607843
33,75000.0,58900.0,1400.0,2326000,1634000.0,14700,5,3,3,MONTHLY,LOW,WEALTH_CREATION,69.0,HIGH,2.5844444444444443,0.7853333333333333,0.196,1.8155555555555556
51,146000.0,120200.0,8300.0,1462000,194000.0,17500,13,1,3,MONTHLY,MEDIUM,EMERGENCY_FUND,66.0,MEDIUM,0.8344748858447488,0.8232876712328767,0.11986301369863013,0.11073059360730593
30,140000.0,63600.0,22000.0,284000,78000.0,54400,3,1,1,LUMP_SUM,HIGH,SHORT_TERM_GOAL,40.0,LOW,0.16904761904761906,0.4542857142857143,0.38857142857142857,0.04642857142857143
51,49000.0,30900.0,6700.0,674000,237000.0,11400,1,4,4,MONTHLY,HIGH,WEALTH_CREATION,84.0,HIGH,1.1462585034013606,0.6306122448979592,0.23265306122448978,0.4030612244897959
22,73000.0,53200.0,11400.0,318000,144000.0,8400,5,1,4,MONTHLY,LOW,WEALTH_CREATION,69.0,HIGH,0.363013698630137,0.7287671232876712,0.11506849315068493,0.1643835616438356
49,58000.0,30400.0,21900.0,858000,241000.0,5700,15,1,5,LUMP_SUM,MEDIUM,WEALTH_CREATION,73.0,HIGH,1.2327586206896552,0.5241379310344828,0.09827586206896552,0.34626436781609193
27,57000.0,32800.0,20300.0,893000,440000.0,3900,8,2,3,MONTHLY,HIGH,TAX_SAVING,50.0,HIGH,1.3055555555555556,0.5754385964912281,0.06842105263157895,0.6432748538011696
27,41000.0,27600.0,0.0,881000,144000.0,16200,7,3,3,MONTHLY,MEDIUM,WEALTH_CREATION,86.0,HIGH,1.7906504065040652,0.6731707317073171,0.3951219512195122,0.2926829268292683
52,26000.0,15200.0,5700.0,477000,54000.0,5100,15,3,3,MONTHLY,MEDIUM,TAX_SAVING,79.0,HIGH,1.5288461538461537,0.5846153846153846,0.19615384615384615,0.17307692307692307
41,26000.0,17000.0,4800.0,1185000,365000.0,4200,16,1,5,RARELY,LOW,TAX_SAVING,74.0,HIGH,3.798076923076923,0.6538461538461539,0.16153846153846155,1.169871794871795
39,103000.0,58900.0,28200.0,1660000,79000.0,15900,3,5,3,MONTHLY,LOW,WEALTH_CREATION,90.0,HIGH,1.343042071197411,0.5718446601941748,0.15436893203883495,0.063915857605178
48,81000.0,35400.0,29900.0,667000,135000.0,15700,19,2,1,MONTHLY,MEDIUM,RETIREMENT,33.0,HIGH,0.6862139917695473,0.43703703703703706,0.19382716049382717,0.1388888888888889
26,20000.0,18400.0,0.0,125000,81000.0,10500,15,1,1,MONTHLY,HIGH,RETIREMENT,35.0,LOW,0.5208333333333334,0.92,0.525,0.3375
42,20000.0,12100.0,7500.0,221000,108000.0,400,15,3,2,MONTHLY,MEDIUM,SHORT_TERM_GOAL,68.0,HIGH,0.9208333333333333,0.605,0.02,0.45
38,49000.0,29800.0,1000.0,391000,98000.0,18200,16,3,2,MONTHLY,MEDIUM,EMERGENCY_FUND,56.0,MEDIUM,0.6649659863945578,0.6081632653061224,0.37142857142857144,0.16666666666666666
43,37000.0,29600.0,300.0,858000,136000.0,7100,15,2,2,QUARTERLY,HIGH,WEALTH_CREATION,41.0,HIGH,1.9324324324324325,0.8,0.1918918918918919,0.3063063063063063
48,89000.0,53500.0,17200.0,1631000,811000.0,18300,8,3,2,LUMP_SUM,MEDIUM,WEALTH_CREATION,71.0,HIGH,1.5271535580524345,0.601123595505618,0.20561797752808988,0.7593632958801498
59,162000.0,94300.0,25100.0,1173000,184000.0,42600,3,1,4,MONTHLY,MEDIUM,WEALTH_CREATION,73.0,MEDIUM,0.6033950617283951,0.5820987654320988,0.26296296296296295,0.09465020576131687
49,41000.0,23500.0,9300.0,429000,323000.0,8200,11,1,1,MONTHLY,LOW,WEALTH_CREATION,49.0,HIGH,0.8719512195121951,0.573170731707317,0.2,0.6565040650406504
52,63000.0,39600.0,0.0,842000,284000.0,31000,1,5,3,MONTHLY,HIGH,WEALTH_CREATION,92.0,MEDIUM,1.1137566137566137,0.6285714285714286,0.49206349206349204,0.37566137566137564
39,78000.0,60200.0,13600.0,724000,366000.0,4200,12,2,3,MONTHLY,MEDIUM,WEALTH_CREATION,70.0,HIGH,0.7735042735042735,0.7717948717948718,0.05384615384615385,0.391025641025641
49,52000.0,28900.0,2300.0,804000,45000.0,20800,18,2,2,LUMP_SUM,LOW,TAX_SAVING,76.0,HIGH,1.2884615384615385,0.5557692307692308,0.4,0.07211538461538461
27,62000.0,23000.0,36300.0,852000,368000.0,2700,22,2,1,RARELY,HIGH,EMERGENCY_FUND,26.0,HIGH,1.1451612903225807,0.3709677419354839,0.043548387096774194,0.4946236559139785
28,27000.0,14500.0,9000.0,331000,173000.0,3500,17,1,1,RARELY,HIGH,TAX_SAVING,24.0,HIGH,1.021604938271605,0.5370370370370371,0.12962962962962962,0.5339506172839507
51,83000.0,41100.0,29200.0,364000,5000.0,12700,2,2,4,QUARTERLY,LOW,EMERGENCY_FUND,70.0,MEDIUM,0.3654618473895582,0.4951807228915663,0.1530120481927711,0.0050200803212851405
33,43000.0,21900.0,2900.0,456000,121000.0,18200,9,1,1,QUARTERLY,LOW,WEALTH_CREATION,38.0,MEDIUM,0.8837209302325582,0.5093023255813953,0.4232558139534884,0.23449612403100775
47,27000.0,13300.0,10800.0,189000,52000.0,2900,12,3,5,MONTHLY,LOW,TAX_SAVING,100.0,HIGH,0.5833333333333334,0.4925925925925926,0.10740740740740741,0.16049382716049382
50,63000.0,41000.0,13700.0,1032000,58000.0,8300,24,2,4,MONTHLY,HIGH,EMERGENCY_FUND,67.0,HIGH,1.3650793650793651,0.6507936507936508,0.13174603174603175,0.07671957671957672
58,126000.0,115900.0,0.0,5373000,818000.0,43200,12,2,2,MONTHLY,LOW,SHORT_TERM_GOAL,75.0,HIGH,3.5535714285714284,0.9198412698412698,0.34285714285714286,0.541005291005291
31,255000.0,164100.0,60800.0,6132000,3240000.0,30100,4,5,3,LUMP_SUM,HIGH,WEALTH_CREATION,89.0,HIGH,2.003921568627451,0.6435294117647059,0.11803921568627451,1.0588235294117647
24,77000.0,45100.0,7700.0,1486000,674000.0,24200,9,3,4,LUMP_SUM,HIGH,EMERGENCY_FUND,72.0,HIGH,1.6082251082251082,0.5857142857142857,0.3142857142857143,0.7294372294372294
41,54000.0,18800.0,10200.0,654000,41000.0,25000,5,3,4,RARELY,HIGH,SHORT_TERM_GOAL,81.0,MEDIUM,1.0092592592592593,0.34814814814814815,0.46296296296296297,0.06327160493827161
50,34000.0,27000.0,4000.0,180000,43000.0,3000,1,1,1,RARELY,HIGH,RETIREMENT,47.0,LOW,0.4411764705882353,0.7941176470588235,0.08823529411764706,0.1053921568627451
62,81000.0,64800.0,2500.0,771000,261000.0,13700,7,1,5,LUMP_SUM,MEDIUM,SHORT_TERM_GOAL,76.0,MEDIUM,0.7932098765432098,0.8,0.16913580246913582,0.26851851851851855
63,92000.0,84600.0,0.0,2705000,613000.0,24300,1,4,4,RARELY,HIGH,WEALTH_CREATION,91.0,HIGH,2.45018115942029,0.9195652173913044,0.26413043478260867,0.5552536231884058
53,38000.0,22100.0,12200.0,466000,148000.0,3700,13,4,1,QUARTERLY,MEDIUM,RETIREMENT,72.0,HIGH,1.0219298245614035,0.5815789473684211,0.09736842105263158,0.32456140350877194
26,43000.0,29500.0,0.0,1932000,356000.0,19600,1,3,2,LUMP_SUM,MEDIUM,RETIREMENT,74.0,HIGH,3.744186046511628,0.686046511627907,0.4558139534883721,0.689922480620155
40,98000.0,61800.0,0.0,581000,37000.0,39500,23,1,5,LUMP_SUM,LOW,RETIREMENT,83.0,HIGH,0.49404761904761907,0.6306122448979592,0.4030612244897959,0.031462585034013606
56,60000.0,42700.0,2900.0,868000,188000.0,14400,11,3,1,LUMP_SUM,MEDIUM,WEALTH_CREATION,53.0,HIGH,1.2055555555555555,0.7116666666666667,0.24,0.2611111111111111
22,40000.0,19700.0,7600.0,662000,335000.0,12700,17,1,1,MONTHLY,MEDIUM,SHORT_TERM_GOAL,41.0,HIGH,1.3791666666666667,0.4925,0.3175,0.6979166666666666
54,76000.0,53000.0,0.0,886000,337000.0,34500,2,1,2,LUMP_SUM,MEDIUM,SHORT_TERM_GOAL,59.0,LOW,0.9714912280701754,0.6973684210526315,0.45394736842105265,0.36951754385964913
53,47000.0,33600.0,0.0,740000,382000.0,18800,6,3,4,QUARTERLY,HIGH,WEALTH_CREATION,71.0,HIGH,1.3120567375886525,0.7148936170212766,0.4,0.6773049645390071
28,42000.0,28500.0,11900.0,85000,61000.0,1600,4,1,3,LUMP_SUM,HIGH,SHORT_TERM_GOAL,50.0,LOW,0.16865079365079366,0.6785714285714286,0.0380952380952381,0.12103174603174603
32,78000.0,71700.0,0.0,879000,409000.0,7800,15,3,3,LUMP_SUM,HIGH,WEALTH_CREATION,63.0,HIGH,0.9391025641025641,0.9192307692307692,0.1,0.43696581196581197
27,124000.0,72800.0,25900.0,1279000,342000.0,25300,8,2,2,MONTHLY,HIGH,WEALTH_CREATION,47.0,MEDIUM,0.8595430107526881,0.5870967741935483,0.20403225806451614,0.22983870967741934
50,75000.0,46900.0,0.0,1097000,120000.0,28200,7,3,1,MONTHLY,MEDIUM,TAX_SAVING,78.0,HIGH,1.218888888888889,0.6253333333333333,0.376,0.13333333333333333
31,45000.0,31500.0,0.0,978000,502000.0,21600,10,2,3,MONTHLY,HIGH,WEALTH_CREATION,59.0,HIGH,1.8111111111111111,0.7,0.48,0.9296296296296296
61,248000.0,200200.0,0.0,2808000,800000.0,69600,8,2,2,QUARTERLY,MEDIUM,RETIREMENT,62.0,MEDIUM,0.9435483870967742,0.807258064516129,0.2806451612903226,0.26881720430107525
22,30000.0,15400.0,4900.0,621000,55000.0,9700,11,3,3,QUARTERLY,MEDIUM,SHORT_TERM_GOAL,78.0,HIGH,1.725,0.5133333333333333,0.3233333333333333,0.1527777777777778
52,75000.0,45900.0,3300.0,1346000,237000.0,25800,10,2,2,RARELY,MEDIUM,WEALTH_CREATION,50.0,HIGH,1.4955555555555555,0.612,0.344,0.2633333333333333
40,175000.0,130300.0,29100.0,3520000,584000.0,15600,8,3,2,QUARTERLY,MEDIUM,RETIREMENT,69.0,HIGH,1.6761904761904762,0.7445714285714286,0.08914285714285715,0.2780952380952381
25,132000.0,82600.0,26900.0,467000,74000.0,22500,8,1,4,LUMP_SUM,MEDIUM,EMERGENCY_FUND,51.0,LOW,0.2948232323232323,0.6257575757575757,0.17045454545454544,0.04671717171717172
33,59000.0,22500.0,24700.0,237000,75000.0,11800,16,4,5,LUMP_SUM,LOW,WEALTH_CREATION,98.0,HIGH,0.3347457627118644,0.3813559322033898,0.2,0.1059322033898305
64,36000.0,23300.0,9000.0,221000,8000.0,3700,24,2,5,MONTHLY,MEDIUM,WEALTH_CREATION,83.0,HIGH,0.5115740740740741,0.6472222222222223,0.10277777777777777,0.018518518518518517
56,154000.0,141600.0,7300.0,1842000,965000.0,5100,13,4,3,RARELY,HIGH,SHORT_TERM_GOAL,67.0,HIGH,0.9967532467532467,0.9194805194805195,0.033116883116883114,0.5221861471861472
36,100000.0,92000.0,0.0,2817000,533000.0,10600,6,4,1,QUARTERLY,MEDIUM,WEALTH_CREATION,57.0,HIGH,2.3475,0.92,0.106,0.44416666666666665
36,126000.0,70100.0,53300.0,1612000,791000.0,2600,5,5,2,RARELY,LOW,SHORT_TERM_GOAL,64.0,HIGH,1.066137566137566,0.5563492063492064,0.020634920634920634,0.5231481481481481
46,93000.0,46100.0,35000.0,1828000,110000.0,11900,19,1,2,RARELY,LOW,WEALTH_CREATION,48.0,HIGH,1.6379928315412187,0.4956989247311828,0.12795698924731183,0.0985663082437276
47,110000.0,66700.0,21000.0,1101000,303000.0,22300,22,4,4,RARELY,MEDIUM,EMERGENCY_FUND,70.0,HIGH,0.8340909090909091,0.6063636363636363,0.20272727272727273,0.22954545454545455
29,32000.0,25100.0,0.0,279000,30000.0,15900,22,1,4,MONTHLY,MEDIUM,RETIREMENT,66.0,HIGH,0.7265625,0.784375,0.496875,0.078125
44,32000.0,26000.0,0.0,270000,46000.0,8400,3,1,4,LUMP_SUM,LOW,WEALTH_CREATION,69.0,MEDIUM,0.703125,0.8125,0.2625,0.11979166666666667
37,41000.0,23800.0,13200.0,400000,54000.0,4000,1,2,1,RARELY,MEDIUM,RETIREMENT,32.0,LOW,0.8130081300813008,0.5804878048780487,0.0975609756097561,0.10975609756097561
59,187000.0,151300.0,10500.0,1191000,319000.0,25200,12,2,2,MONTHLY,HIGH,RETIREMENT,53.0,HIGH,0.5307486631016043,0.8090909090909091,0.13475935828877006,0.14215686274509803
44,115000.0,68800.0,600.0,1157000,299000.0,45600,12,2,5,RARELY,LOW,RETIREMENT,75.0,HIGH,0.8384057971014492,0.5982608695652174,0.39652173913043476,0.21666666666666667
52,39000.0,25600.0,1200.0,840000,265000.0,12200,22,1,2,RARELY,LOW,WEALTH_CREATION,56.0,HIGH,1.794871794871795,0.6564102564102564,0.3128205128205128,0.5662393162393162
63,62000.0,40400.0,12700.0,995000,541000.0,8900,2,4,4,MONTHLY,HIGH,EMERGENCY_FUND,71.0,HIGH,1.3373655913978495,0.6516129032258065,0.1435483870967742,0.7271505376344086
26,58000.0,53300.0,0.0,545000,197000.0,5000,15,1,3,MONTHLY,MEDIUM,EMERGENCY_FUND,56.0,MEDIUM,0.7830459770114943,0.9189655172413793,0.08620689655172414,0.28304597701149425
45,62000.0,37500.0,16900.0,601000,23000.0,7600,12,1,3,QUARTERLY,MEDIUM,WEALTH_CREATION,38.0,HIGH,0.8077956989247311,0.6048387096774194,0.12258064516129032,0.030913978494623656
51,84000.0,52200.0,12400.0,1021000,687000.0,19400,7,3,4,MONTHLY,MEDIUM,EMERGENCY_FUND,92.0,HIGH,1.0128968253968254,0.6214285714285714,0.23095238095238096,0.6815476190476191
63,51000.0,43600.0,2200.0,197000,31000.0,5200,6,1,3,MONTHLY,MEDIUM,TAX_SAVING,59.0,LOW,0.32189542483660133,0.8549019607843137,0.10196078431372549,0.05065359477124183
40,44000.0,24600.0,5200.0,833000,128000.0,14200,5,2,3,MONTHLY,LOW,WEALTH_CREATION,66.0,HIGH,1.5776515151515151,0.5590909090909091,0.32272727272727275,0.24242424242424243
51,29000.0,6500.0,20400.0,91000,18000.0,2100,25,1,2,QUARTERLY,HIGH,SHORT_TERM_GOAL,56.0,MEDIUM,0.2614942528735632,0.22413793103448276,0.07241379310344828,0.05172413793103448
35,101000.0,50100.0,45900.0,839000,406000.0,5000,3,2,2,MONTHLY,HIGH,WEALTH_CREATION,56.0,MEDIUM,0.6922442244224423,0.49603960396039604,0.04950495049504951,0.334983498349835
63,51000.0,22200.0,11600.0,853000,321000.0,17200,12,1,3,MONTHLY,LOW,RETIREMENT,72.0,HIGH,1.3937908496732025,0.43529411764705883,0.33725490196078434,0.5245098039215687
52,52000.0,33700.0,10000.0,838000,133000.0,8300,1,4,2,MONTHLY,MEDIUM,RETIREMENT,77.0,HIGH,1.3429487179487178,0.6480769230769231,0.1596153846153846,0.21314102564102563
49,130000.0,52100.0,36400.0,692000,220000.0,41500,17,1,2,RARELY,LOW,WEALTH_CREATION,64.0,HIGH,0.44358974358974357,0.40076923076923077,0.3192307692307692,0.14102564102564102
21,20000.0,10300.0,8900.0,247000,136000.0,800,6,2,3,RARELY,HIGH,RETIREMENT,57.0,HIGH,1.0291666666666666,0.515,0.04,0.5666666666666667
21,101000.0,64300.0,31300.0,929000,58000.0,5400,22,5,4,RARELY,HIGH,RETIREMENT,90.0,HIGH,0.7665016501650165,0.6366336633663366,0.053465346534653464,0.04785478547854786
40,89000.0,40300.0,42700.0,939000,141000.0,6000,14,4,1,QUARTERLY,MEDIUM,EMERGENCY_FUND,80.0,HIGH,0.8792134831460674,0.45280898876404496,0.06741573033707865,0.13202247191011235
55,52000.0,25300.0,17600.0,77000,17000.0,9100,23,1,1,MONTHLY,MEDIUM,RETIREMENT,58.0,HIGH,0.1233974358974359,0.48653846153846153,0.175,0.027243589743589744
28,59000.0,45100.0,7900.0,496000,329000.0,6000,13,1,3,MONTHLY,HIGH,RETIREMENT,52.0,HIGH,0.7005649717514124,0.764406779661017,0.1016949152542373,0.4646892655367232
47,133000.0,100300.0,8900.0,1991000,322000.0,23800,19,2,5,RARELY,LOW,WEALTH_CREATION,76.0,HIGH,1.2474937343358397,0.7541353383458647,0.17894736842105263,0.20175438596491227
53,97000.0,64200.0,0.0,1923000,422000.0,35700,6,5,2,QUARTERLY,HIGH,WEALTH_CREATION,83.0,HIGH,1.652061855670103,0.6618556701030928,0.3680412371134021,0.36254295532646047
40,105000.0,62200.0,0.0,2129000,471000.0,55700,8,2,3,MONTHLY,HIGH,WEALTH_CREATION,64.0,HIGH,1.6896825396825397,0.5923809523809523,0.5304761904761904,0.3738095238095238
47,22000.0,13000.0,1500.0,421000,58000.0,7500,21,2,4,RARELY,MEDIUM,EMERGENCY_FUND,66.0,HIGH,1.5946969696969697,0.5909090909090909,0.3409090909090909,0.2196969696969697
63,29000.0,17900.0,0.0,400000,110000.0,11900,2,1,1,MONTHLY,MEDIUM,WEALTH_CREATION,39.0,LOW,1.1494252873563218,0.6172413793103448,0.4103448275862069,0.3160919540229885
22,88000.0,60900.0,23900.0,1005000,146000.0,3200,1,2,3,MONTHLY,HIGH,TAX_SAVING,62.0,HIGH,0.9517045454545454,0.6920454545454545,0.03636363636363636,0.13825757575757575
49,22000.0,16800.0,2800.0,591000,137000.0,2400,5,5,1,RARELY,MEDIUM,TAX_SAVING,71.0,HIGH,2.2386363636363638,0.7636363636363637,0.10909090909090909,0.5189393939393939
43,99000.0,68300.0,15000.0,2039000,842000.0,15700,17,5,3,RARELY,HIGH,WEALTH_CREATION,66.0,HIGH,1.7163299663299663,0.6898989898989899,0.15858585858585858,0.7087542087542088
34,60000.0,29900.0,28900.0,707000,236000.0,1200,2,1,4,LUMP_SUM,MEDIUM,RETIREMENT,68.0,HIGH,0.9819444444444444,0.49833333333333335,0.02,0.3277777777777778
43,34000.0,27000.0,5200.0,668000,64000.0,1800,3,5,5,MONTHLY,MEDIUM,EMERGENCY_FUND,82.0,HIGH,1.6372549019607843,0.7941176470588235,0.052941176470588235,0.1568627450980392
61,31000.0,18800.0,5300.0,456000,212000.0,6900,4,2,2,QUARTERLY,HIGH,WEALTH_CREATION,37.0,MEDIUM,1.2258064516129032,0.6064516129032258,0.22258064516129034,0.5698924731182796
65,102000.0,48900.0,52700.0,259000,135000.0,400,1,4,3,MONTHLY,MEDIUM,WEALTH_CREATION,67.0,HIGH,0.21160130718954248,0.47941176470588237,0.00392156862745098,0.11029411764705882
35,144000.0,60600.0,72200.0,1462000,332000.0,11200,5,1,1,MONTHLY,MEDIUM,WEALTH_CREATION,37.0,HIGH,0.8460648148148148,0.42083333333333334,0.07777777777777778,0.19212962962962962
25,131000.0,83800.0,10500.0,437000,150000.0,36700,9,1,2,MONTHLY,HIGH,WEALTH_CREATION,32.0,LOW,0.2779898218829516,0.6396946564885496,0.28015267175572517,0.09541984732824428
21,60000.0,28900.0,14200.0,732000,197000.0,16900,2,2,2,QUARTERLY,MEDIUM,WEALTH_CREATION,59.0,HIGH,1.0166666666666666,0.4816666666666667,0.2816666666666667,0.27361111111111114
29,48000.0,42200.0,1000.0,467000,262000.0,4800,16,4,2,MONTHLY,LOW,SHORT_TERM_GOAL,80.0,HIGH,0.8107638888888888,0.8791666666666667,0.1,0.4548611111111111
63,61000.0,29100.0,24200.0,391000,37000.0,7700,8,4,3,LUMP_SUM,MEDIUM,WEALTH_CREATION,63.0,HIGH,0.5341530054644809,0.47704918032786886,0.12622950819672132,0.050546448087431695
42,105000.0,39600.0,41600.0,1307000,371000.0,23800,3,1,1,RARELY,LOW,WEALTH_CREATION,51.0,HIGH,1.0373015873015874,0.37714285714285717,0.22666666666666666,0.29444444444444445
27,38000.0,27700.0,7200.0,1039000,60000.0,3100,6,2,3,RARELY,LOW,WEALTH_CREATION,59.0,HIGH,2.2785087719298245,0.7289473684210527,0.08157894736842106,0.13157894736842105
55,52000.0,32400.0,13200.0,583000,249000.0,6400,6,4,4,MONTHLY,MEDIUM,WEALTH_CREATION,100.0,HIGH,0.9342948717948718,0.6230769230769231,0.12307692307692308,0.39903846153846156
51,98000.0,42100.0,49600.0,126000,17000.0,6300,17,2,5,MONTHLY,MEDIUM,WEALTH_CREATION,90.0,HIGH,0.10714285714285714,0.42959183673469387,0.06428571428571428,0.01445578231292517
43,67000.0,30600.0,23400.0,591000,45000.0,13000,9,1,2,MONTHLY,LOW,RETIREMENT,62.0,HIGH,0.7350746268656716,0.45671641791044776,0.19402985074626866,0.055970149253731345
64,52000.0,30100.0,0.0,1516000,165000.0,23800,6,2,3,MONTHLY,MEDIUM,EMERGENCY_FUND,73.0,HIGH,2.4294871794871793,0.5788461538461539,0.4576923076923077,0.2644230769230769
35,86000.0,55100.0,16900.0,295000,73000.0,14000,16,1,1,RARELY,MEDIUM,EMERGENCY_FUND,46.0,LOW,0.2858527131782946,0.6406976744186047,0.16279069767441862,0.07073643410852713
43,51000.0,31600.0,7900.0,447000,279000.0,11500,5,3,3,QUARTERLY,HIGH,SHORT_TERM_GOAL,67.0,MEDIUM,0.7303921568627451,0.6196078431372549,0.22549019607843138,0.45588235294117646
55,53000.0,22500.0,11400.0,279000,38000.0,19100,5,2,3,MONTHLY,LOW,WEALTH_CREATION,95.0,HIGH,0.4386792452830189,0.42452830188679247,0.360377358490566,0.059748427672955975
28,36000.0,19200.0,8000.0,174000,21000.0,8800,3,5,3,RARELY,MEDIUM,WEALTH_CREATION,75.0,HIGH,0.4027777777777778,0.5333333333333333,0.24444444444444444,0.04861111111111111
52,60000.0,36500.0,2200.0,489000,194000.0,21300,20,1,4,MONTHLY,MEDIUM,WEALTH_CREATION,59.0,HIGH,0.6791666666666667,0.6083333333333333,0.355,0.26944444444444443
34,127000.0,62900.0,44500.0,1043000,21000.0,19600,5,2,1,MONTHLY,MEDIUM,EMERGENCY_FUND,62.0,MEDIUM,0.6843832020997376,0.4952755905511811,0.15433070866141732,0.013779527559055118
50,65000.0,32900.0,0.0,308000,152000.0,32800,12,1,2,MONTHLY,LOW,TAX_SAVING,57.0,MEDIUM,0.39487179487179486,0.5061538461538462,0.5046153846153846,0.19487179487179487
61,150000.0,129200.0,0.0,5386000,808000.0,51100,5,1,3,MONTHLY,HIGH,EMERGENCY_FUND,54.0,HIGH,2.9922222222222223,0.8613333333333333,0.3406666666666667,0.4488888888888889
31,27000.0,18200.0,1400.0,123000,3000.0,7400,4,3,1,RARELY,MEDIUM,EMERGENCY_FUND,43.0,LOW,0.37962962962962965,0.674074074074074,0.2740740740740741,0.009259259259259259
55,72000.0,44700.0,23600.0,269000,119000.0,3700,8,3,1,MONTHLY,HIGH,WEALTH_CREATION,54.0,HIGH,0.3113425925925926,0.6208333333333333,0.05138888888888889,0.13773148148148148
36,74000.0,38800.0,22100.0,991000,509000.0,13100,14,2,5,LUMP_SUM,MEDIUM,WEALTH_CREATION,82.0,HIGH,1.115990990990991,0.5243243243243243,0.17702702702702702,0.5731981981981982
36,168000.0,84300.0,66300.0,2089000,1051000.0,17400,20,1,1,QUARTERLY,HIGH,WEALTH_CREATION,25.0,HIGH,1.0362103174603174,0.5017857142857143,0.10357142857142858,0.5213293650793651
50,34000.0,21100.0,8800.0,227000,15000.0,4100,7,2,4,LUMP_SUM,HIGH,EMERGENCY_FUND,67.0,MEDIUM,0.5563725490196079,0.6205882352941177,0.12058823529411765,0.03676470588235294
26,73000.0,46600.0,2400.0,824000,47000.0,24000,3,1,3,LUMP_SUM,MEDIUM,SHORT_TERM_GOAL,77.0,LOW,0.9406392694063926,0.6383561643835617,0.3287671232876712,0.05365296803652968
44,56000.0,38100.0,0.0,435000,156000.0,30800,6,1,2,MONTHLY,LOW,RETIREMENT,59.0,MEDIUM,0.6473214285714286,0.6803571428571429,0.55,0.23214285714285715
64,28000.0,15300.0,10000.0,92000,30000.0,2700,2,4,4,MONTHLY,MEDIUM,TAX_SAVING,79.0,HIGH,0.27380952380952384,0.5464285714285714,0.09642857142857143,0.08928571428571429
45,89000.0,55600.0,18300.0,529000,109000.0,15100,7,2,2,MONTHLY,LOW,WEALTH_CREATION,47.0,HIGH,0.4953183520599251,0.6247191011235955,0.1696629213483146,0.10205992509363296
53,142000.0,107600.0,29800.0,2289000,490000.0,4600,10,2,3,MONTHLY,LOW,EMERGENCY_FUND,86.0,HIGH,1.3433098591549295,0.7577464788732394,0.0323943661971831,0.2875586854460094
23,29000.0,24200.0,100.0,340000,117000.0,4700,12,3,4,MONTHLY,MEDIUM,SHORT_TERM_GOAL,83.0,HIGH,0.9770114942528736,0.8344827586206897,0.16206896551724137,0.33620689655172414
36,47000.0,40500.0,0.0,614000,160000.0,14000,2,2,5,RARELY,HIGH,SHORT_TERM_GOAL,75.0,LOW,1.0886524822695036,0.8617021276595744,0.2978723404255319,0.28368794326241137
39,94000.0,79300.0,0.0,564000,132000.0,51700,3,5,3,MONTHLY,HIGH,WEALTH_CREATION,70.0,MEDIUM,0.5,0.8436170212765958,0.55,0.11702127659574468
45,91000.0,50800.0,23700.0,1606000,585000.0,16500,13,2,3,QUARTERLY,HIGH,EMERGENCY_FUND,57.0,HIGH,1.4706959706959708,0.5582417582417583,0.1813186813186813,0.5357142857142857
26,37000.0,19700.0,14300.0,226000,28000.0,3000,15,4,1,LUMP_SUM,MEDIUM,WEALTH_CREATION,61.0,HIGH,0.509009009009009,0.5324324324324324,0.08108108108108109,0.06306306306306306
41,125000.0,79700.0,11200.0,3733000,1226000.0,34100,8,3,2,RARELY,MEDIUM,EMERGENCY_FUND,61.0,HIGH,2.4886666666666666,0.6376,0.2728,0.8173333333333334
35,80000.0,54900.0,14400.0,1121000,318000.0,10700,8,1,3,MONTHLY,HIGH,RETIREMENT,47.0,HIGH,1.1677083333333333,0.68625,0.13375,0.33125
58,119000.0,97000.0,0.0,2839000,1471000.0,34400,12,1,1,MONTHLY,MEDIUM,SHORT_TERM_GOAL,54.0,HIGH,1.9880952380952381,0.8151260504201681,0.28907563025210087,1.030112044817927
42,80000.0,58800.0,3400.0,2462000,1004000.0,17800,11,2,1,MONTHLY,MEDIUM,TAX_SAVING,55.0,HIGH,2.564583333333333,0.735,0.2225,1.0458333333333334
57,160000.0,98800.0,14600.0,1507000,364000.0,46600,14,2,1,RARELY,MEDIUM,EMERGENCY_FUND,34.0,LOW,0.7848958333333333,0.6175,0.29125,0.18958333333333333
34,31000.0,21900.0,5700.0,287000,43000.0,3400,7,2,3,QUARTERLY,HIGH,RETIREMENT,67.0,MEDIUM,0.771505376344086,0.7064516129032258,0.10967741935483871,0.11559139784946236
27,77000.0,45700.0,27200.0,938000,375000.0,4100,11,1,3,RARELY,MEDIUM,SHORT_TERM_GOAL,52.0,HIGH,1.0151515151515151,0.5935064935064935,0.053246753246753244,0.40584415584415584
61,83000.0,37900.0,10300.0,156000,27000.0,34800,6,1,2,RARELY,LOW,WEALTH_CREATION,58.0,LOW,0.1566265060240964,0.4566265060240964,0.41927710843373495,0.02710843373493976
45,31000.0,28300.0,0.0,346000,29000.0,5700,9,4,2,QUARTERLY,MEDIUM,TAX_SAVING,70.0,MEDIUM,0.9301075268817204,0.9129032258064517,0.18387096774193548,0.07795698924731183
30,42000.0,36200.0,2000.0,618000,75000.0,3800,5,4,5,MONTHLY,MEDIUM,WEALTH_CREATION,100.0,HIGH,1.2261904761904763,0.861904761904762,0.09047619047619047,0.1488095238095238
26,110000.0,81800.0,6200.0,1529000,537000.0,22000,13,3,4,LUMP_SUM,LOW,EMERGENCY_FUND,100.0,HIGH,1.1583333333333334,0.7436363636363637,0.2,0.4068181818181818
54,79000.0,41600.0,23400.0,847000,205000.0,14000,5,2,2,MONTHLY,MEDIUM,RETIREMENT,62.0,HIGH,0.8934599156118144,0.5265822784810127,0.17721518987341772,0.21624472573839662
62,75000.0,33600.0,40400.0,380000,83000.0,1000,6,4,1,LUMP_SUM,MEDIUM,RETIREMENT,58.0,HIGH,0.4222222222222222,0.448,0.013333333333333334,0.09222222222222222
32,69000.0,58800.0,2500.0,330000,36000.0,7700,11,5,5,RARELY,LOW,RETIREMENT,100.0,HIGH,0.39855072463768115,0.8521739130434782,0.11159420289855072,0.043478260869565216
29,32000.0,20000.0,4500.0,809000,323000.0,7500,8,3,2,MONTHLY,MEDIUM,WEALTH_CREATION,70.0,HIGH,2.1067708333333335,0.625,0.234375,0.8411458333333334
65,20000.0,13900.0,0.0,448000,180000.0,7700,6,1,3,MONTHLY,MEDIUM,RETIREMENT,73.0,HIGH,1.8666666666666667,0.695,0.385,0.75
40,37000.0,22400.0,11100.0,242000,101000.0,3500,5,1,3,LUMP_SUM,HIGH,WEALTH_CREATION,36.0,HIGH,0.545045045045045,0.6054054054054054,0.0945945945945946,0.22747747747747749
58,69000.0,38300.0,13800.0,289000,30000.0,16900,13,5,2,LUMP_SUM,LOW,WEALTH_CREATION,81.0,HIGH,0.34903381642512077,0.5550724637681159,0.24492753623188407,0.036231884057971016
56,55000.0,32000.0,13500.0,794000,192000.0,9500,6,3,4,RARELY,LOW,EMERGENCY_FUND,67.0,HIGH,1.2030303030303031,0.5818181818181818,0.17272727272727273,0.2909090909090909
46,75000.0,62100.0,0.0,784000,59000.0,19300,11,5,2,MONTHLY,HIGH,WEALTH_CREATION,77.0,HIGH,0.8711111111111111,0.828,0.25733333333333336,0.06555555555555556
34,68000.0,38000.0,18600.0,1221000,454000.0,11400,1,3,4,MONTHLY,HIGH,WEALTH_CREATION,85.0,HIGH,1.4963235294117647,0.5588235294117647,0.1676470588235294,0.5563725490196079
58,47000.0,36400.0,0.0,922000,144000.0,13700,2,1,1,RARELY,LOW,RETIREMENT,32.0,MEDIUM,1.6347517730496455,0.774468085106383,0.29148936170212764,0.2553191489361702
22,20000.0,7800.0,2400.0,230000,63000.0,9800,13,1,1,MONTHLY,LOW,WEALTH_CREATION,63.0,MEDIUM,0.9583333333333334,0.39,0.49,0.2625
29,51000.0,38700.0,11700.0,977000,262000.0,600,5,1,1,LUMP_SUM,MEDIUM,WEALTH_CREATION,50.0,HIGH,1.59640522875817,0.7588235294117647,0.011764705882352941,0.42810457516339867
39,47000.0,26000.0,11700.0,827000,338000.0,9300,4,5,2,MONTHLY,MEDIUM,RETIREMENT,88.0,HIGH,1.4663120567375887,0.5531914893617021,0.19787234042553192,0.599290780141844
23,74000.0,30100.0,25300.0,233000,58000.0,18600,1,1,5,MONTHLY,MEDIUM,WEALTH_CREATION,71.0,MEDIUM,0.26238738738738737,0.40675675675675677,0.25135135135135134,0.06531531531531531
51,92000.0,71900.0,0.0,519000,100000.0,23900,10,3,1,RARELY,HIGH,RETIREMENT,32.0,LOW,0.4701086956521739,0.7815217391304348,0.2597826086956522,0.09057971014492754
52,78000.0,36000.0,30800.0,1160000,28000.0,11200,21,4,1,MONTHLY,HIGH,SHORT_TERM_GOAL,69.0,HIGH,1.2393162393162394,0.46153846153846156,0.14358974358974358,0.029914529914529916
30,133000.0,66300.0,56400.0,1847000,829000.0,10300,2,2,3,QUARTERLY,LOW,WEALTH_CREATION,76.0,HIGH,1.1572681704260652,0.49849624060150377,0.0774436090225564,0.5194235588972431
21,93000.0,63200.0,3600.0,1134000,625000.0,26200,17,1,4,QUARTERLY,LOW,EMERGENCY_FUND,75.0,HIGH,1.0161290322580645,0.6795698924731183,0.2817204301075269,0.5600358422939068
56,86000.0,27800.0,32300.0,484000,70000.0,25900,1,2,4,RARELY,MEDIUM,WEALTH_CREATION,60.0,MEDIUM,0.4689922480620155,0.32325581395348835,0.30116279069767443,0.06782945736434108
62,143000.0,109700.0,0.0,3229000,86000.0,57400,10,3,2,QUARTERLY,MEDIUM,WEALTH_CREATION,79.0,HIGH,1.8817016317016317,0.7671328671328671,0.4013986013986014,0.05011655011655012
57,65000.0,59800.0,600.0,718000,268000.0,4600,1,3,3,RARELY,LOW,WEALTH_CREATION,70.0,HIGH,0.9205128205128205,0.92,0.07076923076923076,0.3435897435897436
61,124000.0,103900.0,0.0,1365000,141000.0,22700,18,3,2,MONTHLY,MEDIUM,WEALTH_CREATION,88.0,HIGH,0.9173387096774194,0.8379032258064516,0.18306451612903227,0.09475806451612903
52,95000.0,76300.0,0.0,1479000,217000.0,29700,1,3,3,RARELY,HIGH,EMERGENCY_FUND,37.0,LOW,1.2973684210526315,0.8031578947368421,0.3126315789473684,0.19035087719298247
28,157000.0,83800.0,50900.0,1678000,317000.0,22300,17,5,1,RARELY,LOW,EMERGENCY_FUND,79.0,HIGH,0.8906581740976646,0.5337579617834395,0.14203821656050955,0.16825902335456475
30,105000.0,44600.0,44100.0,864000,376000.0,16300,19,4,4,MONTHLY,MEDIUM,WEALTH_CREATION,100.0,HIGH,0.6857142857142857,0.4247619047619048,0.15523809523809523,0.2984126984126984
65,85000.0,36300.0,32100.0,1668000,601000.0,16600,7,1,1,MONTHLY,MEDIUM,WEALTH_CREATION,49.0,HIGH,1.6352941176470588,0.42705882352941177,0.1952941176470588,0.5892156862745098
47,71000.0,35100.0,21600.0,533000,60000.0,14300,12,1,3,MONTHLY,MEDIUM,RETIREMENT,75.0,HIGH,0.6255868544600939,0.4943661971830986,0.20140845070422536,0.07042253521126761
59,23000.0,12400.0,5400.0,874000,156000.0,5200,4,3,5,RARELY,HIGH,TAX_SAVING,68.0,HIGH,3.1666666666666665,0.5391304347826087,0.22608695652173913,0.5652173913043478
23,56000.0,25600.0,24800.0,48000,0.0,5600,12,3,3,MONTHLY,MEDIUM,RETIREMENT,60.0,HIGH,0.07142857142857142,0.45714285714285713,0.1,0.0
28,139000.0,66400.0,57700.0,1885000,1145000.0,14900,2,1,5,MONTHLY,HIGH,TAX_SAVING,74.0,HIGH,1.130095923261391,0.4776978417266187,0.10719424460431655,0.6864508393285371
53,71000.0,39500.0,19300.0,612000,166000.0,12200,12,3,1,MONTHLY,LOW,WEALTH_CREATION,74.0,HIGH,0.7183098591549296,0.5563380281690141,0.17183098591549295,0.19483568075117372
47,129000.0,78900.0,38000.0,1102000,170000.0,12100,5,1,2,LUMP_SUM,LOW,WEALTH_CREATION,47.0,HIGH,0.7118863049095607,0.6116279069767442,0.0937984496124031,0.10981912144702842
61,41000.0,22300.0,17700.0,394000,91000.0,1000,11,3,1,LUMP_SUM,LOW,WEALTH_CREATION,71.0,HIGH,0.8008130081300813,0.5439024390243903,0.024390243902439025,0.18495934959349594
45,139000.0,78000.0,26900.0,1579000,117000.0,34100,16,2,3,MONTHLY,LOW,SHORT_TERM_GOAL,95.0,HIGH,0.9466426858513189,0.5611510791366906,0.24532374100719426,0.07014388489208633
45,180000.0,131800.0,8000.0,3792000,2320000.0,40200,4,1,3,QUARTERLY,MEDIUM,EMERGENCY_FUND,58.0,HIGH,1.7555555555555555,0.7322222222222222,0.22333333333333333,1.0740740740740742
34,40000.0,25600.0,1800.0,511000,44000.0,12600,2,3,3,MONTHLY,LOW,EMERGENCY_FUND,86.0,MEDIUM,1.0645833333333334,0.64,0.315,0.09166666666666666
59,234000.0,161600.0,8000.0,2631000,409000.0,64400,10,1,4,LUMP_SUM,HIGH,RETIREMENT,59.0,MEDIUM,0.936965811965812,0.6905982905982906,0.27521367521367524,0.14565527065527065
41,60000.0,37300.0,11500.0,1147000,180000.0,11200,1,1,2,MONTHLY,MEDIUM,EMERGENCY_FUND,59.0,HIGH,1.5930555555555554,0.6216666666666667,0.18666666666666668,0.25
63,48000.0,25100.0,13800.0,525000,177000.0,9100,6,2,2,LUMP_SUM,HIGH,SHORT_TERM_GOAL,54.0,MEDIUM,0.9114583333333334,0.5229166666666667,0.18958333333333333,0.3072916666666667
46,25000.0,11900.0,12800.0,118000,14000.0,300,1,1,5,QUARTERLY,MEDIUM,SHORT_TERM_GOAL,69.0,HIGH,0.3933333333333333,0.476,0.012,0.04666666666666667
27,38000.0,11600.0,17100.0,240000,26000.0,9300,3,1,3,MONTHLY,HIGH,EMERGENCY_FUND,69.0,LOW,0.5263157894736842,0.30526315789473685,0.24473684210526317,0.05701754385964912
47,97000.0,48700.0,25100.0,1066000,541000.0,23200,4,3,4,LUMP_SUM,LOW,RETIREMENT,84.0,HIGH,0.915807560137457,0.5020618556701031,0.23917525773195877,0.4647766323024055
50,95000.0,80900.0,8700.0,3532000,975000.0,5400,19,1,2,RARELY,HIGH,RETIREMENT,35.0,HIGH,3.0982456140350876,0.8515789473684211,0.056842105263157895,0.8552631578947368
38,52000.0,42600.0,3900.0,80000,11000.0,5500,2,2,2,MONTHLY,MEDIUM,RETIREMENT,57.0,LOW,0.1282051282051282,0.8192307692307692,0.10576923076923077,0.017628205128205128
44,22000.0,16900.0,0.0,477000,100000.0,8300,21,1,1,MONTHLY,MEDIUM,WEALTH_CREATION,51.0,HIGH,1.8068181818181819,0.7681818181818182,0.37727272727272726,0.3787878787878788
60,90000.0,47800.0,6000.0,617000,137000.0,36200,13,4,3,MONTHLY,MEDIUM,WEALTH_CREATION,87.0,HIGH,0.5712962962962963,0.5311111111111111,0.4022222222222222,0.12685185185185185
21,87000.0,67200.0,17500.0,25000,14000.0,2300,5,1,3,LUMP_SUM,HIGH,WEALTH_CREATION,49.0,LOW,0.023946360153256706,0.7724137931034483,0.026436781609195402,0.013409961685823755
52,42000.0,25300.0,13000.0,1179000,307000.0,3700,1,5,4,LUMP_SUM,LOW,RETIREMENT,100.0,HIGH,2.3392857142857144,0.6023809523809524,0.0880952380952381,0.6091269841269841
48,39000.0,34400.0,1400.0,1681000,276000.0,3200,5,1,3,MONTHLY,MEDIUM,RETIREMENT,37.0,HIGH,3.591880341880342,0.882051282051282,0.08205128205128205,0.5897435897435898
43,65000.0,34400.0,8900.0,521000,25000.0,21700,1,1,2,MONTHLY,HIGH,TAX_SAVING,46.0,LOW,0.6679487179487179,0.5292307692307693,0.33384615384615385,0.03205128205128205
26,83000.0,43800.0,0.0,755000,76000.0,45600,19,2,1,MONTHLY,HIGH,EMERGENCY_FUND,55.0,LOW,0.7580321285140562,0.5277108433734939,0.5493975903614458,0.07630522088353414
37,30000.0,17900.0,5400.0,140000,17000.0,6700,7,2,2,MONTHLY,MEDIUM,SHORT_TERM_GOAL,64.0,LOW,0.3888888888888889,0.5966666666666667,0.22333333333333333,0.04722222222222222
60,74000.0,55300.0,2300.0,2081000,579000.0,16400,15,2,3,RARELY,LOW,TAX_SAVING,49.0,HIGH,2.3434684684684686,0.7472972972972973,0.22162162162162163,0.652027027027027
65,47000.0,28600.0,15200.0,318000,2000.0,3200,1,2,1,MONTHLY,LOW,RETIREMENT,50.0,HIGH,0.5638297872340425,0.6085106382978723,0.06808510638297872,0.0035460992907801418
24,117000.0,54900.0,32300.0,740000,282000.0,29800,1,1,4,MONTHLY,MEDIUM,TAX_SAVING,70.0,HIGH,0.5270655270655271,0.46923076923076923,0.2547008547008547,0.20085470085470086
39,64000.0,27400.0,32200.0,446000,5000.0,4400,10,1,5,RARELY,MEDIUM,EMERGENCY_FUND,71.0,MEDIUM,0.5807291666666666,0.428125,0.06875,0.006510416666666667
43,66000.0,60700.0,0.0,445000,166000.0,6500,2,3,3,RARELY,LOW,EMERGENCY_FUND,49.0,LOW,0.5618686868686869,0.9196969696969697,0.09848484848484848,0.20959595959595959
59,94000.0,81600.0,0.0,1152000,439000.0,23600,19,2,4,RARELY,HIGH,EMERGENCY_FUND,49.0,MEDIUM,1.0212765957446808,0.8680851063829788,0.251063829787234,0.3891843971631206
32,93000.0,85500.0,0.0,1290000,146000.0,9700,11,2,1,QUARTERLY,MEDIUM,WEALTH_CREATION,50.0,HIGH,1.1559139784946237,0.9193548387096774,0.1043010752688172,0.13082437275985664
54,94000.0,39800.0,34500.0,669000,276000.0,19700,18,3,3,RARELY,MEDIUM,RETIREMENT,58.0,HIGH,0.5930851063829787,0.42340425531914894,0.20957446808510638,0.24468085106382978
56,56000.0,44600.0,4500.0,163000,5000.0,6900,6,2,4,MONTHLY,MEDIUM,RETIREMENT,75.0,HIGH,0.2425595238095238,0.7964285714285714,0.12321428571428572,0.00744047619047619
60,66000.0,56200.0,0.0,582000,296000.0,10300,18,3,4,MONTHLY,HIGH,SHORT_TERM_GOAL,79.0,HIGH,0.7348484848484849,0.8515151515151516,0.15606060606060607,0.37373737373737376
26,133000.0,65500.0,50900.0,646000,111000.0,16600,10,2,3,MONTHLY,MEDIUM,RETIREMENT,64.0,HIGH,0.40476190476190477,0.4924812030075188,0.12481203007518797,0.06954887218045112
65,61000.0,18500.0,31100.0,559000,178000.0,11400,24,1,4,RARELY,LOW,WEALTH_CREATION,70.0,HIGH,0.7636612021857924,0.30327868852459017,0.18688524590163935,0.24316939890710382
43,159000.0,105400.0,31000.0,3163000,857000.0,22600,17,1,5,MONTHLY,MEDIUM,WEALTH_CREATION,68.0,HIGH,1.6577568134171907,0.6628930817610063,0.1421383647798742,0.4491614255765199
60,65000.0,57200.0,0.0,1833000,67000.0,13200,20,1,4,MONTHLY,MEDIUM,WEALTH_CREATION,57.0,HIGH,2.35,0.88,0.20307692307692307,0.0858974358974359
60,59000.0,35800.0,10700.0,1065000,275000.0,12500,5,4,2,LUMP_SUM,LOW,WEALTH_CREATION,77.0,HIGH,1.5042372881355932,0.6067796610169491,0.211864406779661,0.3884180790960452
48,227000.0,56000.0,141100.0,2003000,774000.0,29900,4,1,3,LUMP_SUM,LOW,WEALTH_CREATION,54.0,HIGH,0.7353157121879589,0.24669603524229075,0.13171806167400882,0.2841409691629956
32,62000.0,22400.0,30700.0,573000,114000.0,8900,4,1,4,LUMP_SUM,LOW,TAX_SAVING,73.0,HIGH,0.7701612903225806,0.36129032258064514,0.1435483870967742,0.1532258064516129
49,71000.0,43200.0,1000.0,1791000,358000.0,26800,4,1,2,RARELY,MEDIUM,TAX_SAVING,38.0,HIGH,2.102112676056338,0.6084507042253521,0.37746478873239436,0.42018779342723006
41,77000.0,42900.0,19300.0,663000,123000.0,14800,5,3,4,LUMP_SUM,HIGH,SHORT_TERM_GOAL,61.0,MEDIUM,0.7175324675324676,0.5571428571428572,0.19220779220779222,0.1331168831168831
63,93000.0,63600.0,22700.0,1273000,166000.0,6700,1,2,3,MONTHLY,MEDIUM,EMERGENCY_FUND,67.0,MEDIUM,1.1406810035842294,0.6838709677419355,0.07204301075268817,0.14874551971326164
36,45000.0,33000.0,3100.0,736000,199000.0,8900,4,4,5,RARELY,LOW,SHORT_TERM_GOAL,87.0,HIGH,1.362962962962963,0.7333333333333333,0.19777777777777777,0.3685185185185185
59,48000.0,28500.0,11800.0,1082000,81000.0,7700,13,1,1,MONTHLY,MEDIUM,SHORT_TERM_GOAL,49.0,HIGH,1.8784722222222223,0.59375,0.16041666666666668,0.140625
45,119000.0,102000.0,900.0,5896000,1417000.0,16100,7,2,3,RARELY,MEDIUM,RETIREMENT,60.0,HIGH,4.128851540616247,0.8571428571428571,0.13529411764705881,0.992296918767507
58,76000.0,40100.0,23300.0,241000,22000.0,12600,16,2,2,MONTHLY,LOW,WEALTH_CREATION,60.0,HIGH,0.2642543859649123,0.5276315789473685,0.16578947368421051,0.02412280701754386
34,60000.0,22800.0,26300.0,264000,113000.0,10900,2,2,3,MONTHLY,MEDIUM,WEALTH_CREATION,76.0,HIGH,0.36666666666666664,0.38,0.18166666666666667,0.15694444444444444
33,174000.0,104000.0,62700.0,1478000,706000.0,7300,5,1,4,LUMP_SUM,MEDIUM,RETIREMENT,51.0,HIGH,0.7078544061302682,0.5977011494252874,0.04195402298850575,0.3381226053639847
53,78000.0,65700.0,0.0,597000,377000.0,19300,17,1,1,MONTHLY,MEDIUM,WEALTH_CREATION,41.0,HIGH,0.6378205128205128,0.8423076923076923,0.24743589743589745,0.4027777777777778
61,70000.0,48400.0,14000.0,833000,132000.0,7600,8,3,2,MONTHLY,MEDIUM,WEALTH_CREATION,77.0,HIGH,0.9916666666666667,0.6914285714285714,0.10857142857142857,0.15714285714285714
39,57000.0,47500.0,100.0,1257000,141000.0,9400,17,2,3,MONTHLY,MEDIUM,WEALTH_CREATION,73.0,HIGH,1.837719298245614,0.8333333333333334,0.1649122807017544,0.20614035087719298
56,93000.0,51500.0,28100.0,820000,70000.0,13400,10,1,3,MONTHLY,HIGH,EMERGENCY_FUND,60.0,HIGH,0.7347670250896058,0.553763440860215,0.14408602150537633,0.06272401433691756
43,116000.0,87400.0,0.0,762000,421000.0,35800,13,5,1,MONTHLY,HIGH,WEALTH_CREATION,61.0,HIGH,0.5474137931034483,0.753448275862069,0.3086206896551724,0.3024425287356322
31,98000.0,86200.0,1600.0,384000,281000.0,10200,9,4,1,QUARTERLY,MEDIUM,EMERGENCY_FUND,70.0,MEDIUM,0.32653061224489793,0.8795918367346939,0.10408163265306122,0.2389455782312925
48,66000.0,26600.0,29100.0,534000,32000.0,10300,18,2,2,MONTHLY,MEDIUM,RETIREMENT,53.0,HIGH,0.6742424242424242,0.403030303030303,0.15606060606060607,0.04040404040404041
27,59000.0,52500.0,0.0,406000,39000.0,16900,10,1,2,RARELY,MEDIUM,EMERGENCY_FUND,44.0,LOW,0.5734463276836158,0.8898305084745762,0.2864406779661017,0.05508474576271186
52,47000.0,26500.0,12400.0,823000,455000.0,8100,5,3,3,RARELY,HIGH,WEALTH_CREATION,68.0,HIGH,1.4592198581560283,0.5638297872340425,0.1723404255319149,0.8067375886524822
45,67000.0,48500.0,14000.0,860000,138000.0,4500,5,3,4,RARELY,MEDIUM,TAX_SAVING,89.0,HIGH,1.0696517412935322,0.7238805970149254,0.06716417910447761,0.17164179104477612
42,97000.0,62000.0,5300.0,637000,331000.0,29700,3,2,3,MONTHLY,MEDIUM,SHORT_TERM_GOAL,65.0,MEDIUM,0.5472508591065293,0.6391752577319587,0.3061855670103093,0.28436426116838487
48,74000.0,37300.0,29400.0,270000,78000.0,7300,10,3,2,LUMP_SUM,MEDIUM,WEALTH_CREATION,57.0,HIGH,0.30405405405405406,0.504054054054054,0.09864864864864865,0.08783783783783784
63,107000.0,33800.0,63400.0,175000,17000.0,9800,5,3,2,MONTHLY,HIGH,EMERGENCY_FUND,50.0,MEDIUM,0.13629283489096572,0.31588785046728973,0.09158878504672897,0.0132398753894081
41,84000.0,70400.0,0.0,2997000,1038000.0,24800,6,2,3,LUMP_SUM,LOW,TAX_SAVING,51.0,HIGH,2.9732142857142856,0.8380952380952381,0.29523809523809524,1.0297619047619047
45,20000.0,12300.0,4900.0,821000,279000.0,2800,11,2,5,LUMP_SUM,MEDIUM,WEALTH_CREATION,74.0,HIGH,3.4208333333333334,0.615,0.14,1.1625
51,65000.0,52500.0,9700.0,714000,82000.0,2800,9,5,1,QUARTERLY,LOW,EMERGENCY_FUND,71.0,HIGH,0.9153846153846154,0.8076923076923077,0.043076923076923075,0.10512820512820513
31,167000.0,84500.0,0.0,2724000,234000.0,91800,8,1,4,RARELY,LOW,WEALTH_CREATION,58.0,HIGH,1.3592814371257484,0.5059880239520959,0.5497005988023952,0.11676646706586827
57,107000.0,79100.0,9200.0,970000,492000.0,18700,4,1,3,MONTHLY,HIGH,WEALTH_CREATION,56.0,HIGH,0.7554517133956387,0.7392523364485981,0.17476635514018693,0.38317757009345793
37,85000.0,78200.0,0.0,1348000,303000.0,19500,15,3,2,LUMP_SUM,MEDIUM,EMERGENCY_FUND,65.0,HIGH,1.3215686274509804,0.92,0.22941176470588234,0.29705882352941176
34,43000.0,29900.0,0.0,540000,135000.0,16700,17,1,2,MONTHLY,MEDIUM,WEALTH_CREATION,53.0,HIGH,1.0465116279069768,0.6953488372093023,0.3883720930232558,0.2616279069767442
50,79000.0,43300.0,22600.0,1493000,180000.0,13100,6,1,5,MONTHLY,HIGH,SHORT_TERM_GOAL,73.0,HIGH,1.5748945147679325,0.5481012658227848,0.16582278481012658,0.189873417721519
38,135000.0,109100.0,16000.0,1257000,587000.0,9900,1,1,4,MONTHLY,LOW,WEALTH_CREATION,75.0,HIGH,0.7759259259259259,0.8081481481481482,0.07333333333333333,0.36234567901234566
36,31000.0,21200.0,7400.0,178000,48000.0,2400,6,1,5,MONTHLY,MEDIUM,WEALTH_CREATION,65.0,HIGH,0.478494623655914,0.6838709677419355,0.07741935483870968,0.12903225806451613
59,59000.0,21100.0,25000.0,391000,161000.0,12900,11,1,1,MONTHLY,MEDIUM,WEALTH_CREATION,47.0,HIGH,0.5522598870056498,0.3576271186440678,0.21864406779661016,0.2274011299435028
39,38000.0,18200.0,11700.0,127000,19000.0,8100,15,1,1,QUARTERLY,MEDIUM,WEALTH_CREATION,35.0,MEDIUM,0.27850877192982454,0.4789473684210526,0.2131578947368421,0.041666666666666664
48,95000.0,57700.0,12600.0,1198000,235000.0,24700,9,2,3,MONTHLY,MEDIUM,SHORT_TERM_GOAL,80.0,HIGH,1.050877192982456,0.6073684210526316,0.26,0.20614035087719298
60,98000.0,55100.0,36500.0,704000,312000.0,6400,15,2,1,MONTHLY,LOW,WEALTH_CREATION,53.0,HIGH,0.5986394557823129,0.5622448979591836,0.0653061224489796,0.2653061224489796
43,105000.0,56800.0,15200.0,1262000,456000.0,33000,10,3,4,MONTHLY,MEDIUM,EMERGENCY_FUND,86.0,HIGH,1.0015873015873016,0.540952380952381,0.3142857142857143,0.3619047619047619
40,61000.0,49600.0,0.0,315000,45000.0,11800,4,3,2,MONTHLY,HIGH,RETIREMENT,60.0,LOW,0.430327868852459,0.8131147540983606,0.19344262295081968,0.06147540983606557
38,66000.0,35500.0,24900.0,583000,264000.0,5600,3,2,4,QUARTERLY,MEDIUM,RETIREMENT,75.0,HIGH,0.7361111111111112,0.5378787878787878,0.08484848484848485,0.3333333333333333
51,52000.0,26300.0,18300.0,816000,410000.0,7400,5,1,5,MONTHLY,MEDIUM,WEALTH_CREATION,72.0,HIGH,1.3076923076923077,0.5057692307692307,0.1423076923076923,0.657051282051282
60,81000.0,37800.0,10200.0,1183000,429000.0,33000,17,3,5,RARELY,MEDIUM,RETIREMENT,75.0,HIGH,1.2170781893004115,0.4666666666666667,0.4074074074074074,0.44135802469135804
38,50000.0,46000.0,200.0,604000,100000.0,3800,19,1,2,QUARTERLY,MEDIUM,RETIREMENT,59.0,HIGH,1.0066666666666666,0.92,0.076,0.16666666666666666
45,75000.0,39700.0,33500.0,170000,32000.0,1800,10,3,5,MONTHLY,MEDIUM,EMERGENCY_FUND,92.0,HIGH,0.18888888888888888,0.5293333333333333,0.024,0.035555555555555556
33,98000.0,72700.0,3700.0,900000,155000.0,21600,23,3,5,QUARTERLY,LOW,TAX_SAVING,84.0,HIGH,0.7653061224489796,0.7418367346938776,0.22040816326530613,0.13180272108843538
31,27000.0,23200.0,0.0,369000,93000.0,7700,12,2,4,MONTHLY,HIGH,EMERGENCY_FUND,73.0,MEDIUM,1.1388888888888888,0.8592592592592593,0.2851851851851852,0.28703703703703703
46,100000.0,57400.0,3300.0,850000,109000.0,39300,14,1,1,LUMP_SUM,LOW,SHORT_TERM_GOAL,41.0,LOW,0.7083333333333334,0.574,0.393,0.09083333333333334
37,41000.0,21900.0,14400.0,672000,323000.0,4700,11,1,4,MONTHLY,MEDIUM,SHORT_TERM_GOAL,75.0,HIGH,1.3658536585365855,0.5341463414634147,0.11463414634146342,0.6565040650406504
34,72000.0,52900.0,18000.0,862000,496000.0,1100,8,2,2,RARELY,MEDIUM,SHORT_TERM_GOAL,39.0,HIGH,0.9976851851851852,0.7347222222222223,0.015277777777777777,0.5740740740740741
45,53000.0,33900.0,2200.0,716000,382000.0,16900,3,3,2,MONTHLY,MEDIUM,WEALTH_CREATION,76.0,HIGH,1.1257861635220126,0.6396226415094339,0.31886792452830187,0.60062893081761
55,25000.0,13800.0,9000.0,345000,230000.0,2200,9,1,1,RARELY,LOW,SHORT_TERM_GOAL,38.0,HIGH,1.15,0.552,0.088,0.7666666666666667
35,24000.0,13100.0,6100.0,335000,57000.0,4800,11,2,3,LUMP_SUM,HIGH,WEALTH_CREATION,55.0,HIGH,1.1631944444444444,0.5458333333333333,0.2,0.19791666666666666
61,35000.0,24100.0,2100.0,278000,88000.0,8800,20,2,2,RARELY,MEDIUM,WEALTH_CREATION,58.0,HIGH,0.6619047619047619,0.6885714285714286,0.25142857142857145,0.20952380952380953
40,41000.0,27300.0,10500.0,894000,448000.0,3200,5,1,2,MONTHLY,LOW,TAX_SAVING,54.0,HIGH,1.8170731707317074,0.6658536585365854,0.07804878048780488,0.9105691056910569
51,131000.0,103600.0,15400.0,1595000,233000.0,12000,21,2,4,RARELY,HIGH,WEALTH_CREATION,54.0,HIGH,1.0146310432569974,0.7908396946564885,0.0916030534351145,0.14821882951653945
37,48000.0,23800.0,14900.0,513000,48000.0,9300,13,2,5,MONTHLY,MEDIUM,TAX_SAVING,96.0,HIGH,0.890625,0.49583333333333335,0.19375,0.08333333333333333
38,47000.0,24400.0,13900.0,129000,33000.0,8700,9,2,2,MONTHLY,MEDIUM,TAX_SAVING,45.0,MEDIUM,0.22872340425531915,0.5191489361702127,0.1851063829787234,0.05851063829787234
65,88000.0,73000.0,0.0,1347000,636000.0,22300,1,1,2,MONTHLY,MEDIUM,WEALTH_CREATION,37.0,MEDIUM,1.2755681818181819,0.8295454545454546,0.2534090909090909,0.6022727272727273
53,50000.0,27800.0,9500.0,160000,70000.0,12700,16,2,3,LUMP_SUM,LOW,WEALTH_CREATION,63.0,HIGH,0.26666666666666666,0.556,0.254,0.11666666666666667
50,45000.0,27100.0,15200.0,712000,148000.0,2700,15,1,2,MONTHLY,MEDIUM,WEALTH_CREATION,39.0,HIGH,1.3185185185185184,0.6022222222222222,0.06,0.2740740740740741
50,79000.0,38900.0,18900.0,1094000,205000.0,21200,20,1,1,MONTHLY,LOW,SHORT_TERM_GOAL,64.0,HIGH,1.1540084388185654,0.49240506329113926,0.2683544303797468,0.21624472573839662
33,47000.0,26800.0,12600.0,464000,66000.0,7600,6,2,2,MONTHLY,MEDIUM,EMERGENCY_FUND,81.0,HIGH,0.8226950354609929,0.5702127659574469,0.16170212765957448,0.11702127659574468
58,84000.0,56600.0,14400.0,489000,74000.0,13000,15,2,4,MONTHLY,HIGH,EMERGENCY_FUND,51.0,MEDIUM,0.4851190476190476,0.6738095238095239,0.15476190476190477,0.07341269841269842
40,28000.0,12500.0,14900.0,35000,5000.0,600,15,2,1,QUARTERLY,LOW,EMERGENCY_FUND,44.0,MEDIUM,0.10416666666666667,0.44642857142857145,0.02142857142857143,0.01488095238095238
28,41000.0,19900.0,15400.0,369000,32000.0,5700,13,1,1,MONTHLY,LOW,RETIREMENT,74.0,HIGH,0.75,0.4853658536585366,0.13902439024390245,0.06504065040650407
50,68000.0,29800.0,30400.0,744000,259000.0,7800,20,1,1,MONTHLY,MEDIUM,SHORT_TERM_GOAL,38.0,HIGH,0.9117647058823529,0.43823529411764706,0.11470588235294117,0.3174019607843137
32,90000.0,62100.0,2000.0,1026000,339000.0,25900,11,3,5,MONTHLY,MEDIUM,EMERGENCY_FUND,90.0,HIGH,0.95,0.69,0.2877777777777778,0.3138888888888889
21,75000.0,37100.0,7400.0,1361000,71000.0,30500,5,4,2,RARELY,MEDIUM,RETIREMENT,76.0,HIGH,1.5122222222222221,0.49466666666666664,0.4066666666666667,0.07888888888888888
42,92000.0,38300.0,3100.0,402000,70000.0,50600,21,5,1,RARELY,HIGH,RETIREMENT,67.0,MEDIUM,0.3641304347826087,0.41630434782608694,0.55,0.06340579710144928
22,21000.0,7200.0,5300.0,263000,21000.0,8500,4,4,4,QUARTERLY,HIGH,RETIREMENT,77.0,HIGH,1.0436507936507937,0.34285714285714286,0.40476190476190477,0.08333333333333333
46,63000.0,42100.0,12100.0,1006000,89000.0,8800,14,3,5,MONTHLY,HIGH,TAX_SAVING,77.0,HIGH,1.3306878306878307,0.6682539682539682,0.13968253968253969,0.11772486772486772
43,56000.0,34800.0,14600.0,598000,69000.0,6600,1,5,5,MONTHLY,MEDIUM,SHORT_TERM_GOAL,100.0,HIGH,0.8898809523809523,0.6214285714285714,0.11785714285714285,0.10267857142857142
28,81000.0,68700.0,8000.0,693000,65000.0,4300,8,3,2,MONTHLY,LOW,EMERGENCY_FUND,84.0,MEDIUM,0.7129629629629629,0.8481481481481481,0.05308641975308642,0.0668724279835391
37,80000.0,44700.0,12100.0,904000,215000.0,23200,17,3,1,MONTHLY,HIGH,TAX_SAVING,48.0,HIGH,0.9416666666666667,0.55875,0.29,0.22395833333333334
36,44000.0,29100.0,6600.0,1489000,270000.0,8300,14,3,1,QUARTERLY,LOW,SHORT_TERM_GOAL,82.0,HIGH,2.820075757575758,0.6613636363636364,0.18863636363636363,0.5113636363636364
22,278000.0,170500.0,54800.0,678000,356000.0,52700,5,3,4,RARELY,MEDIUM,TAX_SAVING,88.0,MEDIUM,0.20323741007194246,0.6133093525179856,0.189568345323741,0.10671462829736211
35,51000.0,16100.0,27400.0,172000,46000.0,7500,3,1,1,MONTHLY,MEDIUM,RETIREMENT,41.0,MEDIUM,0.28104575163398693,0.3156862745098039,0.14705882352941177,0.07516339869281045
56,70000.0,40900.0,26700.0,381000,99000.0,2400,25,2,1,QUARTERLY,MEDIUM,WEALTH_CREATION,45.0,HIGH,0.45357142857142857,0.5842857142857143,0.03428571428571429,0.11785714285714285
35,48000.0,30200.0,0.0,950000,187000.0,25000,17,5,4,LUMP_SUM,HIGH,EMERGENCY_FUND,85.0,HIGH,1.6493055555555556,0.6291666666666667,0.5208333333333334,0.3246527777777778
36,50000.0,35100.0,0.0,333000,159000.0,25900,15,2,4,LUMP_SUM,MEDIUM,TAX_SAVING,68.0,HIGH,0.555,0.702,0.518,0.265
57,119000.0,71700.0,9700.0,215000,78000.0,37600,1,2,5,MONTHLY,MEDIUM,SHORT_TERM_GOAL,93.0,LOW,0.15056022408963585,0.6025210084033613,0.31596638655462184,0.0546218487394958
48,60000.0,33200.0,13300.0,915000,168000.0,13500,13,1,3,LUMP_SUM,LOW,WEALTH_CREATION,54.0,HIGH,1.2708333333333333,0.5533333333333333,0.225,0.23333333333333334
28,55000.0,25800.0,21600.0,395000,72000.0,7600,2,1,2,MONTHLY,MEDIUM,WEALTH_CREATION,49.0,HIGH,0.5984848484848485,0.4690909090909091,0.13818181818181818,0.10909090909090909
37,57000.0,46200.0,9500.0,839000,375000.0,1300,17,4,3,QUARTERLY,HIGH,EMERGENCY_FUND,70.0,HIGH,1.226608187134503,0.8105263157894737,0.02280701754385965,0.5482456140350878
30,112000.0,61700.0,31900.0,419000,220000.0,18400,3,1,3,MONTHLY,MEDIUM,TAX_SAVING,67.0,LOW,0.3117559523809524,0.5508928571428572,0.16428571428571428,0.1636904761904762
28,78000.0,48500.0,26100.0,1144000,594000.0,3400,18,2,4,QUARTERLY,HIGH,TAX_SAVING,68.0,HIGH,1.2222222222222223,0.6217948717948718,0.04358974358974359,0.6346153846153846
33,39000.0,27400.0,5000.0,349000,48000.0,6600,12,1,4,MONTHLY,LOW,SHORT_TERM_GOAL,73.0,HIGH,0.7457264957264957,0.7025641025641025,0.16923076923076924,0.10256410256410256
32,110000.0,62800.0,37300.0,1966000,160000.0,9900,2,5,5,LUMP_SUM,LOW,WEALTH_CREATION,100.0,HIGH,1.4893939393939395,0.5709090909090909,0.09,0.12121212121212122
21,33000.0,27700.0,1700.0,328000,106000.0,3600,10,1,5,LUMP_SUM,HIGH,SHORT_TERM_GOAL,53.0,HIGH,0.8282828282828283,0.8393939393939394,0.10909090909090909,0.2676767676767677
62,89000.0,49700.0,30400.0,879000,241000.0,8900,11,1,3,MONTHLY,HIGH,RETIREMENT,43.0,HIGH,0.8230337078651685,0.5584269662921348,0.1,0.22565543071161048
37,85000.0,63700.0,7500.0,946000,110000.0,13800,8,1,1,MONTHLY,LOW,TAX_SAVING,61.0,HIGH,0.9274509803921569,0.7494117647058823,0.1623529411764706,0.10784313725490197
44,61000.0,35500.0,18600.0,466000,235000.0,6900,1,1,1,LUMP_SUM,MEDIUM,SHORT_TERM_GOAL,39.0,LOW,0.6366120218579235,0.5819672131147541,0.11311475409836065,0.32103825136612024
54,52000.0,34800.0,0.0,839000,401000.0,17600,18,3,1,MONTHLY,LOW,RETIREMENT,52.0,HIGH,1.3445512820512822,0.6692307692307692,0.3384615384615385,0.6426282051282052
61,25000.0,22800.0,0.0,338000,64000.0,5400,11,2,5,MONTHLY,HIGH,WEALTH_CREATION,76.0,HIGH,1.1266666666666667,0.912,0.216,0.21333333333333335
45,58000.0,50500.0,0.0,757000,156000.0,10500,13,2,2,MONTHLY,MEDIUM,RETIREMENT,59.0,HIGH,1.0876436781609196,0.8706896551724138,0.1810344827586207,0.22413793103448276
34,105000.0,90800.0,0.0,4135000,716000.0,39200,7,4,5,RARELY,MEDIUM,WEALTH_CREATION,82.0,HIGH,3.2817460317460316,0.8647619047619047,0.37333333333333335,0.5682539682539682
63,52000.0,47100.0,1100.0,1142000,670000.0,3800,14,1,2,MONTHLY,HIGH,WEALTH_CREATION,52.0,HIGH,1.830128205128205,0.9057692307692308,0.07307692307692308,1.0737179487179487
60,71000.0,49000.0,14200.0,563000,222000.0,7800,5,3,1,RARELY,LOW,WEALTH_CREATION,58.0,HIGH,0.6607981220657277,0.6901408450704225,0.10985915492957747,0.2605633802816901
56,72000.0,38300.0,600.0,975000,100000.0,33100,1,3,4,RARELY,MEDIUM,WEALTH_CREATION,90.0,MEDIUM,1.1284722222222223,0.5319444444444444,0.4597222222222222,0.11574074074074074
63,114000.0,104800.0,2300.0,669000,265000.0,6900,2,2,4,MONTHLY,HIGH,RETIREMENT,65.0,HIGH,0.48903508771929827,0.9192982456140351,0.060526315789473685,0.19371345029239767
33,133000.0,118700.0,0.0,1184000,175000.0,15800,1,4,5,MONTHLY,MEDIUM,WEALTH_CREATION,100.0,HIGH,0.7418546365914787,0.8924812030075188,0.11879699248120301,0.10964912280701754
45,87000.0,62800.0,0.0,2515000,319000.0,35300,2,3,2,QUARTERLY,LOW,EMERGENCY_FUND,56.0,HIGH,2.4090038314176243,0.7218390804597701,0.4057471264367816,0.3055555555555556
25,72000.0,39400.0,6800.0,247000,71000.0,25800,1,1,5,RARELY,LOW,EMERGENCY_FUND,78.0,LOW,0.28587962962962965,0.5472222222222223,0.35833333333333334,0.08217592592592593
64,36000.0,15800.0,17100.0,178000,33000.0,3100,22,3,4,MONTHLY,LOW,WEALTH_CREATION,88.0,HIGH,0.41203703703703703,0.4388888888888889,0.08611111111111111,0.0763888888888889
61,103000.0,63300.0,16300.0,942000,7000.0,23400,3,1,3,RARELY,LOW,EMERGENCY_FUND,43.0,LOW,0.7621359223300971,0.6145631067961165,0.22718446601941747,0.0056634304207119745
49,25000.0,18700.0,0.0,825000,266000.0,11500,3,2,1,MONTHLY,MEDIUM,RETIREMENT,49.0,HIGH,2.75,0.748,0.46,0.8866666666666667
46,47000.0,22400.0,17900.0,60000,8000.0,6700,1,3,3,MONTHLY,MEDIUM,WEALTH_CREATION,83.0,HIGH,0.10638297872340426,0.4765957446808511,0.1425531914893617,0.014184397163120567
30,50000.0,26300.0,100.0,972000,225000.0,23600,5,1,5,LUMP_SUM,MEDIUM,WEALTH_CREATION,69.0,HIGH,1.62,0.526,0.472,0.375
34,61000.0,36400.0,17400.0,574000,35000.0,7200,17,2,5,MONTHLY,MEDIUM,RETIREMENT,84.0,HIGH,0.7841530054644809,0.5967213114754099,0.1180327868852459,0.04781420765027322
35,239000.0,117400.0,93200.0,2629000,736000.0,28400,9,4,2,RARELY,MEDIUM,WEALTH_CREATION,67.0,HIGH,0.9166666666666666,0.49121338912133894,0.11882845188284519,0.25662482566248257
50,160000.0,127400.0,11000.0,869000,34000.0,21600,15,2,1,MONTHLY,MEDIUM,SHORT_TERM_GOAL,45.0,LOW,0.45260416666666664,0.79625,0.135,0.017708333333333333
62,76000.0,69900.0,0.0,2207000,466000.0,20500,11,2,2,LUMP_SUM,HIGH,RETIREMENT,54.0,HIGH,2.419956140350877,0.9197368421052632,0.26973684210526316,0.5109649122807017
49,86000.0,58700.0,18800.0,425000,62000.0,8500,10,3,2,MONTHLY,HIGH,WEALTH_CREATION,58.0,HIGH,0.4118217054263566,0.6825581395348838,0.09883720930232558,0.060077519379844964
57,27000.0,15500.0,3500.0,149000,12000.0,8000,5,1,2,MONTHLY,MEDIUM,EMERGENCY_FUND,38.0,LOW,0.45987654320987653,0.5740740740740741,0.2962962962962963,0.037037037037037035
26,113000.0,48600.0,54500.0,1244000,84000.0,9900,3,1,1,RARELY,MEDIUM,WEALTH_CREATION,35.0,MEDIUM,0.9174041297935103,0.4300884955752212,0.08761061946902655,0.061946902654867256
22,67000.0,58300.0,0.0,590000,58000.0,15600,15,2,1,MONTHLY,MEDIUM,TAX_SAVING,56.0,MEDIUM,0.7338308457711443,0.8701492537313433,0.23283582089552238,0.07213930348258707
45,44000.0,34000.0,0.0,243000,5000.0,12800,6,1,1,RARELY,HIGH,SHORT_TERM_GOAL,30.0,LOW,0.4602272727272727,0.7727272727272727,0.2909090909090909,0.00946969696969697
40,173000.0,145900.0,3800.0,2669000,417000.0,23300,12,3,3,MONTHLY,HIGH,SHORT_TERM_GOAL,57.0,MEDIUM,1.285645472061657,0.8433526011560694,0.13468208092485548,0.20086705202312138
63,103000.0,66600.0,18400.0,3443000,1096000.0,18000,3,1,2,RARELY,LOW,RETIREMENT,64.0,HIGH,2.7855987055016183,0.6466019417475728,0.17475728155339806,0.8867313915857605
28,51000.0,46900.0,0.0,467000,180000.0,5100,12,1,3,RARELY,MEDIUM,SHORT_TERM_GOAL,41.0,LOW,0.7630718954248366,0.9196078431372549,0.1,0.29411764705882354
25,133000.0,79400.0,42600.0,629000,475000.0,11000,16,2,4,LUMP_SUM,HIGH,EMERGENCY_FUND,61.0,HIGH,0.3941102756892231,0.5969924812030075,0.08270676691729323,0.2976190476190476
44,61000.0,45100.0,1800.0,646000,163000.0,14100,15,3,3,QUARTERLY,MEDIUM,RETIREMENT,84.0,HIGH,0.8825136612021858,0.739344262295082,0.23114754098360657,0.2226775956284153
42,59000.0,24800.0,14800.0,476000,193000.0,19400,14,4,2,RARELY,HIGH,SHORT_TERM_GOAL,47.0,MEDIUM,0.672316384180791,0.42033898305084744,0.3288135593220339,0.2725988700564972
57,79000.0,51800.0,18300.0,1038000,347000.0,8900,12,5,2,LUMP_SUM,LOW,TAX_SAVING,100.0,HIGH,1.0949367088607596,0.6556962025316456,0.11265822784810127,0.36603375527426163
53,115000.0,42100.0,54200.0,1273000,124000.0,18700,1,2,1,RARELY,MEDIUM,WEALTH_CREATION,36.0,MEDIUM,0.922463768115942,0.3660869565217391,0.16260869565217392,0.08985507246376812
44,40000.0,18600.0,11100.0,295000,128000.0,10300,2,3,3,MONTHLY,HIGH,RETIREMENT,62.0,HIGH,0.6145833333333334,0.465,0.2575,0.26666666666666666
52,86000.0,53900.0,19100.0,1379000,245000.0,13000,5,2,4,MONTHLY,MEDIUM,WEALTH_CREATION,70.0,HIGH,1.3362403100775193,0.6267441860465116,0.1511627906976744,0.2374031007751938
64,59000.0,22300.0,28500.0,566000,183000.0,8200,5,1,1,MONTHLY,HIGH,WEALTH_CREATION,41.0,HIGH,0.7994350282485876,0.37796610169491524,0.13898305084745763,0.2584745762711864
62,41000.0,25400.0,4500.0,491000,117000.0,11100,7,1,3,MONTHLY,LOW,WEALTH_CREATION,75.0,HIGH,0.9979674796747967,0.6195121951219512,0.2707317073170732,0.23780487804878048
46,66000.0,46000.0,14800.0,893000,529000.0,5200,5,3,2,MONTHLY,MEDIUM,WEALTH_CREATION,66.0,HIGH,1.1275252525252526,0.696969696969697,0.07878787878787878,0.6679292929292929
54,37000.0,22200.0,6800.0,508000,46000.0,8000,1,2,5,QUARTERLY,LOW,EMERGENCY_FUND,90.0,HIGH,1.1441441441441442,0.6,0.21621621621621623,0.1036036036036036
35,111000.0,68800.0,20800.0,1049000,191000.0,21400,8,2,1,QUARTERLY,MEDIUM,TAX_SAVING,48.0,MEDIUM,0.7875375375375375,0.6198198198198198,0.1927927927927928,0.14339339339339338
62,36000.0,12700.0,20300.0,904000,160000.0,3000,10,2,3,QUARTERLY,HIGH,WEALTH_CREATION,49.0,HIGH,2.0925925925925926,0.3527777777777778,0.08333333333333333,0.37037037037037035
42,71000.0,58700.0,0.0,856000,105000.0,22000,10,3,4,LUMP_SUM,LOW,TAX_SAVING,89.0,HIGH,1.0046948356807512,0.8267605633802817,0.30985915492957744,0.12323943661971831
34,129000.0,54500.0,67600.0,454000,205000.0,6900,4,2,3,MONTHLY,MEDIUM,WEALTH_CREATION,84.0,HIGH,0.29328165374677,0.42248062015503873,0.053488372093023255,0.13242894056847546
46,73000.0,38100.0,31900.0,214000,86000.0,3000,4,2,2,LUMP_SUM,HIGH,TAX_SAVING,45.0,MEDIUM,0.24429223744292236,0.5219178082191781,0.0410958904109589,0.09817351598173515
57,50000.0,46000.0,100.0,553000,8000.0,3900,21,2,3,MONTHLY,LOW,TAX_SAVING,56.0,HIGH,0.9216666666666666,0.92,0.078,0.013333333333333334
52,41000.0,21300.0,8800.0,259000,88000.0,10900,16,3,1,LUMP_SUM,LOW,TAX_SAVING,67.0,MEDIUM,0.5264227642276422,0.5195121951219512,0.2658536585365854,0.17886178861788618
42,47000.0,35000.0,1100.0,1129000,322000.0,10900,5,2,2,MONTHLY,LOW,TAX_SAVING,66.0,HIGH,2.00177304964539,0.7446808510638298,0.23191489361702128,0.5709219858156028
57,29000.0,10000.0,13800.0,395000,38000.0,5200,25,2,1,RARELY,MEDIUM,TAX_SAVING,47.0,HIGH,1.1350574712643677,0.3448275862068966,0.1793103448275862,0.10919540229885058
45,38000.0,12600.0,21500.0,157000,34000.0,3900,8,1,1,MONTHLY,MEDIUM,EMERGENCY_FUND,66.0,MEDIUM,0.3442982456140351,0.33157894736842103,0.10263157894736842,0.07456140350877193
32,45000.0,24000.0,20200.0,741000,265000.0,800,6,1,3,MONTHLY,HIGH,WEALTH_CREATION,54.0,HIGH,1.3722222222222222,0.5333333333333333,0.017777777777777778,0.49074074074074076
22,66000.0,48300.0,6600.0,492000,100000.0,11100,12,3,1,QUARTERLY,LOW,SHORT_TERM_GOAL,70.0,HIGH,0.6212121212121212,0.7318181818181818,0.16818181818181818,0.12626262626262627
54,158000.0,73000.0,73000.0,944000,297000.0,12000,6,2,3,RARELY,LOW,TAX_SAVING,70.0,HIGH,0.4978902953586498,0.4620253164556962,0.0759493670886076,0.15664556962025317
59,122000.0,87700.0,2300.0,3348000,1587000.0,32000,6,1,5,RARELY,MEDIUM,RETIREMENT,60.0,HIGH,2.2868852459016393,0.7188524590163935,0.26229508196721313,1.084016393442623
34,62000.0,57000.0,0.0,1300000,423000.0,34100,8,2,5,RARELY,MEDIUM,RETIREMENT,77.0,HIGH,1.7473118279569892,0.9193548387096774,0.55,0.5685483870967742
31,111000.0,102100.0,4700.0,1462000,573000.0,4200,15,2,4,LUMP_SUM,MEDIUM,RETIREMENT,64.0,HIGH,1.0975975975975976,0.9198198198198199,0.03783783783783784,0.43018018018018017
57,37000.0,21900.0,11000.0,237000,32000.0,4100,17,2,3,RARELY,LOW,SHORT_TERM_GOAL,51.0,HIGH,0.5337837837837838,0.5918918918918918,0.11081081081081082,0.07207207207207207
51,93000.0,61100.0,8900.0,909000,169000.0,23000,13,3,2,MONTHLY,MEDIUM,EMERGENCY_FUND,61.0,MEDIUM,0.8145161290322581,0.656989247311828,0.24731182795698925,0.15143369175627241
59,93000.0,63900.0,15200.0,1465000,197000.0,13900,3,5,3,MONTHLY,LOW,RETIREMENT,90.0,HIGH,1.3127240143369177,0.6870967741935484,0.14946236559139786,0.17652329749103943
47,72000.0,59000.0,7100.0,217000,57000.0,5900,8,5,5,MONTHLY,LOW,RETIREMENT,100.0,HIGH,0.2511574074074074,0.8194444444444444,0.08194444444444444,0.06597222222222222
31,45000.0,16100.0,24700.0,491000,66000.0,4200,16,3,5,LUMP_SUM,MEDIUM,WEALTH_CREATION,75.0,HIGH,0.9092592592592592,0.35777777777777775,0.09333333333333334,0.12222222222222222
27,96000.0,70900.0,17500.0,1279000,175000.0,7600,11,3,1,QUARTERLY,MEDIUM,WEALTH_CREATION,66.0,HIGH,1.1102430555555556,0.7385416666666667,0.07916666666666666,0.1519097222222222
65,63000.0,47200.0,0.0,2104000,802000.0,18500,1,1,4,MONTHLY,HIGH,WEALTH_CREATION,56.0,HIGH,2.7830687830687832,0.7492063492063492,0.29365079365079366,1.060846560846561
42,100000.0,49100.0,6700.0,1741000,564000.0,44200,3,1,1,RARELY,MEDIUM,WEALTH_CREATION,21.0,MEDIUM,1.4508333333333334,0.491,0.442,0.47
46,51000.0,31200.0,8600.0,291000,60000.0,11200,5,1,1,QUARTERLY,MEDIUM,WEALTH_CREATION,28.0,LOW,0.47549019607843135,0.611764705882353,0.2196078431372549,0.09803921568627451
23,132000.0,94500.0,0.0,2071000,655000.0,45100,13,2,3,RARELY,HIGH,TAX_SAVING,41.0,MEDIUM,1.307449494949495,0.7159090909090909,0.3416666666666667,0.413510101010101
23,56000.0,24000.0,25000.0,451000,177000.0,7000,7,1,3,MONTHLY,LOW,SHORT_TERM_GOAL,63.0,HIGH,0.6711309523809523,0.42857142857142855,0.125,0.26339285714285715
54,47000.0,35000.0,9700.0,1599000,555000.0,2300,8,2,3,QUARTERLY,HIGH,SHORT_TERM_GOAL,64.0,HIGH,2.8351063829787235,0.7446808510638298,0.04893617021276596,0.9840425531914894
42,27000.0,21200.0,1900.0,162000,25000.0,3900,6,3,2,RARELY,MEDIUM,TAX_SAVING,58.0,MEDIUM,0.5,0.7851851851851852,0.14444444444444443,0.07716049382716049
28,21000.0,13900.0,0.0,641000,128000.0,8000,2,3,2,MONTHLY,LOW,SHORT_TERM_GOAL,72.0,HIGH,2.5436507936507935,0.6619047619047619,0.38095238095238093,0.5079365079365079
60,44000.0,30700.0,5700.0,1533000,241000.0,7600,3,3,3,QUARTERLY,MEDIUM,SHORT_TERM_GOAL,62.0,HIGH,2.903409090909091,0.6977272727272728,0.17272727272727273,0.4564393939393939
52,73000.0,23100.0,35700.0,63000,15000.0,14200,2,1,3,LUMP_SUM,MEDIUM,RETIREMENT,44.0,LOW,0.07191780821917808,0.31643835616438354,0.19452054794520549,0.017123287671232876
42,139000.0,86800.0,13600.0,2799000,708000.0,38600,22,2,3,LUMP_SUM,MEDIUM,WEALTH_CREATION,74.0,HIGH,1.6780575539568345,0.6244604316546762,0.2776978417266187,0.4244604316546763
26,127000.0,91400.0,11000.0,877000,67000.0,24600,9,4,4,QUARTERLY,MEDIUM,TAX_SAVING,84.0,HIGH,0.5754593175853019,0.7196850393700788,0.19370078740157481,0.043963254593175856
40,35000.0,26000.0,1400.0,1134000,31000.0,7600,4,1,1,RARELY,HIGH,WEALTH_CREATION,23.0,HIGH,2.7,0.7428571428571429,0.21714285714285714,0.07380952380952381
29,133000.0,60200.0,51900.0,563000,21000.0,20900,8,2,2,QUARTERLY,HIGH,WEALTH_CREATION,50.0,HIGH,0.35275689223057644,0.45263157894736844,0.15714285714285714,0.013157894736842105
28,85000.0,52100.0,28600.0,1026000,413000.0,4300,4,1,1,MONTHLY,MEDIUM,SHORT_TERM_GOAL,45.0,MEDIUM,1.0058823529411764,0.6129411764705882,0.05058823529411765,0.40490196078431373
21,109000.0,75900.0,22100.0,2706000,387000.0,11000,7,1,3,MONTHLY,MEDIUM,SHORT_TERM_GOAL,68.0,HIGH,2.0688073394495414,0.6963302752293578,0.10091743119266056,0.2958715596330275
52,65000.0,41000.0,11200.0,685000,68000.0,12800,14,2,3,MONTHLY,MEDIUM,RETIREMENT,68.0,HIGH,0.8782051282051282,0.6307692307692307,0.19692307692307692,0.08717948717948718
51,120000.0,60100.0,25000.0,2023000,887000.0,34900,4,1,4,QUARTERLY,MEDIUM,RETIREMENT,84.0,HIGH,1.4048611111111111,0.5008333333333334,0.29083333333333333,0.6159722222222223
27,47000.0,33700.0,1200.0,752000,139000.0,12100,7,2,3,MONTHLY,HIGH,EMERGENCY_FUND,45.0,LOW,1.3333333333333333,0.7170212765957447,0.2574468085106383,0.24645390070921985
38,82000.0,60000.0,0.0,969000,434000.0,22100,9,3,1,RARELY,LOW,SHORT_TERM_GOAL,60.0,MEDIUM,0.9847560975609756,0.7317073170731707,0.26951219512195124,0.4410569105691057
25,77000.0,49300.0,0.0,414000,177000.0,29800,4,1,4,LUMP_SUM,MEDIUM,TAX_SAVING,68.0,LOW,0.44805194805194803,0.6402597402597403,0.38701298701298703,0.19155844155844157
65,51000.0,29100.0,4500.0,1123000,660000.0,17400,22,2,3,MONTHLY,HIGH,WEALTH_CREATION,65.0,HIGH,1.8349673202614378,0.5705882352941176,0.3411764705882353,1.0784313725490196
34,44000.0,34400.0,400.0,499000,235000.0,9200,16,1,2,MONTHLY,LOW,WEALTH_CREATION,63.0,HIGH,0.9450757575757576,0.7818181818181819,0.20909090909090908,0.44507575757575757
26,90000.0,43200.0,36900.0,471000,58000.0,9900,18,4,5,RARELY,LOW,SHORT_TERM_GOAL,82.0,HIGH,0.4361111111111111,0.48,0.11,0.053703703703703705
49,55000.0,36000.0,14000.0,76000,6000.0,5000,2,3,5,MONTHLY,HIGH,SHORT_TERM_GOAL,75.0,MEDIUM,0.11515151515151516,0.6545454545454545,0.09090909090909091,0.00909090909090909
62,88000.0,65000.0,16700.0,384000,97000.0,6300,9,1,2,MONTHLY,LOW,RETIREMENT,63.0,HIGH,0.36363636363636365,0.7386363636363636,0.0715909090909091,0.09185606060606061
35,81000.0,58600.0,0.0,1165000,116000.0,23800,1,1,4,RARELY,MEDIUM,WEALTH_CREATION,63.0,MEDIUM,1.198559670781893,0.7234567901234568,0.2938271604938272,0.11934156378600823
27,38000.0,34900.0,0.0,94000,31000.0,9200,11,3,2,MONTHLY,HIGH,TAX_SAVING,51.0,LOW,0.20614035087719298,0.9184210526315789,0.24210526315789474,0.06798245614035088
52,72000.0,57200.0,0.0,209000,8000.0,18600,5,2,3,QUARTERLY,MEDIUM,TAX_SAVING,78.0,LOW,0.24189814814814814,0.7944444444444444,0.25833333333333336,0.009259259259259259
38,215000.0,152700.0,22100.0,3514000,1062000.0,40200,4,2,3,MONTHLY,MEDIUM,SHORT_TERM_GOAL,70.0,MEDIUM,1.362015503875969,0.7102325581395349,0.1869767441860465,0.4116279069767442
54,52000.0,38200.0,0.0,581000,62000.0,28600,8,2,4,QUARTERLY,LOW,WEALTH_CREATION,85.0,HIGH,0.9310897435897436,0.7346153846153847,0.55,0.09935897435897435
65,49000.0,32700.0,2400.0,462000,7000.0,13900,13,4,2,MONTHLY,HIGH,WEALTH_CREATION,66.0,HIGH,0.7857142857142857,0.6673469387755102,0.2836734693877551,0.011904761904761904
45,56000.0,34700.0,13400.0,995000,260000.0,7900,9,3,3,RARELY,HIGH,EMERGENCY_FUND,41.0,MEDIUM,1.4806547619047619,0.6196428571428572,0.14107142857142857,0.3869047619047619
53,73000.0,56200.0,2900.0,1696000,260000.0,13900,5,1,2,RARELY,HIGH,WEALTH_CREATION,22.0,MEDIUM,1.9360730593607305,0.7698630136986301,0.19041095890410958,0.2968036529680365
28,58000.0,38600.0,16100.0,1312000,389000.0,3300,3,1,2,MONTHLY,LOW,SHORT_TERM_GOAL,63.0,HIGH,1.8850574712643677,0.6655172413793103,0.056896551724137934,0.5589080459770115
26,182000.0,75900.0,62300.0,1696000,206000.0,43800,1,1,4,RARELY,LOW,WEALTH_CREATION,63.0,HIGH,0.7765567765567766,0.41703296703296705,0.24065934065934066,0.09432234432234432
29,129000.0,111300.0,0.0,4600000,1567000.0,18500,17,1,3,RARELY,HIGH,TAX_SAVING,42.0,HIGH,2.9715762273901807,0.8627906976744186,0.1434108527131783,1.0122739018087856
39,43000.0,25100.0,10200.0,412000,154000.0,7700,1,2,2,MONTHLY,LOW,SHORT_TERM_GOAL,62.0,LOW,0.7984496124031008,0.5837209302325581,0.17906976744186046,0.29844961240310075
39,31000.0,20500.0,7100.0,383000,111000.0,3400,20,4,1,RARELY,MEDIUM,RETIREMENT,58.0,HIGH,1.0295698924731183,0.6612903225806451,0.10967741935483871,0.29838709677419356
22,47000.0,20400.0,23300.0,697000,138000.0,3300,7,1,3,QUARTERLY,HIGH,TAX_SAVING,52.0,HIGH,1.2358156028368794,0.4340425531914894,0.07021276595744681,0.24468085106382978
54,102000.0,71100.0,21200.0,2473000,153000.0,9700,8,2,2,LUMP_SUM,MEDIUM,WEALTH_CREATION,54.0,HIGH,2.020424836601307,0.6970588235294117,0.09509803921568627,0.125
65,105000.0,74800.0,26500.0,1449000,576000.0,3700,14,2,2,LUMP_SUM,MEDIUM,TAX_SAVING,46.0,HIGH,1.15,0.7123809523809523,0.035238095238095235,0.45714285714285713
64,45000.0,25300.0,11600.0,64000,16000.0,8100,3,3,4,MONTHLY,LOW,SHORT_TERM_GOAL,100.0,MEDIUM,0.11851851851851852,0.5622222222222222,0.18,0.02962962962962963
24,49000.0,36000.0,6900.0,99000,42000.0,6100,11,2,2,MONTHLY,HIGH,WEALTH_CREATION,65.0,MEDIUM,0.1683673469387755,0.7346938775510204,0.12448979591836734,0.07142857142857142
39,43000.0,23400.0,13900.0,668000,114000.0,5700,6,1,4,MONTHLY,MEDIUM,RETIREMENT,55.0,HIGH,1.2945736434108528,0.5441860465116279,0.1325581395348837,0.22093023255813954
30,243000.0,98400.0,122700.0,1482000,252000.0,21900,16,1,4,MONTHLY,MEDIUM,RETIREMENT,51.0,HIGH,0.5082304526748971,0.4049382716049383,0.09012345679012346,0.08641975308641975
45,66000.0,31400.0,17500.0,956000,162000.0,17100,17,2,4,RARELY,MEDIUM,TAX_SAVING,49.0,HIGH,1.207070707070707,0.47575757575757577,0.2590909090909091,0.20454545454545456
61,65000.0,43300.0,15200.0,286000,86000.0,6500,17,3,4,RARELY,HIGH,SHORT_TERM_GOAL,44.0,MEDIUM,0.36666666666666664,0.6661538461538462,0.1,0.11025641025641025
25,93000.0,43100.0,22700.0,565000,186000.0,27200,2,1,4,RARELY,LOW,WEALTH_CREATION,69.0,MEDIUM,0.5062724014336918,0.46344086021505376,0.2924731182795699,0.16666666666666666
28,41000.0,25200.0,0.0,745000,158000.0,18600,9,1,3,LUMP_SUM,LOW,TAX_SAVING,79.0,HIGH,1.5142276422764227,0.6146341463414634,0.45365853658536587,0.32113821138211385
39,94000.0,68200.0,10000.0,412000,82000.0,15800,3,1,1,MONTHLY,MEDIUM,EMERGENCY_FUND,50.0,LOW,0.36524822695035464,0.725531914893617,0.16808510638297872,0.0726950354609929
61,36000.0,21400.0,6500.0,574000,71000.0,8100,17,4,1,LUMP_SUM,MEDIUM,WEALTH_CREATION,66.0,HIGH,1.3287037037037037,0.5944444444444444,0.225,0.16435185185185186
22,64000.0,25600.0,21800.0,147000,37000.0,16600,16,1,4,MONTHLY,LOW,TAX_SAVING,70.0,HIGH,0.19140625,0.4,0.259375,0.048177083333333336
43,54000.0,38800.0,11300.0,533000,26000.0,3900,6,2,3,MONTHLY,MEDIUM,EMERGENCY_FUND,66.0,HIGH,0.8225308641975309,0.7185185185185186,0.07222222222222222,0.040123456790123455
59,79000.0,70100.0,5300.0,589000,102000.0,3600,21,3,2,QUARTERLY,HIGH,TAX_SAVING,41.0,MEDIUM,0.6213080168776371,0.8873417721518987,0.04556962025316456,0.10759493670886076
26,45000.0,27000.0,10800.0,823000,178000.0,7200,14,3,1,QUARTERLY,MEDIUM,EMERGENCY_FUND,62.0,HIGH,1.5240740740740741,0.6,0.16,0.3296296296296296
61,88000.0,41900.0,27800.0,921000,213000.0,18300,8,2,1,QUARTERLY,LOW,WEALTH_CREATION,51.0,HIGH,0.8721590909090909,0.47613636363636364,0.20795454545454545,0.20170454545454544
44,98000.0,64500.0,1000.0,2209000,1161000.0,32500,8,2,2,MONTHLY,HIGH,TAX_SAVING,55.0,HIGH,1.8784013605442176,0.6581632653061225,0.33163265306122447,0.9872448979591837
29,128000.0,100000.0,17500.0,3193000,1124000.0,10500,2,4,5,MONTHLY,HIGH,RETIREMENT,76.0,HIGH,2.0787760416666665,0.78125,0.08203125,0.7317708333333334
54,45000.0,29500.0,6800.0,377000,167000.0,8700,10,1,1,RARELY,MEDIUM,WEALTH_CREATION,36.0,MEDIUM,0.6981481481481482,0.6555555555555556,0.19333333333333333,0.30925925925925923
44,44000.0,23700.0,10300.0,385000,29000.0,10000,11,1,5,LUMP_SUM,LOW,RETIREMENT,84.0,HIGH,0.7291666666666666,0.5386363636363637,0.22727272727272727,0.054924242424242424
28,97000.0,65900.0,15600.0,83000,10000.0,15500,6,4,5,QUARTERLY,HIGH,EMERGENCY_FUND,67.0,MEDIUM,0.07130584192439862,0.6793814432989691,0.15979381443298968,0.00859106529209622
58,68000.0,30900.0,28100.0,426000,182000.0,9000,21,3,2,LUMP_SUM,MEDIUM,WEALTH_CREATION,67.0,HIGH,0.5220588235294118,0.45441176470588235,0.1323529411764706,0.22303921568627452
28,59000.0,53700.0,2200.0,453000,106000.0,3100,17,4,4,RARELY,LOW,WEALTH_CREATION,85.0,HIGH,0.6398305084745762,0.9101694915254237,0.05254237288135593,0.1497175141242938
34,82000.0,49300.0,22600.0,710000,313000.0,10100,2,4,5,LUMP_SUM,HIGH,WEALTH_CREATION,71.0,HIGH,0.7215447154471545,0.6012195121951219,0.12317073170731707,0.31808943089430897
34,93000.0,55900.0,20700.0,257000,48000.0,16400,1,1,2,MONTHLY,LOW,EMERGENCY_FUND,58.0,LOW,0.2302867383512545,0.6010752688172043,0.17634408602150536,0.043010752688172046
31,100000.0,55500.0,34000.0,576000,263000.0,10500,9,1,1,MONTHLY,HIGH,SHORT_TERM_GOAL,25.0,LOW,0.48,0.555,0.105,0.21916666666666668
63,79000.0,36500.0,24400.0,286000,23000.0,18100,13,4,3,RARELY,HIGH,SHORT_TERM_GOAL,62.0,MEDIUM,0.30168776371308015,0.4620253164556962,0.2291139240506329,0.024261603375527425
57,41000.0,26800.0,5500.0,207000,20000.0,8700,5,4,2,MONTHLY,HIGH,RETIREMENT,72.0,MEDIUM,0.42073170731707316,0.6536585365853659,0.2121951219512195,0.04065040650406504
31,99000.0,42900.0,48000.0,1003000,65000.0,8100,7,1,1,MONTHLY,LOW,WEALTH_CREATION,61.0,HIGH,0.8442760942760943,0.43333333333333335,0.08181818181818182,0.054713804713804715
54,26000.0,17000.0,0.0,316000,12000.0,10800,12,2,3,RARELY,MEDIUM,TAX_SAVING,52.0,MEDIUM,1.0128205128205128,0.6538461538461539,0.4153846153846154,0.038461538461538464
44,84000.0,31900.0,47200.0,63000,17000.0,4900,14,1,3,MONTHLY,HIGH,SHORT_TERM_GOAL,60.0,MEDIUM,0.0625,0.37976190476190474,0.058333333333333334,0.016865079365079364
26,92000.0,54500.0,21000.0,1543000,197000.0,16500,3,2,1,RARELY,LOW,WEALTH_CREATION,38.0,HIGH,1.397644927536232,0.592391304347826,0.1793478260869565,0.17844202898550723
34,46000.0,31900.0,11600.0,176000,34000.0,2500,1,1,2,LUMP_SUM,MEDIUM,RETIREMENT,48.0,HIGH,0.3188405797101449,0.6934782608695652,0.05434782608695652,0.06159420289855073
34,60000.0,23400.0,28700.0,149000,30000.0,7900,12,3,1,MONTHLY,LOW,TAX_SAVING,66.0,HIGH,0.20694444444444443,0.39,0.13166666666666665,0.041666666666666664
39,58000.0,35300.0,0.0,1977000,424000.0,27100,15,3,2,MONTHLY,LOW,WEALTH_CREATION,86.0,HIGH,2.8405172413793105,0.6086206896551725,0.4672413793103448,0.6091954022988506
55,55000.0,39400.0,14800.0,86000,23000.0,800,1,2,1,LUMP_SUM,HIGH,RETIREMENT,38.0,LOW,0.1303030303030303,0.7163636363636363,0.014545454545454545,0.03484848484848485
35,112000.0,66500.0,41300.0,77000,10000.0,4200,7,3,3,MONTHLY,MEDIUM,EMERGENCY_FUND,71.0,MEDIUM,0.057291666666666664,0.59375,0.0375,0.00744047619047619
32,116000.0,77300.0,0.0,1049000,561000.0,63800,4,5,3,MONTHLY,LOW,WEALTH_CREATION,94.0,HIGH,0.7535919540229885,0.6663793103448276,0.55,0.40301724137931033
44,62000.0,47600.0,12600.0,140000,28000.0,1800,1,4,2,QUARTERLY,MEDIUM,WEALTH_CREATION,75.0,MEDIUM,0.1881720430107527,0.7677419354838709,0.02903225806451613,0.03763440860215054
33,34000.0,16000.0,10400.0,170000,48000.0,7600,6,4,1,QUARTERLY,MEDIUM,EMERGENCY_FUND,65.0,MEDIUM,0.4166666666666667,0.47058823529411764,0.2235294117647059,0.11764705882352941
23,37000.0,16500.0,10700.0,392000,49000.0,9800,9,3,4,LUMP_SUM,MEDIUM,WEALTH_CREATION,71.0,HIGH,0.8828828828828829,0.44594594594594594,0.2648648648648649,0.11036036036036036
41,81000.0,54000.0,0.0,1777000,161000.0,30700,6,2,2,MONTHLY,MEDIUM,WEALTH_CREATION,53.0,HIGH,1.8281893004115226,0.6666666666666666,0.3790123456790123,0.16563786008230452
24,64000.0,47900.0,10700.0,401000,137000.0,5400,2,2,4,MONTHLY,HIGH,WEALTH_CREATION,79.0,MEDIUM,0.5221354166666666,0.7484375,0.084375,0.17838541666666666
63,42000.0,33100.0,7200.0,766000,177000.0,1700,9,5,1,MONTHLY,HIGH,TAX_SAVING,73.0,HIGH,1.5198412698412698,0.7880952380952381,0.04047619047619048,0.35119047619047616
58,62000.0,37400.0,20700.0,647000,209000.0,3900,5,1,4,MONTHLY,HIGH,RETIREMENT,38.0,HIGH,0.8696236559139785,0.603225806451613,0.06290322580645161,0.28091397849462363
57,20000.0,11200.0,8300.0,262000,26000.0,500,6,3,3,RARELY,MEDIUM,RETIREMENT,64.0,HIGH,1.0916666666666666,0.56,0.025,0.10833333333333334
31,77000.0,38800.0,20800.0,625000,58000.0,17400,6,1,5,LUMP_SUM,LOW,WEALTH_CREATION,86.0,HIGH,0.6764069264069265,0.5038961038961038,0.22597402597402597,0.06277056277056277
56,25000.0,11200.0,10500.0,178000,7000.0,3300,16,2,3,LUMP_SUM,HIGH,RETIREMENT,67.0,HIGH,0.5933333333333334,0.448,0.132,0.023333333333333334
30,70000.0,56700.0,7000.0,2253000,645000.0,6300,14,1,3,QUARTERLY,MEDIUM,TAX_SAVING,60.0,HIGH,2.682142857142857,0.81,0.09,0.7678571428571429
37,58000.0,47200.0,0.0,329000,233000.0,28200,23,3,1,RARELY,LOW,RETIREMENT,57.0,MEDIUM,0.47270114942528735,0.8137931034482758,0.4862068965517241,0.33477011494252873
47,116000.0,92800.0,300.0,741000,192000.0,22900,2,1,1,MONTHLY,MEDIUM,WEALTH_CREATION,37.0,LOW,0.5323275862068966,0.8,0.19741379310344828,0.13793103448275862
25,59000.0,53900.0,2900.0,1013000,43000.0,2200,2,1,3,MONTHLY,HIGH,WEALTH_CREATION,39.0,HIGH,1.4307909604519775,0.9135593220338983,0.03728813559322034,0.06073446327683616
32,190000.0,144500.0,9600.0,3610000,1167000.0,35900,4,1,3,MONTHLY,MEDIUM,EMERGENCY_FUND,58.0,HIGH,1.5833333333333333,0.7605263157894737,0.18894736842105264,0.5118421052631579
64,33000.0,12900.0,17500.0,189000,21000.0,2600,9,1,3,MONTHLY,LOW,WEALTH_CREATION,73.0,HIGH,0.4772727272727273,0.39090909090909093,0.07878787878787878,0.05303030303030303
29,83000.0,37000.0,6700.0,965000,140000.0,39300,5,4,3,MONTHLY,MEDIUM,WEALTH_CREATION,62.0,HIGH,0.9688755020080321,0.4457831325301205,0.4734939759036145,0.14056224899598393
41,67000.0,34400.0,15600.0,1526000,204000.0,17000,5,4,1,RARELY,MEDIUM,SHORT_TERM_GOAL,62.0,HIGH,1.8980099502487562,0.5134328358208955,0.2537313432835821,0.2537313432835821
32,37000.0,25200.0,0.0,733000,38000.0,11900,6,5,3,RARELY,MEDIUM,RETIREMENT,78.0,HIGH,1.6509009009009008,0.6810810810810811,0.3216216216216216,0.08558558558558559
55,27000.0,12400.0,2900.0,158000,16000.0,11700,1,2,2,LUMP_SUM,MEDIUM,WEALTH_CREATION,55.0,LOW,0.4876543209876543,0.45925925925925926,0.43333333333333335,0.04938271604938271
45,138000.0,109800.0,0.0,3319000,617000.0,36400,22,1,1,RARELY,MEDIUM,TAX_SAVING,32.0,HIGH,2.0042270531400965,0.7956521739130434,0.263768115942029,0.3725845410628019
30,76000.0,45400.0,24100.0,333000,36000.0,6500,15,4,2,MONTHLY,MEDIUM,EMERGENCY_FUND,66.0,HIGH,0.3651315789473684,0.5973684210526315,0.08552631578947369,0.039473684210526314
36,100000.0,73400.0,0.0,1825000,336000.0,34000,5,1,5,LUMP_SUM,MEDIUM,WEALTH_CREATION,85.0,HIGH,1.5208333333333333,0.734,0.34,0.28
49,63000.0,55000.0,0.0,879000,129000.0,11900,10,1,4,QUARTERLY,LOW,TAX_SAVING,61.0,HIGH,1.1626984126984128,0.873015873015873,0.18888888888888888,0.17063492063492064
63,41000.0,13600.0,23600.0,208000,62000.0,3800,17,3,3,MONTHLY,HIGH,RETIREMENT,63.0,HIGH,0.42276422764227645,0.33170731707317075,0.09268292682926829,0.12601626016260162
27,44000.0,31700.0,900.0,368000,184000.0,11400,9,1,5,RARELY,MEDIUM,RETIREMENT,69.0,MEDIUM,0.696969696969697,0.7204545454545455,0.2590909090909091,0.3484848484848485
57,47000.0,37800.0,0.0,424000,45000.0,18300,6,1,1,RARELY,MEDIUM,SHORT_TERM_GOAL,46.0,LOW,0.75177304964539,0.8042553191489362,0.3893617021276596,0.0797872340425532
45,30000.0,19800.0,1600.0,290000,153000.0,8600,14,2,1,MONTHLY,MEDIUM,SHORT_TERM_GOAL,48.0,MEDIUM,0.8055555555555556,0.66,0.2866666666666667,0.425
27,112000.0,94000.0,11000.0,1357000,32000.0,7000,11,2,1,MONTHLY,MEDIUM,SHORT_TERM_GOAL,52.0,HIGH,1.009672619047619,0.8392857142857143,0.0625,0.023809523809523808
26,50000.0,38300.0,0.0,580000,103000.0,12300,6,3,3,MONTHLY,MEDIUM,RETIREMENT,57.0,HIGH,0.9666666666666667,0.766,0.246,0.17166666666666666
48,74000.0,46700.0,8100.0,1389000,247000.0,19200,1,2,1,RARELY,LOW,SHORT_TERM_GOAL,50.0,LOW,1.5641891891891893,0.6310810810810811,0.2594594594594595,0.27815315315315314
61,69000.0,50300.0,12800.0,3659000,1593000.0,5900,5,1,4,QUARTERLY,MEDIUM,WEALTH_CREATION,57.0,HIGH,4.419082125603865,0.7289855072463768,0.08550724637681159,1.923913043478261
62,70000.0,49700.0,0.0,1371000,561000.0,23800,2,4,2,MONTHLY,MEDIUM,EMERGENCY_FUND,70.0,HIGH,1.6321428571428571,0.71,0.34,0.6678571428571428
29,65000.0,18400.0,43000.0,237000,6000.0,3600,17,5,3,RARELY,MEDIUM,SHORT_TERM_GOAL,71.0,HIGH,0.3038461538461538,0.28307692307692306,0.055384615384615386,0.007692307692307693
24,29000.0,15500.0,11400.0,99000,9000.0,2100,6,2,1,MONTHLY,MEDIUM,TAX_SAVING,57.0,MEDIUM,0.28448275862068967,0.5344827586206896,0.07241379310344828,0.02586206896551724
57,37000.0,28800.0,0.0,114000,42000.0,10800,7,3,3,LUMP_SUM,LOW,RETIREMENT,54.0,HIGH,0.25675675675675674,0.7783783783783784,0.2918918918918919,0.0945945945945946
62,30000.0,13500.0,4200.0,460000,87000.0,12300,2,1,5,LUMP_SUM,MEDIUM,EMERGENCY_FUND,84.0,MEDIUM,1.2777777777777777,0.45,0.41,0.24166666666666667
53,44000.0,22500.0,0.0,285000,86000.0,24200,18,1,4,LUMP_SUM,MEDIUM,WEALTH_CREATION,60.0,MEDIUM,0.5397727272727273,0.5113636363636364,0.55,0.16287878787878787
42,99000.0,31900.0,40800.0,157000,8000.0,26300,8,2,5,MONTHLY,LOW,SHORT_TERM_GOAL,92.0,MEDIUM,0.13215488215488216,0.32222222222222224,0.26565656565656565,0.006734006734006734
40,59000.0,44700.0,1000.0,653000,139000.0,13300,3,4,3,QUARTERLY,MEDIUM,EMERGENCY_FUND,83.0,HIGH,0.922316384180791,0.7576271186440678,0.22542372881355932,0.1963276836158192
65,66000.0,48500.0,0.0,1767000,553000.0,23200,6,3,5,MONTHLY,HIGH,WEALTH_CREATION,94.0,HIGH,2.231060606060606,0.7348484848484849,0.3515151515151515,0.6982323232323232
21,201000.0,153100.0,0.0,307000,215000.0,81000,5,4,5,RARELY,MEDIUM,EMERGENCY_FUND,100.0,LOW,0.12728026533996684,0.7616915422885572,0.40298507462686567,0.08913764510779436
49,92000.0,38900.0,51100.0,703000,316000.0,2000,4,3,1,MONTHLY,MEDIUM,SHORT_TERM_GOAL,44.0,MEDIUM,0.6367753623188406,0.42282608695652174,0.021739130434782608,0.286231884057971
21,40000.0,25900.0,1900.0,370000,19000.0,12200,10,1,3,MONTHLY,HIGH,SHORT_TERM_GOAL,53.0,LOW,0.7708333333333334,0.6475,0.305,0.03958333333333333
23,57000.0,27600.0,27100.0,635000,135000.0,2300,8,1,3,MONTHLY,MEDIUM,WEALTH_CREATION,53.0,HIGH,0.9283625730994152,0.4842105263157895,0.04035087719298246,0.19736842105263158
34,94000.0,53400.0,18600.0,1560000,103000.0,22000,18,1,1,QUARTERLY,LOW,WEALTH_CREATION,61.0,HIGH,1.3829787234042554,0.5680851063829787,0.23404255319148937,0.09131205673758866
65,92000.0,84600.0,500.0,1939000,299000.0,6900,1,4,1,MONTHLY,MEDIUM,EMERGENCY_FUND,69.0,HIGH,1.756340579710145,0.9195652173913044,0.075,0.2708333333333333
64,118000.0,90400.0,0.0,966000,480000.0,49300,4,4,2,RARELY,LOW,WEALTH_CREATION,64.0,MEDIUM,0.6822033898305084,0.7661016949152543,0.41779661016949154,0.3389830508474576
43,67000.0,30400.0,10300.0,21000,2000.0,26300,9,1,2,RARELY,LOW,EMERGENCY_FUND,48.0,LOW,0.026119402985074626,0.4537313432835821,0.3925373134328358,0.0024875621890547263
43,148000.0,113600.0,1100.0,713000,198000.0,33300,13,4,3,MONTHLY,HIGH,WEALTH_CREATION,84.0,HIGH,0.40146396396396394,0.7675675675675676,0.225,0.11148648648648649
54,133000.0,63000.0,59800.0,560000,110000.0,10200,18,3,2,RARELY,MEDIUM,WEALTH_CREATION,66.0,HIGH,0.3508771929824561,0.47368421052631576,0.07669172932330827,0.06892230576441102
31,98000.0,70500.0,11500.0,376000,101000.0,16000,1,5,5,QUARTERLY,HIGH,EMERGENCY_FUND,95.0,LOW,0.3197278911564626,0.7193877551020408,0.16326530612244897,0.0858843537414966
21,25000.0,9700.0,7200.0,84000,6000.0,8100,7,4,2,MONTHLY,LOW,SHORT_TERM_GOAL,97.0,HIGH,0.28,0.388,0.324,0.02
59,62000.0,42000.0,1000.0,781000,307000.0,19000,10,4,1,LUMP_SUM,MEDIUM,WEALTH_CREATION,62.0,HIGH,1.049731182795699,0.6774193548387096,0.3064516129032258,0.41263440860215056
55,58000.0,28800.0,11400.0,697000,159000.0,17800,16,4,3,LUMP_SUM,HIGH,RETIREMENT,64.0,HIGH,1.0014367816091954,0.496551724137931,0.30689655172413793,0.22844827586206898
26,92000.0,53600.0,21800.0,182000,47000.0,16600,12,2,2,MONTHLY,MEDIUM,WEALTH_CREATION,63.0,HIGH,0.16485507246376813,0.5826086956521739,0.18043478260869567,0.042572463768115944
45,39000.0,35400.0,300.0,842000,98000.0,3300,11,5,3,QUARTERLY,HIGH,SHORT_TERM_GOAL,70.0,HIGH,1.7991452991452992,0.9076923076923077,0.08461538461538462,0.2094017094017094
47,42000.0,21300.0,18800.0,169000,7000.0,1900,20,5,1,MONTHLY,LOW,RETIREMENT,100.0,HIGH,0.3353174603174603,0.5071428571428571,0.04523809523809524,0.013888888888888888
33,80000.0,59400.0,0.0,181000,17000.0,21300,12,3,3,LUMP_SUM,MEDIUM,EMERGENCY_FUND,65.0,LOW,0.18854166666666666,0.7425,0.26625,0.017708333333333333
61,54000.0,42500.0,0.0,1518000,333000.0,15300,2,1,2,MONTHLY,MEDIUM,WEALTH_CREATION,51.0,HIGH,2.3425925925925926,0.7870370370370371,0.2833333333333333,0.5138888888888888
60,116000.0,102700.0,8500.0,1108000,356000.0,4800,2,2,4,RARELY,MEDIUM,RETIREMENT,70.0,MEDIUM,0.7959770114942529,0.8853448275862069,0.041379310344827586,0.2557471264367816
63,73000.0,67100.0,0.0,1337000,20000.0,8000,20,4,5,MONTHLY,LOW,RETIREMENT,92.0,HIGH,1.5262557077625571,0.9191780821917809,0.1095890410958904,0.0228310502283105
56,51000.0,30500.0,10800.0,534000,252000.0,9700,8,3,1,LUMP_SUM,HIGH,WEALTH_CREATION,33.0,MEDIUM,0.8725490196078431,0.5980392156862745,0.19019607843137254,0.4117647058823529
30,41000.0,17100.0,14500.0,132000,42000.0,9400,19,1,5,MONTHLY,MEDIUM,TAX_SAVING,77.0,HIGH,0.2682926829268293,0.4170731707317073,0.22926829268292684,0.08536585365853659
30,63000.0,39700.0,17000.0,364000,216000.0,6300,15,3,3,MONTHLY,LOW,WEALTH_CREATION,77.0,HIGH,0.48148148148148145,0.6301587301587301,0.1,0.2857142857142857
30,68000.0,44200.0,7300.0,509000,62000.0,16500,12,4,1,MONTHLY,MEDIUM,EMERGENCY_FUND,68.0,MEDIUM,0.6237745098039216,0.65,0.2426470588235294,0.07598039215686274
54,74000.0,62000.0,4300.0,774000,204000.0,7700,6,4,3,MONTHLY,MEDIUM,RETIREMENT,61.0,HIGH,0.8716216216216216,0.8378378378378378,0.10405405405405406,0.22972972972972974
53,56000.0,44100.0,0.0,1794000,560000.0,12000,7,1,1,RARELY,HIGH,SHORT_TERM_GOAL,13.0,HIGH,2.669642857142857,0.7875,0.21428571428571427,0.8333333333333334
31,148000.0,90300.0,10900.0,1495000,510000.0,46800,3,5,2,MONTHLY,HIGH,TAX_SAVING,83.0,MEDIUM,0.8417792792792793,0.6101351351351352,0.3162162162162162,0.28716216216216217
62,32000.0,23400.0,0.0,439000,235000.0,12400,4,2,2,MONTHLY,MEDIUM,WEALTH_CREATION,49.0,HIGH,1.1432291666666667,0.73125,0.3875,0.6119791666666666
45,26000.0,15000.0,5100.0,537000,143000.0,5900,6,1,1,MONTHLY,MEDIUM,WEALTH_CREATION,67.0,HIGH,1.7211538461538463,0.5769230769230769,0.22692307692307692,0.4583333333333333
38,26000.0,19400.0,3000.0,173000,71000.0,3600,1,1,2,MONTHLY,LOW,WEALTH_CREATION,55.0,MEDIUM,0.5544871794871795,0.7461538461538462,0.13846153846153847,0.22756410256410256
27,23000.0,10500.0,10800.0,245000,144000.0,1700,8,1,2,RARELY,LOW,EMERGENCY_FUND,54.0,HIGH,0.8876811594202898,0.45652173913043476,0.07391304347826087,0.5217391304347826
49,102000.0,93800.0,0.0,2097000,713000.0,29800,5,1,1,LUMP_SUM,MEDIUM,WEALTH_CREATION,45.0,HIGH,1.713235294117647,0.9196078431372549,0.29215686274509806,0.5825163398692811
58,77000.0,42400.0,2000.0,1049000,247000.0,32600,5,3,2,MONTHLY,MEDIUM,TAX_SAVING,85.0,MEDIUM,1.1352813852813852,0.5506493506493506,0.42337662337662335,0.26731601731601734
26,60000.0,45000.0,5800.0,1014000,237000.0,9200,2,4,3,MONTHLY,MEDIUM,RETIREMENT,77.0,HIGH,1.4083333333333334,0.75,0.15333333333333332,0.32916666666666666
44,90000.0,59900.0,17900.0,918000,85000.0,12200,19,3,3,QUARTERLY,MEDIUM,RETIREMENT,81.0,HIGH,0.85,0.6655555555555556,0.13555555555555557,0.0787037037037037
48,119000.0,79100.0,0.0,2311000,188000.0,49900,4,2,2,QUARTERLY,MEDIUM,RETIREMENT,71.0,HIGH,1.6183473389355743,0.6647058823529411,0.419327731092437,0.13165266106442577
63,83000.0,53800.0,20400.0,1621000,125000.0,8800,17,2,5,MONTHLY,LOW,SHORT_TERM_GOAL,100.0,HIGH,1.6275100401606426,0.6481927710843374,0.10602409638554217,0.12550200803212852
49,21000.0,15800.0,4800.0,114000,38000.0,400,4,2,2,RARELY,LOW,TAX_SAVING,63.0,LOW,0.4523809523809524,0.7523809523809524,0.01904761904761905,0.15079365079365079
30,51000.0,25400.0,17100.0,362000,38000.0,8500,2,2,2,MONTHLY,HIGH,TAX_SAVING,58.0,MEDIUM,0.5915032679738562,0.4980392156862745,0.16666666666666666,0.06209150326797386
46,58000.0,37900.0,9100.0,1107000,295000.0,11000,1,1,3,QUARTERLY,MEDIUM,TAX_SAVING,68.0,HIGH,1.5905172413793103,0.653448275862069,0.1896551724137931,0.4238505747126437
55,108000.0,50400.0,46200.0,545000,193000.0,11400,14,4,5,MONTHLY,HIGH,TAX_SAVING,88.0,HIGH,0.42052469135802467,0.4666666666666667,0.10555555555555556,0.14891975308641975
32,61000.0,53100.0,2900.0,96000,32000.0,5000,13,1,5,LUMP_SUM,MEDIUM,EMERGENCY_FUND,54.0,LOW,0.13114754098360656,0.8704918032786885,0.08196721311475409,0.04371584699453552
51,77000.0,52700.0,0.0,1482000,527000.0,32500,20,1,1,MONTHLY,LOW,SHORT_TERM_GOAL,40.0,HIGH,1.603896103896104,0.6844155844155844,0.42207792207792205,0.5703463203463204
22,53000.0,39100.0,0.0,879000,251000.0,21000,16,4,1,MONTHLY,MEDIUM,TAX_SAVING,63.0,HIGH,1.3820754716981132,0.7377358490566037,0.39622641509433965,0.3946540880503145
49,24000.0,22000.0,0.0,1011000,294000.0,8700,4,2,4,RARELY,MEDIUM,TAX_SAVING,49.0,HIGH,3.5104166666666665,0.9166666666666666,0.3625,1.0208333333333333
25,90000.0,82800.0,1100.0,970000,185000.0,6100,18,4,3,MONTHLY,HIGH,WEALTH_CREATION,88.0,HIGH,0.8981481481481481,0.92,0.06777777777777778,0.1712962962962963
35,76000.0,50900.0,2200.0,1410000,45000.0,22900,13,1,3,MONTHLY,LOW,SHORT_TERM_GOAL,69.0,HIGH,1.5460526315789473,0.6697368421052632,0.3013157894736842,0.049342105263157895
32,55000.0,38400.0,0.0,1557000,131000.0,19600,5,4,3,QUARTERLY,HIGH,WEALTH_CREATION,61.0,HIGH,2.359090909090909,0.6981818181818182,0.3563636363636364,0.1984848484848485
21,159000.0,108700.0,21200.0,3208000,1197000.0,29100,3,5,3,MONTHLY,LOW,WEALTH_CREATION,100.0,HIGH,1.6813417190775681,0.6836477987421383,0.1830188679245283,0.6273584905660378
31,40000.0,28500.0,8000.0,577000,122000.0,3500,21,3,2,MONTHLY,MEDIUM,EMERGENCY_FUND,76.0,HIGH,1.2020833333333334,0.7125,0.0875,0.25416666666666665
48,31000.0,14400.0,1300.0,286000,67000.0,15300,10,1,3,MONTHLY,LOW,EMERGENCY_FUND,68.0,MEDIUM,0.7688172043010753,0.4645161290322581,0.4935483870967742,0.18010752688172044
23,24000.0,16500.0,0.0,167000,80000.0,8900,7,2,3,MONTHLY,HIGH,WEALTH_CREATION,54.0,LOW,0.5798611111111112,0.6875,0.37083333333333335,0.2777777777777778
37,70000.0,36500.0,19000.0,18000,1000.0,14500,16,2,4,RARELY,MEDIUM,WEALTH_CREATION,74.0,MEDIUM,0.02142857142857143,0.5214285714285715,0.20714285714285716,0.0011904761904761906
28,91000.0,60700.0,27300.0,429000,25000.0,3000,4,1,5,MONTHLY,MEDIUM,RETIREMENT,86.0,HIGH,0.39285714285714285,0.667032967032967,0.03296703296703297,0.022893772893772892
65,122000.0,52600.0,32100.0,411000,258000.0,37300,3,1,1,RARELY,HIGH,RETIREMENT,30.0,LOW,0.2807377049180328,0.4311475409836066,0.30573770491803276,0.1762295081967213
27,54000.0,33800.0,11400.0,1296000,61000.0,8800,15,3,5,RARELY,LOW,TAX_SAVING,97.0,HIGH,2.0,0.6259259259259259,0.16296296296296298,0.0941358024691358
53,78000.0,31800.0,10700.0,716000,167000.0,35500,6,2,1,MONTHLY,MEDIUM,EMERGENCY_FUND,57.0,LOW,0.7649572649572649,0.4076923076923077,0.4551282051282051,0.17841880341880342
30,138000.0,90300.0,14000.0,860000,153000.0,33700,1,5,3,MONTHLY,MEDIUM,RETIREMENT,98.0,HIGH,0.5193236714975845,0.6543478260869565,0.24420289855072463,0.09239130434782608
58,27000.0,13700.0,0.0,149000,25000.0,13800,4,3,2,QUARTERLY,HIGH,WEALTH_CREATION,54.0,LOW,0.45987654320987653,0.5074074074074074,0.5111111111111111,0.07716049382716049
65,56000.0,43300.0,7000.0,221000,23000.0,5700,3,1,3,LUMP_SUM,MEDIUM,WEALTH_CREATION,52.0,LOW,0.3288690476190476,0.7732142857142857,0.10178571428571428,0.03422619047619048
29,80000.0,53200.0,5300.0,972000,147000.0,21500,1,1,4,MONTHLY,MEDIUM,RETIREMENT,54.0,MEDIUM,1.0125,0.665,0.26875,0.153125
57,49000.0,35300.0,0.0,414000,158000.0,14600,9,2,5,MONTHLY,MEDIUM,WEALTH_CREATION,80.0,HIGH,0.7040816326530612,0.7204081632653061,0.2979591836734694,0.2687074829931973
59,27000.0,17300.0,0.0,1075000,115000.0,11600,5,2,1,RARELY,LOW,RETIREMENT,49.0,HIGH,3.317901234567901,0.6407407407407407,0.42962962962962964,0.3549382716049383
35,72000.0,42900.0,15400.0,1073000,761000.0,13700,23,1,1,RARELY,HIGH,SHORT_TERM_GOAL,24.0,HIGH,1.2418981481481481,0.5958333333333333,0.19027777777777777,0.8807870370370371
64,52000.0,33900.0,8400.0,486000,333000.0,9700,4,2,4,RARELY,MEDIUM,SHORT_TERM_GOAL,61.0,MEDIUM,0.7788461538461539,0.6519230769230769,0.18653846153846154,0.5336538461538461
24,66000.0,40500.0,20600.0,115000,62000.0,4900,5,5,1,QUARTERLY,LOW,RETIREMENT,80.0,HIGH,0.1452020202020202,0.6136363636363636,0.07424242424242425,0.07828282828282829
56,124000.0,34300.0,74000.0,283000,4000.0,15700,4,1,5,MONTHLY,MEDIUM,EMERGENCY_FUND,69.0,HIGH,0.19018817204301075,0.27661290322580645,0.12661290322580646,0.002688172043010753
48,55000.0,36900.0,0.0,483000,364000.0,25800,6,3,5,RARELY,LOW,EMERGENCY_FUND,80.0,LOW,0.7318181818181818,0.6709090909090909,0.4690909090909091,0.5515151515151515
61,65000.0,44300.0,14600.0,876000,234000.0,6100,3,4,1,RARELY,LOW,WEALTH_CREATION,55.0,HIGH,1.123076923076923,0.6815384615384615,0.09384615384615384,0.3
60,56000.0,36300.0,11800.0,639000,325000.0,7900,8,3,4,MONTHLY,HIGH,RETIREMENT,72.0,HIGH,0.9508928571428571,0.6482142857142857,0.14107142857142857,0.4836309523809524
57,62000.0,45000.0,0.0,1246000,160000.0,34100,1,1,4,QUARTERLY,MEDIUM,WEALTH_CREATION,73.0,HIGH,1.674731182795699,0.7258064516129032,0.55,0.21505376344086022
53,68000.0,45600.0,0.0,2567000,679000.0,25700,5,1,3,RARELY,HIGH,RETIREMENT,39.0,HIGH,3.1458333333333335,0.6705882352941176,0.3779411764705882,0.8321078431372549
27,71000.0,31200.0,24900.0,546000,153000.0,14900,23,1,4,MONTHLY,MEDIUM,WEALTH_CREATION,55.0,HIGH,0.6408450704225352,0.4394366197183099,0.20985915492957746,0.1795774647887324
37,130000.0,59500.0,4300.0,2177000,887000.0,66200,12,1,4,QUARTERLY,MEDIUM,RETIREMENT,56.0,HIGH,1.3955128205128204,0.4576923076923077,0.5092307692307693,0.5685897435897436
39,44000.0,24800.0,10900.0,1249000,451000.0,8300,6,3,3,LUMP_SUM,MEDIUM,EMERGENCY_FUND,78.0,HIGH,2.365530303030303,0.5636363636363636,0.18863636363636363,0.8541666666666666
28,36000.0,14200.0,15600.0,343000,77000.0,6200,19,3,4,LUMP_SUM,LOW,RETIREMENT,77.0,HIGH,0.7939814814814815,0.39444444444444443,0.17222222222222222,0.17824074074074073
46,45000.0,21600.0,21900.0,385000,201000.0,1500,5,1,4,LUMP_SUM,MEDIUM,SHORT_TERM_GOAL,76.0,HIGH,0.7129629629629629,0.48,0.03333333333333333,0.37222222222222223
61,58000.0,32300.0,1400.0,880000,304000.0,24300,11,1,3,MONTHLY,HIGH,WEALTH_CREATION,55.0,HIGH,1.264367816091954,0.5568965517241379,0.4189655172413793,0.4367816091954023
21,28000.0,23200.0,1300.0,222000,80000.0,3500,2,2,1,MONTHLY,LOW,WEALTH_CREATION,63.0,HIGH,0.6607142857142857,0.8285714285714286,0.125,0.23809523809523808
46,35000.0,18400.0,8900.0,105000,26000.0,7700,4,2,4,QUARTERLY,MEDIUM,SHORT_TERM_GOAL,57.0,MEDIUM,0.25,0.5257142857142857,0.22,0.06190476190476191
48,23000.0,13200.0,4700.0,219000,79000.0,5100,2,2,2,RARELY,MEDIUM,TAX_SAVING,60.0,LOW,0.7934782608695652,0.5739130434782609,0.2217391304347826,0.286231884057971
51,64000.0,47500.0,4000.0,967000,104000.0,12500,1,1,5,MONTHLY,HIGH,TAX_SAVING,57.0,HIGH,1.2591145833333333,0.7421875,0.1953125,0.13541666666666666
61,129000.0,104500.0,11500.0,661000,255000.0,13000,11,2,3,QUARTERLY,MEDIUM,EMERGENCY_FUND,75.0,MEDIUM,0.42700258397932817,0.810077519379845,0.10077519379844961,0.16472868217054262
57,107000.0,44700.0,18100.0,586000,326000.0,44200,17,3,2,RARELY,LOW,EMERGENCY_FUND,73.0,MEDIUM,0.45638629283489096,0.4177570093457944,0.4130841121495327,0.2538940809968847
50,33000.0,28100.0,0.0,1373000,430000.0,13100,14,1,2,MONTHLY,MEDIUM,RETIREMENT,62.0,HIGH,3.467171717171717,0.8515151515151516,0.396969696969697,1.0858585858585859
56,60000.0,29900.0,7200.0,80000,1000.0,22900,7,1,3,MONTHLY,MEDIUM,EMERGENCY_FUND,68.0,MEDIUM,0.1111111111111111,0.49833333333333335,0.38166666666666665,0.001388888888888889
25,78000.0,43000.0,2000.0,848000,6000.0,33000,16,1,3,MONTHLY,MEDIUM,EMERGENCY_FUND,66.0,LOW,0.905982905982906,0.5512820512820513,0.4230769230769231,0.00641025641025641
24,98000.0,46400.0,24700.0,1280000,397000.0,26900,24,4,4,MONTHLY,LOW,EMERGENCY_FUND,100.0,HIGH,1.08843537414966,0.47346938775510206,0.27448979591836736,0.33758503401360546
32,60000.0,23700.0,30200.0,227000,16000.0,6100,19,1,1,QUARTERLY,HIGH,WEALTH_CREATION,42.0,MEDIUM,0.31527777777777777,0.395,0.10166666666666667,0.022222222222222223
29,35000.0,15700.0,18300.0,57000,4000.0,1000,15,1,3,MONTHLY,HIGH,TAX_SAVING,58.0,HIGH,0.1357142857142857,0.44857142857142857,0.02857142857142857,0.009523809523809525
34,70000.0,47700.0,20900.0,748000,25000.0,1400,14,3,4,RARELY,LOW,WEALTH_CREATION,87.0,HIGH,0.8904761904761904,0.6814285714285714,0.02,0.02976190476190476
51,117000.0,65800.0,43300.0,408000,49000.0,7900,18,1,1,RARELY,HIGH,TAX_SAVING,35.0,MEDIUM,0.2905982905982906,0.5623931623931624,0.06752136752136752,0.0349002849002849
49,112000.0,70900.0,26900.0,1797000,125000.0,14200,7,3,4,MONTHLY,HIGH,WEALTH_CREATION,90.0,HIGH,1.3370535714285714,0.6330357142857143,0.12678571428571428,0.09300595238095238
43,74000.0,41200.0,27100.0,863000,45000.0,5700,12,3,4,RARELY,MEDIUM,TAX_SAVING,75.0,HIGH,0.9718468468468469,0.5567567567567567,0.07702702702702703,0.05067567567567568
53,79000.0,22200.0,48100.0,276000,7000.0,8700,22,5,1,MONTHLY,MEDIUM,EMERGENCY_FUND,84.0,HIGH,0.2911392405063291,0.2810126582278481,0.11012658227848102,0.007383966244725738
23,24000.0,14100.0,2800.0,189000,44000.0,7100,9,2,2,MONTHLY,LOW,SHORT_TERM_GOAL,57.0,HIGH,0.65625,0.5875,0.29583333333333334,0.1527777777777778
33,103000.0,94700.0,5700.0,172000,17000.0,2600,4,1,1,QUARTERLY,MEDIUM,EMERGENCY_FUND,47.0,LOW,0.13915857605177995,0.9194174757281554,0.02524271844660194,0.013754045307443365
28,111000.0,88000.0,6000.0,3845000,623000.0,17000,9,4,1,RARELY,HIGH,RETIREMENT,57.0,HIGH,2.8866366366366365,0.7927927927927928,0.15315315315315314,0.4677177177177177
23,69000.0,42700.0,13000.0,255000,41000.0,13300,4,2,4,RARELY,MEDIUM,SHORT_TERM_GOAL,66.0,LOW,0.3079710144927536,0.618840579710145,0.1927536231884058,0.049516908212560384
63,32000.0,18100.0,7500.0,477000,88000.0,6400,2,1,1,MONTHLY,HIGH,EMERGENCY_FUND,43.0,LOW,1.2421875,0.565625,0.2,0.22916666666666666
55,45000.0,17400.0,8000.0,448000,83000.0,19600,18,2,4,MONTHLY,HIGH,RETIREMENT,78.0,HIGH,0.8296296296296296,0.38666666666666666,0.43555555555555553,0.1537037037037037
43,52000.0,44000.0,1900.0,1025000,70000.0,6100,3,1,2,MONTHLY,LOW,TAX_SAVING,68.0,HIGH,1.642628205128205,0.8461538461538461,0.11730769230769231,0.11217948717948718
22,107000.0,63600.0,33600.0,981000,505000.0,9800,1,4,3,RARELY,HIGH,RETIREMENT,67.0,HIGH,0.764018691588785,0.594392523364486,0.09158878504672897,0.39330218068535827
45,78000.0,63000.0,0.0,1447000,214000.0,32700,6,1,5,LUMP_SUM,HIGH,WEALTH_CREATION,61.0,MEDIUM,1.545940170940171,0.8076923076923077,0.41923076923076924,0.22863247863247863
46,63000.0,45400.0,10300.0,481000,86000.0,7300,5,2,1,MONTHLY,LOW,WEALTH_CREATION,70.0,HIGH,0.6362433862433863,0.7206349206349206,0.11587301587301588,0.11375661375661375
27,100000.0,20000.0,61500.0,1005000,505000.0,18500,16,2,4,MONTHLY,MEDIUM,EMERGENCY_FUND,63.0,HIGH,0.8375,0.2,0.185,0.42083333333333334
65,49000.0,31200.0,0.0,878000,266000.0,26700,11,1,2,LUMP_SUM,HIGH,RETIREMENT,50.0,MEDIUM,1.4931972789115646,0.636734693877551,0.5448979591836735,0.4523809523809524
25,68000.0,46400.0,0.0,831000,198000.0,36700,2,2,2,LUMP_SUM,MEDIUM,WEALTH_CREATION,45.0,MEDIUM,1.0183823529411764,0.6823529411764706,0.5397058823529411,0.2426470588235294
27,116000.0,64600.0,9700.0,2015000,296000.0,41700,4,3,3,MONTHLY,HIGH,EMERGENCY_FUND,65.0,MEDIUM,1.4475574712643677,0.5568965517241379,0.3594827586206897,0.21264367816091953
27,101000.0,77700.0,0.0,1083000,151000.0,38200,10,1,5,MONTHLY,MEDIUM,WEALTH_CREATION,73.0,HIGH,0.8935643564356436,0.7693069306930693,0.3782178217821782,0.12458745874587458
31,78000.0,57900.0,0.0,2305000,133000.0,33000,22,1,5,LUMP_SUM,HIGH,TAX_SAVING,67.0,HIGH,2.4626068376068377,0.7423076923076923,0.4230769230769231,0.1420940170940171
52,115000.0,36300.0,75000.0,1035000,636000.0,3700,17,1,4,MONTHLY,MEDIUM,WEALTH_CREATION,68.0,HIGH,0.75,0.31565217391304345,0.03217391304347826,0.4608695652173913
58,99000.0,59800.0,11400.0,163000,65000.0,27800,4,4,5,MONTHLY,HIGH,SHORT_TERM_GOAL,94.0,MEDIUM,0.13720538720538722,0.604040404040404,0.2808080808080808,0.054713804713804715
28,108000.0,99300.0,0.0,4269000,1040000.0,9600,4,4,3,MONTHLY,LOW,SHORT_TERM_GOAL,91.0,HIGH,3.2939814814814814,0.9194444444444444,0.08888888888888889,0.8024691358024691
25,102000.0,41100.0,48400.0,783000,421000.0,12500,12,1,3,RARELY,HIGH,WEALTH_CREATION,37.0,HIGH,0.6397058823529411,0.40294117647058825,0.12254901960784313,0.34395424836601307
41,47000.0,34100.0,0.0,538000,352000.0,18400,6,2,3,MONTHLY,MEDIUM,RETIREMENT,76.0,HIGH,0.9539007092198581,0.725531914893617,0.39148936170212767,0.624113475177305
63,114000.0,68500.0,27100.0,1161000,415000.0,18400,7,1,2,RARELY,MEDIUM,RETIREMENT,47.0,MEDIUM,0.8486842105263158,0.6008771929824561,0.16140350877192983,0.3033625730994152
51,71000.0,46100.0,15400.0,215000,102000.0,9500,3,1,2,LUMP_SUM,MEDIUM,RETIREMENT,61.0,MEDIUM,0.25234741784037557,0.6492957746478873,0.13380281690140844,0.11971830985915492
56,67000.0,50900.0,12800.0,1175000,312000.0,3300,3,1,4,RARELY,MEDIUM,RETIREMENT,63.0,HIGH,1.4614427860696517,0.7597014925373134,0.049253731343283584,0.3880597014925373
34,127000.0,55600.0,67300.0,953000,113000.0,4100,20,2,1,MONTHLY,MEDIUM,WEALTH_CREATION,53.0,HIGH,0.6253280839895013,0.4377952755905512,0.03228346456692913,0.07414698162729659
49,60000.0,29900.0,12800.0,727000,251000.0,17300,2,3,1,RARELY,MEDIUM,WEALTH_CREATION,53.0,HIGH,1.0097222222222222,0.49833333333333335,0.28833333333333333,0.3486111111111111
46,86000.0,52100.0,10400.0,367000,147000.0,23500,7,1,2,QUARTERLY,MEDIUM,WEALTH_CREATION,44.0,MEDIUM,0.3556201550387597,0.6058139534883721,0.27325581395348836,0.14244186046511628
57,69000.0,56600.0,5800.0,470000,47000.0,6600,22,1,3,MONTHLY,HIGH,WEALTH_CREATION,34.0,MEDIUM,0.5676328502415459,0.8202898550724638,0.09565217391304348,0.05676328502415459
49,49000.0,35800.0,3200.0,846000,247000.0,10000,9,4,4,MONTHLY,MEDIUM,EMERGENCY_FUND,91.0,HIGH,1.4387755102040816,0.7306122448979592,0.20408163265306123,0.4200680272108844
56,83000.0,55400.0,0.0,1969000,701000.0,43600,12,5,3,QUARTERLY,LOW,SHORT_TERM_GOAL,100.0,HIGH,1.9769076305220883,0.6674698795180722,0.5253012048192771,0.7038152610441767
43,81000.0,53500.0,24800.0,1198000,240000.0,2700,3,2,3,QUARTERLY,MEDIUM,RETIREMENT,48.0,HIGH,1.2325102880658436,0.6604938271604939,0.03333333333333333,0.24691358024691357
48,147000.0,91300.0,48700.0,856000,46000.0,7000,1,1,2,MONTHLY,HIGH,SHORT_TERM_GOAL,47.0,LOW,0.4852607709750567,0.6210884353741497,0.047619047619047616,0.026077097505668934
24,44000.0,21900.0,15100.0,695000,125000.0,7000,16,2,1,MONTHLY,LOW,RETIREMENT,73.0,HIGH,1.316287878787879,0.49772727272727274,0.1590909090909091,0.23674242424242425
55,49000.0,41000.0,3700.0,866000,90000.0,4300,7,2,2,MONTHLY,LOW,WEALTH_CREATION,69.0,HIGH,1.4727891156462585,0.8367346938775511,0.08775510204081632,0.15306122448979592
26,125000.0,45600.0,71000.0,430000,22000.0,8400,4,1,3,QUARTERLY,HIGH,WEALTH_CREATION,71.0,HIGH,0.2866666666666667,0.3648,0.0672,0.014666666666666666
65,85000.0,70500.0,0.0,401000,43000.0,44300,1,1,2,LUMP_SUM,LOW,TAX_SAVING,50.0,LOW,0.3931372549019608,0.8294117647058824,0.5211764705882352,0.04215686274509804
24,68000.0,52600.0,11500.0,344000,129000.0,3900,5,4,4,QUARTERLY,HIGH,SHORT_TERM_GOAL,75.0,MEDIUM,0.4215686274509804,0.7735294117647059,0.057352941176470586,0.15808823529411764
52,28000.0,22600.0,3400.0,702000,49000.0,2000,5,2,1,QUARTERLY,MEDIUM,EMERGENCY_FUND,44.0,HIGH,2.0892857142857144,0.8071428571428572,0.07142857142857142,0.14583333333333334
33,130000.0,98600.0,0.0,234000,44000.0,34900,5,1,4,RARELY,HIGH,WEALTH_CREATION,46.0,LOW,0.15,0.7584615384615384,0.2684615384615385,0.028205128205128206
31,21000.0,11900.0,1200.0,192000,56000.0,7900,1,4,1,MONTHLY,HIGH,WEALTH_CREATION,56.0,MEDIUM,0.7619047619047619,0.5666666666666667,0.3761904761904762,0.2222222222222222
21,131000.0,69400.0,48900.0,888000,657000.0,12700,2,1,2,MONTHLY,MEDIUM,WEALTH_CREATION,45.0,HIGH,0.5648854961832062,0.5297709923664122,0.09694656488549619,0.4179389312977099
26,114000.0,90100.0,0.0,2326000,1036000.0,51800,12,2,4,MONTHLY,MEDIUM,WEALTH_CREATION,72.0,HIGH,1.7002923976608186,0.7903508771929825,0.4543859649122807,0.7573099415204678
43,48000.0,29300.0,4800.0,319000,127000.0,13900,10,1,1,MONTHLY,LOW,WEALTH_CREATION,56.0,HIGH,0.5538194444444444,0.6104166666666667,0.28958333333333336,0.2204861111111111
39,61000.0,43000.0,0.0,3034000,453000.0,18900,3,5,4,RARELY,HIGH,RETIREMENT,82.0,HIGH,4.144808743169399,0.7049180327868853,0.30983606557377047,0.6188524590163934
56,123000.0,66700.0,34500.0,1351000,163000.0,21800,6,1,3,RARELY,LOW,SHORT_TERM_GOAL,52.0,MEDIUM,0.9153116531165312,0.5422764227642276,0.1772357723577236,0.11043360433604336
35,40000.0,18700.0,12800.0,196000,2000.0,8500,17,3,2,LUMP_SUM,MEDIUM,WEALTH_CREATION,63.0,HIGH,0.4083333333333333,0.4675,0.2125,0.004166666666666667
58,119000.0,106200.0,0.0,1892000,576000.0,19700,18,1,2,MONTHLY,HIGH,WEALTH_CREATION,48.0,HIGH,1.3249299719887955,0.892436974789916,0.16554621848739495,0.40336134453781514
43,106000.0,33000.0,57800.0,389000,281000.0,15200,17,1,2,QUARTERLY,MEDIUM,WEALTH_CREATION,59.0,HIGH,0.3058176100628931,0.3113207547169811,0.14339622641509434,0.2209119496855346
65,39000.0,17100.0,13700.0,213000,67000.0,8200,11,3,1,MONTHLY,HIGH,SHORT_TERM_GOAL,40.0,MEDIUM,0.4551282051282051,0.43846153846153846,0.21025641025641026,0.14316239316239315
32,97000.0,84800.0,0.0,1681000,398000.0,22700,6,3,3,MONTHLY,MEDIUM,WEALTH_CREATION,63.0,HIGH,1.4441580756013745,0.8742268041237113,0.23402061855670103,0.34192439862542956
53,144000.0,114900.0,0.0,2363000,786000.0,54200,14,2,1,RARELY,MEDIUM,SHORT_TERM_GOAL,28.0,LOW,1.3674768518518519,0.7979166666666667,0.3763888888888889,0.4548611111111111
58,91000.0,61900.0,13000.0,1300000,77000.0,16100,14,3,2,MONTHLY,HIGH,SHORT_TERM_GOAL,44.0,MEDIUM,1.1904761904761905,0.6802197802197802,0.17692307692307693,0.07051282051282051
40,75000.0,40500.0,27300.0,386000,169000.0,7200,11,3,1,MONTHLY,MEDIUM,SHORT_TERM_GOAL,59.0,LOW,0.4288888888888889,0.54,0.096,0.18777777777777777
59,30000.0,23300.0,2300.0,254000,97000.0,4400,15,1,4,MONTHLY,MEDIUM,SHORT_TERM_GOAL,79.0,HIGH,0.7055555555555556,0.7766666666666666,0.14666666666666667,0.26944444444444443
62,50000.0,43500.0,0.0,246000,16000.0,8300,2,1,5,LUMP_SUM,LOW,WEALTH_CREATION,88.0,MEDIUM,0.41,0.87,0.166,0.02666666666666667
61,46000.0,26000.0,11700.0,425000,194000.0,8300,5,1,3,LUMP_SUM,LOW,SHORT_TERM_GOAL,51.0,MEDIUM,0.769927536231884,0.5652173913043478,0.18043478260869567,0.35144927536231885
63,74000.0,30300.0,19900.0,704000,25000.0,23800,3,2,2,MONTHLY,LOW,WEALTH_CREATION,62.0,HIGH,0.7927927927927928,0.40945945945945944,0.3216216216216216,0.028153153153153154
50,48000.0,30800.0,11300.0,314000,239000.0,5900,15,4,1,MONTHLY,HIGH,WEALTH_CREATION,52.0,HIGH,0.5451388888888888,0.6416666666666667,0.12291666666666666,0.4149305555555556
30,146000.0,90600.0,35400.0,1296000,4000.0,20000,2,3,3,MONTHLY,MEDIUM,TAX_SAVING,81.0,MEDIUM,0.7397260273972602,0.6205479452054794,0.136986301369863,0.00228310502283105
26,183000.0,129100.0,0.0,1730000,998000.0,79000,9,5,2,MONTHLY,HIGH,RETIREMENT,80.0,HIGH,0.7877959927140255,0.7054644808743169,0.43169398907103823,0.4544626593806922
29,55000.0,37800.0,3100.0,924000,34000.0,14100,3,2,3,MONTHLY,MEDIUM,WEALTH_CREATION,44.0,MEDIUM,1.4,0.6872727272727273,0.25636363636363635,0.051515151515151514
58,59000.0,42800.0,8300.0,974000,213000.0,7900,4,1,3,MONTHLY,HIGH,TAX_SAVING,41.0,HIGH,1.3757062146892656,0.7254237288135593,0.13389830508474576,0.3008474576271186
60,60000.0,37400.0,21000.0,283000,66000.0,1600,6,1,5,MONTHLY,LOW,SHORT_TERM_GOAL,91.0,HIGH,0.39305555555555555,0.6233333333333333,0.02666666666666667,0.09166666666666666
30,211000.0,57000.0,116500.0,881000,181000.0,37500,9,1,5,RARELY,MEDIUM,WEALTH_CREATION,55.0,HIGH,0.3479462875197472,0.27014218009478674,0.17772511848341233,0.07148499210110584
41,110000.0,84700.0,19800.0,1619000,239000.0,5500,4,4,2,RARELY,MEDIUM,SHORT_TERM_GOAL,79.0,HIGH,1.2265151515151516,0.77,0.05,0.18106060606060606
23,177000.0,46700.0,96700.0,50000,11000.0,33600,8,3,3,LUMP_SUM,HIGH,WEALTH_CREATION,67.0,MEDIUM,0.023540489642184557,0.26384180790960454,0.18983050847457628,0.005178907721280603
40,65000.0,44100.0,18200.0,584000,129000.0,2700,23,2,2,MONTHLY,MEDIUM,TAX_SAVING,66.0,HIGH,0.7487179487179487,0.6784615384615384,0.04153846153846154,0.16538461538461538
42,226000.0,135800.0,39900.0,1320000,92000.0,50300,5,4,2,QUARTERLY,HIGH,RETIREMENT,80.0,MEDIUM,0.48672566371681414,0.6008849557522123,0.22256637168141594,0.03392330383480826
55,60000.0,41500.0,0.0,1212000,339000.0,20500,22,1,3,RARELY,LOW,RETIREMENT,82.0,HIGH,1.6833333333333333,0.6916666666666667,0.3416666666666667,0.4708333333333333
45,44000.0,31800.0,4000.0,434000,54000.0,8200,7,1,4,MONTHLY,MEDIUM,TAX_SAVING,73.0,HIGH,0.821969696969697,0.7227272727272728,0.18636363636363637,0.10227272727272728
62,65000.0,41700.0,14000.0,1472000,903000.0,9300,1,1,2,LUMP_SUM,HIGH,EMERGENCY_FUND,40.0,HIGH,1.8871794871794871,0.6415384615384615,0.14307692307692307,1.1576923076923078
55,77000.0,51400.0,18300.0,973000,156000.0,7300,18,1,2,QUARTERLY,HIGH,EMERGENCY_FUND,36.0,HIGH,1.053030303030303,0.6675324675324675,0.09480519480519481,0.16883116883116883
33,127000.0,92800.0,14200.0,321000,194000.0,20000,2,3,1,RARELY,HIGH,TAX_SAVING,34.0,LOW,0.2106299212598425,0.7307086614173228,0.15748031496062992,0.1272965879265092
26,58000.0,33500.0,12500.0,999000,205000.0,12000,8,5,2,MONTHLY,MEDIUM,TAX_SAVING,89.0,HIGH,1.4353448275862069,0.5775862068965517,0.20689655172413793,0.29454022988505746
64,30000.0,21300.0,0.0,1042000,129000.0,10200,9,4,2,RARELY,LOW,RETIREMENT,62.0,HIGH,2.8944444444444444,0.71,0.34,0.35833333333333334
29,35000.0,16900.0,15200.0,242000,16000.0,2900,7,4,3,QUARTERLY,LOW,WEALTH_CREATION,92.0,HIGH,0.5761904761904761,0.4828571428571429,0.08285714285714285,0.0380952380952381
31,77000.0,58800.0,9900.0,776000,389000.0,8300,3,2,1,LUMP_SUM,MEDIUM,WEALTH_CREATION,58.0,HIGH,0.8398268398268398,0.7636363636363637,0.10779220779220779,0.420995670995671
52,48000.0,28200.0,0.0,873000,436000.0,21900,9,3,1,QUARTERLY,MEDIUM,TAX_SAVING,51.0,HIGH,1.515625,0.5875,0.45625,0.7569444444444444
39,99000.0,34900.0,29800.0,1054000,604000.0,34300,7,1,4,MONTHLY,MEDIUM,SHORT_TERM_GOAL,77.0,HIGH,0.8872053872053872,0.3525252525252525,0.3464646464646465,0.5084175084175084
25,54000.0,34000.0,17900.0,289000,11000.0,2100,3,1,2,QUARTERLY,MEDIUM,TAX_SAVING,58.0,MEDIUM,0.44598765432098764,0.6296296296296297,0.03888888888888889,0.016975308641975308
37,93000.0,79900.0,0.0,2296000,438000.0,28500,3,1,4,QUARTERLY,LOW,WEALTH_CREATION,80.0,HIGH,2.057347670250896,0.8591397849462366,0.3064516129032258,0.3924731182795699
63,72000.0,39000.0,27100.0,1078000,248000.0,5900,6,2,2,RARELY,LOW,EMERGENCY_FUND,55.0,HIGH,1.2476851851851851,0.5416666666666666,0.08194444444444444,0.28703703703703703
64,29000.0,20400.0,7900.0,298000,136000.0,700,4,4,1,LUMP_SUM,HIGH,TAX_SAVING,51.0,HIGH,0.8563218390804598,0.7034482758620689,0.02413793103448276,0.39080459770114945
32,60000.0,39200.0,7300.0,315000,111000.0,13500,5,1,2,RARELY,LOW,SHORT_TERM_GOAL,43.0,LOW,0.4375,0.6533333333333333,0.225,0.15416666666666667
59,76000.0,53100.0,22500.0,406000,167000.0,400,18,2,3,MONTHLY,HIGH,RETIREMENT,58.0,HIGH,0.4451754385964912,0.6986842105263158,0.005263157894736842,0.18311403508771928
23,135000.0,50500.0,60200.0,612000,94000.0,24300,2,1,4,MONTHLY,MEDIUM,EMERGENCY_FUND,66.0,MEDIUM,0.37777777777777777,0.37407407407407406,0.18,0.05802469135802469
52,33000.0,24500.0,0.0,421000,60000.0,11900,15,3,2,RARELY,HIGH,RETIREMENT,42.0,MEDIUM,1.0631313131313131,0.7424242424242424,0.3606060606060606,0.15151515151515152
47,89000.0,52000.0,20400.0,329000,92000.0,16600,4,5,4,MONTHLY,HIGH,RETIREMENT,100.0,HIGH,0.3080524344569288,0.5842696629213483,0.18651685393258427,0.08614232209737828
41,33000.0,18900.0,7200.0,711000,179000.0,6900,9,3,4,RARELY,LOW,SHORT_TERM_GOAL,74.0,HIGH,1.7954545454545454,0.5727272727272728,0.20909090909090908,0.45202020202020204
56,112000.0,84500.0,24200.0,2393000,264000.0,3300,20,1,4,RARELY,LOW,RETIREMENT,52.0,HIGH,1.7805059523809523,0.7544642857142857,0.029464285714285714,0.19642857142857142
52,28000.0,14800.0,7100.0,356000,22000.0,6100,13,3,2,LUMP_SUM,MEDIUM,RETIREMENT,63.0,HIGH,1.0595238095238095,0.5285714285714286,0.21785714285714286,0.06547619047619048
38,43000.0,25400.0,11300.0,954000,270000.0,6300,9,1,1,MONTHLY,LOW,RETIREMENT,48.0,HIGH,1.8488372093023255,0.5906976744186047,0.14651162790697675,0.5232558139534884
49,88000.0,51600.0,0.0,1123000,113000.0,48400,1,1,3,MONTHLY,HIGH,RETIREMENT,62.0,LOW,1.0634469696969697,0.5863636363636363,0.55,0.10700757575757576
64,57000.0,34300.0,17900.0,146000,113000.0,4800,16,1,2,QUARTERLY,MEDIUM,RETIREMENT,50.0,HIGH,0.2134502923976608,0.6017543859649123,0.08421052631578947,0.1652046783625731
51,22000.0,12700.0,2400.0,310000,41000.0,6900,10,2,1,QUARTERLY,HIGH,EMERGENCY_FUND,44.0,LOW,1.1742424242424243,0.5772727272727273,0.31363636363636366,0.1553030303030303
21,76000.0,64600.0,8200.0,3906000,551000.0,3200,6,2,3,MONTHLY,HIGH,RETIREMENT,50.0,HIGH,4.282894736842105,0.85,0.042105263157894736,0.6041666666666666
65,35000.0,22600.0,8400.0,492000,110000.0,4000,2,4,4,RARELY,HIGH,RETIREMENT,71.0,MEDIUM,1.1714285714285715,0.6457142857142857,0.11428571428571428,0.2619047619047619
29,53000.0,28400.0,20800.0,465000,139000.0,3800,7,1,5,QUARTERLY,LOW,WEALTH_CREATION,63.0,HIGH,0.7311320754716981,0.5358490566037736,0.07169811320754717,0.21855345911949686
59,41000.0,32500.0,100.0,1100000,233000.0,8400,7,2,5,MONTHLY,HIGH,RETIREMENT,64.0,HIGH,2.2357723577235773,0.7926829268292683,0.2048780487804878,0.4735772357723577
32,99000.0,46500.0,48800.0,844000,279000.0,3700,9,2,3,RARELY,HIGH,SHORT_TERM_GOAL,49.0,HIGH,0.7104377104377104,0.4696969696969697,0.03737373737373737,0.23484848484848486
30,40000.0,17600.0,14300.0,66000,20000.0,8100,12,3,3,LUMP_SUM,MEDIUM,EMERGENCY_FUND,74.0,HIGH,0.1375,0.44,0.2025,0.041666666666666664
37,59000.0,35300.0,18200.0,111000,16000.0,5500,8,1,3,MONTHLY,HIGH,EMERGENCY_FUND,48.0,LOW,0.15677966101694915,0.5983050847457627,0.09322033898305085,0.022598870056497175
56,45000.0,20500.0,14000.0,586000,41000.0,10500,11,1,1,RARELY,MEDIUM,WEALTH_CREATION,34.0,MEDIUM,1.0851851851851853,0.45555555555555555,0.23333333333333334,0.07592592592592592
54,160000.0,80700.0,0.0,177000,65000.0,88000,1,2,2,LUMP_SUM,MEDIUM,WEALTH_CREATION,38.0,LOW,0.0921875,0.504375,0.55,0.033854166666666664
35,32000.0,14600.0,8100.0,360000,85000.0,9300,24,1,2,MONTHLY,HIGH,RETIREMENT,30.0,HIGH,0.9375,0.45625,0.290625,0.22135416666666666
63,107000.0,37200.0,40100.0,681000,39000.0,29700,4,1,4,MONTHLY,MEDIUM,SHORT_TERM_GOAL,62.0,MEDIUM,0.530373831775701,0.34766355140186916,0.2775700934579439,0.030373831775700934
25,51000.0,28900.0,18600.0,100000,29000.0,3500,7,2,1,RARELY,LOW,SHORT_TERM_GOAL,50.0,MEDIUM,0.16339869281045752,0.5666666666666667,0.06862745098039216,0.04738562091503268
43,59000.0,24000.0,27400.0,943000,510000.0,7600,20,2,3,LUMP_SUM,MEDIUM,WEALTH_CREATION,71.0,HIGH,1.3319209039548023,0.4067796610169492,0.1288135593220339,0.7203389830508474
52,43000.0,34700.0,0.0,887000,220000.0,15300,24,1,1,MONTHLY,HIGH,EMERGENCY_FUND,54.0,HIGH,1.7189922480620154,0.8069767441860465,0.3558139534883721,0.4263565891472868
37,72000.0,49100.0,6200.0,951000,71000.0,16700,9,3,5,QUARTERLY,HIGH,SHORT_TERM_GOAL,71.0,MEDIUM,1.1006944444444444,0.6819444444444445,0.23194444444444445,0.08217592592592593
49,45000.0,24700.0,13100.0,926000,197000.0,7200,4,2,3,RARELY,MEDIUM,EMERGENCY_FUND,56.0,HIGH,1.7148148148148148,0.5488888888888889,0.16,0.3648148148148148
29,69000.0,57300.0,0.0,2767000,940000.0,24000,9,1,2,MONTHLY,MEDIUM,RETIREMENT,44.0,HIGH,3.3417874396135265,0.8304347826086956,0.34782608695652173,1.1352657004830917
25,21000.0,14600.0,0.0,59000,7000.0,7300,7,2,4,MONTHLY,HIGH,TAX_SAVING,64.0,LOW,0.23412698412698413,0.6952380952380952,0.3476190476190476,0.027777777777777776
38,92000.0,75500.0,300.0,1010000,580000.0,16200,17,2,1,QUARTERLY,LOW,EMERGENCY_FUND,55.0,HIGH,0.9148550724637681,0.8206521739130435,0.17608695652173914,0.5253623188405797
58,100000.0,74900.0,1400.0,673000,85000.0,23700,1,1,4,LUMP_SUM,HIGH,WEALTH_CREATION,49.0,MEDIUM,0.5608333333333333,0.749,0.237,0.07083333333333333
42,38000.0,21800.0,13300.0,142000,49000.0,2900,21,1,5,MONTHLY,HIGH,TAX_SAVING,58.0,HIGH,0.31140350877192985,0.5736842105263158,0.07631578947368421,0.1074561403508772
58,95000.0,68700.0,0.0,1041000,27000.0,33900,7,1,1,LUMP_SUM,HIGH,RETIREMENT,36.0,LOW,0.9131578947368421,0.7231578947368421,0.3568421052631579,0.02368421052631579
55,64000.0,45600.0,8100.0,474000,220000.0,10300,8,2,3,MONTHLY,MEDIUM,RETIREMENT,58.0,HIGH,0.6171875,0.7125,0.1609375,0.2864583333333333
29,49000.0,41000.0,0.0,150000,7000.0,19700,11,5,5,MONTHLY,MEDIUM,EMERGENCY_FUND,100.0,HIGH,0.25510204081632654,0.8367346938775511,0.4020408163265306,0.011904761904761904
27,52000.0,44100.0,0.0,593000,81000.0,13900,16,1,1,MONTHLY,HIGH,TAX_SAVING,40.0,MEDIUM,0.9503205128205128,0.8480769230769231,0.2673076923076923,0.12980769230769232
44,47000.0,38200.0,0.0,494000,93000.0,19100,3,2,5,LUMP_SUM,LOW,EMERGENCY_FUND,91.0,MEDIUM,0.875886524822695,0.8127659574468085,0.40638297872340423,0.16489361702127658
47,85000.0,78200.0,0.0,850000,368000.0,9700,1,3,5,MONTHLY,HIGH,TAX_SAVING,62.0,HIGH,0.8333333333333334,0.92,0.11411764705882353,0.3607843137254902
36,40000.0,20800.0,7600.0,144000,28000.0,11600,8,4,5,MONTHLY,LOW,TAX_SAVING,98.0,HIGH,0.3,0.52,0.29,0.058333333333333334
47,51000.0,38300.0,0.0,1467000,248000.0,22200,9,3,3,MONTHLY,HIGH,SHORT_TERM_GOAL,51.0,HIGH,2.3970588235294117,0.7509803921568627,0.43529411764705883,0.40522875816993464
36,43000.0,36400.0,0.0,679000,72000.0,10200,13,2,2,MONTHLY,HIGH,WEALTH_CREATION,44.0,HIGH,1.315891472868217,0.8465116279069768,0.2372093023255814,0.13953488372093023
48,37000.0,20800.0,11200.0,458000,30000.0,5000,11,2,2,MONTHLY,HIGH,WEALTH_CREATION,40.0,HIGH,1.0315315315315314,0.5621621621621622,0.13513513513513514,0.06756756756756757
62,38000.0,24800.0,0.0,260000,75000.0,15800,12,2,1,LUMP_SUM,MEDIUM,WEALTH_CREATION,49.0,HIGH,0.5701754385964912,0.6526315789473685,0.41578947368421054,0.16447368421052633
46,127000.0,71300.0,37300.0,823000,368000.0,18400,5,3,2,RARELY,MEDIUM,RETIREMENT,57.0,MEDIUM,0.5400262467191601,0.5614173228346456,0.14488188976377953,0.24146981627296588
58,78000.0,53300.0,8300.0,474000,156000.0,16400,1,3,3,MONTHLY,LOW,WEALTH_CREATION,99.0,HIGH,0.5064102564102564,0.6833333333333333,0.21025641025641026,0.16666666666666666
31,35000.0,25100.0,9200.0,233000,41000.0,700,11,4,3,MONTHLY,MEDIUM,RETIREMENT,86.0,HIGH,0.5547619047619048,0.7171428571428572,0.02,0.09761904761904762
57,76000.0,50800.0,21900.0,239000,62000.0,3300,19,4,1,QUARTERLY,HIGH,RETIREMENT,60.0,HIGH,0.26206140350877194,0.6684210526315789,0.04342105263157895,0.06798245614035088
55,22000.0,14500.0,6300.0,114000,46000.0,1200,24,1,1,MONTHLY,MEDIUM,TAX_SAVING,41.0,MEDIUM,0.4318181818181818,0.6590909090909091,0.05454545454545454,0.17424242424242425
58,58000.0,36900.0,3800.0,1000000,182000.0,17300,9,4,2,MONTHLY,MEDIUM,TAX_SAVING,73.0,HIGH,1.4367816091954022,0.6362068965517241,0.2982758620689655,0.2614942528735632
48,63000.0,25400.0,24200.0,318000,18000.0,13400,2,5,1,QUARTERLY,MEDIUM,WEALTH_CREATION,79.0,HIGH,0.42063492063492064,0.4031746031746032,0.2126984126984127,0.023809523809523808
24,39000.0,28000.0,9400.0,356000,82000.0,1600,13,2,2,MONTHLY,LOW,RETIREMENT,64.0,HIGH,0.7606837606837606,0.717948717948718,0.041025641025641026,0.1752136752136752
50,80000.0,51500.0,6200.0,1324000,222000.0,22300,7,2,3,MONTHLY,MEDIUM,EMERGENCY_FUND,66.0,HIGH,1.3791666666666667,0.64375,0.27875,0.23125
32,55000.0,25600.0,24900.0,288000,43000.0,4500,21,4,2,LUMP_SUM,MEDIUM,EMERGENCY_FUND,74.0,HIGH,0.43636363636363634,0.46545454545454545,0.08181818181818182,0.06515151515151515
61,143000.0,90000.0,14100.0,3705000,1157000.0,38900,13,1,4,LUMP_SUM,LOW,WEALTH_CREATION,72.0,HIGH,2.159090909090909,0.6293706293706294,0.272027972027972,0.6742424242424242
30,42000.0,12700.0,21100.0,50000,2000.0,8200,2,2,4,LUMP_SUM,HIGH,WEALTH_CREATION,65.0,HIGH,0.0992063492063492,0.30238095238095236,0.19523809523809524,0.003968253968253968
41,27000.0,18300.0,0.0,313000,72000.0,14800,4,1,3,RARELY,LOW,WEALTH_CREATION,41.0,LOW,0.9660493827160493,0.6777777777777778,0.5481481481481482,0.2222222222222222
42,50000.0,24200.0,14100.0,315000,50000.0,11700,9,1,3,LUMP_SUM,HIGH,WEALTH_CREATION,60.0,MEDIUM,0.525,0.484,0.234,0.08333333333333333
52,72000.0,57300.0,9900.0,1590000,1225000.0,4800,9,5,5,LUMP_SUM,MEDIUM,WEALTH_CREATION,100.0,HIGH,1.8402777777777777,0.7958333333333333,0.06666666666666667,1.4178240740740742
38,36000.0,27800.0,0.0,512000,94000.0,14800,1,2,1,MONTHLY,HIGH,RETIREMENT,39.0,LOW,1.1851851851851851,0.7722222222222223,0.4111111111111111,0.2175925925925926
56,34000.0,19300.0,2900.0,618000,257000.0,11800,16,4,1,RARELY,HIGH,RETIREMENT,47.0,HIGH,1.5147058823529411,0.5676470588235294,0.34705882352941175,0.6299019607843137
30,104000.0,63900.0,13500.0,443000,27000.0,26600,6,4,3,MONTHLY,LOW,WEALTH_CREATION,91.0,HIGH,0.35496794871794873,0.614423076923077,0.25576923076923075,0.021634615384615384
34,48000.0,31400.0,0.0,406000,207000.0,20700,1,1,4,QUARTERLY,MEDIUM,SHORT_TERM_GOAL,59.0,LOW,0.7048611111111112,0.6541666666666667,0.43125,0.359375
49,35000.0,28900.0,2800.0,604000,70000.0,3300,6,5,4,LUMP_SUM,HIGH,WEALTH_CREATION,82.0,HIGH,1.438095238095238,0.8257142857142857,0.09428571428571429,0.16666666666666666
23,28000.0,19900.0,6300.0,394000,49000.0,1800,10,1,3,MONTHLY,MEDIUM,WEALTH_CREATION,64.0,HIGH,1.1726190476190477,0.7107142857142857,0.06428571428571428,0.14583333333333334
42,43000.0,25100.0,10700.0,651000,56000.0,7200,22,1,2,RARELY,MEDIUM,RETIREMENT,52.0,HIGH,1.2616279069767442,0.5837209302325581,0.16744186046511628,0.10852713178294573
25,47000.0,24400.0,11700.0,958000,547000.0,10900,7,2,5,LUMP_SUM,MEDIUM,WEALTH_CREATION,69.0,HIGH,1.698581560283688,0.5191489361702127,0.23191489361702128,0.9698581560283688
47,77000.0,55400.0,8700.0,1387000,221000.0,12900,12,2,2,RARELY,MEDIUM,WEALTH_CREATION,38.0,HIGH,1.501082251082251,0.7194805194805195,0.16753246753246753,0.23917748917748918
64,64000.0,45500.0,0.0,1079000,368000.0,22100,5,1,1,LUMP_SUM,MEDIUM,WEALTH_CREATION,50.0,MEDIUM,1.4049479166666667,0.7109375,0.3453125,0.4791666666666667
55,80000.0,63500.0,12200.0,1381000,267000.0,4300,8,2,4,QUARTERLY,MEDIUM,WEALTH_CREATION,62.0,HIGH,1.4385416666666666,0.79375,0.05375,0.278125
54,145000.0,85300.0,54800.0,1097000,358000.0,4900,1,1,1,MONTHLY,HIGH,WEALTH_CREATION,40.0,MEDIUM,0.6304597701149425,0.5882758620689655,0.03379310344827586,0.2057471264367816
44,83000.0,51600.0,15300.0,2322000,1696000.0,16100,2,1,2,MONTHLY,MEDIUM,WEALTH_CREATION,40.0,HIGH,2.3313253012048194,0.6216867469879518,0.19397590361445782,1.7028112449799198
28,23000.0,13500.0,900.0,554000,202000.0,8600,12,1,1,MONTHLY,LOW,RETIREMENT,54.0,HIGH,2.0072463768115942,0.5869565217391305,0.3739130434782609,0.7318840579710145
21,44000.0,14000.0,10100.0,739000,85000.0,19900,7,3,5,RARELY,LOW,WEALTH_CREATION,80.0,HIGH,1.3996212121212122,0.3181818181818182,0.45227272727272727,0.16098484848484848
30,85000.0,60200.0,20900.0,876000,304000.0,3900,22,2,2,MONTHLY,HIGH,SHORT_TERM_GOAL,53.0,HIGH,0.8588235294117647,0.7082352941176471,0.04588235294117647,0.2980392156862745
24,68000.0,40900.0,19600.0,1363000,753000.0,7500,3,5,3,MONTHLY,HIGH,TAX_SAVING,92.0,HIGH,1.670343137254902,0.6014705882352941,0.11029411764705882,0.9227941176470589
42,78000.0,36700.0,39800.0,770000,79000.0,1500,11,4,1,MONTHLY,MEDIUM,RETIREMENT,54.0,HIGH,0.8226495726495726,0.4705128205128205,0.019230769230769232,0.08440170940170941
54,88000.0,80900.0,0.0,971000,154000.0,22800,1,1,2,QUARTERLY,MEDIUM,WEALTH_CREATION,56.0,LOW,0.9195075757575758,0.9193181818181818,0.2590909090909091,0.14583333333333334
50,46000.0,21800.0,11900.0,544000,49000.0,12300,4,1,5,MONTHLY,HIGH,EMERGENCY_FUND,60.0,LOW,0.9855072463768116,0.47391304347826085,0.2673913043478261,0.08876811594202899
59,70000.0,39600.0,25400.0,582000,113000.0,5000,9,3,2,MONTHLY,MEDIUM,RETIREMENT,59.0,HIGH,0.6928571428571428,0.5657142857142857,0.07142857142857142,0.13452380952380952
22,47000.0,30800.0,9700.0,503000,137000.0,6500,11,3,3,MONTHLY,MEDIUM,TAX_SAVING,92.0,HIGH,0.8918439716312057,0.6553191489361702,0.13829787234042554,0.2429078014184397
65,63000.0,47300.0,0.0,442000,55000.0,25800,6,2,4,MONTHLY,MEDIUM,TAX_SAVING,78.0,MEDIUM,0.5846560846560847,0.7507936507936508,0.4095238095238095,0.07275132275132275
31,20000.0,7700.0,7300.0,420000,45000.0,5000,7,4,4,LUMP_SUM,HIGH,WEALTH_CREATION,89.0,HIGH,1.75,0.385,0.25,0.1875
51,111000.0,102100.0,1400.0,597000,287000.0,7500,1,2,1,MONTHLY,HIGH,EMERGENCY_FUND,35.0,LOW,0.44819819819819817,0.9198198198198199,0.06756756756756757,0.21546546546546547
64,51000.0,36800.0,1900.0,983000,574000.0,12300,11,1,2,QUARTERLY,MEDIUM,RETIREMENT,51.0,HIGH,1.6062091503267975,0.7215686274509804,0.2411764705882353,0.9379084967320261
23,95000.0,37400.0,33900.0,699000,48000.0,23700,14,3,5,MONTHLY,HIGH,TAX_SAVING,94.0,HIGH,0.6131578947368421,0.3936842105263158,0.24947368421052632,0.042105263157894736
60,94000.0,47000.0,34900.0,1712000,1176000.0,12100,1,3,1,MONTHLY,HIGH,WEALTH_CREATION,64.0,HIGH,1.5177304964539007,0.5,0.12872340425531914,1.0425531914893618
29,53000.0,30300.0,1700.0,523000,123000.0,21000,2,2,3,MONTHLY,MEDIUM,WEALTH_CREATION,54.0,HIGH,0.8223270440251572,0.5716981132075472,0.39622641509433965,0.19339622641509435
47,139000.0,70100.0,44800.0,3268000,1041000.0,24100,5,4,3,MONTHLY,HIGH,TAX_SAVING,75.0,HIGH,1.959232613908873,0.50431654676259,0.17338129496402876,0.6241007194244604
23,129000.0,77600.0,26000.0,3253000,1207000.0,25400,2,4,2,LUMP_SUM,HIGH,SHORT_TERM_GOAL,62.0,HIGH,2.101421188630491,0.6015503875968993,0.19689922480620156,0.7797157622739018
36,49000.0,25400.0,11100.0,1885000,760000.0,12500,4,2,3,LUMP_SUM,HIGH,WEALTH_CREATION,65.0,HIGH,3.20578231292517,0.5183673469387755,0.25510204081632654,1.2925170068027212
32,277000.0,180000.0,76100.0,1357000,229000.0,20900,11,2,1,LUMP_SUM,MEDIUM,RETIREMENT,62.0,MEDIUM,0.4082430806257521,0.6498194945848376,0.07545126353790614,0.06889290012033694
26,44000.0,20600.0,10200.0,975000,311000.0,13200,1,2,4,MONTHLY,HIGH,SHORT_TERM_GOAL,75.0,HIGH,1.8465909090909092,0.4681818181818182,0.3,0.5890151515151515
56,81000.0,54300.0,300.0,432000,163000.0,26400,17,3,4,MONTHLY,HIGH,RETIREMENT,84.0,HIGH,0.4444444444444444,0.6703703703703704,0.32592592592592595,0.16769547325102882
52,56000.0,30900.0,22400.0,547000,85000.0,2700,14,1,5,MONTHLY,LOW,RETIREMENT,71.0,HIGH,0.8139880952380952,0.5517857142857143,0.048214285714285716,0.12648809523809523
65,68000.0,37600.0,14800.0,1025000,302000.0,15600,4,1,3,MONTHLY,MEDIUM,RETIREMENT,50.0,HIGH,1.2561274509803921,0.5529411764705883,0.22941176470588234,0.3700980392156863
59,110000.0,72300.0,35500.0,398000,107000.0,2200,15,2,5,MONTHLY,MEDIUM,EMERGENCY_FUND,72.0,HIGH,0.3015151515151515,0.6572727272727272,0.02,0.08106060606060606
62,67000.0,48600.0,14800.0,1286000,427000.0,3600,2,1,1,LUMP_SUM,LOW,TAX_SAVING,41.0,HIGH,1.599502487562189,0.7253731343283583,0.05373134328358209,0.5310945273631841
61,36000.0,24900.0,1900.0,370000,42000.0,9200,2,2,2,RARELY,LOW,SHORT_TERM_GOAL,55.0,LOW,0.8564814814814815,0.6916666666666667,0.25555555555555554,0.09722222222222222
29,197000.0,100400.0,5900.0,5114000,133000.0,90700,2,3,2,MONTHLY,MEDIUM,TAX_SAVING,72.0,HIGH,2.1632825719120135,0.5096446700507614,0.4604060913705584,0.05626057529610829
52,29000.0,13900.0,6700.0,190000,36000.0,8400,18,5,3,MONTHLY,HIGH,RETIREMENT,74.0,HIGH,0.5459770114942529,0.4793103448275862,0.2896551724137931,0.10344827586206896
53,44000.0,27000.0,3200.0,620000,160000.0,13800,16,3,3,QUARTERLY,LOW,RETIREMENT,73.0,HIGH,1.1742424242424243,0.6136363636363636,0.31363636363636366,0.30303030303030304
62,42000.0,22800.0,10800.0,1355000,45000.0,8400,6,3,3,QUARTERLY,MEDIUM,WEALTH_CREATION,74.0,HIGH,2.6884920634920637,0.5428571428571428,0.2,0.08928571428571429
33,181000.0,71300.0,76200.0,2178000,1755000.0,33500,1,2,2,RARELY,LOW,WEALTH_CREATION,51.0,HIGH,1.0027624309392265,0.3939226519337017,0.1850828729281768,0.8080110497237569
21,49000.0,39300.0,0.0,473000,183000.0,20500,13,3,4,MONTHLY,LOW,EMERGENCY_FUND,93.0,HIGH,0.8044217687074829,0.8020408163265306,0.41836734693877553,0.3112244897959184
36,93000.0,53000.0,23900.0,1190000,194000.0,16100,1,2,2,MONTHLY,HIGH,RETIREMENT,70.0,MEDIUM,1.0663082437275986,0.5698924731182796,0.17311827956989248,0.17383512544802868
37,82000.0,75400.0,2700.0,1160000,243000.0,3900,12,3,5,MONTHLY,MEDIUM,RETIREMENT,97.0,HIGH,1.1788617886178863,0.9195121951219513,0.0475609756097561,0.24695121951219512
36,60000.0,42400.0,14200.0,1174000,623000.0,3400,13,1,2,MONTHLY,HIGH,TAX_SAVING,44.0,HIGH,1.6305555555555555,0.7066666666666667,0.056666666666666664,0.8652777777777778
60,134000.0,85300.0,33000.0,3887000,1329000.0,15700,1,1,4,LUMP_SUM,HIGH,RETIREMENT,58.0,HIGH,2.41728855721393,0.6365671641791045,0.11716417910447761,0.8264925373134329
64,92000.0,60700.0,25000.0,1165000,161000.0,6300,6,3,2,MONTHLY,HIGH,WEALTH_CREATION,77.0,HIGH,1.0552536231884058,0.6597826086956522,0.06847826086956521,0.14583333333333334
27,50000.0,42400.0,0.0,998000,126000.0,8500,3,1,4,MONTHLY,MEDIUM,RETIREMENT,62.0,HIGH,1.6633333333333333,0.848,0.17,0.21
26,211000.0,161500.0,6200.0,3795000,946000.0,43300,7,4,3,RARELY,LOW,TAX_SAVING,69.0,HIGH,1.4988151658767772,0.7654028436018957,0.2052132701421801,0.3736176935229068
52,33000.0,11900.0,17500.0,61000,7000.0,3600,1,3,2,QUARTERLY,MEDIUM,EMERGENCY_FUND,61.0,MEDIUM,0.15404040404040403,0.3606060606060606,0.10909090909090909,0.017676767676767676
37,52000.0,34100.0,15000.0,650000,27000.0,2900,14,1,3,MONTHLY,LOW,EMERGENCY_FUND,61.0,HIGH,1.0416666666666667,0.6557692307692308,0.05576923076923077,0.04326923076923077
64,115000.0,57000.0,45900.0,2174000,527000.0,12100,1,3,1,MONTHLY,MEDIUM,WEALTH_CREATION,60.0,HIGH,1.5753623188405796,0.4956521739130435,0.10521739130434783,0.3818840579710145
27,31000.0,23500.0,5400.0,102000,14000.0,2100,6,1,3,LUMP_SUM,MEDIUM,TAX_SAVING,69.0,LOW,0.27419354838709675,0.7580645161290323,0.06774193548387097,0.03763440860215054
45,78000.0,15600.0,48200.0,330000,21000.0,14200,17,1,3,QUARTERLY,MEDIUM,WEALTH_CREATION,57.0,HIGH,0.3525641025641026,0.2,0.18205128205128204,0.022435897435897436
44,194000.0,80300.0,84200.0,636000,102000.0,29500,8,1,3,LUMP_SUM,LOW,EMERGENCY_FUND,50.0,LOW,0.27319587628865977,0.41391752577319585,0.15206185567010308,0.04381443298969072
30,101000.0,62500.0,26800.0,879000,289000.0,11700,7,1,4,QUARTERLY,HIGH,EMERGENCY_FUND,69.0,MEDIUM,0.7252475247524752,0.6188118811881188,0.11584158415841585,0.23844884488448845
34,93000.0,53500.0,25900.0,495000,164000.0,13600,14,3,1,LUMP_SUM,MEDIUM,WEALTH_CREATION,59.0,HIGH,0.4435483870967742,0.5752688172043011,0.14623655913978495,0.14695340501792115
55,87000.0,72600.0,11500.0,1340000,983000.0,2900,14,1,1,QUARTERLY,MEDIUM,TAX_SAVING,37.0,HIGH,1.2835249042145593,0.8344827586206897,0.03333333333333333,0.9415708812260536
35,80000.0,30000.0,23100.0,677000,192000.0,26900,3,2,2,MONTHLY,LOW,WEALTH_CREATION,88.0,HIGH,0.7052083333333333,0.375,0.33625,0.2
46,169000.0,132200.0,4400.0,6143000,431000.0,32400,7,2,2,RARELY,LOW,RETIREMENT,65.0,HIGH,3.0290927021696255,0.7822485207100591,0.19171597633136095,0.21252465483234714
47,39000.0,16800.0,19800.0,450000,226000.0,2400,3,1,3,RARELY,MEDIUM,RETIREMENT,45.0,HIGH,0.9615384615384616,0.4307692307692308,0.06153846153846154,0.4829059829059829
47,26000.0,9800.0,6100.0,150000,58000.0,10100,12,1,2,RARELY,MEDIUM,RETIREMENT,36.0,MEDIUM,0.4807692307692308,0.3769230769230769,0.38846153846153847,0.1858974358974359
64,81000.0,56700.0,18900.0,896000,124000.0,5400,4,3,3,LUMP_SUM,MEDIUM,EMERGENCY_FUND,96.0,MEDIUM,0.9218106995884774,0.7,0.06666666666666667,0.12757201646090535
47,35000.0,21500.0,1100.0,311000,52000.0,12400,18,1,4,MONTHLY,MEDIUM,EMERGENCY_FUND,58.0,HIGH,0.7404761904761905,0.6142857142857143,0.35428571428571426,0.12380952380952381
25,144000.0,124900.0,0.0,798000,83000.0,39600,10,2,1,MONTHLY,HIGH,WEALTH_CREATION,36.0,LOW,0.4618055555555556,0.8673611111111111,0.275,0.048032407407407406
34,127000.0,96200.0,29100.0,2168000,829000.0,1700,9,2,3,RARELY,LOW,SHORT_TERM_GOAL,50.0,HIGH,1.4225721784776904,0.75748031496063,0.013385826771653543,0.5439632545931758
65,32000.0,20300.0,0.0,121000,23000.0,13300,1,3,1,LUMP_SUM,HIGH,SHORT_TERM_GOAL,43.0,LOW,0.3151041666666667,0.634375,0.415625,0.059895833333333336
29,98000.0,51200.0,200.0,4427000,652000.0,46600,3,1,2,RARELY,LOW,RETIREMENT,44.0,HIGH,3.764455782312925,0.5224489795918368,0.47551020408163264,0.5544217687074829
38,20000.0,6400.0,9900.0,84000,20000.0,3700,12,4,1,LUMP_SUM,MEDIUM,WEALTH_CREATION,59.0,HIGH,0.35,0.32,0.185,0.08333333333333333
21,85000.0,78200.0,0.0,2131000,321000.0,7700,12,3,3,RARELY,MEDIUM,WEALTH_CREATION,77.0,HIGH,2.08921568627451,0.92,0.09058823529411765,0.31470588235294117
22,80000.0,45300.0,0.0,532000,183000.0,35000,10,3,3,MONTHLY,MEDIUM,WEALTH_CREATION,82.0,HIGH,0.5541666666666667,0.56625,0.4375,0.190625
61,26000.0,23900.0,0.0,299000,48000.0,8500,3,3,3,QUARTERLY,LOW,WEALTH_CREATION,82.0,HIGH,0.9583333333333334,0.9192307692307692,0.3269230769230769,0.15384615384615385
54,20000.0,12300.0,5200.0,125000,42000.0,2500,1,1,2,RARELY,MEDIUM,WEALTH_CREATION,44.0,MEDIUM,0.5208333333333334,0.615,0.125,0.175
61,146000.0,83100.0,17000.0,1900000,13000.0,45900,21,1,2,QUARTERLY,HIGH,RETIREMENT,38.0,HIGH,1.0844748858447488,0.5691780821917808,0.31438356164383563,0.007420091324200913
28,120000.0,106900.0,3600.0,2287000,497000.0,9500,10,1,1,LUMP_SUM,MEDIUM,SHORT_TERM_GOAL,41.0,MEDIUM,1.5881944444444445,0.8908333333333334,0.07916666666666666,0.3451388888888889
48,72000.0,26400.0,39200.0,287000,173000.0,6400,15,2,4,MONTHLY,MEDIUM,RETIREMENT,53.0,HIGH,0.33217592592592593,0.36666666666666664,0.08888888888888889,0.20023148148148148
64,31000.0,17500.0,1900.0,611000,201000.0,11600,11,3,2,LUMP_SUM,HIGH,WEALTH_CREATION,67.0,HIGH,1.64247311827957,0.5645161290322581,0.3741935483870968,0.5403225806451613
37,58000.0,38300.0,8600.0,263000,27000.0,11100,13,3,4,MONTHLY,HIGH,WEALTH_CREATION,62.0,HIGH,0.37787356321839083,0.6603448275862069,0.19137931034482758,0.03879310344827586
54,91000.0,57200.0,10800.0,884000,57000.0,23000,10,1,4,LUMP_SUM,LOW,WEALTH_CREATION,59.0,HIGH,0.8095238095238095,0.6285714285714286,0.25274725274725274,0.0521978021978022
30,65000.0,30400.0,23500.0,295000,62000.0,11100,6,3,2,LUMP_SUM,LOW,WEALTH_CREATION,91.0,HIGH,0.3782051282051282,0.4676923076923077,0.17076923076923076,0.07948717948717948
33,41000.0,18800.0,4400.0,195000,31000.0,17800,11,4,2,RARELY,MEDIUM,WEALTH_CREATION,70.0,HIGH,0.39634146341463417,0.4585365853658537,0.43414634146341463,0.06300813008130081
56,178000.0,120400.0,17300.0,1510000,292000.0,40300,16,2,3,MONTHLY,HIGH,WEALTH_CREATION,60.0,HIGH,0.7069288389513109,0.6764044943820224,0.22640449438202248,0.13670411985018727
45,61000.0,36300.0,19700.0,169000,61000.0,5000,14,3,2,QUARTERLY,LOW,WEALTH_CREATION,79.0,HIGH,0.23087431693989072,0.5950819672131148,0.08196721311475409,0.08333333333333333
38,199000.0,82800.0,85200.0,1079000,94000.0,31000,7,1,5,RARELY,HIGH,WEALTH_CREATION,33.0,HIGH,0.4518425460636516,0.41608040201005025,0.15577889447236182,0.03936348408710218
61,29000.0,21600.0,4500.0,378000,149000.0,2900,12,1,2,RARELY,HIGH,WEALTH_CREATION,24.0,MEDIUM,1.0862068965517242,0.7448275862068966,0.1,0.4281609195402299
40,63000.0,42900.0,17000.0,1037000,281000.0,3100,14,2,4,LUMP_SUM,LOW,RETIREMENT,83.0,HIGH,1.3716931216931216,0.680952380952381,0.049206349206349205,0.3716931216931217
59,71000.0,41300.0,500.0,1077000,524000.0,29200,19,1,1,MONTHLY,HIGH,RETIREMENT,35.0,MEDIUM,1.2640845070422535,0.5816901408450704,0.4112676056338028,0.6150234741784038
40,62000.0,44400.0,100.0,953000,277000.0,17500,2,4,4,LUMP_SUM,HIGH,WEALTH_CREATION,65.0,HIGH,1.2809139784946237,0.7161290322580646,0.28225806451612906,0.37231182795698925
43,144000.0,104300.0,0.0,1715000,189000.0,45600,18,5,4,QUARTERLY,LOW,WEALTH_CREATION,95.0,HIGH,0.9924768518518519,0.7243055555555555,0.31666666666666665,0.109375
55,56000.0,27100.0,24300.0,578000,42000.0,4600,16,5,1,MONTHLY,HIGH,WEALTH_CREATION,49.0,HIGH,0.8601190476190477,0.48392857142857143,0.08214285714285714,0.0625
27,74000.0,47000.0,4900.0,2414000,236000.0,22100,5,1,3,RARELY,MEDIUM,EMERGENCY_FUND,37.0,HIGH,2.7184684684684686,0.6351351351351351,0.29864864864864865,0.26576576576576577
24,222000.0,197800.0,0.0,1034000,84000.0,42300,6,4,5,MONTHLY,LOW,WEALTH_CREATION,100.0,HIGH,0.38813813813813813,0.890990990990991,0.19054054054054054,0.03153153153153153
49,72000.0,47500.0,15200.0,795000,227000.0,9300,17,1,3,RARELY,MEDIUM,WEALTH_CREATION,50.0,HIGH,0.9201388888888888,0.6597222222222222,0.12916666666666668,0.26273148148148145
59,51000.0,37800.0,8600.0,1178000,621000.0,4600,17,4,4,LUMP_SUM,LOW,WEALTH_CREATION,94.0,HIGH,1.9248366013071896,0.7411764705882353,0.09019607843137255,1.0147058823529411
55,45000.0,33900.0,0.0,884000,179000.0,20000,1,2,1,LUMP_SUM,MEDIUM,SHORT_TERM_GOAL,62.0,LOW,1.637037037037037,0.7533333333333333,0.4444444444444444,0.3314814814814815
29,72000.0,34600.0,0.0,1614000,242000.0,38400,15,2,5,MONTHLY,MEDIUM,WEALTH_CREATION,87.0,HIGH,1.8680555555555556,0.48055555555555557,0.5333333333333333,0.2800925925925926
23,40000.0,32600.0,4900.0,98000,14000.0,2500,8,2,5,MONTHLY,LOW,SHORT_TERM_GOAL,92.0,MEDIUM,0.20416666666666666,0.815,0.0625,0.029166666666666667
48,95000.0,84500.0,0.0,2029000,219000.0,18100,16,1,1,MONTHLY,HIGH,WEALTH_CREATION,22.0,HIGH,1.7798245614035089,0.8894736842105263,0.19052631578947368,0.19210526315789472
51,101000.0,63300.0,22500.0,584000,299000.0,15200,12,1,1,LUMP_SUM,LOW,RETIREMENT,28.0,MEDIUM,0.48184818481848185,0.6267326732673267,0.1504950495049505,0.2466996699669967
44,42000.0,25200.0,10700.0,394000,12000.0,6100,13,2,4,MONTHLY,MEDIUM,RETIREMENT,79.0,HIGH,0.7817460317460317,0.6,0.14523809523809525,0.023809523809523808
47,106000.0,62100.0,18000.0,548000,287000.0,25900,3,2,3,MONTHLY,MEDIUM,WEALTH_CREATION,63.0,HIGH,0.4308176100628931,0.5858490566037736,0.24433962264150944,0.22562893081761007
47,86000.0,48100.0,12600.0,1081000,152000.0,25300,2,2,2,RARELY,MEDIUM,WEALTH_CREATION,51.0,MEDIUM,1.0474806201550388,0.5593023255813954,0.2941860465116279,0.14728682170542637
61,34000.0,17900.0,500.0,829000,244000.0,15600,16,3,4,QUARTERLY,MEDIUM,WEALTH_CREATION,74.0,HIGH,2.031862745098039,0.5264705882352941,0.4588235294117647,0.5980392156862745
41,35000.0,27300.0,0.0,674000,417000.0,13800,15,1,1,LUMP_SUM,HIGH,WEALTH_CREATION,31.0,HIGH,1.6047619047619048,0.78,0.3942857142857143,0.9928571428571429
62,77000.0,46500.0,23100.0,1197000,223000.0,7400,4,3,1,MONTHLY,MEDIUM,RETIREMENT,66.0,HIGH,1.2954545454545454,0.6038961038961039,0.09610389610389611,0.24134199134199133
34,43000.0,26800.0,15800.0,755000,139000.0,400,18,1,5,QUARTERLY,MEDIUM,EMERGENCY_FUND,83.0,HIGH,1.4631782945736433,0.6232558139534884,0.009302325581395349,0.2693798449612403
29,65000.0,36700.0,14400.0,1268000,202000.0,13900,15,2,1,RARELY,HIGH,SHORT_TERM_GOAL,40.0,HIGH,1.6256410256410256,0.5646153846153846,0.21384615384615385,0.258974358974359
62,99000.0,56600.0,18800.0,1029000,290000.0,23600,13,1,3,LUMP_SUM,LOW,RETIREMENT,54.0,HIGH,0.8661616161616161,0.5717171717171717,0.2383838383838384,0.2441077441077441
57,73000.0,34000.0,31500.0,410000,81000.0,7500,9,2,3,MONTHLY,HIGH,WEALTH_CREATION,60.0,HIGH,0.4680365296803653,0.4657534246575342,0.10273972602739725,0.09246575342465753
49,59000.0,33300.0,17400.0,407000,125000.0,8300,23,2,3,QUARTERLY,MEDIUM,RETIREMENT,44.0,HIGH,0.5748587570621468,0.5644067796610169,0.14067796610169492,0.1765536723163842
21,101000.0,36300.0,48000.0,266000,133000.0,16700,11,2,4,LUMP_SUM,MEDIUM,WEALTH_CREATION,57.0,HIGH,0.21947194719471946,0.3594059405940594,0.16534653465346535,0.10973597359735973
63,40000.0,14600.0,22000.0,191000,31000.0,3400,5,3,3,QUARTERLY,MEDIUM,WEALTH_CREATION,78.0,HIGH,0.39791666666666664,0.365,0.085,0.06458333333333334
44,57000.0,37700.0,0.0,907000,94000.0,21000,2,1,1,MONTHLY,HIGH,EMERGENCY_FUND,23.0,LOW,1.3260233918128654,0.6614035087719298,0.3684210526315789,0.13742690058479531
40,52000.0,25300.0,23600.0,730000,413000.0,3100,5,2,1,LUMP_SUM,MEDIUM,WEALTH_CREATION,46.0,HIGH,1.169871794871795,0.48653846153846153,0.05961538461538462,0.6618589743589743
28,63000.0,41100.0,19200.0,1222000,384000.0,2700,9,3,1,QUARTERLY,MEDIUM,WEALTH_CREATION,55.0,HIGH,1.6164021164021165,0.6523809523809524,0.04285714285714286,0.5079365079365079
44,92000.0,52100.0,11900.0,1198000,683000.0,28000,3,3,5,MONTHLY,MEDIUM,WEALTH_CREATION,90.0,HIGH,1.085144927536232,0.566304347826087,0.30434782608695654,0.6186594202898551
38,31000.0,22800.0,2600.0,1125000,140000.0,5600,14,4,5,MONTHLY,HIGH,WEALTH_CREATION,85.0,HIGH,3.024193548387097,0.7354838709677419,0.18064516129032257,0.3763440860215054
63,57000.0,11400.0,22900.0,1168000,26000.0,22700,14,1,4,RARELY,MEDIUM,RETIREMENT,52.0,HIGH,1.7076023391812865,0.2,0.39824561403508774,0.038011695906432746
29,92000.0,55100.0,22500.0,1291000,565000.0,14400,10,1,5,LUMP_SUM,MEDIUM,WEALTH_CREATION,82.0,HIGH,1.1693840579710144,0.5989130434782609,0.1565217391304348,0.5117753623188406
44,83000.0,42000.0,12000.0,1143000,329000.0,29000,2,2,3,QUARTERLY,LOW,WEALTH_CREATION,82.0,HIGH,1.1475903614457832,0.5060240963855421,0.3493975903614458,0.33032128514056225
62,76000.0,36100.0,32600.0,663000,109000.0,7300,4,1,1,MONTHLY,LOW,WEALTH_CREATION,47.0,HIGH,0.7269736842105263,0.475,0.09605263157894736,0.11951754385964912
33,62000.0,47900.0,2700.0,484000,45000.0,11400,11,1,1,MONTHLY,MEDIUM,RETIREMENT,34.0,MEDIUM,0.6505376344086021,0.7725806451612903,0.18387096774193548,0.06048387096774194
63,45000.0,29800.0,8100.0,803000,150000.0,7100,2,1,4,LUMP_SUM,LOW,TAX_SAVING,63.0,HIGH,1.487037037037037,0.6622222222222223,0.15777777777777777,0.2777777777777778
57,97000.0,82400.0,12400.0,429000,95000.0,2200,6,2,1,RARELY,LOW,RETIREMENT,59.0,MEDIUM,0.36855670103092786,0.8494845360824742,0.02268041237113402,0.08161512027491409
32,38000.0,23700.0,0.0,495000,217000.0,14300,4,1,4,RARELY,LOW,EMERGENCY_FUND,75.0,MEDIUM,1.0855263157894737,0.6236842105263158,0.3763157894736842,0.4758771929824561
53,97000.0,68400.0,0.0,1246000,301000.0,48100,17,3,2,RARELY,HIGH,WEALTH_CREATION,44.0,MEDIUM,1.070446735395189,0.7051546391752578,0.49587628865979383,0.25859106529209624
57,47000.0,21300.0,11600.0,536000,61000.0,14100,18,1,1,RARELY,MEDIUM,WEALTH_CREATION,24.0,HIGH,0.950354609929078,0.4531914893617021,0.3,0.10815602836879433
55,223000.0,157900.0,0.0,4096000,1338000.0,76200,11,4,1,MONTHLY,MEDIUM,SHORT_TERM_GOAL,62.0,HIGH,1.5306427503736921,0.7080717488789238,0.3417040358744395,0.5
58,111000.0,46200.0,17200.0,744000,149000.0,47600,5,3,3,RARELY,HIGH,WEALTH_CREATION,44.0,LOW,0.5585585585585585,0.41621621621621624,0.42882882882882883,0.11186186186186187
38,86000.0,41800.0,28800.0,105000,17000.0,15400,10,4,4,LUMP_SUM,MEDIUM,RETIREMENT,88.0,HIGH,0.10174418604651163,0.48604651162790696,0.17906976744186046,0.016472868217054265
24,20000.0,9700.0,7500.0,176000,46000.0,2800,20,3,4,QUARTERLY,MEDIUM,WEALTH_CREATION,81.0,HIGH,0.7333333333333333,0.485,0.14,0.19166666666666668
43,52000.0,22800.0,17800.0,549000,231000.0,11400,17,4,2,MONTHLY,LOW,TAX_SAVING,66.0,HIGH,0.8798076923076923,0.43846153846153846,0.21923076923076923,0.3701923076923077
47,42000.0,21800.0,5600.0,154000,96000.0,14600,7,1,4,MONTHLY,HIGH,TAX_SAVING,60.0,MEDIUM,0.3055555555555556,0.5190476190476191,0.3476190476190476,0.19047619047619047
35,20000.0,14200.0,3100.0,33000,17000.0,2700,12,3,1,QUARTERLY,MEDIUM,WEALTH_CREATION,41.0,HIGH,0.1375,0.71,0.135,0.07083333333333333
41,127000.0,99000.0,0.0,2100000,255000.0,28500,2,5,3,LUMP_SUM,MEDIUM,WEALTH_CREATION,92.0,HIGH,1.3779527559055118,0.7795275590551181,0.22440944881889763,0.1673228346456693
40,148000.0,110800.0,35500.0,1101000,351000.0,1700,21,2,1,MONTHLY,LOW,TAX_SAVING,64.0,HIGH,0.6199324324324325,0.7486486486486487,0.011486486486486487,0.19763513513513514
25,179000.0,105700.0,33100.0,2657000,1029000.0,40200,17,2,4,LUMP_SUM,MEDIUM,WEALTH_CREATION,62.0,HIGH,1.2369646182495344,0.5905027932960893,0.2245810055865922,0.4790502793296089
47,61000.0,46400.0,4000.0,1641000,879000.0,10600,5,3,1,MONTHLY,MEDIUM,EMERGENCY_FUND,61.0,HIGH,2.2418032786885247,0.760655737704918,0.1737704918032787,1.2008196721311475
52,53000.0,31700.0,11400.0,137000,30000.0,9900,1,1,1,LUMP_SUM,MEDIUM,WEALTH_CREATION,49.0,LOW,0.21540880503144655,0.5981132075471698,0.18679245283018867,0.04716981132075472
46,26000.0,17300.0,0.0,396000,147000.0,8800,7,3,4,MONTHLY,HIGH,WEALTH_CREATION,81.0,HIGH,1.2692307692307692,0.6653846153846154,0.3384615384615385,0.47115384615384615
38,107000.0,58400.0,33100.0,404000,31000.0,15500,13,1,2,MONTHLY,MEDIUM,EMERGENCY_FUND,52.0,MEDIUM,0.3146417445482866,0.5457943925233645,0.14485981308411214,0.024143302180685357
33,117000.0,51100.0,28300.0,356000,248000.0,37600,22,4,3,RARELY,MEDIUM,TAX_SAVING,85.0,HIGH,0.2535612535612536,0.43675213675213675,0.3213675213675214,0.17663817663817663
40,115000.0,84100.0,0.0,1985000,664000.0,40100,21,4,4,MONTHLY,HIGH,RETIREMENT,67.0,HIGH,1.4384057971014492,0.731304347826087,0.348695652173913,0.4811594202898551
37,39000.0,17200.0,19500.0,276000,102000.0,2300,18,3,4,MONTHLY,MEDIUM,TAX_SAVING,88.0,HIGH,0.5897435897435898,0.441025641025641,0.05897435897435897,0.21794871794871795
57,41000.0,30800.0,4500.0,343000,105000.0,5700,4,1,2,LUMP_SUM,MEDIUM,WEALTH_CREATION,48.0,MEDIUM,0.6971544715447154,0.751219512195122,0.13902439024390245,0.21341463414634146
23,20000.0,15600.0,600.0,66000,21000.0,3800,13,1,1,MONTHLY,LOW,RETIREMENT,59.0,MEDIUM,0.275,0.78,0.19,0.0875
21,175000.0,94100.0,48100.0,2303000,1087000.0,32800,7,2,3,LUMP_SUM,HIGH,WEALTH_CREATION,54.0,HIGH,1.0966666666666667,0.5377142857142857,0.18742857142857142,0.5176190476190476
22,91000.0,79500.0,0.0,271000,25000.0,15800,7,1,4,MONTHLY,LOW,RETIREMENT,74.0,HIGH,0.24816849816849818,0.8736263736263736,0.17362637362637362,0.022893772893772892
41,40000.0,36800.0,0.0,237000,16000.0,3900,10,1,2,QUARTERLY,MEDIUM,WEALTH_CREATION,56.0,HIGH,0.49375,0.92,0.0975,0.03333333333333333
63,73000.0,30000.0,23100.0,421000,150000.0,19900,4,2,3,RARELY,LOW,WEALTH_CREATION,64.0,HIGH,0.4805936073059361,0.410958904109589,0.2726027397260274,0.17123287671232876
32,73000.0,42400.0,23800.0,607000,50000.0,6800,1,2,5,LUMP_SUM,MEDIUM,WEALTH_CREATION,67.0,HIGH,0.6929223744292238,0.5808219178082191,0.09315068493150686,0.05707762557077625
64,59000.0,47700.0,900.0,321000,74000.0,10400,15,3,4,RARELY,MEDIUM,EMERGENCY_FUND,70.0,MEDIUM,0.4533898305084746,0.8084745762711865,0.17627118644067796,0.10451977401129943
37,158000.0,127800.0,0.0,3492000,313000.0,41400,13,1,4,LUMP_SUM,HIGH,TAX_SAVING,62.0,HIGH,1.8417721518987342,0.8088607594936709,0.2620253164556962,0.16508438818565402
36,107000.0,49200.0,45500.0,949000,352000.0,12300,3,1,5,MONTHLY,HIGH,WEALTH_CREATION,66.0,HIGH,0.7390965732087228,0.45981308411214955,0.11495327102803739,0.27414330218068533
23,37000.0,23200.0,0.0,602000,117000.0,14800,18,3,2,MONTHLY,MEDIUM,RETIREMENT,54.0,HIGH,1.3558558558558558,0.6270270270270271,0.4,0.2635135135135135
43,52000.0,31500.0,9100.0,508000,302000.0,11400,8,1,5,LUMP_SUM,LOW,WEALTH_CREATION,68.0,HIGH,0.8141025641025641,0.6057692307692307,0.21923076923076923,0.483974358974359
64,214000.0,86800.0,77900.0,1065000,619000.0,49300,10,5,3,QUARTERLY,MEDIUM,TAX_SAVING,93.0,HIGH,0.4147196261682243,0.405607476635514,0.23037383177570092,0.24104361370716512
39,75000.0,52000.0,7300.0,173000,50000.0,15700,9,3,5,MONTHLY,MEDIUM,RETIREMENT,82.0,HIGH,0.1922222222222222,0.6933333333333334,0.20933333333333334,0.05555555555555555
44,96000.0,47900.0,24900.0,1826000,550000.0,23200,3,3,4,QUARTERLY,LOW,TAX_SAVING,100.0,HIGH,1.5850694444444444,0.49895833333333334,0.24166666666666667,0.4774305555555556
56,63000.0,45900.0,11100.0,247000,15000.0,6000,24,1,5,QUARTERLY,HIGH,WEALTH_CREATION,44.0,MEDIUM,0.32671957671957674,0.7285714285714285,0.09523809523809523,0.01984126984126984
34,75000.0,40500.0,17100.0,85000,29000.0,17400,5,1,3,QUARTERLY,LOW,WEALTH_CREATION,59.0,MEDIUM,0.09444444444444444,0.54,0.232,0.03222222222222222
27,57000.0,21800.0,26000.0,144000,45000.0,9200,11,1,1,MONTHLY,LOW,SHORT_TERM_GOAL,51.0,HIGH,0.21052631578947367,0.3824561403508772,0.16140350877192983,0.06578947368421052
50,49000.0,35100.0,11500.0,329000,197000.0,2400,9,1,1,QUARTERLY,MEDIUM,TAX_SAVING,41.0,MEDIUM,0.5595238095238095,0.7163265306122449,0.04897959183673469,0.33503401360544216
60,107000.0,46700.0,46800.0,2037000,527000.0,13500,16,1,1,RARELY,LOW,WEALTH_CREATION,37.0,HIGH,1.5864485981308412,0.43644859813084114,0.1261682242990654,0.4104361370716511
25,23000.0,9600.0,8000.0,63000,19000.0,5400,10,3,4,MONTHLY,MEDIUM,TAX_SAVING,70.0,HIGH,0.22826086956521738,0.41739130434782606,0.23478260869565218,0.06884057971014493
47,78000.0,35300.0,26400.0,477000,336000.0,16300,1,5,5,LUMP_SUM,LOW,WEALTH_CREATION,100.0,HIGH,0.5096153846153846,0.45256410256410257,0.20897435897435898,0.358974358974359
63,33000.0,29100.0,0.0,608000,233000.0,14100,22,2,4,MONTHLY,MEDIUM,WEALTH_CREATION,75.0,HIGH,1.5353535353535352,0.8818181818181818,0.42727272727272725,0.5883838383838383
37,35000.0,11400.0,14300.0,165000,100000.0,9300,6,1,1,MONTHLY,LOW,RETIREMENT,56.0,MEDIUM,0.39285714285714285,0.32571428571428573,0.26571428571428574,0.23809523809523808
25,101000.0,41400.0,45100.0,517000,176000.0,14500,14,3,4,QUARTERLY,MEDIUM,RETIREMENT,96.0,HIGH,0.4265676567656766,0.4099009900990099,0.14356435643564355,0.14521452145214522
36,59000.0,40600.0,9900.0,382000,162000.0,8500,23,1,3,MONTHLY,HIGH,RETIREMENT,38.0,MEDIUM,0.53954802259887,0.688135593220339,0.1440677966101695,0.2288135593220339
24,48000.0,42900.0,0.0,404000,74000.0,7200,5,5,2,RARELY,MEDIUM,TAX_SAVING,68.0,MEDIUM,0.7013888888888888,0.89375,0.15,0.1284722222222222
44,114000.0,43900.0,40400.0,1888000,1034000.0,29700,21,4,4,LUMP_SUM,LOW,RETIREMENT,91.0,HIGH,1.3801169590643274,0.3850877192982456,0.26052631578947366,0.7558479532163743
33,55000.0,25200.0,26800.0,628000,54000.0,3000,14,4,3,QUARTERLY,MEDIUM,WEALTH_CREATION,66.0,HIGH,0.9515151515151515,0.4581818181818182,0.05454545454545454,0.08181818181818182
62,117000.0,73100.0,30200.0,181000,72000.0,13700,3,2,3,MONTHLY,LOW,WEALTH_CREATION,87.0,HIGH,0.12891737891737892,0.6247863247863248,0.1170940170940171,0.05128205128205128
44,60000.0,39000.0,15400.0,1159000,407000.0,5600,11,1,3,MONTHLY,HIGH,WEALTH_CREATION,66.0,HIGH,1.6097222222222223,0.65,0.09333333333333334,0.5652777777777778
28,124000.0,46700.0,71100.0,459000,207000.0,6200,2,1,1,LUMP_SUM,MEDIUM,TAX_SAVING,47.0,HIGH,0.3084677419354839,0.37661290322580643,0.05,0.13911290322580644
63,108000.0,52800.0,19400.0,2022000,95000.0,35800,17,5,5,MONTHLY,HIGH,SHORT_TERM_GOAL,80.0,HIGH,1.5601851851851851,0.4888888888888889,0.3314814814814815,0.07330246913580248
47,68000.0,31300.0,32800.0,185000,50000.0,3900,3,2,4,LUMP_SUM,MEDIUM,WEALTH_CREATION,62.0,HIGH,0.2267156862745098,0.4602941176470588,0.057352941176470586,0.061274509803921566
61,73000.0,52400.0,18700.0,201000,32000.0,1900,9,4,3,MONTHLY,MEDIUM,WEALTH_CREATION,76.0,HIGH,0.22945205479452055,0.7178082191780822,0.026027397260273973,0.0365296803652968
50,80000.0,61400.0,4600.0,758000,209000.0,14000,14,1,5,QUARTERLY,HIGH,EMERGENCY_FUND,58.0,MEDIUM,0.7895833333333333,0.7675,0.175,0.21770833333333334
28,37000.0,17700.0,10600.0,499000,106000.0,8700,3,2,3,QUARTERLY,LOW,RETIREMENT,71.0,HIGH,1.1238738738738738,0.4783783783783784,0.23513513513513515,0.23873873873873874
38,63000.0,42400.0,14300.0,373000,121000.0,6300,10,5,3,MONTHLY,MEDIUM,SHORT_TERM_GOAL,80.0,HIGH,0.4933862433862434,0.6730158730158731,0.1,0.16005291005291006
43,50000.0,20400.0,24600.0,91000,21000.0,5000,6,5,3,MONTHLY,LOW,RETIREMENT,93.0,HIGH,0.15166666666666667,0.408,0.1,0.035
31,58000.0,30800.0,1300.0,1160000,464000.0,25900,17,3,1,MONTHLY,HIGH,RETIREMENT,65.0,HIGH,1.6666666666666667,0.5310344827586206,0.44655172413793104,0.6666666666666666
35,93000.0,52100.0,24800.0,1172000,539000.0,16100,3,2,2,RARELY,MEDIUM,WEALTH_CREATION,54.0,HIGH,1.050179211469534,0.5602150537634408,0.17311827956989248,0.4829749103942652
41,56000.0,46800.0,700.0,1309000,241000.0,8500,2,1,1,LUMP_SUM,LOW,EMERGENCY_FUND,50.0,HIGH,1.9479166666666667,0.8357142857142857,0.15178571428571427,0.3586309523809524
30,177000.0,119800.0,0.0,490000,72000.0,89700,13,1,2,RARELY,MEDIUM,WEALTH_CREATION,51.0,LOW,0.23069679849340866,0.6768361581920904,0.5067796610169492,0.03389830508474576
45,35000.0,32200.0,0.0,89000,38000.0,7800,6,3,3,QUARTERLY,MEDIUM,WEALTH_CREATION,89.0,MEDIUM,0.2119047619047619,0.92,0.22285714285714286,0.09047619047619047
62,112000.0,32300.0,65300.0,1742000,268000.0,14400,14,2,1,QUARTERLY,MEDIUM,SHORT_TERM_GOAL,34.0,HIGH,1.2961309523809523,0.2883928571428571,0.12857142857142856,0.19940476190476192
36,54000.0,23600.0,28600.0,317000,126000.0,1800,2,1,2,MONTHLY,MEDIUM,RETIREMENT,47.0,HIGH,0.48919753086419754,0.43703703703703706,0.03333333333333333,0.19444444444444445
49,101000.0,64600.0,31100.0,572000,405000.0,5300,7,4,2,LUMP_SUM,HIGH,WEALTH_CREATION,66.0,HIGH,0.47194719471947194,0.6396039603960396,0.05247524752475247,0.3341584158415842
35,43000.0,24100.0,9200.0,424000,159000.0,9700,10,2,1,MONTHLY,MEDIUM,RETIREMENT,65.0,HIGH,0.8217054263565892,0.5604651162790698,0.2255813953488372,0.3081395348837209
41,146000.0,110200.0,13600.0,2378000,41000.0,22200,21,1,4,MONTHLY,HIGH,TAX_SAVING,63.0,HIGH,1.3573059360730593,0.7547945205479452,0.15205479452054796,0.023401826484018264
53,38000.0,24000.0,7100.0,373000,16000.0,6900,11,2,4,QUARTERLY,MEDIUM,TAX_SAVING,84.0,HIGH,0.8179824561403509,0.631578947368421,0.18157894736842106,0.03508771929824561
24,38000.0,16000.0,16400.0,576000,190000.0,5600,9,3,4,RARELY,MEDIUM,TAX_SAVING,73.0,HIGH,1.263157894736842,0.42105263157894735,0.14736842105263157,0.4166666666666667
57,36000.0,26300.0,3400.0,708000,52000.0,6300,17,1,1,RARELY,MEDIUM,TAX_SAVING,42.0,MEDIUM,1.6388888888888888,0.7305555555555555,0.175,0.12037037037037036
29,41000.0,20100.0,14700.0,283000,75000.0,6200,11,4,4,MONTHLY,MEDIUM,EMERGENCY_FUND,100.0,HIGH,0.5752032520325203,0.4902439024390244,0.15121951219512195,0.1524390243902439
41,54000.0,31700.0,13500.0,660000,211000.0,8800,12,1,3,LUMP_SUM,HIGH,EMERGENCY_FUND,38.0,MEDIUM,1.0185185185185186,0.587037037037037,0.16296296296296298,0.3256172839506173
64,77000.0,38000.0,38300.0,231000,176000.0,700,6,2,2,RARELY,MEDIUM,EMERGENCY_FUND,39.0,LOW,0.25,0.4935064935064935,0.00909090909090909,0.19047619047619047
29,58000.0,29400.0,19400.0,200000,47000.0,9200,2,1,3,MONTHLY,HIGH,WEALTH_CREATION,58.0,MEDIUM,0.28735632183908044,0.506896551724138,0.15862068965517243,0.06752873563218391
43,50000.0,10000.0,32700.0,209000,12000.0,7300,1,2,1,LUMP_SUM,LOW,WEALTH_CREATION,64.0,HIGH,0.34833333333333333,0.2,0.146,0.02
55,99000.0,36100.0,31900.0,1615000,14000.0,31000,5,1,1,MONTHLY,HIGH,RETIREMENT,27.0,MEDIUM,1.3594276094276094,0.36464646464646466,0.31313131313131315,0.011784511784511785
55,89000.0,63900.0,5300.0,1932000,38000.0,19800,9,3,5,RARELY,HIGH,RETIREMENT,68.0,HIGH,1.8089887640449438,0.7179775280898877,0.22247191011235956,0.035580524344569285
64,23000.0,13900.0,2300.0,274000,125000.0,6800,2,1,2,RARELY,MEDIUM,TAX_SAVING,30.0,LOW,0.9927536231884058,0.6043478260869565,0.2956521739130435,0.4528985507246377
31,124000.0,73400.0,40900.0,2223000,110000.0,9700,11,1,1,MONTHLY,LOW,WEALTH_CREATION,41.0,HIGH,1.4939516129032258,0.5919354838709677,0.07822580645161291,0.0739247311827957
24,42000.0,32200.0,0.0,437000,73000.0,11000,3,2,1,MONTHLY,LOW,TAX_SAVING,47.0,MEDIUM,0.8670634920634921,0.7666666666666667,0.2619047619047619,0.14484126984126985
22,110000.0,66700.0,17700.0,1394000,276000.0,25600,17,5,2,LUMP_SUM,MEDIUM,EMERGENCY_FUND,94.0,HIGH,1.0560606060606061,0.6063636363636363,0.23272727272727273,0.20909090909090908
34,60000.0,44700.0,8000.0,1264000,236000.0,7300,10,2,3,RARELY,MEDIUM,WEALTH_CREATION,41.0,HIGH,1.7555555555555555,0.745,0.12166666666666667,0.3277777777777778
29,194000.0,157400.0,25700.0,369000,119000.0,10900,6,2,4,MONTHLY,HIGH,TAX_SAVING,58.0,LOW,0.15850515463917525,0.811340206185567,0.05618556701030928,0.05111683848797251
57,158000.0,145300.0,0.0,1080000,189000.0,17800,11,1,4,LUMP_SUM,LOW,TAX_SAVING,80.0,HIGH,0.569620253164557,0.919620253164557,0.11265822784810127,0.09968354430379747
37,73000.0,63400.0,0.0,1103000,224000.0,10500,20,2,2,MONTHLY,LOW,SHORT_TERM_GOAL,68.0,HIGH,1.2591324200913243,0.8684931506849315,0.14383561643835616,0.2557077625570776
59,45000.0,22300.0,11000.0,103000,12000.0,11700,4,3,1,MONTHLY,HIGH,WEALTH_CREATION,62.0,LOW,0.19074074074074074,0.4955555555555556,0.26,0.022222222222222223
60,111000.0,52900.0,23100.0,1683000,797000.0,35000,14,2,2,LUMP_SUM,MEDIUM,EMERGENCY_FUND,45.0,HIGH,1.2635135135135136,0.4765765765765766,0.3153153153153153,0.5983483483483484
39,38000.0,20300.0,11800.0,836000,68000.0,5900,14,4,4,LUMP_SUM,MEDIUM,TAX_SAVING,88.0,HIGH,1.8333333333333333,0.5342105263157895,0.15526315789473685,0.14912280701754385
45,74000.0,62200.0,11000.0,2117000,779000.0,800,13,2,1,MONTHLY,MEDIUM,RETIREMENT,45.0,HIGH,2.384009009009009,0.8405405405405405,0.010810810810810811,0.8772522522522522
42,66000.0,59800.0,0.0,180000,68000.0,22400,5,5,4,MONTHLY,HIGH,WEALTH_CREATION,100.0,MEDIUM,0.22727272727272727,0.906060606060606,0.3393939393939394,0.08585858585858586
54,44000.0,35100.0,1500.0,331000,50000.0,7400,3,3,3,LUMP_SUM,MEDIUM,TAX_SAVING,75.0,MEDIUM,0.6268939393939394,0.7977272727272727,0.16818181818181818,0.0946969696969697
23,101000.0,60900.0,25200.0,89000,8000.0,14900,17,2,4,RARELY,HIGH,WEALTH_CREATION,69.0,HIGH,0.07343234323432343,0.602970297029703,0.14752475247524752,0.006600660066006601
39,60000.0,27900.0,18800.0,2705000,908000.0,13300,14,1,2,MONTHLY,LOW,WEALTH_CREATION,52.0,HIGH,3.7569444444444446,0.465,0.22166666666666668,1.261111111111111
30,201000.0,132100.0,45100.0,2418000,562000.0,23800,5,1,3,RARELY,HIGH,SHORT_TERM_GOAL,41.0,LOW,1.0024875621890548,0.6572139303482587,0.11840796019900497,0.2330016583747927
60,144000.0,90700.0,24500.0,2659000,1163000.0,28800,10,1,4,RARELY,MEDIUM,EMERGENCY_FUND,55.0,HIGH,1.5387731481481481,0.6298611111111111,0.2,0.6730324074074074
63,56000.0,35600.0,0.0,361000,18000.0,28300,5,1,1,MONTHLY,LOW,RETIREMENT,56.0,LOW,0.5372023809523809,0.6357142857142857,0.5053571428571428,0.026785714285714284
61,112000.0,101700.0,0.0,873000,196000.0,36700,3,4,3,LUMP_SUM,HIGH,RETIREMENT,76.0,LOW,0.6495535714285714,0.9080357142857143,0.32767857142857143,0.14583333333333334
43,83000.0,76300.0,0.0,3865000,163000.0,19800,8,2,2,MONTHLY,HIGH,EMERGENCY_FUND,46.0,HIGH,3.8805220883534135,0.9192771084337349,0.2385542168674699,0.1636546184738956
59,68000.0,19800.0,45300.0,452000,245000.0,2900,1,4,5,QUARTERLY,HIGH,WEALTH_CREATION,82.0,HIGH,0.553921568627451,0.2911764705882353,0.04264705882352941,0.3002450980392157
51,69000.0,50700.0,12200.0,999000,168000.0,6100,11,1,2,LUMP_SUM,MEDIUM,SHORT_TERM_GOAL,48.0,LOW,1.2065217391304348,0.7347826086956522,0.08840579710144927,0.2028985507246377
44,64000.0,33700.0,18300.0,971000,56000.0,12000,10,1,5,LUMP_SUM,LOW,TAX_SAVING,78.0,HIGH,1.2643229166666667,0.5265625,0.1875,0.07291666666666667
43,168000.0,89500.0,69100.0,938000,249000.0,9400,14,4,5,LUMP_SUM,MEDIUM,WEALTH_CREATION,81.0,HIGH,0.4652777777777778,0.5327380952380952,0.055952380952380955,0.12351190476190477
25,48000.0,19800.0,17800.0,944000,268000.0,10400,13,1,4,QUARTERLY,LOW,TAX_SAVING,57.0,HIGH,1.6388888888888888,0.4125,0.21666666666666667,0.4652777777777778
43,98000.0,81500.0,4800.0,766000,475000.0,11700,11,2,2,MONTHLY,HIGH,WEALTH_CREATION,57.0,HIGH,0.6513605442176871,0.8316326530612245,0.11938775510204082,0.4039115646258503
53,100000.0,84600.0,6300.0,303000,173000.0,9100,20,2,2,MONTHLY,HIGH,WEALTH_CREATION,61.0,MEDIUM,0.2525,0.846,0.091,0.14416666666666667
61,88000.0,56200.0,11100.0,1547000,305000.0,20700,9,5,1,MONTHLY,HIGH,WEALTH_CREATION,66.0,HIGH,1.464962121212121,0.6386363636363637,0.23522727272727273,0.28882575757575757
61,73000.0,54500.0,14100.0,592000,225000.0,4400,9,5,1,LUMP_SUM,MEDIUM,WEALTH_CREATION,71.0,HIGH,0.6757990867579908,0.7465753424657534,0.06027397260273973,0.2568493150684932
32,55000.0,25400.0,23300.0,68000,36000.0,6300,6,4,1,RARELY,HIGH,EMERGENCY_FUND,45.0,MEDIUM,0.10303030303030303,0.4618181818181818,0.11454545454545455,0.05454545454545454
21,86000.0,60600.0,13200.0,1853000,431000.0,12200,4,3,3,MONTHLY,LOW,SHORT_TERM_GOAL,97.0,HIGH,1.7955426356589148,0.7046511627906977,0.14186046511627906,0.4176356589147287
40,60000.0,42700.0,0.0,2019000,447000.0,18900,7,1,3,QUARTERLY,LOW,RETIREMENT,62.0,HIGH,2.8041666666666667,0.7116666666666667,0.315,0.6208333333333333
28,172000.0,98100.0,53100.0,1935000,447000.0,20800,12,1,2,MONTHLY,HIGH,WEALTH_CREATION,34.0,HIGH,0.9375,0.5703488372093023,0.12093023255813953,0.21656976744186046
53,24000.0,12500.0,9400.0,108000,5000.0,2100,8,5,5,LUMP_SUM,MEDIUM,WEALTH_CREATION,99.0,HIGH,0.375,0.5208333333333334,0.0875,0.017361111111111112
62,36000.0,14900.0,3600.0,266000,16000.0,17500,7,5,1,RARELY,MEDIUM,RETIREMENT,62.0,MEDIUM,0.6157407407407407,0.41388888888888886,0.4861111111111111,0.037037037037037035
50,40000.0,28400.0,5300.0,1241000,88000.0,6300,21,2,1,LUMP_SUM,HIGH,EMERGENCY_FUND,41.0,HIGH,2.5854166666666667,0.71,0.1575,0.18333333333333332
65,117000.0,49200.0,62400.0,1033000,502000.0,5400,3,2,1,MONTHLY,MEDIUM,RETIREMENT,64.0,HIGH,0.7357549857549858,0.4205128205128205,0.046153846153846156,0.3575498575498576
52,92000.0,57200.0,23800.0,2220000,339000.0,11000,3,4,1,MONTHLY,MEDIUM,WEALTH_CREATION,64.0,HIGH,2.010869565217391,0.6217391304347826,0.11956521739130435,0.3070652173913043
54,108000.0,41300.0,30600.0,784000,47000.0,36100,14,5,5,QUARTERLY,LOW,EMERGENCY_FUND,100.0,HIGH,0.6049382716049383,0.3824074074074074,0.33425925925925926,0.036265432098765434
34,72000.0,50900.0,10700.0,532000,97000.0,10400,15,2,4,RARELY,MEDIUM,RETIREMENT,60.0,HIGH,0.6157407407407407,0.7069444444444445,0.14444444444444443,0.11226851851851852
23,59000.0,26700.0,6800.0,827000,83000.0,25500,6,1,1,MONTHLY,LOW,RETIREMENT,69.0,HIGH,1.1680790960451977,0.45254237288135596,0.4322033898305085,0.1172316384180791
45,39000.0,26800.0,2700.0,747000,101000.0,9500,4,2,2,RARELY,HIGH,EMERGENCY_FUND,43.0,MEDIUM,1.5961538461538463,0.6871794871794872,0.24358974358974358,0.21581196581196582
38,94000.0,74400.0,0.0,1335000,72000.0,28000,8,1,2,QUARTERLY,HIGH,RETIREMENT,32.0,MEDIUM,1.1835106382978724,0.7914893617021277,0.2978723404255319,0.06382978723404255
27,111000.0,77900.0,3600.0,1766000,531000.0,29500,22,2,2,LUMP_SUM,MEDIUM,WEALTH_CREATION,47.0,HIGH,1.3258258258258258,0.7018018018018019,0.26576576576576577,0.39864864864864863
23,69000.0,28300.0,30400.0,329000,166000.0,10300,8,2,4,QUARTERLY,HIGH,WEALTH_CREATION,71.0,HIGH,0.3973429951690821,0.4101449275362319,0.1492753623188406,0.20048309178743962
43,36000.0,15100.0,13800.0,324000,27000.0,7100,2,5,4,RARELY,HIGH,SHORT_TERM_GOAL,74.0,MEDIUM,0.75,0.41944444444444445,0.19722222222222222,0.0625
38,42000.0,28100.0,7000.0,441000,77000.0,6900,10,3,3,LUMP_SUM,LOW,WEALTH_CREATION,64.0,HIGH,0.875,0.669047619047619,0.16428571428571428,0.1527777777777778
27,36000.0,22900.0,7900.0,1139000,616000.0,5200,12,4,1,LUMP_SUM,MEDIUM,SHORT_TERM_GOAL,65.0,HIGH,2.636574074074074,0.6361111111111111,0.14444444444444443,1.4259259259259258
30,105000.0,67400.0,11600.0,1413000,148000.0,26000,7,3,1,MONTHLY,MEDIUM,WEALTH_CREATION,67.0,HIGH,1.1214285714285714,0.6419047619047619,0.24761904761904763,0.11746031746031746
54,69000.0,13800.0,49400.0,102000,16000.0,5800,2,2,3,MONTHLY,MEDIUM,RETIREMENT,63.0,HIGH,0.12318840579710146,0.2,0.08405797101449275,0.01932367149758454
40,131000.0,118300.0,0.0,2200000,454000.0,25500,8,1,3,QUARTERLY,LOW,WEALTH_CREATION,59.0,HIGH,1.3994910941475827,0.9030534351145039,0.1946564885496183,0.28880407124681934
27,107000.0,81700.0,23000.0,1513000,546000.0,2300,9,2,4,MONTHLY,HIGH,EMERGENCY_FUND,61.0,HIGH,1.178348909657321,0.7635514018691589,0.02149532710280374,0.4252336448598131
25,57000.0,40400.0,0.0,1356000,323000.0,31300,8,2,4,RARELY,HIGH,RETIREMENT,46.0,HIGH,1.9824561403508771,0.7087719298245614,0.5491228070175439,0.4722222222222222
31,170000.0,71800.0,58800.0,1002000,311000.0,39400,17,4,1,MONTHLY,LOW,RETIREMENT,72.0,HIGH,0.49117647058823527,0.4223529411764706,0.23176470588235293,0.15245098039215688
42,55000.0,26100.0,14300.0,193000,35000.0,14600,15,1,2,MONTHLY,LOW,WEALTH_CREATION,63.0,HIGH,0.2924242424242424,0.47454545454545455,0.26545454545454544,0.05303030303030303
35,130000.0,77300.0,31400.0,243000,117000.0,21300,7,2,3,MONTHLY,MEDIUM,RETIREMENT,73.0,HIGH,0.15576923076923077,0.5946153846153847,0.16384615384615384,0.075
56,20000.0,4200.0,15300.0,58000,18000.0,500,4,5,1,QUARTERLY,MEDIUM,RETIREMENT,63.0,HIGH,0.24166666666666667,0.21,0.025,0.075
35,48000.0,16700.0,11600.0,388000,41000.0,19700,14,3,4,MONTHLY,MEDIUM,WEALTH_CREATION,79.0,HIGH,0.6736111111111112,0.34791666666666665,0.41041666666666665,0.07118055555555555
23,40000.0,24300.0,14100.0,428000,221000.0,1600,18,3,1,MONTHLY,MEDIUM,TAX_SAVING,67.0,HIGH,0.8916666666666667,0.6075,0.04,0.46041666666666664
44,141000.0,56700.0,75600.0,109000,23000.0,8700,5,4,1,MONTHLY,MEDIUM,RETIREMENT,72.0,HIGH,0.0644208037825059,0.4021276595744681,0.06170212765957447,0.013593380614657211
31,62000.0,39900.0,12300.0,864000,275000.0,9800,7,4,3,RARELY,MEDIUM,WEALTH_CREATION,77.0,HIGH,1.1612903225806452,0.6435483870967742,0.15806451612903225,0.3696236559139785
27,76000.0,53500.0,8700.0,93000,18000.0,13800,7,5,3,MONTHLY,HIGH,EMERGENCY_FUND,74.0,LOW,0.10197368421052631,0.7039473684210527,0.18157894736842106,0.019736842105263157
36,29000.0,17600.0,800.0,171000,70000.0,10600,6,2,2,MONTHLY,MEDIUM,WEALTH_CREATION,57.0,MEDIUM,0.49137931034482757,0.6068965517241379,0.36551724137931035,0.20114942528735633
39,57000.0,32400.0,8500.0,291000,51000.0,16100,3,3,3,MONTHLY,HIGH,EMERGENCY_FUND,75.0,MEDIUM,0.42543859649122806,0.5684210526315789,0.2824561403508772,0.07456140350877193
39,135000.0,56800.0,67700.0,658000,337000.0,10500,22,3,2,MONTHLY,HIGH,EMERGENCY_FUND,56.0,MEDIUM,0.40617283950617283,0.42074074074074075,0.07777777777777778,0.2080246913580247
65,38000.0,20700.0,13100.0,50000,1000.0,4200,11,2,5,MONTHLY,MEDIUM,EMERGENCY_FUND,87.0,MEDIUM,0.10964912280701754,0.5447368421052632,0.11052631578947368,0.0021929824561403508
47,57000.0,29000.0,11100.0,1261000,276000.0,16900,5,5,3,MONTHLY,HIGH,WEALTH_CREATION,100.0,HIGH,1.8435672514619883,0.5087719298245614,0.2964912280701754,0.40350877192982454
54,157000.0,100700.0,33600.0,355000,94000.0,22700,13,1,2,QUARTERLY,MEDIUM,TAX_SAVING,46.0,MEDIUM,0.18842887473460723,0.6414012738853503,0.1445859872611465,0.049893842887473464
59,118000.0,85700.0,0.0,4234000,867000.0,35000,8,1,2,MONTHLY,MEDIUM,RETIREMENT,47.0,HIGH,2.9901129943502824,0.726271186440678,0.2966101694915254,0.6122881355932204
24,41000.0,25400.0,9800.0,683000,258000.0,5800,23,1,3,LUMP_SUM,MEDIUM,SHORT_TERM_GOAL,46.0,HIGH,1.3882113821138211,0.6195121951219512,0.14146341463414633,0.524390243902439
53,129000.0,51200.0,71900.0,1101000,240000.0,5900,6,1,2,MONTHLY,HIGH,EMERGENCY_FUND,30.0,MEDIUM,0.7112403100775194,0.39689922480620154,0.04573643410852713,0.15503875968992248
51,36000.0,23500.0,9700.0,375000,63000.0,2800,11,1,2,QUARTERLY,MEDIUM,WEALTH_CREATION,37.0,HIGH,0.8680555555555556,0.6527777777777778,0.07777777777777778,0.14583333333333334
44,33000.0,22100.0,0.0,478000,127000.0,15600,9,3,3,MONTHLY,HIGH,EMERGENCY_FUND,70.0,MEDIUM,1.207070707070707,0.6696969696969697,0.4727272727272727,0.3207070707070707
56,106000.0,24500.0,73400.0,127000,59000.0,8100,20,3,2,LUMP_SUM,HIGH,EMERGENCY_FUND,42.0,MEDIUM,0.09984276729559749,0.23113207547169812,0.07641509433962264,0.046383647798742135
51,65000.0,36700.0,15100.0,1187000,463000.0,13200,19,5,3,RARELY,HIGH,RETIREMENT,77.0,HIGH,1.5217948717948717,0.5646153846153846,0.20307692307692307,0.5935897435897436
28,35000.0,21800.0,11800.0,581000,333000.0,1400,10,3,4,QUARTERLY,HIGH,WEALTH_CREATION,73.0,HIGH,1.3833333333333333,0.6228571428571429,0.04,0.7928571428571428
39,104000.0,42300.0,16700.0,1047000,742000.0,45000,1,1,1,LUMP_SUM,HIGH,EMERGENCY_FUND,38.0,LOW,0.8389423076923077,0.40673076923076923,0.4326923076923077,0.594551282051282
38,26000.0,16100.0,3000.0,549000,302000.0,6900,4,2,2,RARELY,LOW,TAX_SAVING,61.0,HIGH,1.7596153846153846,0.6192307692307693,0.2653846153846154,0.967948717948718
53,92000.0,48600.0,24800.0,736000,293000.0,18600,1,3,3,RARELY,MEDIUM,SHORT_TERM_GOAL,73.0,MEDIUM,0.6666666666666666,0.5282608695652173,0.20217391304347826,0.2653985507246377
64,112000.0,100800.0,0.0,545000,239000.0,18900,11,2,3,QUARTERLY,LOW,SHORT_TERM_GOAL,80.0,MEDIUM,0.4055059523809524,0.9,0.16875,0.17782738095238096
59,41000.0,18600.0,8300.0,619000,257000.0,14100,6,1,3,QUARTERLY,MEDIUM,WEALTH_CREATION,54.0,HIGH,1.258130081300813,0.45365853658536587,0.3439024390243902,0.5223577235772358
52,84000.0,57000.0,17600.0,166000,64000.0,9400,17,2,1,RARELY,LOW,EMERGENCY_FUND,58.0,MEDIUM,0.16468253968253968,0.6785714285714286,0.11190476190476191,0.06349206349206349
35,33000.0,21400.0,1700.0,697000,110000.0,9900,17,4,3,RARELY,HIGH,WEALTH_CREATION,69.0,HIGH,1.7601010101010102,0.6484848484848484,0.3,0.2777777777777778
65,76000.0,61200.0,0.0,1488000,341000.0,33000,14,1,4,MONTHLY,LOW,SHORT_TERM_GOAL,64.0,HIGH,1.631578947368421,0.8052631578947368,0.4342105263157895,0.37390350877192985
35,31000.0,28400.0,0.0,342000,43000.0,5900,7,1,2,QUARTERLY,MEDIUM,WEALTH_CREATION,43.0,HIGH,0.9193548387096774,0.9161290322580645,0.19032258064516128,0.11559139784946236
29,47000.0,26700.0,14300.0,933000,386000.0,6000,11,1,1,RARELY,HIGH,TAX_SAVING,27.0,HIGH,1.6542553191489362,0.5680851063829787,0.1276595744680851,0.6843971631205674
42,37000.0,20700.0,4000.0,388000,32000.0,12300,12,2,1,LUMP_SUM,LOW,RETIREMENT,61.0,HIGH,0.8738738738738738,0.5594594594594594,0.3324324324324324,0.07207207207207207
34,92000.0,78500.0,0.0,533000,259000.0,15800,15,1,5,MONTHLY,MEDIUM,SHORT_TERM_GOAL,68.0,HIGH,0.48278985507246375,0.8532608695652174,0.17173913043478262,0.2346014492753623
50,33000.0,15800.0,3200.0,247000,67000.0,14000,7,1,4,LUMP_SUM,HIGH,WEALTH_CREATION,47.0,LOW,0.6237373737373737,0.47878787878787876,0.42424242424242425,0.1691919191919192
52,42000.0,34700.0,0.0,1205000,78000.0,10500,12,4,4,MONTHLY,MEDIUM,WEALTH_CREATION,86.0,HIGH,2.390873015873016,0.8261904761904761,0.25,0.15476190476190477
48,71000.0,50900.0,16500.0,949000,313000.0,3600,5,5,4,RARELY,LOW,RETIREMENT,91.0,HIGH,1.113849765258216,0.7169014084507043,0.05070422535211268,0.3673708920187793
52,43000.0,28400.0,11800.0,709000,111000.0,2800,9,1,4,MONTHLY,HIGH,RETIREMENT,64.0,HIGH,1.374031007751938,0.6604651162790698,0.06511627906976744,0.21511627906976744
56,209000.0,146900.0,0.0,2366000,888000.0,96800,14,4,2,RARELY,LOW,WEALTH_CREATION,78.0,HIGH,0.9433811802232854,0.7028708133971292,0.4631578947368421,0.35406698564593303
32,29000.0,20600.0,5000.0,438000,23000.0,3400,15,2,1,MONTHLY,LOW,SHORT_TERM_GOAL,60.0,HIGH,1.2586206896551724,0.7103448275862069,0.11724137931034483,0.06609195402298851
64,87000.0,40000.0,26700.0,663000,198000.0,20300,13,4,2,RARELY,LOW,TAX_SAVING,81.0,HIGH,0.6350574712643678,0.45977011494252873,0.23333333333333334,0.1896551724137931
52,56000.0,43700.0,1700.0,950000,442000.0,10600,14,5,1,QUARTERLY,MEDIUM,WEALTH_CREATION,65.0,HIGH,1.4136904761904763,0.7803571428571429,0.18928571428571428,0.6577380952380952
29,31000.0,28200.0,100.0,211000,12000.0,2700,15,2,4,RARELY,HIGH,EMERGENCY_FUND,57.0,MEDIUM,0.5672043010752689,0.9096774193548387,0.08709677419354839,0.03225806451612903
63,20000.0,13100.0,2100.0,401000,106000.0,4800,7,2,2,MONTHLY,MEDIUM,EMERGENCY_FUND,52.0,HIGH,1.6708333333333334,0.655,0.24,0.44166666666666665
31,81000.0,39100.0,28800.0,1539000,514000.0,13100,11,1,4,LUMP_SUM,HIGH,WEALTH_CREATION,41.0,HIGH,1.5833333333333333,0.48271604938271606,0.1617283950617284,0.5288065843621399
42,54000.0,31500.0,11200.0,108000,29000.0,11300,6,5,4,RARELY,HIGH,WEALTH_CREATION,83.0,HIGH,0.16666666666666666,0.5833333333333334,0.20925925925925926,0.044753086419753084
33,145000.0,86200.0,46100.0,2171000,1066000.0,12700,4,1,3,LUMP_SUM,MEDIUM,WEALTH_CREATION,65.0,HIGH,1.2477011494252874,0.5944827586206897,0.08758620689655172,0.6126436781609196
49,94000.0,52300.0,0.0,5263000,2119000.0,47000,3,3,3,MONTHLY,HIGH,RETIREMENT,53.0,HIGH,4.665780141843972,0.5563829787234043,0.5,1.87854609929078
62,78000.0,61600.0,0.0,543000,98000.0,16800,1,4,4,MONTHLY,LOW,WEALTH_CREATION,99.0,HIGH,0.5801282051282052,0.7897435897435897,0.2153846153846154,0.1047008547008547
26,40000.0,22100.0,13300.0,335000,57000.0,4600,7,3,2,RARELY,HIGH,SHORT_TERM_GOAL,59.0,LOW,0.6979166666666666,0.5525,0.115,0.11875
36,33000.0,23400.0,3800.0,728000,178000.0,5800,1,3,1,RARELY,MEDIUM,RETIREMENT,40.0,HIGH,1.8383838383838385,0.7090909090909091,0.17575757575757575,0.4494949494949495
50,62000.0,37300.0,16600.0,596000,55000.0,8100,10,4,1,RARELY,MEDIUM,EMERGENCY_FUND,55.0,MEDIUM,0.8010752688172043,0.6016129032258064,0.13064516129032258,0.0739247311827957
23,37000.0,21100.0,8600.0,592000,225000.0,7300,19,4,3,MONTHLY,MEDIUM,WEALTH_CREATION,66.0,HIGH,1.3333333333333333,0.5702702702702702,0.1972972972972973,0.5067567567567568
40,87000.0,43200.0,32300.0,1118000,114000.0,11500,5,2,2,RARELY,HIGH,WEALTH_CREATION,26.0,MEDIUM,1.0708812260536398,0.496551724137931,0.13218390804597702,0.10919540229885058
50,52000.0,24900.0,18000.0,756000,292000.0,9100,20,5,4,QUARTERLY,MEDIUM,SHORT_TERM_GOAL,79.0,HIGH,1.2115384615384615,0.47884615384615387,0.175,0.46794871794871795
22,46000.0,28300.0,10100.0,1385000,161000.0,7600,18,1,1,RARELY,MEDIUM,RETIREMENT,35.0,HIGH,2.5090579710144927,0.6152173913043478,0.16521739130434782,0.2916666666666667
59,95000.0,59600.0,18700.0,393000,144000.0,16700,3,1,1,RARELY,MEDIUM,RETIREMENT,52.0,MEDIUM,0.3447368421052632,0.6273684210526316,0.17578947368421052,0.12631578947368421
41,28000.0,24100.0,0.0,343000,76000.0,4700,18,1,5,MONTHLY,MEDIUM,RETIREMENT,81.0,HIGH,1.0208333333333333,0.8607142857142858,0.16785714285714284,0.2261904761904762
52,150000.0,67900.0,40000.0,1146000,79000.0,42100,16,1,3,MONTHLY,HIGH,SHORT_TERM_GOAL,46.0,LOW,0.6366666666666667,0.45266666666666666,0.2806666666666667,0.04388888888888889
27,66000.0,29800.0,27800.0,1181000,61000.0,8400,20,1,2,LUMP_SUM,HIGH,WEALTH_CREATION,35.0,HIGH,1.4911616161616161,0.45151515151515154,0.12727272727272726,0.07702020202020202
50,47000.0,21700.0,6200.0,1897000,1125000.0,19100,6,1,2,MONTHLY,MEDIUM,SHORT_TERM_GOAL,67.0,HIGH,3.3634751773049647,0.46170212765957447,0.40638297872340423,1.9946808510638299
43,106000.0,56600.0,39700.0,1667000,492000.0,9700,7,2,3,MONTHLY,HIGH,RETIREMENT,63.0,HIGH,1.3105345911949686,0.5339622641509434,0.09150943396226414,0.3867924528301887
34,67000.0,38100.0,2400.0,980000,536000.0,26500,16,2,4,MONTHLY,MEDIUM,EMERGENCY_FUND,86.0,HIGH,1.2189054726368158,0.5686567164179105,0.39552238805970147,0.6666666666666666
29,34000.0,17400.0,4100.0,340000,176000.0,12500,4,3,1,MONTHLY,HIGH,SHORT_TERM_GOAL,64.0,LOW,0.8333333333333334,0.5117647058823529,0.36764705882352944,0.43137254901960786
64,64000.0,47900.0,0.0,332000,73000.0,21800,5,2,5,RARELY,MEDIUM,RETIREMENT,50.0,MEDIUM,0.4322916666666667,0.7484375,0.340625,0.09505208333333333
56,20000.0,13900.0,3800.0,464000,360000.0,2300,12,1,1,MONTHLY,HIGH,TAX_SAVING,23.0,HIGH,1.9333333333333333,0.695,0.115,1.5
26,87000.0,45300.0,26700.0,1357000,208000.0,15000,9,3,1,MONTHLY,MEDIUM,EMERGENCY_FUND,58.0,MEDIUM,1.299808429118774,0.5206896551724138,0.1724137931034483,0.19923371647509577
26,45000.0,24700.0,9000.0,554000,87000.0,11300,1,2,2,MONTHLY,HIGH,RETIREMENT,65.0,HIGH,1.025925925925926,0.5488888888888889,0.2511111111111111,0.16111111111111112
49,60000.0,51700.0,0.0,1798000,218000.0,22200,2,3,2,RARELY,MEDIUM,TAX_SAVING,45.0,HIGH,2.4972222222222222,0.8616666666666667,0.37,0.30277777777777776
31,122000.0,103400.0,0.0,1977000,536000.0,20000,8,3,2,RARELY,MEDIUM,TAX_SAVING,69.0,HIGH,1.3504098360655739,0.8475409836065574,0.16393442622950818,0.366120218579235
42,20000.0,10700.0,6900.0,79000,26000.0,2400,15,1,5,MONTHLY,MEDIUM,SHORT_TERM_GOAL,82.0,MEDIUM,0.32916666666666666,0.535,0.12,0.10833333333333334
28,91000.0,51900.0,8900.0,2450000,748000.0,30200,7,1,4,LUMP_SUM,LOW,RETIREMENT,67.0,HIGH,2.2435897435897436,0.5703296703296703,0.33186813186813185,0.684981684981685
47,65000.0,49600.0,0.0,703000,315000.0,17500,11,3,3,LUMP_SUM,MEDIUM,EMERGENCY_FUND,63.0,MEDIUM,0.9012820512820513,0.7630769230769231,0.2692307692307692,0.40384615384615385
21,34000.0,20900.0,12300.0,319000,139000.0,800,19,1,1,MONTHLY,MEDIUM,RETIREMENT,48.0,HIGH,0.7818627450980392,0.6147058823529412,0.023529411764705882,0.34068627450980393
37,67000.0,36800.0,17900.0,219000,105000.0,12300,6,1,2,RARELY,MEDIUM,WEALTH_CREATION,43.0,MEDIUM,0.27238805970149255,0.5492537313432836,0.18358208955223881,0.13059701492537312
33,98000.0,67100.0,7800.0,1696000,231000.0,23100,13,2,5,LUMP_SUM,MEDIUM,WEALTH_CREATION,84.0,HIGH,1.4421768707482994,0.6846938775510204,0.2357142857142857,0.19642857142857142
54,44000.0,33700.0,0.0,324000,48000.0,14200,18,2,1,MONTHLY,HIGH,TAX_SAVING,32.0,LOW,0.6136363636363636,0.7659090909090909,0.32272727272727275,0.09090909090909091
44,24000.0,15900.0,5100.0,352000,90000.0,3000,3,1,1,MONTHLY,MEDIUM,EMERGENCY_FUND,50.0,MEDIUM,1.2222222222222223,0.6625,0.125,0.3125
43,59000.0,38200.0,0.0,2048000,396000.0,32400,18,3,2,RARELY,HIGH,WEALTH_CREATION,58.0,HIGH,2.8926553672316384,0.6474576271186441,0.5491525423728814,0.559322033898305
21,117000.0,63500.0,19700.0,1458000,19000.0,33800,3,3,1,MONTHLY,HIGH,TAX_SAVING,62.0,LOW,1.0384615384615385,0.5427350427350427,0.28888888888888886,0.013532763532763533
44,93000.0,65900.0,13100.0,2776000,520000.0,14000,4,1,1,LUMP_SUM,MEDIUM,RETIREMENT,26.0,HIGH,2.4874551971326166,0.7086021505376344,0.15053763440860216,0.4659498207885305
42,112000.0,103000.0,2300.0,2137000,602000.0,6700,3,1,2,LUMP_SUM,MEDIUM,WEALTH_CREATION,30.0,HIGH,1.5900297619047619,0.9196428571428571,0.059821428571428574,0.4479166666666667
21,77000.0,45200.0,10200.0,1848000,104000.0,21600,3,4,4,MONTHLY,LOW,SHORT_TERM_GOAL,100.0,HIGH,2.0,0.587012987012987,0.2805194805194805,0.11255411255411256
26,48000.0,18200.0,13700.0,468000,115000.0,16100,14,1,4,MONTHLY,LOW,WEALTH_CREATION,63.0,HIGH,0.8125,0.37916666666666665,0.33541666666666664,0.1996527777777778
26,127000.0,64100.0,18200.0,1024000,366000.0,44700,6,3,4,MONTHLY,HIGH,RETIREMENT,72.0,HIGH,0.6719160104986877,0.5047244094488189,0.35196850393700785,0.24015748031496062
57,60000.0,49900.0,0.0,114000,34000.0,30200,7,2,4,MONTHLY,HIGH,SHORT_TERM_GOAL,73.0,LOW,0.15833333333333333,0.8316666666666667,0.5033333333333333,0.04722222222222222
25,35000.0,22400.0,11200.0,511000,283000.0,1400,24,2,2,MONTHLY,LOW,SHORT_TERM_GOAL,66.0,HIGH,1.2166666666666666,0.64,0.04,0.6738095238095239
54,53000.0,20900.0,3000.0,712000,319000.0,29100,7,3,4,RARELY,MEDIUM,WEALTH_CREATION,65.0,HIGH,1.119496855345912,0.39433962264150946,0.5490566037735849,0.5015723270440252
41,130000.0,71500.0,45500.0,3568000,327000.0,13000,13,2,4,MONTHLY,MEDIUM,RETIREMENT,64.0,HIGH,2.287179487179487,0.55,0.1,0.20961538461538462
23,34000.0,18100.0,12200.0,279000,90000.0,3700,13,1,3,RARELY,MEDIUM,TAX_SAVING,30.0,HIGH,0.6838235294117647,0.5323529411764706,0.10882352941176471,0.22058823529411764
60,81000.0,38000.0,27100.0,221000,92000.0,15900,2,3,1,MONTHLY,MEDIUM,TAX_SAVING,59.0,MEDIUM,0.2273662551440329,0.4691358024691358,0.1962962962962963,0.09465020576131687
64,38000.0,28900.0,1500.0,581000,124000.0,7600,1,2,2,QUARTERLY,MEDIUM,RETIREMENT,62.0,HIGH,1.2741228070175439,0.7605263157894737,0.2,0.2719298245614035
31,35000.0,17700.0,12300.0,123000,7000.0,5000,19,3,3,MONTHLY,HIGH,EMERGENCY_FUND,64.0,MEDIUM,0.29285714285714287,0.5057142857142857,0.14285714285714285,0.016666666666666666
62,35000.0,28400.0,1100.0,598000,56000.0,5500,11,1,2,RARELY,LOW,TAX_SAVING,46.0,HIGH,1.4238095238095239,0.8114285714285714,0.15714285714285714,0.13333333333333333
58,28000.0,10100.0,16300.0,129000,14000.0,1600,14,5,4,QUARTERLY,MEDIUM,RETIREMENT,94.0,HIGH,0.38392857142857145,0.3607142857142857,0.05714285714285714,0.041666666666666664
58,79000.0,39900.0,34400.0,900000,493000.0,4700,10,2,5,LUMP_SUM,LOW,WEALTH_CREATION,91.0,HIGH,0.9493670886075949,0.5050632911392405,0.05949367088607595,0.520042194092827
36,46000.0,32900.0,8300.0,1632000,200000.0,4800,5,5,5,MONTHLY,HIGH,WEALTH_CREATION,79.0,HIGH,2.9565217391304346,0.7152173913043478,0.10434782608695652,0.36231884057971014
35,54000.0,37400.0,4100.0,681000,40000.0,12500,15,4,4,MONTHLY,MEDIUM,EMERGENCY_FUND,93.0,HIGH,1.0509259259259258,0.6925925925925925,0.23148148148148148,0.06172839506172839
36,154000.0,103400.0,0.0,886000,159000.0,55300,8,2,2,MONTHLY,MEDIUM,RETIREMENT,60.0,MEDIUM,0.47943722943722944,0.6714285714285714,0.35909090909090907,0.08603896103896104
42,50000.0,28000.0,6000.0,253000,9000.0,16000,9,2,3,LUMP_SUM,HIGH,RETIREMENT,42.0,LOW,0.4216666666666667,0.56,0.32,0.015
32,91000.0,59100.0,13400.0,486000,196000.0,18500,13,1,3,MONTHLY,HIGH,SHORT_TERM_GOAL,55.0,LOW,0.44505494505494503,0.6494505494505495,0.2032967032967033,0.1794871794871795
39,116000.0,59900.0,49800.0,156000,63000.0,6300,10,2,5,MONTHLY,MEDIUM,WEALTH_CREATION,92.0,HIGH,0.11206896551724138,0.5163793103448275,0.054310344827586204,0.04525862068965517
50,23000.0,8900.0,9700.0,133000,72000.0,4400,17,1,2,RARELY,MEDIUM,WEALTH_CREATION,45.0,HIGH,0.48188405797101447,0.3869565217391304,0.19130434782608696,0.2608695652173913
55,28000.0,16500.0,0.0,183000,114000.0,15400,7,3,4,MONTHLY,LOW,EMERGENCY_FUND,79.0,LOW,0.5446428571428571,0.5892857142857143,0.55,0.3392857142857143
62,121000.0,44700.0,60000.0,194000,154000.0,16300,15,2,4,RARELY,LOW,EMERGENCY_FUND,71.0,HIGH,0.13360881542699724,0.3694214876033058,0.1347107438016529,0.10606060606060606
38,41000.0,22000.0,4100.0,247000,40000.0,14900,9,1,1,QUARTERLY,LOW,TAX_SAVING,53.0,LOW,0.5020325203252033,0.5365853658536586,0.36341463414634145,0.08130081300813008
33,197000.0,165600.0,0.0,3355000,1027000.0,62900,10,2,2,RARELY,HIGH,TAX_SAVING,39.0,LOW,1.4192047377326564,0.8406091370558376,0.3192893401015228,0.4344331641285956
62,44000.0,21400.0,7400.0,25000,0.0,15200,9,3,3,LUMP_SUM,MEDIUM,EMERGENCY_FUND,60.0,LOW,0.04734848484848485,0.4863636363636364,0.34545454545454546,0.0
47,69000.0,36100.0,28400.0,456000,57000.0,4500,15,4,4,LUMP_SUM,MEDIUM,RETIREMENT,96.0,HIGH,0.5507246376811594,0.5231884057971015,0.06521739130434782,0.06884057971014493
63,80000.0,57100.0,0.0,1465000,380000.0,38500,6,2,3,RARELY,MEDIUM,WEALTH_CREATION,63.0,HIGH,1.5260416666666667,0.71375,0.48125,0.3958333333333333
30,41000.0,16400.0,7000.0,92000,66000.0,17600,9,1,1,MONTHLY,HIGH,RETIREMENT,44.0,LOW,0.18699186991869918,0.4,0.4292682926829268,0.13414634146341464
35,24000.0,10500.0,8800.0,87000,3000.0,4700,7,3,3,RARELY,LOW,WEALTH_CREATION,75.0,HIGH,0.3020833333333333,0.4375,0.19583333333333333,0.010416666666666666
27,66000.0,42000.0,5500.0,491000,48000.0,18500,9,2,1,MONTHLY,LOW,WEALTH_CREATION,77.0,HIGH,0.6199494949494949,0.6363636363636364,0.2803030303030303,0.06060606060606061
37,27000.0,18100.0,1500.0,179000,28000.0,7400,1,3,5,MONTHLY,MEDIUM,TAX_SAVING,89.0,HIGH,0.5524691358024691,0.6703703703703704,0.2740740740740741,0.08641975308641975
40,53000.0,30100.0,21700.0,358000,174000.0,1200,22,1,3,LUMP_SUM,MEDIUM,RETIREMENT,56.0,HIGH,0.5628930817610063,0.5679245283018868,0.022641509433962263,0.27358490566037735
50,39000.0,7800.0,20100.0,479000,138000.0,11100,8,2,1,LUMP_SUM,MEDIUM,WEALTH_CREATION,55.0,HIGH,1.0235042735042734,0.2,0.2846153846153846,0.2948717948717949
50,129000.0,103600.0,3100.0,1358000,89000.0,22300,4,2,5,MONTHLY,HIGH,TAX_SAVING,76.0,MEDIUM,0.8772609819121447,0.8031007751937984,0.17286821705426356,0.05749354005167959
64,101000.0,70600.0,7100.0,1680000,399000.0,23300,1,4,4,QUARTERLY,HIGH,TAX_SAVING,67.0,HIGH,1.386138613861386,0.699009900990099,0.2306930693069307,0.3292079207920792
41,45000.0,20900.0,17600.0,479000,26000.0,6500,12,3,3,MONTHLY,HIGH,EMERGENCY_FUND,72.0,MEDIUM,0.8870370370370371,0.46444444444444444,0.14444444444444443,0.04814814814814815
54,121000.0,89100.0,9400.0,4980000,977000.0,22500,1,3,2,LUMP_SUM,LOW,WEALTH_CREATION,75.0,HIGH,3.4297520661157024,0.7363636363636363,0.1859504132231405,0.6728650137741047
65,56000.0,33100.0,0.0,790000,49000.0,28300,20,2,3,QUARTERLY,MEDIUM,WEALTH_CREATION,64.0,HIGH,1.1755952380952381,0.5910714285714286,0.5053571428571428,0.07291666666666667
53,56000.0,11200.0,38500.0,163000,26000.0,6300,9,5,4,LUMP_SUM,MEDIUM,EMERGENCY_FUND,87.0,HIGH,0.2425595238095238,0.2,0.1125,0.03869047619047619
61,94000.0,75700.0,13200.0,1244000,102000.0,5100,1,4,1,RARELY,MEDIUM,WEALTH_CREATION,56.0,MEDIUM,1.1028368794326242,0.8053191489361702,0.05425531914893617,0.09042553191489362
39,48000.0,28700.0,3000.0,206000,44000.0,16300,1,1,2,LUMP_SUM,MEDIUM,EMERGENCY_FUND,58.0,LOW,0.3576388888888889,0.5979166666666667,0.33958333333333335,0.0763888888888889
64,64000.0,49900.0,0.0,1639000,190000.0,26300,2,4,5,LUMP_SUM,LOW,WEALTH_CREATION,78.0,HIGH,2.1341145833333335,0.7796875,0.4109375,0.24739583333333334
62,71000.0,55100.0,12700.0,580000,343000.0,3200,4,3,4,QUARTERLY,MEDIUM,WEALTH_CREATION,75.0,HIGH,0.6807511737089202,0.776056338028169,0.04507042253521127,0.4025821596244131
47,20000.0,10200.0,4700.0,374000,82000.0,5100,6,2,2,QUARTERLY,HIGH,TAX_SAVING,39.0,HIGH,1.5583333333333333,0.51,0.255,0.3416666666666667
33,38000.0,22700.0,8500.0,218000,53000.0,6800,17,3,3,QUARTERLY,HIGH,TAX_SAVING,59.0,HIGH,0.4780701754385965,0.5973684210526315,0.17894736842105263,0.1162280701754386
37,121000.0,69200.0,22100.0,1757000,593000.0,29700,1,1,3,RARELY,HIGH,RETIREMENT,54.0,MEDIUM,1.2100550964187329,0.571900826446281,0.24545454545454545,0.4084022038567493
63,53000.0,31500.0,2700.0,1734000,573000.0,18800,1,4,1,MONTHLY,MEDIUM,EMERGENCY_FUND,66.0,HIGH,2.7264150943396226,0.5943396226415094,0.35471698113207545,0.9009433962264151
48,101000.0,54200.0,3200.0,328000,10000.0,43600,14,1,3,QUARTERLY,HIGH,WEALTH_CREATION,50.0,LOW,0.2706270627062706,0.5366336633663367,0.4316831683168317,0.00825082508250825
56,71000.0,50500.0,4000.0,1749000,678000.0,16500,10,4,4,RARELY,LOW,EMERGENCY_FUND,85.0,HIGH,2.0528169014084505,0.7112676056338029,0.2323943661971831,0.795774647887324
39,230000.0,155000.0,65700.0,1246000,432000.0,9300,7,4,2,MONTHLY,MEDIUM,SHORT_TERM_GOAL,67.0,HIGH,0.4514492753623188,0.6739130434782609,0.04043478260869565,0.1565217391304348
42,78000.0,71700.0,0.0,2598000,606000.0,6600,11,2,1,RARELY,MEDIUM,EMERGENCY_FUND,53.0,HIGH,2.7756410256410255,0.9192307692307692,0.08461538461538462,0.6474358974358975
47,63000.0,44800.0,10700.0,371000,194000.0,7500,13,1,4,MONTHLY,LOW,WEALTH_CREATION,85.0,HIGH,0.49074074074074076,0.7111111111111111,0.11904761904761904,0.2566137566137566
31,39000.0,24200.0,7100.0,217000,67000.0,7700,15,5,1,QUARTERLY,HIGH,RETIREMENT,78.0,MEDIUM,0.4636752136752137,0.6205128205128205,0.19743589743589743,0.14316239316239315
27,52000.0,29300.0,9100.0,94000,24000.0,13600,3,2,3,MONTHLY,LOW,EMERGENCY_FUND,82.0,LOW,0.15064102564102563,0.5634615384615385,0.26153846153846155,0.038461538461538464
38,54000.0,31100.0,4500.0,1690000,539000.0,18400,7,3,1,MONTHLY,HIGH,TAX_SAVING,38.0,HIGH,2.6080246913580245,0.575925925925926,0.34074074074074073,0.8317901234567902
21,109000.0,81900.0,15100.0,1488000,303000.0,12000,5,2,5,MONTHLY,MEDIUM,EMERGENCY_FUND,85.0,HIGH,1.1376146788990826,0.7513761467889908,0.11009174311926606,0.231651376146789
60,114000.0,75700.0,0.0,1559000,319000.0,42500,5,5,2,QUARTERLY,HIGH,WEALTH_CREATION,95.0,HIGH,1.1396198830409356,0.6640350877192982,0.37280701754385964,0.23318713450292397
37,64000.0,27300.0,21700.0,553000,256000.0,15000,12,3,3,QUARTERLY,HIGH,SHORT_TERM_GOAL,47.0,MEDIUM,0.7200520833333334,0.4265625,0.234375,0.3333333333333333
44,69000.0,22900.0,18400.0,1717000,735000.0,27700,7,1,3,QUARTERLY,HIGH,WEALTH_CREATION,45.0,HIGH,2.073671497584541,0.3318840579710145,0.40144927536231884,0.8876811594202898
31,50000.0,35700.0,8900.0,345000,86000.0,5400,5,3,4,MONTHLY,HIGH,WEALTH_CREATION,67.0,MEDIUM,0.575,0.714,0.108,0.14333333333333334
58,88000.0,63500.0,4700.0,183000,40000.0,19800,2,1,4,MONTHLY,HIGH,RETIREMENT,70.0,LOW,0.17329545454545456,0.7215909090909091,0.225,0.03787878787878788
21,112000.0,47200.0,49300.0,458000,37000.0,15500,5,1,3,MONTHLY,HIGH,RETIREMENT,52.0,MEDIUM,0.34077380952380953,0.42142857142857143,0.13839285714285715,0.027529761904761904
49,66000.0,30200.0,32700.0,104000,27000.0,3100,18,1,2,MONTHLY,MEDIUM,TAX_SAVING,58.0,HIGH,0.13131313131313133,0.4575757575757576,0.04696969696969697,0.03409090909090909
53,135000.0,87100.0,27300.0,105000,37000.0,20600,13,1,2,QUARTERLY,MEDIUM,WEALTH_CREATION,53.0,MEDIUM,0.06481481481481481,0.6451851851851852,0.15259259259259259,0.022839506172839506
59,66000.0,42800.0,13700.0,1082000,405000.0,9500,18,3,1,MONTHLY,HIGH,WEALTH_CREATION,52.0,HIGH,1.3661616161616161,0.6484848484848484,0.14393939393939395,0.5113636363636364
29,23000.0,6900.0,13000.0,267000,124000.0,3100,10,1,1,MONTHLY,MEDIUM,EMERGENCY_FUND,55.0,HIGH,0.967391304347826,0.3,0.13478260869565217,0.4492753623188406
52,56000.0,44100.0,100.0,1267000,356000.0,11800,8,1,3,QUARTERLY,MEDIUM,WEALTH_CREATION,47.0,HIGH,1.8854166666666667,0.7875,0.21071428571428572,0.5297619047619048
30,63000.0,38000.0,14400.0,620000,140000.0,10600,8,3,2,MONTHLY,HIGH,WEALTH_CREATION,66.0,MEDIUM,0.8201058201058201,0.6031746031746031,0.16825396825396827,0.18518518518518517
33,73000.0,60300.0,4800.0,1214000,44000.0,7900,11,2,2,QUARTERLY,MEDIUM,RETIREMENT,48.0,HIGH,1.3858447488584476,0.826027397260274,0.10821917808219178,0.0502283105022831
43,38000.0,20800.0,9000.0,112000,28000.0,8200,19,3,2,RARELY,HIGH,SHORT_TERM_GOAL,56.0,LOW,0.24561403508771928,0.5473684210526316,0.21578947368421053,0.06140350877192982
63,81000.0,61200.0,8000.0,272000,85000.0,11800,13,5,4,RARELY,MEDIUM,WEALTH_CREATION,77.0,HIGH,0.27983539094650206,0.7555555555555555,0.145679012345679,0.0874485596707819
61,60000.0,40300.0,0.0,1015000,84000.0,22100,9,4,4,MONTHLY,HIGH,WEALTH_CREATION,88.0,HIGH,1.4097222222222223,0.6716666666666666,0.36833333333333335,0.11666666666666667
52,140000.0,44000.0,90700.0,1343000,61000.0,5300,11,2,3,RARELY,HIGH,RETIREMENT,56.0,HIGH,0.799404761904762,0.3142857142857143,0.03785714285714286,0.03630952380952381
38,60000.0,46500.0,5900.0,873000,426000.0,7600,2,1,2,LUMP_SUM,MEDIUM,SHORT_TERM_GOAL,49.0,MEDIUM,1.2125,0.775,0.12666666666666668,0.5916666666666667
39,37000.0,18800.0,14300.0,639000,117000.0,3900,3,4,5,QUARTERLY,HIGH,TAX_SAVING,96.0,HIGH,1.4391891891891893,0.5081081081081081,0.10540540540540541,0.2635135135135135
50,81000.0,63800.0,9900.0,389000,98000.0,7300,4,2,2,MONTHLY,MEDIUM,WEALTH_CREATION,67.0,MEDIUM,0.4002057613168724,0.7876543209876543,0.09012345679012346,0.10082304526748971
27,40000.0,32100.0,2000.0,1235000,78000.0,5900,5,4,1,RARELY,HIGH,WEALTH_CREATION,51.0,HIGH,2.5729166666666665,0.8025,0.1475,0.1625
31,55000.0,22300.0,5500.0,1810000,617000.0,27200,10,1,3,QUARTERLY,MEDIUM,EMERGENCY_FUND,53.0,HIGH,2.742424242424242,0.40545454545454546,0.49454545454545457,0.9348484848484848
26,52000.0,43500.0,0.0,1446000,246000.0,13200,4,4,4,QUARTERLY,HIGH,TAX_SAVING,79.0,HIGH,2.3173076923076925,0.8365384615384616,0.25384615384615383,0.3942307692307692
21,83000.0,68900.0,0.0,1764000,654000.0,17500,3,3,2,MONTHLY,MEDIUM,SHORT_TERM_GOAL,85.0,HIGH,1.7710843373493976,0.8301204819277108,0.21084337349397592,0.6566265060240963
29,38000.0,19900.0,14600.0,218000,44000.0,3500,7,1,2,RARELY,MEDIUM,WEALTH_CREATION,38.0,LOW,0.4780701754385965,0.5236842105263158,0.09210526315789473,0.09649122807017543
43,201000.0,49900.0,93300.0,1137000,203000.0,57800,8,2,2,LUMP_SUM,MEDIUM,SHORT_TERM_GOAL,52.0,LOW,0.47139303482587064,0.24825870646766168,0.28756218905472636,0.08416252072968491
21,47000.0,36300.0,0.0,311000,38000.0,13400,6,1,1,MONTHLY,MEDIUM,WEALTH_CREATION,52.0,MEDIUM,0.5514184397163121,0.7723404255319148,0.2851063829787234,0.0673758865248227
23,69000.0,35800.0,19000.0,1047000,295000.0,14200,12,3,5,MONTHLY,MEDIUM,WEALTH_CREATION,90.0,HIGH,1.2644927536231885,0.518840579710145,0.20579710144927535,0.35628019323671495
48,109000.0,86900.0,17800.0,1400000,568000.0,4300,22,2,2,QUARTERLY,MEDIUM,TAX_SAVING,81.0,HIGH,1.070336391437309,0.7972477064220184,0.03944954128440367,0.43425076452599387
61,45000.0,13100.0,17900.0,561000,160000.0,14000,2,3,4,MONTHLY,HIGH,WEALTH_CREATION,74.0,HIGH,1.038888888888889,0.2911111111111111,0.3111111111111111,0.2962962962962963
47,74000.0,68000.0,0.0,638000,238000.0,6500,10,3,1,MONTHLY,MEDIUM,RETIREMENT,70.0,HIGH,0.7184684684684685,0.918918918918919,0.08783783783783784,0.268018018018018
45,172000.0,83500.0,75000.0,4629000,1511000.0,13500,6,2,2,LUMP_SUM,MEDIUM,WEALTH_CREATION,34.0,HIGH,2.2427325581395348,0.48546511627906974,0.07848837209302326,0.7320736434108527
56,202000.0,102800.0,32100.0,1194000,319000.0,67100,3,5,3,LUMP_SUM,MEDIUM,TAX_SAVING,88.0,MEDIUM,0.49257425742574257,0.5089108910891089,0.3321782178217822,0.1316006600660066
64,101000.0,64600.0,24500.0,1562000,250000.0,11900,15,2,4,MONTHLY,LOW,EMERGENCY_FUND,78.0,HIGH,1.2887788778877889,0.6396039603960396,0.11782178217821782,0.20627062706270627
31,65000.0,36600.0,23500.0,454000,145000.0,4900,9,3,1,MONTHLY,LOW,TAX_SAVING,83.0,HIGH,0.5820512820512821,0.563076923076923,0.07538461538461538,0.1858974358974359
50,55000.0,39900.0,1700.0,461000,265000.0,13400,1,1,3,MONTHLY,LOW,RETIREMENT,65.0,MEDIUM,0.6984848484848485,0.7254545454545455,0.24363636363636362,0.4015151515151515
65,69000.0,25900.0,24500.0,382000,27000.0,18600,3,3,3,MONTHLY,HIGH,WEALTH_CREATION,58.0,HIGH,0.4613526570048309,0.3753623188405797,0.26956521739130435,0.03260869565217391
22,49000.0,29100.0,0.0,545000,91000.0,20400,3,1,1,MONTHLY,MEDIUM,WEALTH_CREATION,40.0,LOW,0.9268707482993197,0.5938775510204082,0.4163265306122449,0.15476190476190477
34,39000.0,21700.0,8400.0,476000,72000.0,8900,6,1,3,MONTHLY,LOW,WEALTH_CREATION,61.0,HIGH,1.017094017094017,0.5564102564102564,0.2282051282051282,0.15384615384615385
31,60000.0,43000.0,1500.0,1334000,210000.0,15500,11,1,2,MONTHLY,MEDIUM,RETIREMENT,53.0,HIGH,1.8527777777777779,0.7166666666666667,0.25833333333333336,0.2916666666666667
52,61000.0,44700.0,3400.0,1537000,555000.0,12900,11,4,2,QUARTERLY,MEDIUM,EMERGENCY_FUND,84.0,HIGH,2.099726775956284,0.7327868852459016,0.21147540983606558,0.7581967213114754
31,59000.0,28100.0,23400.0,79000,5000.0,7500,1,3,3,RARELY,HIGH,RETIREMENT,51.0,LOW,0.1115819209039548,0.47627118644067795,0.1271186440677966,0.007062146892655367
24,82000.0,53400.0,15700.0,1043000,201000.0,12900,14,4,3,LUMP_SUM,LOW,TAX_SAVING,82.0,HIGH,1.059959349593496,0.651219512195122,0.1573170731707317,0.20426829268292682
36,74000.0,48900.0,22300.0,795000,360000.0,2800,2,2,4,MONTHLY,LOW,WEALTH_CREATION,84.0,HIGH,0.8952702702702703,0.6608108108108108,0.03783783783783784,0.40540540540540543
42,127000.0,90600.0,0.0,1399000,355000.0,36500,5,1,1,QUARTERLY,MEDIUM,TAX_SAVING,38.0,LOW,0.9179790026246719,0.7133858267716535,0.2874015748031496,0.23293963254593175
54,74000.0,47500.0,13100.0,883000,24000.0,13400,10,2,2,MONTHLY,HIGH,EMERGENCY_FUND,67.0,MEDIUM,0.9943693693693694,0.6418918918918919,0.1810810810810811,0.02702702702702703
55,52000.0,39800.0,0.0,637000,120000.0,12600,7,2,1,RARELY,MEDIUM,WEALTH_CREATION,49.0,MEDIUM,1.0208333333333333,0.7653846153846153,0.2423076923076923,0.19230769230769232
36,60000.0,38000.0,2400.0,496000,101000.0,19600,15,2,2,RARELY,LOW,RETIREMENT,52.0,MEDIUM,0.6888888888888889,0.6333333333333333,0.32666666666666666,0.14027777777777778
44,91000.0,67600.0,8400.0,331000,64000.0,15000,8,1,4,MONTHLY,MEDIUM,EMERGENCY_FUND,72.0,MEDIUM,0.3031135531135531,0.7428571428571429,0.16483516483516483,0.05860805860805861
40,52000.0,34800.0,3600.0,456000,328000.0,13600,3,1,5,QUARTERLY,HIGH,RETIREMENT,60.0,MEDIUM,0.7307692307692307,0.6692307692307692,0.26153846153846155,0.5256410256410257
44,55000.0,21300.0,28100.0,208000,92000.0,5600,17,1,2,MONTHLY,LOW,EMERGENCY_FUND,65.0,HIGH,0.3151515151515151,0.38727272727272727,0.10181818181818182,0.1393939393939394
40,109000.0,42800.0,46700.0,237000,38000.0,19500,2,1,4,QUARTERLY,MEDIUM,EMERGENCY_FUND,65.0,MEDIUM,0.1811926605504587,0.3926605504587156,0.17889908256880735,0.0290519877675841
30,263000.0,133200.0,68100.0,783000,135000.0,61700,6,1,2,MONTHLY,HIGH,RETIREMENT,29.0,LOW,0.24809885931558937,0.5064638783269962,0.23460076045627376,0.04277566539923954
55,76000.0,54300.0,0.0,1221000,208000.0,31800,8,1,1,MONTHLY,LOW,WEALTH_CREATION,63.0,HIGH,1.3388157894736843,0.7144736842105263,0.41842105263157897,0.22807017543859648
46,27000.0,14700.0,3600.0,260000,86000.0,8700,17,1,5,LUMP_SUM,MEDIUM,WEALTH_CREATION,69.0,HIGH,0.8024691358024691,0.5444444444444444,0.32222222222222224,0.2654320987654321
59,66000.0,49900.0,7100.0,802000,317000.0,9000,10,3,3,MONTHLY,HIGH,EMERGENCY_FUND,69.0,HIGH,1.0126262626262625,0.7560606060606061,0.13636363636363635,0.40025252525252525
36,30000.0,20200.0,100.0,618000,18000.0,9700,7,4,1,QUARTERLY,HIGH,EMERGENCY_FUND,62.0,MEDIUM,1.7166666666666666,0.6733333333333333,0.3233333333333333,0.05
39,43000.0,30500.0,900.0,231000,83000.0,11600,11,1,2,MONTHLY,HIGH,TAX_SAVING,50.0,LOW,0.4476744186046512,0.7093023255813954,0.26976744186046514,0.16085271317829458
58,26000.0,16900.0,2000.0,720000,130000.0,7100,15,2,5,MONTHLY,LOW,WEALTH_CREATION,80.0,HIGH,2.3076923076923075,0.65,0.27307692307692305,0.4166666666666667
56,113000.0,79400.0,30500.0,3284000,1473000.0,3100,12,4,2,RARELY,LOW,TAX_SAVING,56.0,HIGH,2.421828908554572,0.7026548672566372,0.02743362831858407,1.086283185840708
58,175000.0,109400.0,41900.0,455000,65000.0,23700,2,2,2,RARELY,LOW,TAX_SAVING,49.0,MEDIUM,0.21666666666666667,0.6251428571428571,0.13542857142857143,0.030952380952380953
33,101000.0,37500.0,47900.0,1375000,384000.0,15600,8,3,5,RARELY,HIGH,WEALTH_CREATION,72.0,HIGH,1.1344884488448845,0.3712871287128713,0.15445544554455445,0.31683168316831684
39,119000.0,96000.0,0.0,1792000,544000.0,58000,7,3,3,LUMP_SUM,HIGH,WEALTH_CREATION,51.0,HIGH,1.2549019607843137,0.8067226890756303,0.48739495798319327,0.38095238095238093
24,131000.0,106400.0,0.0,1715000,487000.0,27500,17,1,5,QUARTERLY,MEDIUM,EMERGENCY_FUND,75.0,HIGH,1.090966921119593,0.8122137404580153,0.2099236641221374,0.3097964376590331
28,57000.0,29500.0,22200.0,829000,319000.0,5300,8,1,4,MONTHLY,LOW,WEALTH_CREATION,59.0,HIGH,1.2119883040935673,0.5175438596491229,0.09298245614035087,0.46637426900584794
48,29000.0,17100.0,8100.0,270000,29000.0,3800,9,1,1,MONTHLY,MEDIUM,WEALTH_CREATION,38.0,MEDIUM,0.7758620689655172,0.5896551724137931,0.1310344827586207,0.08333333333333333
31,79000.0,50000.0,100.0,1099000,104000.0,28900,14,2,1,LUMP_SUM,HIGH,TAX_SAVING,57.0,MEDIUM,1.159282700421941,0.6329113924050633,0.3658227848101266,0.10970464135021098
43,132000.0,77200.0,49100.0,2868000,638000.0,5700,4,2,1,MONTHLY,MEDIUM,WEALTH_CREATION,41.0,HIGH,1.8106060606060606,0.5848484848484848,0.04318181818181818,0.4027777777777778
54,51000.0,45400.0,0.0,995000,52000.0,6600,1,4,3,MONTHLY,MEDIUM,EMERGENCY_FUND,100.0,HIGH,1.6258169934640523,0.8901960784313725,0.12941176470588237,0.08496732026143791
29,88000.0,57400.0,11100.0,1751000,471000.0,19500,10,3,4,MONTHLY,MEDIUM,RETIREMENT,81.0,HIGH,1.6581439393939394,0.6522727272727272,0.2215909090909091,0.4460227272727273
39,108000.0,50200.0,14900.0,1639000,331000.0,42900,12,2,4,QUARTERLY,MEDIUM,WEALTH_CREATION,71.0,HIGH,1.2646604938271604,0.4648148148148148,0.3972222222222222,0.25540123456790126
41,53000.0,18300.0,29300.0,421000,196000.0,5400,9,2,1,MONTHLY,HIGH,WEALTH_CREATION,54.0,HIGH,0.6619496855345912,0.3452830188679245,0.1018867924528302,0.3081761006289308
33,44000.0,33400.0,500.0,542000,24000.0,10100,7,3,2,RARELY,MEDIUM,RETIREMENT,50.0,MEDIUM,1.0265151515151516,0.759090909090909,0.22954545454545455,0.045454545454545456
51,97000.0,27200.0,50200.0,147000,36000.0,19600,2,1,2,RARELY,LOW,WEALTH_CREATION,29.0,LOW,0.12628865979381443,0.2804123711340206,0.2020618556701031,0.030927835051546393
21,36000.0,17500.0,17200.0,204000,2000.0,1300,3,3,3,MONTHLY,MEDIUM,WEALTH_CREATION,77.0,HIGH,0.4722222222222222,0.4861111111111111,0.03611111111111111,0.004629629629629629
25,44000.0,28000.0,10200.0,879000,388000.0,5800,16,2,3,MONTHLY,HIGH,EMERGENCY_FUND,64.0,HIGH,1.6647727272727273,0.6363636363636364,0.1318181818181818,0.7348484848484849
47,71000.0,37300.0,2400.0,1498000,713000.0,31300,6,3,3,QUARTERLY,MEDIUM,TAX_SAVING,85.0,HIGH,1.7582159624413145,0.5253521126760563,0.44084507042253523,0.8368544600938967
41,73000.0,53000.0,2300.0,1360000,50000.0,17700,12,3,1,MONTHLY,HIGH,EMERGENCY_FUND,54.0,HIGH,1.552511415525114,0.726027397260274,0.24246575342465754,0.05707762557077625
65,49000.0,38900.0,3800.0,520000,272000.0,6300,14,1,2,RARELY,MEDIUM,RETIREMENT,49.0,HIGH,0.8843537414965986,0.7938775510204081,0.12857142857142856,0.46258503401360546
59,116000.0,60600.0,54300.0,884000,149000.0,1100,16,2,4,MONTHLY,HIGH,WEALTH_CREATION,66.0,HIGH,0.6350574712643678,0.5224137931034483,0.009482758620689655,0.10704022988505747
45,28000.0,25400.0,600.0,56000,2000.0,2000,5,3,4,MONTHLY,HIGH,RETIREMENT,88.0,LOW,0.16666666666666666,0.9071428571428571,0.07142857142857142,0.005952380952380952
46,155000.0,64000.0,89300.0,1591000,644000.0,1700,3,3,5,LUMP_SUM,MEDIUM,SHORT_TERM_GOAL,89.0,HIGH,0.8553763440860215,0.4129032258064516,0.01096774193548387,0.34623655913978496
21,171000.0,96400.0,52100.0,576000,173000.0,22500,1,4,1,LUMP_SUM,LOW,SHORT_TERM_GOAL,74.0,MEDIUM,0.2807017543859649,0.5637426900584795,0.13157894736842105,0.08430799220272904
34,73000.0,51600.0,0.0,1027000,265000.0,26400,23,2,2,MONTHLY,MEDIUM,TAX_SAVING,59.0,HIGH,1.1723744292237444,0.7068493150684931,0.36164383561643837,0.3025114155251142
63,128000.0,61400.0,43800.0,1237000,226000.0,22800,4,2,3,LUMP_SUM,MEDIUM,SHORT_TERM_GOAL,73.0,MEDIUM,0.8053385416666666,0.4796875,0.178125,0.14713541666666666
52,89000.0,42500.0,28300.0,381000,15000.0,18200,17,1,2,QUARTERLY,MEDIUM,WEALTH_CREATION,37.0,HIGH,0.35674157303370785,0.47752808988764045,0.20449438202247192,0.014044943820224719
24,20000.0,12900.0,1800.0,260000,109000.0,5300,5,2,5,LUMP_SUM,MEDIUM,EMERGENCY_FUND,73.0,HIGH,1.0833333333333333,0.645,0.265,0.45416666666666666
57,36000.0,29500.0,2400.0,609000,210000.0,4100,9,1,4,MONTHLY,MEDIUM,WEALTH_CREATION,64.0,HIGH,1.4097222222222223,0.8194444444444444,0.11388888888888889,0.4861111111111111
23,42000.0,24100.0,12800.0,532000,49000.0,5100,10,3,2,LUMP_SUM,LOW,RETIREMENT,62.0,HIGH,1.0555555555555556,0.5738095238095238,0.12142857142857143,0.09722222222222222
50,55000.0,42800.0,7900.0,344000,53000.0,4300,7,1,3,MONTHLY,MEDIUM,WEALTH_CREATION,59.0,MEDIUM,0.5212121212121212,0.7781818181818182,0.07818181818181819,0.0803030303030303
47,29000.0,17000.0,6000.0,316000,63000.0,6000,7,2,2,MONTHLY,MEDIUM,WEALTH_CREATION,62.0,HIGH,0.9080459770114943,0.5862068965517241,0.20689655172413793,0.1810344827586207
51,66000.0,30200.0,23600.0,742000,514000.0,12200,22,5,2,MONTHLY,LOW,RETIREMENT,95.0,HIGH,0.9368686868686869,0.4575757575757576,0.18484848484848485,0.648989898989899
64,98000.0,50700.0,45700.0,1503000,564000.0,1600,4,4,3,MONTHLY,MEDIUM,TAX_SAVING,81.0,HIGH,1.278061224489796,0.5173469387755102,0.0163265306122449,0.47959183673469385
43,97000.0,52100.0,36300.0,1561000,698000.0,8600,8,1,2,RARELY,LOW,RETIREMENT,25.0,HIGH,1.3410652920962198,0.5371134020618556,0.088659793814433,0.5996563573883161
23,76000.0,59400.0,4900.0,1905000,651000.0,11700,8,2,2,QUARTERLY,HIGH,SHORT_TERM_GOAL,40.0,HIGH,2.088815789473684,0.781578947368421,0.15394736842105264,0.7138157894736842
34,123000.0,77200.0,0.0,1815000,344000.0,48500,12,4,1,MONTHLY,LOW,RETIREMENT,89.0,HIGH,1.2296747967479675,0.6276422764227643,0.3943089430894309,0.23306233062330622
65,68000.0,25600.0,29400.0,1001000,231000.0,13000,4,2,3,RARELY,LOW,RETIREMENT,47.0,HIGH,1.2267156862745099,0.3764705882352941,0.19117647058823528,0.28308823529411764
28,92000.0,51100.0,38700.0,1305000,970000.0,2200,12,1,4,RARELY,MEDIUM,WEALTH_CREATION,34.0,HIGH,1.1820652173913044,0.5554347826086956,0.02391304347826087,0.8786231884057971
60,33000.0,30300.0,0.0,28000,7000.0,9100,8,2,1,LUMP_SUM,HIGH,WEALTH_CREATION,52.0,LOW,0.0707070707070707,0.9181818181818182,0.27575757575757576,0.017676767676767676
55,128000.0,110400.0,0.0,793000,239000.0,22800,18,1,2,QUARTERLY,MEDIUM,RETIREMENT,59.0,MEDIUM,0.5162760416666666,0.8625,0.178125,0.15559895833333334
55,40000.0,17600.0,17200.0,278000,163000.0,5200,1,2,2,MONTHLY,LOW,RETIREMENT,76.0,HIGH,0.5791666666666667,0.44,0.13,0.33958333333333335
21,48000.0,34800.0,10800.0,572000,167000.0,2400,25,1,5,MONTHLY,HIGH,WEALTH_CREATION,61.0,HIGH,0.9930555555555556,0.725,0.05,0.2899305555555556
48,20000.0,15200.0,3800.0,337000,61000.0,1000,16,3,3,QUARTERLY,LOW,RETIREMENT,89.0,HIGH,1.4041666666666666,0.76,0.05,0.25416666666666665
23,194000.0,132900.0,58400.0,982000,261000.0,2700,2,1,1,MONTHLY,MEDIUM,RETIREMENT,54.0,MEDIUM,0.4218213058419244,0.6850515463917526,0.013917525773195877,0.11211340206185567
51,104000.0,60400.0,0.0,700000,65000.0,44000,4,1,4,MONTHLY,HIGH,TAX_SAVING,69.0,LOW,0.5608974358974359,0.5807692307692308,0.4230769230769231,0.052083333333333336
31,78000.0,57300.0,18500.0,508000,344000.0,2200,14,2,4,MONTHLY,MEDIUM,EMERGENCY_FUND,86.0,HIGH,0.5427350427350427,0.7346153846153847,0.028205128205128206,0.36752136752136755
58,113000.0,66500.0,10300.0,311000,20000.0,36200,21,4,4,MONTHLY,LOW,EMERGENCY_FUND,94.0,HIGH,0.22935103244837757,0.588495575221239,0.32035398230088497,0.014749262536873156
25,35000.0,22000.0,5300.0,364000,190000.0,7700,20,5,4,QUARTERLY,MEDIUM,WEALTH_CREATION,100.0,HIGH,0.8666666666666667,0.6285714285714286,0.22,0.4523809523809524
30,138000.0,68700.0,40400.0,1579000,567000.0,28900,8,3,2,MONTHLY,HIGH,SHORT_TERM_GOAL,50.0,MEDIUM,0.9535024154589372,0.49782608695652175,0.20942028985507247,0.3423913043478261
27,56000.0,30100.0,22900.0,265000,5000.0,3000,12,2,2,RARELY,MEDIUM,TAX_SAVING,60.0,MEDIUM,0.3943452380952381,0.5375,0.05357142857142857,0.00744047619047619
39,128000.0,80500.0,24800.0,1214000,202000.0,22700,1,1,1,MONTHLY,MEDIUM,RETIREMENT,55.0,HIGH,0.7903645833333334,0.62890625,0.17734375,0.13151041666666666
29,155000.0,78700.0,61000.0,166000,60000.0,15300,19,1,4,MONTHLY,MEDIUM,RETIREMENT,63.0,HIGH,0.08924731182795699,0.5077419354838709,0.09870967741935484,0.03225806451612903
62,70000.0,44900.0,15000.0,1563000,227000.0,10100,17,2,3,QUARTERLY,MEDIUM,WEALTH_CREATION,70.0,HIGH,1.8607142857142858,0.6414285714285715,0.1442857142857143,0.2702380952380952
36,20000.0,14400.0,0.0,218000,27000.0,6500,4,2,3,QUARTERLY,MEDIUM,RETIREMENT,68.0,MEDIUM,0.9083333333333333,0.72,0.325,0.1125
45,130000.0,68600.0,38400.0,2744000,253000.0,23000,16,2,5,QUARTERLY,HIGH,WEALTH_CREATION,81.0,HIGH,1.758974358974359,0.5276923076923077,0.17692307692307693,0.1621794871794872
41,55000.0,35800.0,400.0,846000,382000.0,18800,20,2,1,MONTHLY,MEDIUM,WEALTH_CREATION,52.0,HIGH,1.2818181818181817,0.6509090909090909,0.3418181818181818,0.5787878787878787
28,25000.0,22200.0,0.0,402000,37000.0,5300,11,2,2,LUMP_SUM,MEDIUM,SHORT_TERM_GOAL,45.0,MEDIUM,1.34,0.888,0.212,0.12333333333333334
46,25000.0,20400.0,0.0,408000,169000.0,8200,2,1,3,RARELY,LOW,EMERGENCY_FUND,64.0,LOW,1.36,0.816,0.328,0.5633333333333334
37,29000.0,20500.0,1000.0,82000,25000.0,7500,24,2,3,QUARTERLY,LOW,EMERGENCY_FUND,52.0,MEDIUM,0.23563218390804597,0.7068965517241379,0.25862068965517243,0.07183908045977011
40,90000.0,41700.0,20200.0,1328000,240000.0,28100,7,2,5,LUMP_SUM,HIGH,SHORT_TERM_GOAL,63.0,MEDIUM,1.2296296296296296,0.4633333333333333,0.31222222222222223,0.2222222222222222
24,106000.0,66300.0,32200.0,1768000,117000.0,7500,19,3,2,RARELY,LOW,RETIREMENT,65.0,HIGH,1.389937106918239,0.6254716981132076,0.07075471698113207,0.09198113207547169
28,48000.0,23600.0,10200.0,519000,231000.0,14200,21,1,4,LUMP_SUM,LOW,TAX_SAVING,53.0,HIGH,0.9010416666666666,0.49166666666666664,0.29583333333333334,0.4010416666666667
22,82000.0,68300.0,0.0,571000,24000.0,20100,6,5,2,MONTHLY,MEDIUM,SHORT_TERM_GOAL,83.0,HIGH,0.5802845528455285,0.8329268292682926,0.2451219512195122,0.024390243902439025
42,42000.0,20400.0,9500.0,779000,545000.0,12100,6,1,2,LUMP_SUM,HIGH,RETIREMENT,46.0,HIGH,1.5456349206349207,0.4857142857142857,0.28809523809523807,1.0813492063492063
64,59000.0,39400.0,11100.0,1285000,241000.0,8500,22,1,2,LUMP_SUM,HIGH,RETIREMENT,36.0,HIGH,1.8149717514124293,0.6677966101694915,0.1440677966101695,0.3403954802259887
56,84000.0,59700.0,5300.0,2628000,1109000.0,19000,5,2,2,MONTHLY,LOW,WEALTH_CREATION,63.0,HIGH,2.607142857142857,0.7107142857142857,0.2261904761904762,1.1001984126984128
52,31000.0,11900.0,11600.0,136000,45000.0,7500,19,2,3,RARELY,LOW,RETIREMENT,76.0,HIGH,0.3655913978494624,0.38387096774193546,0.24193548387096775,0.12096774193548387
42,78000.0,67400.0,0.0,1335000,287000.0,24200,17,3,2,LUMP_SUM,MEDIUM,TAX_SAVING,72.0,HIGH,1.4262820512820513,0.8641025641025641,0.31025641025641026,0.30662393162393164
28,44000.0,27700.0,3100.0,244000,60000.0,13200,4,4,3,LUMP_SUM,MEDIUM,SHORT_TERM_GOAL,86.0,MEDIUM,0.4621212121212121,0.6295454545454545,0.3,0.11363636363636363
65,27000.0,11100.0,11900.0,207000,21000.0,4000,15,4,3,QUARTERLY,HIGH,WEALTH_CREATION,77.0,HIGH,0.6388888888888888,0.4111111111111111,0.14814814814814814,0.06481481481481481
22,46000.0,19600.0,13400.0,250000,6000.0,13000,12,4,2,RARELY,HIGH,WEALTH_CREATION,48.0,MEDIUM,0.4528985507246377,0.4260869565217391,0.2826086956521739,0.010869565217391304
63,47000.0,20100.0,11700.0,1939000,964000.0,15200,2,1,4,LUMP_SUM,MEDIUM,RETIREMENT,55.0,HIGH,3.4379432624113475,0.4276595744680851,0.32340425531914896,1.7092198581560283
24,53000.0,46500.0,0.0,1088000,359000.0,10400,2,4,4,MONTHLY,HIGH,RETIREMENT,79.0,HIGH,1.7106918238993711,0.8773584905660378,0.19622641509433963,0.5644654088050315
47,54000.0,40100.0,0.0,180000,83000.0,26200,7,1,2,LUMP_SUM,HIGH,SHORT_TERM_GOAL,31.0,LOW,0.2777777777777778,0.7425925925925926,0.48518518518518516,0.12808641975308643
32,30000.0,20000.0,3800.0,297000,63000.0,6200,16,1,2,RARELY,LOW,WEALTH_CREATION,46.0,HIGH,0.825,0.6666666666666666,0.20666666666666667,0.175
38,177000.0,75300.0,41300.0,1806000,425000.0,60400,6,1,3,LUMP_SUM,LOW,RETIREMENT,63.0,HIGH,0.8502824858757062,0.42542372881355933,0.34124293785310733,0.20009416195856874
51,20000.0,18100.0,900.0,396000,116000.0,1000,7,1,5,MONTHLY,MEDIUM,RETIREMENT,78.0,HIGH,1.65,0.905,0.05,0.48333333333333334
45,94000.0,57100.0,13100.0,1712000,154000.0,23800,8,4,4,RARELY,HIGH,TAX_SAVING,78.0,HIGH,1.5177304964539007,0.6074468085106383,0.2531914893617021,0.13652482269503546
52,118000.0,60400.0,39600.0,361000,33000.0,18000,3,1,1,QUARTERLY,MEDIUM,RETIREMENT,36.0,LOW,0.2549435028248588,0.511864406779661,0.15254237288135594,0.023305084745762712
35,44000.0,30700.0,9400.0,1025000,179000.0,3900,2,3,3,MONTHLY,LOW,SHORT_TERM_GOAL,81.0,HIGH,1.941287878787879,0.6977272727272728,0.08863636363636364,0.3390151515151515
23,43000.0,32400.0,400.0,640000,223000.0,10200,5,3,3,QUARTERLY,MEDIUM,RETIREMENT,60.0,HIGH,1.2403100775193798,0.7534883720930232,0.2372093023255814,0.4321705426356589
49,85000.0,36900.0,23000.0,513000,53000.0,25100,11,3,3,MONTHLY,HIGH,RETIREMENT,77.0,MEDIUM,0.5029411764705882,0.43411764705882355,0.2952941176470588,0.05196078431372549
25,71000.0,48900.0,10000.0,246000,93000.0,12100,22,2,4,MONTHLY,HIGH,WEALTH_CREATION,60.0,HIGH,0.2887323943661972,0.6887323943661972,0.1704225352112676,0.10915492957746478
61,43000.0,31400.0,6900.0,259000,93000.0,4700,9,3,3,MONTHLY,LOW,RETIREMENT,86.0,HIGH,0.501937984496124,0.7302325581395349,0.10930232558139535,0.18023255813953487
29,76000.0,42000.0,30700.0,1018000,262000.0,3300,5,1,3,LUMP_SUM,LOW,TAX_SAVING,50.0,HIGH,1.1162280701754386,0.5526315789473685,0.04342105263157895,0.28728070175438597
63,66000.0,38500.0,8600.0,380000,35000.0,18900,5,2,3,MONTHLY,MEDIUM,WEALTH_CREATION,89.0,HIGH,0.4797979797979798,0.5833333333333334,0.2863636363636364,0.04419191919191919
34,91000.0,83700.0,0.0,1411000,121000.0,11200,16,1,4,MONTHLY,LOW,WEALTH_CREATION,70.0,HIGH,1.2921245421245422,0.9197802197802197,0.12307692307692308,0.1108058608058608
49,75000.0,33000.0,15700.0,4075000,1657000.0,26300,17,5,3,QUARTERLY,MEDIUM,RETIREMENT,90.0,HIGH,4.527777777777778,0.44,0.3506666666666667,1.8411111111111111
26,56000.0,16200.0,34200.0,476000,53000.0,5600,19,2,1,MONTHLY,MEDIUM,EMERGENCY_FUND,62.0,HIGH,0.7083333333333334,0.2892857142857143,0.1,0.07886904761904762
41,99000.0,54800.0,40200.0,1116000,391000.0,4000,10,3,3,LUMP_SUM,MEDIUM,WEALTH_CREATION,69.0,HIGH,0.9393939393939394,0.5535353535353535,0.04040404040404041,0.3291245791245791
49,39000.0,17900.0,17700.0,76000,15000.0,3400,1,2,2,LUMP_SUM,LOW,SHORT_TERM_GOAL,60.0,MEDIUM,0.1623931623931624,0.45897435897435895,0.08717948717948718,0.03205128205128205
37,28000.0,25300.0,0.0,300000,174000.0,15400,13,3,5,LUMP_SUM,MEDIUM,RETIREMENT,68.0,HIGH,0.8928571428571429,0.9035714285714286,0.55,0.5178571428571429
31,122000.0,112200.0,0.0,500000,96000.0,30600,23,3,5,MONTHLY,HIGH,SHORT_TERM_GOAL,75.0,HIGH,0.34153005464480873,0.919672131147541,0.25081967213114753,0.06557377049180328
32,72000.0,42800.0,8300.0,229000,115000.0,20900,2,1,3,MONTHLY,MEDIUM,EMERGENCY_FUND,56.0,LOW,0.2650462962962963,0.5944444444444444,0.2902777777777778,0.13310185185185186
58,52000.0,29800.0,19500.0,252000,112000.0,2700,7,1,3,LUMP_SUM,MEDIUM,SHORT_TERM_GOAL,64.0,HIGH,0.40384615384615385,0.573076923076923,0.051923076923076926,0.1794871794871795
36,56000.0,41300.0,8000.0,467000,59000.0,6700,6,3,2,MONTHLY,LOW,RETIREMENT,67.0,HIGH,0.6949404761904762,0.7375,0.11964285714285715,0.08779761904761904
28,82000.0,51900.0,11500.0,704000,228000.0,18600,1,1,5,QUARTERLY,MEDIUM,RETIREMENT,57.0,MEDIUM,0.7154471544715447,0.6329268292682927,0.22682926829268293,0.23170731707317074
37,43000.0,20200.0,10400.0,313000,55000.0,12400,4,2,5,MONTHLY,MEDIUM,SHORT_TERM_GOAL,76.0,HIGH,0.6065891472868217,0.4697674418604651,0.28837209302325584,0.1065891472868217
65,35000.0,29600.0,0.0,668000,214000.0,9400,2,1,2,LUMP_SUM,MEDIUM,WEALTH_CREATION,37.0,HIGH,1.5904761904761904,0.8457142857142858,0.26857142857142857,0.5095238095238095
62,71000.0,53400.0,0.0,2424000,204000.0,35500,22,1,2,MONTHLY,MEDIUM,RETIREMENT,56.0,HIGH,2.8450704225352115,0.752112676056338,0.5,0.23943661971830985
40,67000.0,51000.0,3000.0,534000,223000.0,13000,13,4,1,MONTHLY,HIGH,WEALTH_CREATION,58.0,HIGH,0.664179104477612,0.7611940298507462,0.19402985074626866,0.277363184079602
51,64000.0,37000.0,20000.0,1790000,287000.0,7000,3,3,4,MONTHLY,HIGH,SHORT_TERM_GOAL,72.0,HIGH,2.3307291666666665,0.578125,0.109375,0.3736979166666667
39,56000.0,35900.0,13200.0,336000,20000.0,6900,7,5,1,MONTHLY,HIGH,SHORT_TERM_GOAL,72.0,LOW,0.5,0.6410714285714286,0.12321428571428572,0.02976190476190476
42,44000.0,30900.0,5000.0,724000,324000.0,8100,12,2,5,QUARTERLY,MEDIUM,EMERGENCY_FUND,61.0,HIGH,1.371212121212121,0.7022727272727273,0.18409090909090908,0.6136363636363636
62,98000.0,76500.0,0.0,1505000,360000.0,38700,16,2,3,LUMP_SUM,HIGH,RETIREMENT,51.0,HIGH,1.2797619047619047,0.7806122448979592,0.3948979591836735,0.30612244897959184
21,202000.0,114700.0,46900.0,7623000,2625000.0,40400,6,1,3,MONTHLY,MEDIUM,WEALTH_CREATION,53.0,HIGH,3.14480198019802,0.5678217821782178,0.2,1.0829207920792079
43,61000.0,27700.0,22700.0,520000,142000.0,10600,16,2,3,RARELY,MEDIUM,WEALTH_CREATION,42.0,HIGH,0.7103825136612022,0.4540983606557377,0.1737704918032787,0.19398907103825136
33,167000.0,74500.0,56000.0,4802000,355000.0,36500,1,2,3,MONTHLY,LOW,WEALTH_CREATION,86.0,HIGH,2.3962075848303392,0.44610778443113774,0.218562874251497,0.17714570858283432
49,68000.0,47300.0,8800.0,559000,229000.0,11900,4,4,2,MONTHLY,LOW,SHORT_TERM_GOAL,79.0,HIGH,0.6850490196078431,0.6955882352941176,0.175,0.2806372549019608
47,78000.0,15600.0,48900.0,395000,91000.0,13500,8,2,5,QUARTERLY,MEDIUM,WEALTH_CREATION,78.0,HIGH,0.422008547008547,0.2,0.17307692307692307,0.09722222222222222
39,88000.0,41700.0,40800.0,936000,20000.0,5500,8,1,2,QUARTERLY,HIGH,EMERGENCY_FUND,40.0,MEDIUM,0.8863636363636364,0.4738636363636364,0.0625,0.01893939393939394
22,36000.0,21000.0,9800.0,594000,259000.0,5200,6,2,2,MONTHLY,HIGH,RETIREMENT,31.0,HIGH,1.375,0.5833333333333334,0.14444444444444443,0.5995370370370371
23,110000.0,63700.0,24400.0,470000,86000.0,21900,11,1,4,QUARTERLY,MEDIUM,TAX_SAVING,62.0,MEDIUM,0.3560606060606061,0.5790909090909091,0.1990909090909091,0.06515151515151515
62,110000.0,61400.0,30900.0,897000,47000.0,17700,14,1,3,MONTHLY,MEDIUM,TAX_SAVING,54.0,HIGH,0.6795454545454546,0.5581818181818182,0.16090909090909092,0.035606060606060606
47,58000.0,23100.0,23100.0,263000,82000.0,11800,9,3,3,MONTHLY,MEDIUM,WEALTH_CREATION,72.0,HIGH,0.37787356321839083,0.39827586206896554,0.20344827586206896,0.11781609195402298
49,24000.0,17300.0,2200.0,1029000,110000.0,4500,5,2,3,QUARTERLY,MEDIUM,WEALTH_CREATION,62.0,HIGH,3.5729166666666665,0.7208333333333333,0.1875,0.3819444444444444
47,58000.0,43100.0,0.0,1125000,76000.0,16400,10,4,4,LUMP_SUM,HIGH,RETIREMENT,70.0,HIGH,1.6163793103448276,0.743103448275862,0.2827586206896552,0.10919540229885058
61,74000.0,47100.0,22700.0,134000,51000.0,4200,14,2,5,MONTHLY,HIGH,WEALTH_CREATION,69.0,HIGH,0.15090090090090091,0.6364864864864865,0.05675675675675676,0.057432432432432436
37,48000.0,32700.0,0.0,654000,412000.0,18600,9,4,4,RARELY,HIGH,TAX_SAVING,71.0,HIGH,1.1354166666666667,0.68125,0.3875,0.7152777777777778
48,27000.0,19600.0,4800.0,222000,43000.0,2600,11,1,2,RARELY,HIGH,WEALTH_CREATION,18.0,MEDIUM,0.6851851851851852,0.725925925925926,0.0962962962962963,0.13271604938271606
33,54000.0,45100.0,0.0,2012000,469000.0,12900,2,5,2,MONTHLY,MEDIUM,WEALTH_CREATION,75.0,HIGH,3.1049382716049383,0.8351851851851851,0.2388888888888889,0.7237654320987654
61,88000.0,55600.0,3100.0,1858000,362000.0,29300,7,2,2,RARELY,LOW,RETIREMENT,58.0,HIGH,1.759469696969697,0.6318181818181818,0.33295454545454545,0.3428030303030303
48,113000.0,50900.0,27100.0,820000,157000.0,35000,5,2,1,MONTHLY,MEDIUM,WEALTH_CREATION,57.0,MEDIUM,0.6047197640117994,0.4504424778761062,0.30973451327433627,0.11578171091445427
46,58000.0,45400.0,11900.0,345000,18000.0,700,3,1,3,MONTHLY,LOW,WEALTH_CREATION,45.0,HIGH,0.4956896551724138,0.7827586206896552,0.01206896551724138,0.02586206896551724
35,47000.0,40000.0,3800.0,682000,237000.0,3200,2,2,3,RARELY,HIGH,TAX_SAVING,64.0,LOW,1.2092198581560283,0.851063829787234,0.06808510638297872,0.42021276595744683
25,39000.0,34100.0,0.0,420000,192000.0,14000,7,2,4,MONTHLY,MEDIUM,WEALTH_CREATION,62.0,MEDIUM,0.8974358974358975,0.8743589743589744,0.358974358974359,0.41025641025641024
47,203000.0,173800.0,0.0,5286000,4142000.0,45100,4,1,2,MONTHLY,MEDIUM,WEALTH_CREATION,48.0,HIGH,2.1699507389162562,0.8561576354679803,0.22216748768472908,1.700328407224959
60,137000.0,72200.0,0.0,2729000,290000.0,66300,6,5,2,QUARTERLY,HIGH,TAX_SAVING,66.0,HIGH,1.6599756690997567,0.527007299270073,0.48394160583941603,0.17639902676399027
28,46000.0,12500.0,23900.0,307000,100000.0,9600,3,3,3,LUMP_SUM,HIGH,SHORT_TERM_GOAL,52.0,MEDIUM,0.5561594202898551,0.2717391304347826,0.20869565217391303,0.18115942028985507
41,129000.0,54700.0,38400.0,1498000,101000.0,35900,5,1,2,LUMP_SUM,MEDIUM,TAX_SAVING,46.0,HIGH,0.9677002583979328,0.42403100775193797,0.27829457364341087,0.06524547803617571
52,99000.0,51100.0,37500.0,694000,132000.0,10400,9,3,2,MONTHLY,MEDIUM,SHORT_TERM_GOAL,72.0,HIGH,0.5841750841750841,0.5161616161616162,0.10505050505050505,0.1111111111111111
43,45000.0,27000.0,7400.0,578000,12000.0,10600,14,1,4,LUMP_SUM,HIGH,SHORT_TERM_GOAL,55.0,MEDIUM,1.0703703703703704,0.6,0.23555555555555555,0.022222222222222223
33,48000.0,29200.0,3400.0,227000,42000.0,15400,19,1,1,RARELY,MEDIUM,SHORT_TERM_GOAL,38.0,LOW,0.3940972222222222,0.6083333333333333,0.32083333333333336,0.07291666666666667
64,70000.0,36500.0,7200.0,3266000,1333000.0,26300,5,2,4,MONTHLY,HIGH,TAX_SAVING,71.0,HIGH,3.888095238095238,0.5214285714285715,0.3757142857142857,1.5869047619047618
56,95000.0,47900.0,6100.0,2929000,588000.0,41000,6,1,2,RARELY,LOW,WEALTH_CREATION,58.0,HIGH,2.569298245614035,0.5042105263157894,0.43157894736842106,0.5157894736842106
45,64000.0,32400.0,21300.0,488000,143000.0,10300,7,2,1,MONTHLY,MEDIUM,TAX_SAVING,58.0,HIGH,0.6354166666666666,0.50625,0.1609375,0.18619791666666666
52,116000.0,56500.0,32700.0,2047000,915000.0,26800,9,1,3,MONTHLY,HIGH,WEALTH_CREATION,56.0,HIGH,1.4705459770114941,0.4870689655172414,0.23103448275862068,0.6573275862068966
37,39000.0,26000.0,6600.0,1814000,437000.0,6400,12,1,5,MONTHLY,MEDIUM,TAX_SAVING,66.0,HIGH,3.876068376068376,0.6666666666666666,0.1641025641025641,0.9337606837606838
62,34000.0,31200.0,0.0,415000,149000.0,3400,11,2,4,MONTHLY,LOW,SHORT_TERM_GOAL,91.0,HIGH,1.017156862745098,0.9176470588235294,0.1,0.36519607843137253
45,28000.0,17200.0,6400.0,118000,6000.0,4400,2,1,1,RARELY,LOW,EMERGENCY_FUND,44.0,LOW,0.35119047619047616,0.6142857142857143,0.15714285714285714,0.017857142857142856
25,101000.0,92900.0,0.0,850000,493000.0,13800,19,1,1,QUARTERLY,HIGH,TAX_SAVING,27.0,MEDIUM,0.7013201320132013,0.9198019801980198,0.13663366336633664,0.4067656765676568
42,76000.0,58200.0,9800.0,573000,118000.0,8000,7,3,3,MONTHLY,LOW,SHORT_TERM_GOAL,78.0,LOW,0.6282894736842105,0.7657894736842106,0.10526315789473684,0.12938596491228072
62,40000.0,28500.0,2300.0,779000,10000.0,9200,11,2,3,LUMP_SUM,MEDIUM,EMERGENCY_FUND,73.0,HIGH,1.6229166666666666,0.7125,0.23,0.020833333333333332
54,21000.0,7100.0,10000.0,98000,49000.0,3900,8,2,4,MONTHLY,LOW,TAX_SAVING,64.0,HIGH,0.3888888888888889,0.3380952380952381,0.18571428571428572,0.19444444444444445
41,94000.0,43700.0,46900.0,579000,100000.0,3400,9,1,4,RARELY,LOW,RETIREMENT,67.0,HIGH,0.5132978723404256,0.4648936170212766,0.036170212765957444,0.08865248226950355
25,69000.0,49100.0,17900.0,1062000,131000.0,2000,17,1,3,LUMP_SUM,HIGH,EMERGENCY_FUND,54.0,HIGH,1.2826086956521738,0.7115942028985507,0.028985507246376812,0.15821256038647344
52,73000.0,38100.0,16900.0,1226000,59000.0,18000,10,2,4,MONTHLY,HIGH,WEALTH_CREATION,67.0,HIGH,1.3995433789954337,0.5219178082191781,0.2465753424657534,0.06735159817351598
42,53000.0,23800.0,17800.0,233000,38000.0,11400,3,3,3,MONTHLY,MEDIUM,RETIREMENT,89.0,HIGH,0.3663522012578616,0.4490566037735849,0.21509433962264152,0.059748427672955975
32,109000.0,34500.0,44200.0,609000,65000.0,30300,17,2,2,RARELY,MEDIUM,RETIREMENT,31.0,MEDIUM,0.46559633027522934,0.3165137614678899,0.2779816513761468,0.04969418960244648
59,45000.0,29600.0,3100.0,854000,472000.0,12300,4,1,3,LUMP_SUM,LOW,WEALTH_CREATION,51.0,HIGH,1.5814814814814815,0.6577777777777778,0.2733333333333333,0.8740740740740741
33,39000.0,28500.0,9000.0,1023000,149000.0,1500,18,2,4,QUARTERLY,MEDIUM,EMERGENCY_FUND,73.0,HIGH,2.1858974358974357,0.7307692307692307,0.038461538461538464,0.31837606837606836
57,42000.0,28500.0,12700.0,585000,373000.0,800,1,1,5,QUARTERLY,MEDIUM,RETIREMENT,65.0,HIGH,1.1607142857142858,0.6785714285714286,0.01904761904761905,0.7400793650793651
49,105000.0,60400.0,19400.0,1438000,530000.0,25200,4,1,2,MONTHLY,LOW,WEALTH_CREATION,59.0,HIGH,1.1412698412698412,0.5752380952380952,0.24,0.42063492063492064
44,55000.0,45300.0,8300.0,1006000,120000.0,1400,11,3,1,QUARTERLY,LOW,TAX_SAVING,51.0,HIGH,1.5242424242424242,0.8236363636363636,0.025454545454545455,0.18181818181818182
24,92000.0,84600.0,0.0,1567000,556000.0,13800,15,1,4,MONTHLY,LOW,RETIREMENT,69.0,HIGH,1.4193840579710144,0.9195652173913044,0.15,0.5036231884057971
62,26000.0,22700.0,0.0,597000,306000.0,8800,8,3,5,MONTHLY,HIGH,RETIREMENT,80.0,HIGH,1.9134615384615385,0.8730769230769231,0.3384615384615385,0.9807692307692307
47,29000.0,15600.0,12800.0,237000,52000.0,600,2,2,2,MONTHLY,LOW,SHORT_TERM_GOAL,70.0,HIGH,0.6810344827586207,0.5379310344827586,0.020689655172413793,0.14942528735632185
48,79000.0,35300.0,30300.0,266000,40000.0,13400,16,1,5,MONTHLY,HIGH,RETIREMENT,82.0,HIGH,0.2805907172995781,0.4468354430379747,0.16962025316455695,0.04219409282700422
47,79000.0,40100.0,30000.0,1346000,653000.0,8900,3,5,2,RARELY,MEDIUM,SHORT_TERM_GOAL,94.0,HIGH,1.419831223628692,0.5075949367088608,0.11265822784810127,0.6888185654008439
65,86000.0,56600.0,0.0,1324000,944000.0,29700,1,4,4,MONTHLY,HIGH,WEALTH_CREATION,76.0,HIGH,1.2829457364341086,0.6581395348837209,0.3453488372093023,0.9147286821705426
61,63000.0,36600.0,0.0,671000,113000.0,30800,3,3,3,MONTHLY,LOW,RETIREMENT,79.0,HIGH,0.8875661375661376,0.580952380952381,0.4888888888888889,0.14947089947089948
58,134000.0,73900.0,40000.0,1470000,246000.0,20100,11,2,2,MONTHLY,LOW,WEALTH_CREATION,70.0,HIGH,0.914179104477612,0.5514925373134328,0.15,0.15298507462686567
25,93000.0,61600.0,6500.0,3514000,870000.0,24900,2,1,5,MONTHLY,HIGH,EMERGENCY_FUND,73.0,HIGH,3.1487455197132617,0.6623655913978495,0.267741935483871,0.7795698924731183
51,34000.0,23500.0,1900.0,298000,78000.0,8600,5,5,3,MONTHLY,HIGH,WEALTH_CREATION,83.0,HIGH,0.7303921568627451,0.6911764705882353,0.2529411764705882,0.19117647058823528
36,168000.0,129400.0,21600.0,3666000,513000.0,17000,5,2,5,RARELY,LOW,WEALTH_CREATION,73.0,HIGH,1.818452380952381,0.7702380952380953,0.10119047619047619,0.2544642857142857
55,44000.0,36500.0,4100.0,618000,279000.0,3400,11,3,2,MONTHLY,MEDIUM,SHORT_TERM_GOAL,58.0,HIGH,1.1704545454545454,0.8295454545454546,0.07727272727272727,0.5284090909090909
36,51000.0,32300.0,15500.0,191000,29000.0,3200,12,2,1,QUARTERLY,MEDIUM,TAX_SAVING,55.0,MEDIUM,0.31209150326797386,0.6333333333333333,0.06274509803921569,0.04738562091503268
37,28000.0,15500.0,7400.0,33000,9000.0,5100,10,4,2,LUMP_SUM,HIGH,EMERGENCY_FUND,59.0,LOW,0.09821428571428571,0.5535714285714286,0.18214285714285713,0.026785714285714284
47,63000.0,23700.0,11400.0,129000,29000.0,27900,10,1,4,QUARTERLY,MEDIUM,RETIREMENT,56.0,MEDIUM,0.17063492063492064,0.3761904761904762,0.44285714285714284,0.03835978835978836
44,49000.0,11200.0,30300.0,199000,69000.0,7500,12,5,1,RARELY,MEDIUM,SHORT_TERM_GOAL,68.0,HIGH,0.33843537414965985,0.22857142857142856,0.15306122448979592,0.11734693877551021
21,81000.0,31200.0,36600.0,799000,410000.0,13200,6,1,5,RARELY,MEDIUM,EMERGENCY_FUND,66.0,HIGH,0.8220164609053497,0.3851851851851852,0.16296296296296298,0.4218106995884774
64,107000.0,83700.0,0.0,1680000,142000.0,29800,4,1,1,RARELY,MEDIUM,WEALTH_CREATION,52.0,MEDIUM,1.308411214953271,0.7822429906542057,0.27850467289719627,0.11059190031152648
64,59000.0,40500.0,0.0,730000,321000.0,20200,2,1,3,MONTHLY,LOW,WEALTH_CREATION,71.0,HIGH,1.0310734463276836,0.6864406779661016,0.3423728813559322,0.4533898305084746
58,95000.0,78500.0,0.0,888000,51000.0,17400,10,1,3,MONTHLY,HIGH,RETIREMENT,75.0,MEDIUM,0.7789473684210526,0.8263157894736842,0.1831578947368421,0.04473684210526316
27,72000.0,53200.0,11000.0,253000,120000.0,7800,22,5,3,MONTHLY,MEDIUM,RETIREMENT,87.0,HIGH,0.29282407407407407,0.7388888888888889,0.10833333333333334,0.1388888888888889
57,119000.0,84400.0,8700.0,1812000,354000.0,25900,10,1,4,MONTHLY,HIGH,WEALTH_CREATION,71.0,HIGH,1.26890756302521,0.7092436974789916,0.21764705882352942,0.24789915966386555
64,97000.0,68800.0,6100.0,1814000,297000.0,22100,2,5,4,LUMP_SUM,MEDIUM,SHORT_TERM_GOAL,92.0,HIGH,1.5584192439862543,0.709278350515464,0.22783505154639175,0.2551546391752577
54,72000.0,27400.0,12100.0,883000,432000.0,32500,7,3,4,MONTHLY,MEDIUM,TAX_SAVING,73.0,HIGH,1.0219907407407407,0.38055555555555554,0.4513888888888889,0.5
39,38000.0,18400.0,17300.0,98000,40000.0,2300,7,5,1,MONTHLY,MEDIUM,WEALTH_CREATION,73.0,HIGH,0.2149122807017544,0.4842105263157895,0.060526315789473685,0.08771929824561403
43,54000.0,34900.0,7300.0,2069000,393000.0,11800,23,3,2,MONTHLY,HIGH,RETIREMENT,66.0,HIGH,3.192901234567901,0.6462962962962963,0.21851851851851853,0.6064814814814815
52,63000.0,40200.0,19300.0,1572000,316000.0,3500,12,1,5,MONTHLY,LOW,RETIREMENT,79.0,HIGH,2.0793650793650795,0.638095238095238,0.05555555555555555,0.41798941798941797
48,117000.0,107600.0,0.0,1956000,710000.0,27700,18,3,5,LUMP_SUM,MEDIUM,WEALTH_CREATION,96.0,HIGH,1.393162393162393,0.9196581196581196,0.23675213675213674,0.5056980056980057
61,39000.0,21400.0,15400.0,579000,170000.0,2200,18,2,2,MONTHLY,HIGH,WEALTH_CREATION,46.0,HIGH,1.2371794871794872,0.5487179487179488,0.05641025641025641,0.36324786324786323
24,27000.0,13200.0,10200.0,670000,129000.0,3600,1,1,3,LUMP_SUM,MEDIUM,SHORT_TERM_GOAL,43.0,HIGH,2.067901234567901,0.4888888888888889,0.13333333333333333,0.39814814814814814
52,95000.0,61300.0,14400.0,1634000,742000.0,19300,9,1,2,MONTHLY,MEDIUM,WEALTH_CREATION,43.0,HIGH,1.4333333333333333,0.6452631578947369,0.2031578947368421,0.6508771929824562
47,59000.0,14200.0,40500.0,413000,170000.0,4300,11,1,3,MONTHLY,MEDIUM,SHORT_TERM_GOAL,40.0,HIGH,0.5833333333333334,0.24067796610169492,0.07288135593220339,0.2401129943502825
51,85000.0,65300.0,0.0,774000,97000.0,25500,17,2,5,LUMP_SUM,MEDIUM,WEALTH_CREATION,93.0,HIGH,0.7588235294117647,0.768235294117647,0.3,0.09509803921568627
56,41000.0,31500.0,1700.0,1279000,291000.0,7800,15,2,2,QUARTERLY,LOW,WEALTH_CREATION,63.0,HIGH,2.5995934959349594,0.7682926829268293,0.1902439024390244,0.5914634146341463
30,42000.0,23200.0,4500.0,533000,216000.0,14300,5,2,2,MONTHLY,MEDIUM,SHORT_TERM_GOAL,49.0,MEDIUM,1.0575396825396826,0.5523809523809524,0.3404761904761905,0.42857142857142855
55,20000.0,12700.0,1900.0,48000,2000.0,5400,13,2,2,MONTHLY,HIGH,SHORT_TERM_GOAL,49.0,LOW,0.2,0.635,0.27,0.008333333333333333
60,60000.0,23600.0,31600.0,1262000,254000.0,4800,17,2,1,MONTHLY,LOW,WEALTH_CREATION,57.0,HIGH,1.7527777777777778,0.3933333333333333,0.08,0.3527777777777778
23,125000.0,74300.0,30300.0,4983000,806000.0,20400,11,1,1,MONTHLY,LOW,WEALTH_CREATION,65.0,HIGH,3.322,0.5944,0.1632,0.5373333333333333
53,208000.0,155400.0,49600.0,5913000,14000.0,3000,8,1,2,RARELY,MEDIUM,RETIREMENT,41.0,HIGH,2.3689903846153846,0.7471153846153846,0.014423076923076924,0.005608974358974359
39,61000.0,55200.0,0.0,104000,17000.0,10900,6,5,1,RARELY,LOW,SHORT_TERM_GOAL,79.0,LOW,0.14207650273224043,0.9049180327868852,0.17868852459016393,0.023224043715846996
28,150000.0,43800.0,94000.0,834000,139000.0,12200,3,2,1,QUARTERLY,LOW,EMERGENCY_FUND,61.0,MEDIUM,0.4633333333333333,0.292,0.08133333333333333,0.07722222222222222
42,36000.0,27400.0,2600.0,797000,535000.0,6000,15,1,1,LUMP_SUM,HIGH,RETIREMENT,38.0,HIGH,1.8449074074074074,0.7611111111111111,0.16666666666666666,1.2384259259259258
38,94000.0,55000.0,29500.0,810000,360000.0,9500,4,1,3,QUARTERLY,LOW,SHORT_TERM_GOAL,61.0,MEDIUM,0.7180851063829787,0.5851063829787234,0.10106382978723404,0.3191489361702128
34,77000.0,59700.0,0.0,1198000,161000.0,22100,15,2,5,MONTHLY,MEDIUM,WEALTH_CREATION,84.0,HIGH,1.2965367965367964,0.7753246753246753,0.287012987012987,0.17424242424242425
43,81000.0,74500.0,0.0,1106000,385000.0,20800,24,4,2,MONTHLY,MEDIUM,SHORT_TERM_GOAL,64.0,HIGH,1.1378600823045268,0.9197530864197531,0.25679012345679014,0.39609053497942387
58,63000.0,42800.0,14400.0,1076000,445000.0,5800,3,1,1,LUMP_SUM,LOW,EMERGENCY_FUND,72.0,HIGH,1.4232804232804233,0.6793650793650794,0.09206349206349207,0.5886243386243386
48,67000.0,29200.0,9800.0,814000,234000.0,28000,1,1,5,MONTHLY,LOW,TAX_SAVING,58.0,HIGH,1.0124378109452736,0.43582089552238806,0.417910447761194,0.291044776119403
33,70000.0,15900.0,38600.0,449000,261000.0,15500,11,4,3,RARELY,HIGH,RETIREMENT,47.0,MEDIUM,0.5345238095238095,0.22714285714285715,0.22142857142857142,0.3107142857142857
32,67000.0,36200.0,13300.0,662000,230000.0,17500,17,2,3,MONTHLY,MEDIUM,SHORT_TERM_GOAL,54.0,HIGH,0.8233830845771144,0.5402985074626866,0.26119402985074625,0.2860696517412935
64,62000.0,35300.0,6500.0,196000,29000.0,20200,9,1,4,RARELY,HIGH,RETIREMENT,44.0,LOW,0.26344086021505375,0.5693548387096774,0.3258064516129032,0.038978494623655914
41,103000.0,79800.0,0.0,507000,84000.0,28700,5,3,4,MONTHLY,MEDIUM,WEALTH_CREATION,93.0,HIGH,0.41019417475728154,0.7747572815533981,0.27864077669902915,0.06796116504854369
56,62000.0,55300.0,0.0,2013000,388000.0,19900,9,3,2,LUMP_SUM,LOW,WEALTH_CREATION,68.0,HIGH,2.7056451612903225,0.8919354838709678,0.3209677419354839,0.521505376344086
28,174000.0,39800.0,105500.0,491000,77000.0,28700,8,2,1,MONTHLY,LOW,SHORT_TERM_GOAL,46.0,MEDIUM,0.23515325670498086,0.22873563218390805,0.16494252873563217,0.036877394636015325
46,34000.0,17100.0,14900.0,193000,76000.0,2000,2,1,4,MONTHLY,LOW,WEALTH_CREATION,96.0,HIGH,0.4730392156862745,0.5029411764705882,0.058823529411764705,0.18627450980392157
31,20000.0,6000.0,9900.0,101000,7000.0,4100,4,2,3,MONTHLY,LOW,WEALTH_CREATION,78.0,HIGH,0.42083333333333334,0.3,0.205,0.029166666666666667
59,67000.0,27600.0,26800.0,1961000,114000.0,12600,9,2,2,QUARTERLY,HIGH,EMERGENCY_FUND,64.0,HIGH,2.439054726368159,0.41194029850746267,0.1880597014925373,0.1417910447761194
47,42000.0,18300.0,10300.0,189000,97000.0,13400,15,1,3,MONTHLY,HIGH,WEALTH_CREATION,56.0,HIGH,0.375,0.4357142857142857,0.319047619047619,0.19246031746031747
46,44000.0,31500.0,7400.0,327000,91000.0,5100,11,1,4,RARELY,MEDIUM,EMERGENCY_FUND,50.0,MEDIUM,0.6193181818181818,0.7159090909090909,0.1159090909090909,0.17234848484848486
56,181000.0,143500.0,0.0,2404000,1168000.0,46000,13,1,3,LUMP_SUM,HIGH,WEALTH_CREATION,54.0,HIGH,1.1068139963167587,0.7928176795580111,0.2541436464088398,0.5377532228360957
34,81000.0,42400.0,29200.0,940000,184000.0,9400,19,1,2,MONTHLY,MEDIUM,RETIREMENT,46.0,HIGH,0.9670781893004116,0.5234567901234568,0.11604938271604938,0.18930041152263374
47,310000.0,175800.0,117600.0,4960000,1607000.0,16600,19,1,2,MONTHLY,MEDIUM,WEALTH_CREATION,75.0,HIGH,1.3333333333333333,0.5670967741935484,0.053548387096774196,0.431989247311828
31,116000.0,99800.0,14000.0,1970000,582000.0,2200,14,5,3,MONTHLY,MEDIUM,RETIREMENT,86.0,HIGH,1.4152298850574712,0.8603448275862069,0.01896551724137931,0.41810344827586204
65,79000.0,40000.0,22200.0,792000,341000.0,16800,2,4,4,QUARTERLY,MEDIUM,WEALTH_CREATION,86.0,HIGH,0.8354430379746836,0.5063291139240507,0.21265822784810126,0.35970464135021096
49,118000.0,75800.0,7400.0,2188000,573000.0,34800,2,1,2,MONTHLY,MEDIUM,SHORT_TERM_GOAL,51.0,HIGH,1.5451977401129944,0.6423728813559322,0.29491525423728815,0.4046610169491525
32,40000.0,29200.0,10600.0,127000,80000.0,200,5,2,5,LUMP_SUM,HIGH,WEALTH_CREATION,70.0,HIGH,0.26458333333333334,0.73,0.005,0.16666666666666666
24,97000.0,86400.0,0.0,2165000,369000.0,28800,11,1,2,MONTHLY,MEDIUM,SHORT_TERM_GOAL,55.0,HIGH,1.8599656357388317,0.8907216494845361,0.29690721649484536,0.3170103092783505
54,27000.0,14500.0,8200.0,286000,77000.0,4300,8,2,1,MONTHLY,MEDIUM,TAX_SAVING,63.0,HIGH,0.8827160493827161,0.5370370370370371,0.15925925925925927,0.23765432098765432
29,57000.0,29900.0,22200.0,191000,18000.0,4900,4,2,3,QUARTERLY,HIGH,EMERGENCY_FUND,58.0,LOW,0.27923976608187134,0.5245614035087719,0.08596491228070176,0.02631578947368421
54,65000.0,54400.0,2700.0,831000,109000.0,7900,4,1,3,QUARTERLY,MEDIUM,SHORT_TERM_GOAL,65.0,MEDIUM,1.0653846153846154,0.8369230769230769,0.12153846153846154,0.13974358974358975
57,44000.0,31400.0,11800.0,206000,30000.0,800,21,2,2,MONTHLY,HIGH,WEALTH_CREATION,39.0,HIGH,0.39015151515151514,0.7136363636363636,0.01818181818181818,0.056818181818181816
35,137000.0,62000.0,39600.0,2717000,890000.0,35400,15,3,1,QUARTERLY,MEDIUM,TAX_SAVING,41.0,HIGH,1.6526763990267639,0.45255474452554745,0.2583941605839416,0.5413625304136253
54,127000.0,83700.0,34400.0,4088000,2166000.0,8900,17,4,2,QUARTERLY,LOW,TAX_SAVING,78.0,HIGH,2.6824146981627295,0.6590551181102362,0.07007874015748032,1.421259842519685
64,120000.0,43200.0,65800.0,550000,204000.0,11000,3,2,4,MONTHLY,MEDIUM,TAX_SAVING,74.0,HIGH,0.3819444444444444,0.36,0.09166666666666666,0.14166666666666666
62,38000.0,22300.0,12800.0,300000,237000.0,2900,19,4,4,MONTHLY,MEDIUM,EMERGENCY_FUND,100.0,HIGH,0.6578947368421053,0.5868421052631579,0.07631578947368421,0.5197368421052632
63,86000.0,62800.0,22200.0,1075000,710000.0,1000,11,2,1,MONTHLY,MEDIUM,WEALTH_CREATION,51.0,HIGH,1.0416666666666667,0.7302325581395349,0.011627906976744186,0.687984496124031
47,31000.0,12600.0,10900.0,180000,27000.0,7500,7,3,4,RARELY,MEDIUM,RETIREMENT,60.0,HIGH,0.4838709677419355,0.4064516129032258,0.24193548387096775,0.07258064516129033
62,28000.0,19600.0,8300.0,164000,18000.0,100,5,2,1,MONTHLY,LOW,RETIREMENT,64.0,HIGH,0.4880952380952381,0.7,0.0035714285714285713,0.05357142857142857
50,109000.0,67300.0,22400.0,518000,214000.0,19300,16,2,1,QUARTERLY,LOW,EMERGENCY_FUND,57.0,MEDIUM,0.39602446483180426,0.6174311926605505,0.17706422018348625,0.1636085626911315
24,51000.0,33400.0,7900.0,843000,82000.0,9700,9,3,3,QUARTERLY,MEDIUM,RETIREMENT,77.0,HIGH,1.3774509803921569,0.6549019607843137,0.19019607843137254,0.13398692810457516
59,133000.0,113900.0,0.0,2396000,879000.0,21700,6,2,2,LUMP_SUM,HIGH,RETIREMENT,49.0,HIGH,1.5012531328320802,0.856390977443609,0.1631578947368421,0.5507518796992481
65,175000.0,141500.0,0.0,3410000,145000.0,40100,3,2,1,LUMP_SUM,LOW,WEALTH_CREATION,42.0,HIGH,1.6238095238095238,0.8085714285714286,0.22914285714285715,0.06904761904761905
25,42000.0,29500.0,5900.0,1312000,683000.0,6600,5,2,3,MONTHLY,HIGH,WEALTH_CREATION,56.0,HIGH,2.6031746031746033,0.7023809523809523,0.15714285714285714,1.3551587301587302
47,84000.0,70100.0,0.0,1925000,694000.0,27700,15,1,5,QUARTERLY,MEDIUM,EMERGENCY_FUND,69.0,HIGH,1.9097222222222223,0.8345238095238096,0.32976190476190476,0.6884920634920635
43,96000.0,49500.0,31300.0,3039000,1074000.0,15200,7,4,3,MONTHLY,MEDIUM,SHORT_TERM_GOAL,94.0,HIGH,2.6380208333333335,0.515625,0.15833333333333333,0.9322916666666666
48,126000.0,76400.0,0.0,2123000,188000.0,68600,13,3,2,MONTHLY,HIGH,WEALTH_CREATION,53.0,HIGH,1.404100529100529,0.6063492063492063,0.5444444444444444,0.12433862433862433
64,87000.0,51300.0,31000.0,748000,251000.0,4700,4,5,3,QUARTERLY,HIGH,SHORT_TERM_GOAL,75.0,HIGH,0.7164750957854407,0.5896551724137931,0.054022988505747126,0.24042145593869732
44,25000.0,14400.0,9800.0,114000,62000.0,800,12,2,3,QUARTERLY,HIGH,WEALTH_CREATION,50.0,HIGH,0.38,0.576,0.032,0.20666666666666667
63,160000.0,95700.0,32300.0,2737000,1038000.0,32000,17,1,3,LUMP_SUM,MEDIUM,RETIREMENT,68.0,HIGH,1.4255208333333333,0.598125,0.2,0.540625
34,64000.0,38700.0,0.0,3261000,465000.0,26700,4,1,4,QUARTERLY,HIGH,RETIREMENT,47.0,HIGH,4.24609375,0.6046875,0.4171875,0.60546875
48,45000.0,35300.0,5800.0,114000,23000.0,3900,13,2,4,LUMP_SUM,LOW,RETIREMENT,78.0,HIGH,0.2111111111111111,0.7844444444444445,0.08666666666666667,0.04259259259259259
44,93000.0,36600.0,37200.0,315000,77000.0,19200,7,4,1,MONTHLY,HIGH,TAX_SAVING,60.0,MEDIUM,0.28225806451612906,0.3935483870967742,0.2064516129032258,0.06899641577060932
34,138000.0,118600.0,0.0,2843000,631000.0,33700,4,1,5,QUARTERLY,HIGH,EMERGENCY_FUND,56.0,MEDIUM,1.7167874396135265,0.8594202898550725,0.24420289855072463,0.3810386473429952
35,36000.0,14200.0,17300.0,279000,76000.0,4500,19,1,1,MONTHLY,HIGH,TAX_SAVING,41.0,MEDIUM,0.6458333333333334,0.39444444444444443,0.125,0.17592592592592593
37,152000.0,115500.0,6000.0,1708000,323000.0,30500,4,1,5,LUMP_SUM,MEDIUM,RETIREMENT,77.0,HIGH,0.9364035087719298,0.7598684210526315,0.20065789473684212,0.17708333333333334
45,29000.0,20000.0,5200.0,80000,36000.0,3800,10,1,2,MONTHLY,MEDIUM,TAX_SAVING,45.0,LOW,0.22988505747126436,0.6896551724137931,0.1310344827586207,0.10344827586206896
64,175000.0,61100.0,91000.0,779000,163000.0,22900,9,2,2,LUMP_SUM,LOW,EMERGENCY_FUND,61.0,HIGH,0.370952380952381,0.34914285714285714,0.13085714285714287,0.07761904761904762
33,98000.0,66400.0,18700.0,621000,133000.0,12900,14,5,3,QUARTERLY,HIGH,RETIREMENT,79.0,HIGH,0.5280612244897959,0.6775510204081633,0.13163265306122449,0.1130952380952381
28,74000.0,50100.0,4500.0,308000,26000.0,19400,6,1,1,MONTHLY,LOW,RETIREMENT,52.0,MEDIUM,0.34684684684684686,0.677027027027027,0.26216216216216215,0.02927927927927928
22,35000.0,28100.0,0.0,367000,11000.0,8000,3,2,3,QUARTERLY,LOW,WEALTH_CREATION,74.0,HIGH,0.8738095238095238,0.8028571428571428,0.22857142857142856,0.02619047619047619
25,59000.0,40000.0,9800.0,1065000,536000.0,9200,11,2,4,RARELY,MEDIUM,WEALTH_CREATION,71.0,HIGH,1.5042372881355932,0.6779661016949152,0.15593220338983052,0.7570621468926554
60,30000.0,16600.0,10600.0,59000,20000.0,2800,5,1,2,MONTHLY,HIGH,EMERGENCY_FUND,37.0,LOW,0.1638888888888889,0.5533333333333333,0.09333333333333334,0.05555555555555555
25,74000.0,52300.0,17200.0,695000,293000.0,4500,2,5,3,MONTHLY,HIGH,WEALTH_CREATION,88.0,HIGH,0.7826576576576577,0.7067567567567568,0.060810810810810814,0.32995495495495497
42,37000.0,18300.0,15400.0,157000,34000.0,3300,6,3,3,MONTHLY,HIGH,RETIREMENT,68.0,HIGH,0.3536036036036036,0.4945945945945946,0.0891891891891892,0.07657657657657657
46,93000.0,56900.0,24900.0,820000,247000.0,11200,10,2,3,MONTHLY,LOW,TAX_SAVING,87.0,HIGH,0.7347670250896058,0.6118279569892473,0.12043010752688173,0.22132616487455198
23,62000.0,24800.0,28300.0,768000,356000.0,8900,7,2,4,RARELY,MEDIUM,EMERGENCY_FUND,41.0,HIGH,1.032258064516129,0.4,0.1435483870967742,0.478494623655914
21,99000.0,58000.0,31700.0,1687000,51000.0,9300,5,1,2,QUARTERLY,MEDIUM,SHORT_TERM_GOAL,58.0,HIGH,1.42003367003367,0.5858585858585859,0.09393939393939393,0.04292929292929293
61,74000.0,44900.0,13500.0,611000,67000.0,15600,3,3,1,LUMP_SUM,LOW,RETIREMENT,68.0,HIGH,0.6880630630630631,0.6067567567567568,0.21081081081081082,0.07545045045045046
62,68000.0,33800.0,31600.0,478000,75000.0,2600,13,2,1,MONTHLY,LOW,TAX_SAVING,64.0,HIGH,0.5857843137254902,0.4970588235294118,0.03823529411764706,0.09191176470588236
44,62000.0,42000.0,12400.0,1406000,529000.0,7600,21,4,3,RARELY,MEDIUM,TAX_SAVING,59.0,HIGH,1.8897849462365592,0.6774193548387096,0.12258064516129032,0.7110215053763441
29,254000.0,188600.0,24900.0,2555000,1222000.0,40500,21,2,1,MONTHLY,LOW,TAX_SAVING,58.0,HIGH,0.838254593175853,0.74251968503937,0.1594488188976378,0.40091863517060367
28,110000.0,54100.0,50100.0,1400000,154000.0,5800,14,1,3,QUARTERLY,HIGH,SHORT_TERM_GOAL,32.0,HIGH,1.0606060606060606,0.4918181818181818,0.05272727272727273,0.11666666666666667
23,91000.0,72800.0,0.0,152000,95000.0,22900,8,1,4,LUMP_SUM,MEDIUM,RETIREMENT,49.0,MEDIUM,0.1391941391941392,0.8,0.25164835164835164,0.08699633699633699
25,82000.0,66400.0,0.0,1562000,354000.0,19000,1,2,5,RARELY,HIGH,WEALTH_CREATION,53.0,HIGH,1.5873983739837398,0.8097560975609757,0.23170731707317074,0.3597560975609756
34,71000.0,56900.0,0.0,1521000,423000.0,20900,4,3,2,RARELY,HIGH,RETIREMENT,59.0,HIGH,1.7852112676056338,0.8014084507042254,0.2943661971830986,0.4964788732394366
61,85000.0,58100.0,8300.0,1659000,367000.0,18600,13,1,2,LUMP_SUM,LOW,WEALTH_CREATION,56.0,HIGH,1.6264705882352941,0.6835294117647058,0.2188235294117647,0.35980392156862745
38,44000.0,27200.0,0.0,341000,15000.0,17200,15,3,1,MONTHLY,LOW,SHORT_TERM_GOAL,59.0,LOW,0.6458333333333334,0.6181818181818182,0.39090909090909093,0.028409090909090908
31,61000.0,43100.0,11800.0,540000,190000.0,6100,3,2,3,LUMP_SUM,LOW,SHORT_TERM_GOAL,57.0,MEDIUM,0.7377049180327869,0.7065573770491803,0.1,0.25956284153005466
35,69000.0,37800.0,23000.0,755000,253000.0,8200,11,1,5,RARELY,LOW,RETIREMENT,82.0,HIGH,0.9118357487922706,0.5478260869565217,0.11884057971014493,0.3055555555555556
34,46000.0,30800.0,6100.0,350000,129000.0,9100,8,5,2,MONTHLY,LOW,EMERGENCY_FUND,82.0,MEDIUM,0.6340579710144928,0.6695652173913044,0.19782608695652174,0.23369565217391305
35,52000.0,38200.0,6800.0,1075000,117000.0,7000,3,2,3,QUARTERLY,MEDIUM,RETIREMENT,68.0,HIGH,1.7227564102564104,0.7346153846153847,0.1346153846153846,0.1875
32,51000.0,24400.0,16500.0,283000,10000.0,10100,1,2,2,RARELY,MEDIUM,RETIREMENT,47.0,LOW,0.4624183006535948,0.47843137254901963,0.1980392156862745,0.016339869281045753
53,35000.0,29000.0,0.0,312000,49000.0,8500,4,3,1,QUARTERLY,LOW,SHORT_TERM_GOAL,68.0,MEDIUM,0.7428571428571429,0.8285714285714286,0.24285714285714285,0.11666666666666667
54,34000.0,26500.0,1000.0,619000,136000.0,6500,11,3,2,RARELY,LOW,RETIREMENT,78.0,HIGH,1.517156862745098,0.7794117647058824,0.19117647058823528,0.3333333333333333
31,95000.0,81400.0,2500.0,797000,122000.0,11100,4,2,3,MONTHLY,LOW,RETIREMENT,77.0,HIGH,0.6991228070175438,0.8568421052631578,0.1168421052631579,0.10701754385964912
65,91000.0,41600.0,14300.0,2194000,1303000.0,35100,9,4,1,MONTHLY,MEDIUM,WEALTH_CREATION,60.0,HIGH,2.009157509157509,0.45714285714285713,0.38571428571428573,1.1932234432234432
62,48000.0,25800.0,5000.0,465000,212000.0,17200,10,5,3,MONTHLY,MEDIUM,TAX_SAVING,82.0,HIGH,0.8072916666666666,0.5375,0.35833333333333334,0.3680555555555556
33,60000.0,17200.0,9800.0,276000,1000.0,33000,1,1,3,QUARTERLY,MEDIUM,EMERGENCY_FUND,47.0,LOW,0.38333333333333336,0.2866666666666667,0.55,0.001388888888888889
25,59000.0,37600.0,21100.0,572000,33000.0,300,8,2,2,MONTHLY,MEDIUM,EMERGENCY_FUND,49.0,HIGH,0.807909604519774,0.6372881355932203,0.005084745762711864,0.046610169491525424
50,65000.0,51800.0,0.0,377000,46000.0,17700,6,1,4,MONTHLY,MEDIUM,RETIREMENT,56.0,MEDIUM,0.48333333333333334,0.796923076923077,0.2723076923076923,0.05897435897435897
34,88000.0,75600.0,0.0,1162000,307000.0,19700,14,4,1,QUARTERLY,LOW,WEALTH_CREATION,71.0,HIGH,1.1003787878787878,0.8590909090909091,0.22386363636363638,0.29071969696969696
28,78000.0,53400.0,12600.0,622000,327000.0,12000,3,3,5,RARELY,HIGH,SHORT_TERM_GOAL,67.0,MEDIUM,0.6645299145299145,0.6846153846153846,0.15384615384615385,0.34935897435897434
44,23000.0,12400.0,10300.0,313000,180000.0,300,16,3,3,QUARTERLY,HIGH,RETIREMENT,68.0,HIGH,1.1340579710144927,0.5391304347826087,0.013043478260869565,0.6521739130434783
61,30000.0,19100.0,7600.0,127000,14000.0,3300,1,1,3,RARELY,LOW,WEALTH_CREATION,51.0,MEDIUM,0.3527777777777778,0.6366666666666667,0.11,0.03888888888888889
34,20000.0,9700.0,4600.0,612000,299000.0,5700,20,2,4,RARELY,MEDIUM,WEALTH_CREATION,79.0,HIGH,2.55,0.485,0.285,1.2458333333333333
24,50000.0,27500.0,11500.0,435000,244000.0,11000,4,2,3,MONTHLY,MEDIUM,RETIREMENT,63.0,HIGH,0.725,0.55,0.22,0.4066666666666667
28,76000.0,33800.0,28200.0,351000,88000.0,14000,4,1,3,MONTHLY,MEDIUM,RETIREMENT,42.0,MEDIUM,0.3848684210526316,0.44473684210526315,0.18421052631578946,0.09649122807017543
58,29000.0,20400.0,2100.0,109000,11000.0,6500,13,3,3,LUMP_SUM,HIGH,WEALTH_CREATION,61.0,HIGH,0.3132183908045977,0.7034482758620689,0.22413793103448276,0.031609195402298854
49,40000.0,22700.0,8900.0,453000,178000.0,8400,15,1,3,RARELY,HIGH,WEALTH_CREATION,45.0,HIGH,0.94375,0.5675,0.21,0.37083333333333335
59,74000.0,59100.0,0.0,2041000,117000.0,20400,15,3,5,MONTHLY,HIGH,EMERGENCY_FUND,100.0,HIGH,2.2984234234234235,0.7986486486486486,0.2756756756756757,0.13175675675675674
51,85000.0,46600.0,28600.0,904000,135000.0,9800,1,4,4,LUMP_SUM,MEDIUM,EMERGENCY_FUND,77.0,HIGH,0.8862745098039215,0.548235294117647,0.11529411764705882,0.1323529411764706
33,21000.0,13300.0,1900.0,174000,6000.0,5800,21,1,2,QUARTERLY,MEDIUM,WEALTH_CREATION,57.0,HIGH,0.6904761904761905,0.6333333333333333,0.2761904761904762,0.023809523809523808
31,26000.0,17700.0,5300.0,324000,118000.0,3000,5,1,2,QUARTERLY,MEDIUM,TAX_SAVING,50.0,HIGH,1.0384615384615385,0.6807692307692308,0.11538461538461539,0.3782051282051282
31,102000.0,64800.0,30700.0,742000,309000.0,6500,16,3,1,MONTHLY,HIGH,SHORT_TERM_GOAL,38.0,MEDIUM,0.6062091503267973,0.6352941176470588,0.06372549019607843,0.25245098039215685
36,45000.0,26300.0,16900.0,1206000,685000.0,1800,3,2,1,LUMP_SUM,HIGH,RETIREMENT,45.0,HIGH,2.2333333333333334,0.5844444444444444,0.04,1.2685185185185186
47,57000.0,41000.0,8500.0,549000,17000.0,7500,13,1,5,MONTHLY,LOW,WEALTH_CREATION,79.0,HIGH,0.8026315789473685,0.7192982456140351,0.13157894736842105,0.024853801169590642
59,96000.0,38700.0,14200.0,718000,262000.0,43100,9,4,4,LUMP_SUM,MEDIUM,SHORT_TERM_GOAL,85.0,HIGH,0.6232638888888888,0.403125,0.44895833333333335,0.22743055555555555
53,32000.0,24200.0,0.0,1158000,205000.0,14300,17,1,2,LUMP_SUM,MEDIUM,WEALTH_CREATION,46.0,HIGH,3.015625,0.75625,0.446875,0.5338541666666666
25,36000.0,30300.0,900.0,737000,69000.0,4800,14,3,2,RARELY,LOW,WEALTH_CREATION,66.0,HIGH,1.7060185185185186,0.8416666666666667,0.13333333333333333,0.1597222222222222
24,72000.0,60200.0,9400.0,1099000,31000.0,2400,3,1,3,RARELY,LOW,SHORT_TERM_GOAL,49.0,LOW,1.2719907407407407,0.8361111111111111,0.03333333333333333,0.03587962962962963
44,93000.0,68200.0,7400.0,1163000,573000.0,17400,14,1,1,LUMP_SUM,LOW,RETIREMENT,56.0,HIGH,1.0421146953405018,0.7333333333333333,0.1870967741935484,0.5134408602150538
56,32000.0,19300.0,4400.0,490000,254000.0,8300,3,3,1,QUARTERLY,MEDIUM,RETIREMENT,47.0,MEDIUM,1.2760416666666667,0.603125,0.259375,0.6614583333333334
64,68000.0,46600.0,19600.0,300000,176000.0,1800,9,3,3,QUARTERLY,HIGH,WEALTH_CREATION,51.0,MEDIUM,0.36764705882352944,0.6852941176470588,0.026470588235294117,0.21568627450980393
63,33000.0,15300.0,16100.0,50000,6000.0,1600,19,1,5,MONTHLY,LOW,WEALTH_CREATION,76.0,HIGH,0.12626262626262627,0.4636363636363636,0.048484848484848485,0.015151515151515152
38,27000.0,13000.0,12800.0,74000,33000.0,1200,12,3,4,QUARTERLY,MEDIUM,SHORT_TERM_GOAL,71.0,HIGH,0.22839506172839505,0.48148148148148145,0.044444444444444446,0.10185185185185185
61,101000.0,58400.0,18700.0,562000,83000.0,23900,2,3,5,LUMP_SUM,LOW,WEALTH_CREATION,91.0,HIGH,0.4636963696369637,0.5782178217821782,0.23663366336633662,0.06848184818481848
54,49000.0,35900.0,11300.0,1019000,738000.0,1800,9,3,1,QUARTERLY,LOW,SHORT_TERM_GOAL,75.0,HIGH,1.7329931972789117,0.7326530612244898,0.036734693877551024,1.2551020408163265
37,158000.0,143600.0,0.0,1367000,38000.0,14900,15,4,4,LUMP_SUM,MEDIUM,RETIREMENT,84.0,HIGH,0.7209915611814346,0.9088607594936708,0.09430379746835443,0.020042194092827006
38,51000.0,25000.0,11000.0,1877000,216000.0,15000,4,2,3,MONTHLY,HIGH,EMERGENCY_FUND,63.0,HIGH,3.066993464052288,0.49019607843137253,0.29411764705882354,0.35294117647058826
58,99000.0,36300.0,16700.0,1022000,551000.0,46000,3,4,1,QUARTERLY,MEDIUM,WEALTH_CREATION,64.0,HIGH,0.8602693602693603,0.36666666666666664,0.46464646464646464,0.46380471380471383
22,63000.0,32600.0,15900.0,205000,94000.0,14500,2,5,2,MONTHLY,HIGH,RETIREMENT,78.0,HIGH,0.27116402116402116,0.5174603174603175,0.23015873015873015,0.12433862433862433
32,242000.0,187200.0,14300.0,1978000,964000.0,40500,12,3,4,MONTHLY,LOW,RETIREMENT,97.0,HIGH,0.681129476584022,0.7735537190082644,0.16735537190082644,0.3319559228650138
35,143000.0,99100.0,36900.0,33000,1000.0,7000,7,2,2,MONTHLY,LOW,WEALTH_CREATION,65.0,HIGH,0.019230769230769232,0.693006993006993,0.04895104895104895,0.0005827505827505828
62,62000.0,41700.0,7700.0,1155000,121000.0,12600,16,2,3,MONTHLY,MEDIUM,SHORT_TERM_GOAL,63.0,HIGH,1.5524193548387097,0.6725806451612903,0.2032258064516129,0.16263440860215053
49,157000.0,115500.0,17100.0,2524000,1131000.0,24400,11,1,3,RARELY,LOW,TAX_SAVING,44.0,HIGH,1.3397027600849256,0.7356687898089171,0.1554140127388535,0.6003184713375797
62,25000.0,16000.0,5900.0,64000,21000.0,3100,21,2,4,LUMP_SUM,MEDIUM,WEALTH_CREATION,73.0,HIGH,0.21333333333333335,0.64,0.124,0.07
39,142000.0,34600.0,94400.0,1147000,63000.0,13000,8,1,2,RARELY,LOW,WEALTH_CREATION,37.0,HIGH,0.6731220657276995,0.24366197183098592,0.09154929577464789,0.03697183098591549
54,65000.0,41700.0,0.0,742000,58000.0,35700,9,3,2,QUARTERLY,MEDIUM,WEALTH_CREATION,61.0,MEDIUM,0.9512820512820512,0.6415384615384615,0.5492307692307692,0.07435897435897436
46,73000.0,42700.0,8800.0,831000,92000.0,21500,7,4,2,RARELY,LOW,RETIREMENT,72.0,HIGH,0.9486301369863014,0.584931506849315,0.2945205479452055,0.1050228310502283
56,125000.0,102500.0,0.0,1753000,259000.0,26600,3,3,2,RARELY,MEDIUM,EMERGENCY_FUND,62.0,LOW,1.1686666666666667,0.82,0.2128,0.17266666666666666
58,37000.0,25400.0,6500.0,266000,76000.0,5100,12,3,5,QUARTERLY,MEDIUM,RETIREMENT,88.0,HIGH,0.5990990990990991,0.6864864864864865,0.13783783783783785,0.17117117117117117
55,79000.0,48200.0,16500.0,688000,48000.0,14300,6,1,5,LUMP_SUM,MEDIUM,RETIREMENT,74.0,HIGH,0.7257383966244726,0.610126582278481,0.1810126582278481,0.05063291139240506
44,100000.0,37200.0,49800.0,247000,21000.0,13000,11,4,3,RARELY,MEDIUM,TAX_SAVING,74.0,HIGH,0.20583333333333334,0.372,0.13,0.0175
37,121000.0,68900.0,37700.0,1254000,195000.0,14400,4,2,5,MONTHLY,HIGH,WEALTH_CREATION,79.0,HIGH,0.8636363636363636,0.5694214876033058,0.11900826446280992,0.13429752066115702
55,73000.0,42000.0,20000.0,550000,25000.0,11000,5,4,3,QUARTERLY,HIGH,RETIREMENT,71.0,HIGH,0.6278538812785388,0.5753424657534246,0.1506849315068493,0.028538812785388126
45,53000.0,30100.0,14300.0,655000,49000.0,8600,12,1,2,MONTHLY,MEDIUM,RETIREMENT,44.0,HIGH,1.029874213836478,0.5679245283018868,0.16226415094339622,0.0770440251572327
51,117000.0,57800.0,52300.0,227000,10000.0,6900,3,4,3,MONTHLY,MEDIUM,WEALTH_CREATION,73.0,HIGH,0.16168091168091167,0.49401709401709404,0.05897435897435897,0.007122507122507123
65,25000.0,16600.0,4500.0,110000,24000.0,3900,16,4,3,MONTHLY,MEDIUM,EMERGENCY_FUND,84.0,HIGH,0.36666666666666664,0.664,0.156,0.08
45,33000.0,28200.0,0.0,148000,45000.0,5900,7,5,5,LUMP_SUM,MEDIUM,TAX_SAVING,90.0,HIGH,0.37373737373737376,0.8545454545454545,0.1787878787878788,0.11363636363636363
27,76000.0,29200.0,15600.0,1162000,739000.0,31200,9,3,1,MONTHLY,MEDIUM,EMERGENCY_FUND,48.0,HIGH,1.2741228070175439,0.38421052631578945,0.4105263157894737,0.8103070175438597
65,37000.0,22300.0,1600.0,721000,125000.0,13100,10,1,1,RARELY,MEDIUM,TAX_SAVING,46.0,MEDIUM,1.6238738738738738,0.6027027027027027,0.35405405405405405,0.28153153153153154
43,265000.0,53900.0,181400.0,158000,33000.0,29700,10,1,5,RARELY,HIGH,SHORT_TERM_GOAL,53.0,MEDIUM,0.04968553459119497,0.20339622641509433,0.1120754716981132,0.010377358490566037
65,71000.0,42500.0,24300.0,351000,45000.0,4200,4,2,1,MONTHLY,HIGH,WEALTH_CREATION,45.0,MEDIUM,0.4119718309859155,0.5985915492957746,0.059154929577464786,0.0528169014084507
62,62000.0,29100.0,2500.0,2003000,647000.0,30400,4,2,5,RARELY,HIGH,RETIREMENT,60.0,HIGH,2.692204301075269,0.4693548387096774,0.49032258064516127,0.8696236559139785
55,385000.0,328100.0,46100.0,7146000,232000.0,10800,5,4,3,MONTHLY,LOW,SHORT_TERM_GOAL,99.0,HIGH,1.5467532467532468,0.8522077922077922,0.028051948051948054,0.050216450216450215
62,112000.0,22400.0,72800.0,441000,96000.0,16800,5,5,3,MONTHLY,LOW,WEALTH_CREATION,93.0,HIGH,0.328125,0.2,0.15,0.07142857142857142
37,54000.0,30700.0,16300.0,353000,42000.0,7000,5,3,2,MONTHLY,LOW,TAX_SAVING,88.0,HIGH,0.5447530864197531,0.5685185185185185,0.12962962962962962,0.06481481481481481
25,69000.0,47200.0,5200.0,725000,197000.0,16600,2,1,4,LUMP_SUM,MEDIUM,TAX_SAVING,48.0,LOW,0.8756038647342995,0.6840579710144927,0.24057971014492754,0.23792270531400966
50,82000.0,57100.0,6100.0,2640000,772000.0,18800,4,2,4,MONTHLY,HIGH,WEALTH_CREATION,67.0,HIGH,2.682926829268293,0.6963414634146341,0.22926829268292684,0.7845528455284553
45,97000.0,39900.0,32200.0,1746000,506000.0,24900,13,2,1,MONTHLY,LOW,TAX_SAVING,57.0,HIGH,1.5,0.411340206185567,0.256701030927835,0.43470790378006874
25,132000.0,76500.0,0.0,1402000,194000.0,61100,13,1,2,MONTHLY,HIGH,SHORT_TERM_GOAL,44.0,LOW,0.88510101010101,0.5795454545454546,0.4628787878787879,0.12247474747474747
57,34000.0,23200.0,6000.0,138000,41000.0,4800,23,1,4,MONTHLY,HIGH,TAX_SAVING,73.0,HIGH,0.3382352941176471,0.6823529411764706,0.1411764705882353,0.10049019607843138
39,27000.0,18500.0,5000.0,163000,75000.0,3500,2,3,1,MONTHLY,MEDIUM,SHORT_TERM_GOAL,63.0,MEDIUM,0.5030864197530864,0.6851851851851852,0.12962962962962962,0.23148148148148148
25,33000.0,21700.0,0.0,313000,84000.0,12900,3,3,2,MONTHLY,MEDIUM,WEALTH_CREATION,73.0,MEDIUM,0.7904040404040404,0.6575757575757576,0.39090909090909093,0.21212121212121213
52,39000.0,23700.0,1200.0,813000,96000.0,14100,3,1,4,MONTHLY,HIGH,WEALTH_CREATION,55.0,HIGH,1.7371794871794872,0.6076923076923076,0.36153846153846153,0.20512820512820512
31,32000.0,25400.0,4300.0,246000,70000.0,2300,8,3,2,LUMP_SUM,HIGH,TAX_SAVING,57.0,HIGH,0.640625,0.79375,0.071875,0.18229166666666666
43,54000.0,30800.0,10400.0,1325000,982000.0,12800,12,2,5,RARELY,HIGH,SHORT_TERM_GOAL,61.0,HIGH,2.044753086419753,0.5703703703703704,0.23703703703703705,1.5154320987654322
29,57000.0,35600.0,5400.0,720000,147000.0,16000,8,3,3,LUMP_SUM,MEDIUM,WEALTH_CREATION,87.0,HIGH,1.0526315789473684,0.624561403508772,0.2807017543859649,0.2149122807017544
52,84000.0,56200.0,14800.0,2485000,453000.0,13000,13,1,1,LUMP_SUM,HIGH,EMERGENCY_FUND,37.0,HIGH,2.4652777777777777,0.669047619047619,0.15476190476190477,0.4494047619047619
24,59000.0,35900.0,18100.0,21000,8000.0,5000,13,1,2,MONTHLY,LOW,WEALTH_CREATION,59.0,HIGH,0.029661016949152543,0.6084745762711864,0.0847457627118644,0.011299435028248588
27,39000.0,27700.0,1900.0,781000,313000.0,9400,3,1,2,LUMP_SUM,MEDIUM,RETIREMENT,45.0,MEDIUM,1.6688034188034189,0.7102564102564103,0.24102564102564103,0.6688034188034188
65,68000.0,30000.0,14000.0,1524000,448000.0,24000,6,4,1,MONTHLY,MEDIUM,WEALTH_CREATION,76.0,HIGH,1.8676470588235294,0.4411764705882353,0.35294117647058826,0.5490196078431373
36,57000.0,52400.0,0.0,918000,264000.0,18400,11,2,4,RARELY,LOW,EMERGENCY_FUND,64.0,HIGH,1.3421052631578947,0.9192982456140351,0.32280701754385965,0.38596491228070173
53,42000.0,31200.0,5600.0,598000,232000.0,5200,5,3,2,QUARTERLY,LOW,WEALTH_CREATION,66.0,HIGH,1.1865079365079365,0.7428571428571429,0.12380952380952381,0.4603174603174603
39,39000.0,28900.0,0.0,892000,292000.0,13000,4,4,3,QUARTERLY,LOW,TAX_SAVING,91.0,HIGH,1.9059829059829059,0.7410256410256411,0.3333333333333333,0.6239316239316239
33,141000.0,90200.0,0.0,2925000,1625000.0,54100,9,3,2,QUARTERLY,MEDIUM,WEALTH_CREATION,64.0,HIGH,1.7287234042553192,0.6397163120567376,0.38368794326241135,0.960401891252955
51,43000.0,25200.0,10700.0,317000,68000.0,7100,5,3,1,QUARTERLY,HIGH,SHORT_TERM_GOAL,45.0,LOW,0.6143410852713178,0.586046511627907,0.16511627906976745,0.13178294573643412
56,81000.0,58500.0,16200.0,426000,113000.0,6300,4,3,4,LUMP_SUM,LOW,EMERGENCY_FUND,75.0,HIGH,0.4382716049382716,0.7222222222222222,0.07777777777777778,0.11625514403292181
32,24000.0,7100.0,14300.0,173000,7000.0,2600,13,5,1,MONTHLY,MEDIUM,EMERGENCY_FUND,84.0,HIGH,0.6006944444444444,0.29583333333333334,0.10833333333333334,0.024305555555555556
61,54000.0,49600.0,0.0,903000,88000.0,11900,16,2,2,RARELY,MEDIUM,SHORT_TERM_GOAL,40.0,HIGH,1.3935185185185186,0.9185185185185185,0.22037037037037038,0.13580246913580246
25,88000.0,62900.0,4700.0,1121000,225000.0,20400,17,1,5,LUMP_SUM,MEDIUM,WEALTH_CREATION,68.0,HIGH,1.0615530303030303,0.7147727272727272,0.2318181818181818,0.21306818181818182
23,39000.0,24700.0,1600.0,204000,49000.0,12700,4,2,4,LUMP_SUM,HIGH,WEALTH_CREATION,64.0,MEDIUM,0.4358974358974359,0.6333333333333333,0.32564102564102565,0.1047008547008547
25,204000.0,143900.0,51600.0,1944000,164000.0,8500,3,1,2,LUMP_SUM,LOW,RETIREMENT,52.0,MEDIUM,0.7941176470588235,0.7053921568627451,0.041666666666666664,0.06699346405228758
41,31000.0,18400.0,4400.0,237000,38000.0,8200,5,1,1,MONTHLY,LOW,WEALTH_CREATION,49.0,MEDIUM,0.6370967741935484,0.5935483870967742,0.2645161290322581,0.10215053763440861
45,84000.0,47900.0,27400.0,2301000,23000.0,8700,20,2,1,LUMP_SUM,MEDIUM,RETIREMENT,31.0,HIGH,2.2827380952380953,0.5702380952380952,0.10357142857142858,0.022817460317460316
49,20000.0,13200.0,1600.0,123000,24000.0,5200,7,2,2,RARELY,HIGH,RETIREMENT,43.0,LOW,0.5125,0.66,0.26,0.1
58,117000.0,73100.0,0.0,4575000,934000.0,61600,20,1,4,MONTHLY,HIGH,EMERGENCY_FUND,62.0,HIGH,3.2585470085470085,0.6247863247863248,0.5264957264957265,0.6652421652421653
40,92000.0,73400.0,0.0,827000,462000.0,20100,11,2,3,LUMP_SUM,MEDIUM,SHORT_TERM_GOAL,73.0,LOW,0.7490942028985508,0.7978260869565217,0.2184782608695652,0.41847826086956524
56,27000.0,22500.0,0.0,404000,56000.0,5500,8,2,5,MONTHLY,LOW,TAX_SAVING,100.0,HIGH,1.2469135802469136,0.8333333333333334,0.2037037037037037,0.1728395061728395
65,102000.0,78300.0,0.0,905000,60000.0,28700,3,3,2,MONTHLY,LOW,TAX_SAVING,78.0,MEDIUM,0.7393790849673203,0.7676470588235295,0.28137254901960784,0.049019607843137254
64,101000.0,78700.0,6200.0,2083000,1218000.0,16100,4,3,2,QUARTERLY,MEDIUM,WEALTH_CREATION,63.0,HIGH,1.7186468646864685,0.7792079207920792,0.1594059405940594,1.004950495049505
62,150000.0,116600.0,0.0,4275000,214000.0,82500,6,3,3,QUARTERLY,LOW,SHORT_TERM_GOAL,98.0,HIGH,2.375,0.7773333333333333,0.55,0.11888888888888889
39,54000.0,27100.0,23300.0,207000,6000.0,3600,8,3,5,QUARTERLY,MEDIUM,RETIREMENT,83.0,HIGH,0.3194444444444444,0.5018518518518519,0.06666666666666667,0.009259259259259259
36,61000.0,35900.0,0.0,125000,11000.0,26100,17,1,3,LUMP_SUM,MEDIUM,WEALTH_CREATION,58.0,MEDIUM,0.17076502732240437,0.5885245901639344,0.4278688524590164,0.015027322404371584
55,38000.0,27400.0,1500.0,495000,60000.0,9100,5,1,2,MONTHLY,MEDIUM,SHORT_TERM_GOAL,54.0,LOW,1.0855263157894737,0.7210526315789474,0.2394736842105263,0.13157894736842105
29,65000.0,54000.0,0.0,141000,1000.0,11900,18,3,2,QUARTERLY,MEDIUM,TAX_SAVING,57.0,HIGH,0.18076923076923077,0.8307692307692308,0.18307692307692308,0.001282051282051282
55,103000.0,76400.0,600.0,802000,211000.0,26000,7,3,1,MONTHLY,MEDIUM,EMERGENCY_FUND,56.0,LOW,0.6488673139158576,0.7417475728155339,0.2524271844660194,0.17071197411003236
22,33000.0,22300.0,0.0,1048000,404000.0,15700,10,4,4,QUARTERLY,MEDIUM,RETIREMENT,82.0,HIGH,2.6464646464646466,0.6757575757575758,0.47575757575757577,1.02020202020202
60,72000.0,50000.0,0.0,1394000,380000.0,32800,13,4,3,LUMP_SUM,HIGH,RETIREMENT,82.0,HIGH,1.6134259259259258,0.6944444444444444,0.45555555555555555,0.4398148148148148
24,67000.0,39200.0,21500.0,1154000,110000.0,6300,9,3,1,MONTHLY,MEDIUM,SHORT_TERM_GOAL,65.0,HIGH,1.435323383084577,0.5850746268656717,0.09402985074626866,0.13681592039800994
31,64000.0,49800.0,2100.0,1247000,88000.0,12100,6,1,3,QUARTERLY,MEDIUM,EMERGENCY_FUND,38.0,HIGH,1.6236979166666667,0.778125,0.1890625,0.11458333333333333
40,115000.0,58300.0,54500.0,987000,331000.0,2200,25,1,3,RARELY,LOW,EMERGENCY_FUND,63.0,MEDIUM,0.7152173913043478,0.5069565217391304,0.019130434782608695,0.2398550724637681
32,121000.0,76300.0,10200.0,2130000,568000.0,34500,8,5,1,MONTHLY,HIGH,TAX_SAVING,73.0,HIGH,1.4669421487603307,0.6305785123966943,0.28512396694214875,0.39118457300275483
38,74000.0,68000.0,0.0,1203000,127000.0,10800,8,1,4,QUARTERLY,HIGH,WEALTH_CREATION,55.0,HIGH,1.3547297297297298,0.918918918918919,0.14594594594594595,0.14301801801801803
53,58000.0,35800.0,9900.0,166000,24000.0,12300,14,1,2,MONTHLY,MEDIUM,RETIREMENT,53.0,MEDIUM,0.23850574712643677,0.6172413793103448,0.2120689655172414,0.034482758620689655
53,49000.0,19500.0,22700.0,362000,167000.0,6800,14,2,2,RARELY,LOW,EMERGENCY_FUND,50.0,HIGH,0.6156462585034014,0.3979591836734694,0.13877551020408163,0.28401360544217685
64,67000.0,47100.0,8200.0,498000,166000.0,11700,2,1,5,LUMP_SUM,MEDIUM,WEALTH_CREATION,62.0,HIGH,0.6194029850746269,0.7029850746268657,0.1746268656716418,0.2064676616915423
21,116000.0,85700.0,0.0,3935000,341000.0,46400,6,2,4,MONTHLY,HIGH,WEALTH_CREATION,69.0,HIGH,2.826867816091954,0.7387931034482759,0.4,0.2449712643678161
53,42000.0,21600.0,7300.0,466000,75000.0,13100,11,3,4,MONTHLY,HIGH,EMERGENCY_FUND,69.0,MEDIUM,0.9246031746031746,0.5142857142857142,0.3119047619047619,0.1488095238095238
59,37000.0,24900.0,7800.0,173000,48000.0,4300,4,3,3,MONTHLY,LOW,EMERGENCY_FUND,73.0,MEDIUM,0.38963963963963966,0.672972972972973,0.11621621621621622,0.10810810810810811
36,70000.0,48200.0,16700.0,1868000,20000.0,5100,13,3,4,QUARTERLY,MEDIUM,RETIREMENT,75.0,HIGH,2.223809523809524,0.6885714285714286,0.07285714285714286,0.023809523809523808
37,37000.0,24100.0,5500.0,464000,56000.0,7400,3,3,2,RARELY,HIGH,WEALTH_CREATION,39.0,MEDIUM,1.045045045045045,0.6513513513513514,0.2,0.12612612612612611
25,34000.0,31200.0,0.0,259000,90000.0,8600,11,2,4,MONTHLY,HIGH,WEALTH_CREATION,64.0,HIGH,0.6348039215686274,0.9176470588235294,0.2529411764705882,0.22058823529411764
57,32000.0,23200.0,400.0,383000,124000.0,8400,2,2,2,MONTHLY,HIGH,SHORT_TERM_GOAL,50.0,LOW,0.9973958333333334,0.725,0.2625,0.3229166666666667
22,92000.0,57500.0,13700.0,1150000,576000.0,20800,24,4,5,QUARTERLY,HIGH,WEALTH_CREATION,80.0,HIGH,1.0416666666666667,0.625,0.22608695652173913,0.5217391304347826
21,63000.0,45000.0,0.0,531000,134000.0,18800,16,5,2,LUMP_SUM,HIGH,EMERGENCY_FUND,78.0,HIGH,0.7023809523809523,0.7142857142857143,0.2984126984126984,0.17724867724867724
23,37000.0,21000.0,6700.0,682000,218000.0,9300,2,3,1,MONTHLY,MEDIUM,WEALTH_CREATION,70.0,HIGH,1.5360360360360361,0.5675675675675675,0.25135135135135134,0.49099099099099097
25,44000.0,25800.0,8400.0,514000,252000.0,9800,4,3,4,RARELY,MEDIUM,WEALTH_CREATION,55.0,HIGH,0.9734848484848485,0.5863636363636363,0.22272727272727272,0.4772727272727273
22,47000.0,22100.0,14500.0,1007000,168000.0,10400,10,1,3,RARELY,MEDIUM,EMERGENCY_FUND,54.0,HIGH,1.7854609929078014,0.4702127659574468,0.22127659574468084,0.2978723404255319
63,56000.0,42700.0,9800.0,278000,47000.0,3500,16,1,2,MONTHLY,MEDIUM,EMERGENCY_FUND,65.0,MEDIUM,0.41369047619047616,0.7625,0.0625,0.06994047619047619
40,65000.0,13000.0,48800.0,132000,19000.0,3200,2,4,2,RARELY,MEDIUM,SHORT_TERM_GOAL,76.0,MEDIUM,0.16923076923076924,0.2,0.04923076923076923,0.02435897435897436
27,84000.0,52400.0,15800.0,374000,93000.0,15800,10,3,3,MONTHLY,MEDIUM,WEALTH_CREATION,71.0,HIGH,0.37103174603174605,0.6238095238095238,0.1880952380952381,0.09226190476190477
65,70000.0,49200.0,0.0,3617000,2306000.0,21700,2,1,5,RARELY,LOW,EMERGENCY_FUND,62.0,HIGH,4.305952380952381,0.7028571428571428,0.31,2.7452380952380953
34,77000.0,49100.0,15200.0,655000,86000.0,12700,13,4,3,RARELY,MEDIUM,SHORT_TERM_GOAL,64.0,MEDIUM,0.7088744588744589,0.6376623376623377,0.16493506493506493,0.09307359307359307
55,48000.0,34800.0,7200.0,306000,6000.0,6000,13,3,4,MONTHLY,HIGH,TAX_SAVING,69.0,HIGH,0.53125,0.725,0.125,0.010416666666666666
61,87000.0,67000.0,5600.0,1651000,314000.0,14400,11,4,2,RARELY,LOW,TAX_SAVING,75.0,HIGH,1.5814176245210727,0.7701149425287356,0.16551724137931034,0.3007662835249042
58,68000.0,36900.0,13300.0,868000,588000.0,17800,3,2,4,MONTHLY,MEDIUM,TAX_SAVING,72.0,HIGH,1.0637254901960784,0.5426470588235294,0.26176470588235295,0.7205882352941176
65,49000.0,26900.0,7800.0,165000,55000.0,14300,12,1,4,MONTHLY,HIGH,RETIREMENT,49.0,HIGH,0.28061224489795916,0.5489795918367347,0.29183673469387755,0.0935374149659864
27,166000.0,100600.0,0.0,3135000,456000.0,69300,2,4,2,MONTHLY,LOW,WEALTH_CREATION,70.0,HIGH,1.5737951807228916,0.6060240963855422,0.4174698795180723,0.2289156626506024
57,69000.0,38200.0,23100.0,224000,22000.0,7700,13,4,1,LUMP_SUM,HIGH,WEALTH_CREATION,44.0,HIGH,0.27053140096618356,0.553623188405797,0.11159420289855072,0.026570048309178744
57,53000.0,29300.0,9800.0,602000,102000.0,13900,23,1,3,MONTHLY,LOW,WEALTH_CREATION,54.0,HIGH,0.9465408805031447,0.5528301886792453,0.2622641509433962,0.16037735849056603
53,27000.0,15000.0,3200.0,543000,194000.0,8800,1,3,5,RARELY,LOW,TAX_SAVING,79.0,HIGH,1.6759259259259258,0.5555555555555556,0.32592592592592595,0.5987654320987654
30,49000.0,31100.0,5700.0,502000,120000.0,12200,17,2,2,QUARTERLY,MEDIUM,EMERGENCY_FUND,59.0,MEDIUM,0.8537414965986394,0.6346938775510204,0.24897959183673468,0.20408163265306123
48,35000.0,18400.0,12800.0,128000,48000.0,3800,11,1,1,MONTHLY,HIGH,SHORT_TERM_GOAL,26.0,MEDIUM,0.3047619047619048,0.5257142857142857,0.10857142857142857,0.11428571428571428
62,108000.0,76000.0,20200.0,732000,117000.0,11800,3,1,1,MONTHLY,MEDIUM,EMERGENCY_FUND,52.0,LOW,0.5648148148148148,0.7037037037037037,0.10925925925925926,0.09027777777777778
50,86000.0,63500.0,16000.0,691000,207000.0,6500,8,2,1,MONTHLY,MEDIUM,TAX_SAVING,52.0,HIGH,0.6695736434108527,0.7383720930232558,0.0755813953488372,0.2005813953488372
43,28000.0,13900.0,8100.0,139000,39000.0,6000,10,1,2,LUMP_SUM,HIGH,TAX_SAVING,42.0,MEDIUM,0.41369047619047616,0.49642857142857144,0.21428571428571427,0.11607142857142858
30,60000.0,40200.0,18500.0,337000,63000.0,1300,3,2,5,MONTHLY,HIGH,EMERGENCY_FUND,64.0,MEDIUM,0.46805555555555556,0.67,0.021666666666666667,0.0875
40,56000.0,30300.0,12300.0,238000,63000.0,13400,3,4,4,MONTHLY,HIGH,RETIREMENT,83.0,HIGH,0.3541666666666667,0.5410714285714285,0.2392857142857143,0.09375
58,120000.0,70600.0,4300.0,248000,40000.0,45100,22,4,3,LUMP_SUM,MEDIUM,WEALTH_CREATION,77.0,MEDIUM,0.17222222222222222,0.5883333333333334,0.37583333333333335,0.027777777777777776
53,74000.0,42800.0,10800.0,593000,130000.0,20400,8,2,3,LUMP_SUM,HIGH,TAX_SAVING,61.0,MEDIUM,0.6677927927927928,0.5783783783783784,0.2756756756756757,0.1463963963963964
39,76000.0,59700.0,3000.0,592000,179000.0,13300,18,1,2,MONTHLY,MEDIUM,EMERGENCY_FUND,54.0,MEDIUM,0.6491228070175439,0.7855263157894737,0.175,0.1962719298245614
61,43000.0,18600.0,23800.0,705000,142000.0,600,19,1,3,RARELY,MEDIUM,WEALTH_CREATION,41.0,HIGH,1.3662790697674418,0.4325581395348837,0.013953488372093023,0.2751937984496124
43,46000.0,37900.0,1800.0,901000,155000.0,6300,11,1,1,RARELY,MEDIUM,RETIREMENT,43.0,HIGH,1.6322463768115942,0.8239130434782609,0.13695652173913042,0.2807971014492754
30,41000.0,29100.0,9100.0,155000,41000.0,2800,7,2,1,MONTHLY,LOW,WEALTH_CREATION,62.0,HIGH,0.3150406504065041,0.7097560975609756,0.06829268292682927,0.08333333333333333
60,46000.0,25200.0,11500.0,580000,235000.0,9300,4,1,4,RARELY,HIGH,TAX_SAVING,59.0,MEDIUM,1.0507246376811594,0.5478260869565217,0.20217391304347826,0.4257246376811594
52,60000.0,53000.0,0.0,1476000,260000.0,8100,18,2,2,MONTHLY,LOW,SHORT_TERM_GOAL,73.0,HIGH,2.05,0.8833333333333333,0.135,0.3611111111111111
32,36000.0,18700.0,14700.0,136000,17000.0,2600,8,1,2,RARELY,LOW,EMERGENCY_FUND,59.0,MEDIUM,0.3148148148148148,0.5194444444444445,0.07222222222222222,0.03935185185185185
46,53000.0,27200.0,13400.0,727000,210000.0,12400,4,3,4,MONTHLY,LOW,WEALTH_CREATION,91.0,HIGH,1.1430817610062893,0.5132075471698113,0.2339622641509434,0.330188679245283
46,71000.0,60900.0,0.0,862000,116000.0,14500,7,1,4,MONTHLY,MEDIUM,EMERGENCY_FUND,55.0,LOW,1.011737089201878,0.8577464788732394,0.20422535211267606,0.13615023474178403
23,38000.0,26600.0,3900.0,390000,84000.0,7500,7,1,3,MONTHLY,HIGH,WEALTH_CREATION,54.0,HIGH,0.8552631578947368,0.7,0.19736842105263158,0.18421052631578946
31,42000.0,26400.0,11300.0,318000,47000.0,4300,17,1,3,RARELY,MEDIUM,RETIREMENT,50.0,HIGH,0.6309523809523809,0.6285714285714286,0.10238095238095238,0.09325396825396826
64,52000.0,32400.0,5200.0,306000,158000.0,14400,2,1,4,QUARTERLY,HIGH,WEALTH_CREATION,52.0,MEDIUM,0.49038461538461536,0.6230769230769231,0.27692307692307694,0.2532051282051282
42,111000.0,91300.0,0.0,4930000,2608000.0,26800,4,2,3,QUARTERLY,LOW,TAX_SAVING,77.0,HIGH,3.701201201201201,0.8225225225225226,0.24144144144144145,1.957957957957958
33,63000.0,41900.0,2200.0,761000,19000.0,18900,5,1,1,RARELY,MEDIUM,RETIREMENT,31.0,LOW,1.0066137566137565,0.665079365079365,0.3,0.02513227513227513
63,99000.0,45200.0,24400.0,660000,88000.0,29400,15,1,1,MONTHLY,MEDIUM,EMERGENCY_FUND,38.0,LOW,0.5555555555555556,0.45656565656565656,0.296969696969697,0.07407407407407407
57,54000.0,39700.0,11400.0,520000,126000.0,2900,10,2,3,LUMP_SUM,MEDIUM,SHORT_TERM_GOAL,49.0,HIGH,0.8024691358024691,0.7351851851851852,0.053703703703703705,0.19444444444444445
53,74000.0,43500.0,18800.0,741000,53000.0,11700,8,3,3,LUMP_SUM,MEDIUM,WEALTH_CREATION,80.0,HIGH,0.8344594594594594,0.5878378378378378,0.1581081081081081,0.059684684684684686
43,46000.0,29700.0,13200.0,425000,26000.0,3100,17,1,3,MONTHLY,HIGH,SHORT_TERM_GOAL,43.0,HIGH,0.769927536231884,0.6456521739130435,0.06739130434782609,0.04710144927536232
41,163000.0,86000.0,31200.0,809000,61000.0,45800,5,2,1,MONTHLY,LOW,TAX_SAVING,55.0,LOW,0.41359918200408996,0.5276073619631901,0.2809815950920245,0.031186094069529654
25,149000.0,90400.0,0.0,1785000,422000.0,61100,6,5,3,QUARTERLY,HIGH,TAX_SAVING,71.0,HIGH,0.9983221476510067,0.6067114093959731,0.41006711409395974,0.2360178970917226
63,107000.0,56100.0,38400.0,988000,70000.0,12500,11,3,4,RARELY,LOW,RETIREMENT,69.0,HIGH,0.7694704049844237,0.5242990654205607,0.11682242990654206,0.05451713395638629
64,157000.0,96500.0,35500.0,1386000,311000.0,25000,8,1,2,LUMP_SUM,MEDIUM,SHORT_TERM_GOAL,54.0,MEDIUM,0.7356687898089171,0.6146496815286624,0.1592356687898089,0.16507430997876857
33,62000.0,47900.0,0.0,610000,124000.0,28400,3,4,3,RARELY,LOW,WEALTH_CREATION,70.0,MEDIUM,0.8198924731182796,0.7725806451612903,0.45806451612903226,0.16666666666666666
57,38000.0,15900.0,9500.0,673000,189000.0,12600,7,5,5,LUMP_SUM,MEDIUM,RETIREMENT,98.0,HIGH,1.4758771929824561,0.41842105263157897,0.33157894736842103,0.4144736842105263
44,185000.0,139600.0,24000.0,1724000,1401000.0,21400,7,1,2,MONTHLY,MEDIUM,WEALTH_CREATION,52.0,HIGH,0.7765765765765765,0.7545945945945945,0.11567567567567567,0.6310810810810811
64,58000.0,28700.0,28700.0,143000,49000.0,600,6,3,1,QUARTERLY,MEDIUM,WEALTH_CREATION,59.0,HIGH,0.20545977011494254,0.49482758620689654,0.010344827586206896,0.07040229885057471
48,44000.0,28200.0,5900.0,657000,207000.0,9900,1,3,1,RARELY,MEDIUM,WEALTH_CREATION,58.0,MEDIUM,1.2443181818181819,0.6409090909090909,0.225,0.39204545454545453
42,59000.0,47800.0,0.0,552000,264000.0,11900,2,4,4,QUARTERLY,MEDIUM,RETIREMENT,97.0,HIGH,0.7796610169491526,0.8101694915254237,0.2016949152542373,0.3728813559322034
42,77000.0,39100.0,33300.0,653000,230000.0,4600,7,3,2,QUARTERLY,MEDIUM,RETIREMENT,69.0,HIGH,0.7067099567099567,0.5077922077922078,0.05974025974025974,0.24891774891774893
30,42000.0,30800.0,0.0,202000,18000.0,13400,11,2,2,RARELY,MEDIUM,SHORT_TERM_GOAL,49.0,LOW,0.4007936507936508,0.7333333333333333,0.319047619047619,0.03571428571428571
57,68000.0,31400.0,29100.0,234000,95000.0,7500,16,2,5,MONTHLY,HIGH,EMERGENCY_FUND,72.0,HIGH,0.2867647058823529,0.46176470588235297,0.11029411764705882,0.11642156862745098
43,28000.0,18500.0,2700.0,434000,253000.0,6800,3,3,3,LUMP_SUM,HIGH,EMERGENCY_FUND,62.0,MEDIUM,1.2916666666666667,0.6607142857142857,0.24285714285714285,0.7529761904761905
50,24000.0,17600.0,1500.0,90000,23000.0,4900,21,1,4,MONTHLY,LOW,EMERGENCY_FUND,76.0,HIGH,0.3125,0.7333333333333333,0.20416666666666666,0.0798611111111111
47,31000.0,20600.0,5300.0,261000,71000.0,5100,2,2,5,RARELY,MEDIUM,TAX_SAVING,72.0,HIGH,0.7016129032258065,0.6645161290322581,0.16451612903225807,0.19086021505376344
44,53000.0,35500.0,0.0,1402000,364000.0,21700,4,1,5,LUMP_SUM,HIGH,TAX_SAVING,75.0,HIGH,2.2044025157232703,0.6698113207547169,0.40943396226415096,0.5723270440251572
47,46000.0,39700.0,0.0,371000,99000.0,10000,17,1,5,RARELY,MEDIUM,EMERGENCY_FUND,66.0,MEDIUM,0.6721014492753623,0.8630434782608696,0.21739130434782608,0.1793478260869565
39,119000.0,64900.0,51400.0,336000,27000.0,2700,2,2,1,MONTHLY,LOW,WEALTH_CREATION,63.0,HIGH,0.23529411764705882,0.5453781512605042,0.0226890756302521,0.018907563025210083
45,59000.0,22500.0,20600.0,133000,25000.0,15900,9,2,1,LUMP_SUM,HIGH,TAX_SAVING,39.0,LOW,0.18785310734463276,0.3813559322033898,0.26949152542372884,0.03531073446327684
41,45000.0,35600.0,6000.0,907000,89000.0,3400,6,1,1,MONTHLY,MEDIUM,WEALTH_CREATION,43.0,HIGH,1.6796296296296296,0.7911111111111111,0.07555555555555556,0.1648148148148148
25,63000.0,46900.0,2600.0,345000,149000.0,13500,14,4,1,MONTHLY,HIGH,WEALTH_CREATION,65.0,HIGH,0.45634920634920634,0.7444444444444445,0.21428571428571427,0.1970899470899471
49,36000.0,29100.0,0.0,879000,111000.0,15100,13,1,1,RARELY,HIGH,TAX_SAVING,43.0,MEDIUM,2.0347222222222223,0.8083333333333333,0.41944444444444445,0.2569444444444444
64,54000.0,35100.0,10600.0,1541000,339000.0,8300,7,2,1,MONTHLY,MEDIUM,SHORT_TERM_GOAL,42.0,HIGH,2.378086419753086,0.65,0.1537037037037037,0.5231481481481481
36,71000.0,22200.0,14300.0,313000,9000.0,34500,3,2,4,MONTHLY,MEDIUM,SHORT_TERM_GOAL,78.0,LOW,0.3673708920187793,0.3126760563380282,0.4859154929577465,0.01056338028169014
24,86000.0,34800.0,43100.0,1596000,172000.0,8100,2,1,2,QUARTERLY,HIGH,TAX_SAVING,32.0,MEDIUM,1.5465116279069768,0.4046511627906977,0.0941860465116279,0.16666666666666666
46,131000.0,42200.0,83400.0,461000,31000.0,5400,14,4,5,MONTHLY,HIGH,SHORT_TERM_GOAL,91.0,HIGH,0.29325699745547074,0.32213740458015266,0.04122137404580153,0.019720101781170483
48,57000.0,41800.0,1600.0,2299000,71000.0,13600,19,4,1,MONTHLY,MEDIUM,WEALTH_CREATION,65.0,HIGH,3.361111111111111,0.7333333333333333,0.23859649122807017,0.10380116959064327
42,56000.0,51500.0,0.0,939000,154000.0,9600,3,3,4,MONTHLY,MEDIUM,EMERGENCY_FUND,86.0,HIGH,1.3973214285714286,0.9196428571428571,0.17142857142857143,0.22916666666666666
50,21000.0,11600.0,3000.0,527000,103000.0,6400,4,4,5,RARELY,LOW,RETIREMENT,90.0,HIGH,2.0912698412698414,0.5523809523809524,0.3047619047619048,0.4087301587301587
27,110000.0,101200.0,0.0,2774000,1011000.0,21400,10,3,3,MONTHLY,MEDIUM,SHORT_TERM_GOAL,67.0,HIGH,2.1015151515151516,0.92,0.19454545454545455,0.7659090909090909
39,79000.0,35000.0,14100.0,1245000,87000.0,29900,2,1,3,MONTHLY,LOW,TAX_SAVING,59.0,HIGH,1.3132911392405062,0.4430379746835443,0.37848101265822787,0.09177215189873418
25,40000.0,17700.0,11600.0,480000,135000.0,10700,2,3,5,RARELY,LOW,EMERGENCY_FUND,79.0,HIGH,1.0,0.4425,0.2675,0.28125
54,136000.0,83100.0,44900.0,873000,303000.0,8000,7,2,2,MONTHLY,MEDIUM,WEALTH_CREATION,55.0,HIGH,0.5349264705882353,0.6110294117647059,0.058823529411764705,0.18566176470588236
24,75000.0,46200.0,14600.0,2433000,401000.0,14200,12,1,3,QUARTERLY,LOW,EMERGENCY_FUND,66.0,HIGH,2.703333333333333,0.616,0.18933333333333333,0.44555555555555554
55,30000.0,12800.0,10400.0,247000,18000.0,6800,15,2,3,RARELY,MEDIUM,RETIREMENT,70.0,HIGH,0.6861111111111111,0.4266666666666667,0.22666666666666666,0.05
32,65000.0,41900.0,22000.0,244000,38000.0,1100,17,2,5,LUMP_SUM,LOW,RETIREMENT,74.0,HIGH,0.3128205128205128,0.6446153846153846,0.016923076923076923,0.04871794871794872
38,72000.0,42500.0,16500.0,1288000,147000.0,13000,20,1,1,MONTHLY,MEDIUM,TAX_SAVING,31.0,HIGH,1.4907407407407407,0.5902777777777778,0.18055555555555555,0.1701388888888889
27,33000.0,23200.0,0.0,1071000,97000.0,14100,3,3,4,RARELY,LOW,WEALTH_CREATION,77.0,HIGH,2.7045454545454546,0.703030303030303,0.42727272727272725,0.24494949494949494
36,63000.0,39800.0,0.0,367000,5000.0,23800,3,1,1,MONTHLY,LOW,EMERGENCY_FUND,48.0,LOW,0.48544973544973546,0.6317460317460317,0.37777777777777777,0.006613756613756613
35,40000.0,12000.0,21400.0,63000,27000.0,6600,2,1,2,MONTHLY,LOW,RETIREMENT,62.0,HIGH,0.13125,0.3,0.165,0.05625
26,79000.0,66500.0,0.0,1108000,192000.0,22400,1,1,1,MONTHLY,LOW,EMERGENCY_FUND,71.0,LOW,1.1687763713080168,0.8417721518987342,0.28354430379746837,0.20253164556962025
61,97000.0,46300.0,41500.0,1339000,439000.0,9200,4,2,3,LUMP_SUM,HIGH,EMERGENCY_FUND,49.0,HIGH,1.1503436426116838,0.477319587628866,0.09484536082474226,0.37714776632302405
57,114000.0,65200.0,20000.0,1345000,428000.0,28800,2,4,2,QUARTERLY,MEDIUM,SHORT_TERM_GOAL,93.0,HIGH,0.9831871345029239,0.5719298245614035,0.25263157894736843,0.3128654970760234
39,50000.0,24400.0,8300.0,397000,67000.0,17300,11,2,2,RARELY,HIGH,TAX_SAVING,47.0,LOW,0.6616666666666666,0.488,0.346,0.11166666666666666
26,62000.0,42500.0,3400.0,956000,376000.0,16100,3,1,4,LUMP_SUM,HIGH,SHORT_TERM_GOAL,59.0,MEDIUM,1.2849462365591398,0.6854838709677419,0.25967741935483873,0.5053763440860215
27,37000.0,18600.0,16300.0,59000,4000.0,2100,20,1,2,MONTHLY,MEDIUM,SHORT_TERM_GOAL,41.0,MEDIUM,0.13288288288288289,0.5027027027027027,0.05675675675675676,0.009009009009009009
52,111000.0,78800.0,6800.0,1332000,141000.0,25400,13,2,2,QUARTERLY,HIGH,TAX_SAVING,48.0,HIGH,1.0,0.7099099099099099,0.22882882882882882,0.10585585585585586
54,47000.0,27200.0,0.0,1047000,105000.0,22300,23,1,4,MONTHLY,MEDIUM,TAX_SAVING,63.0,HIGH,1.8563829787234043,0.5787234042553191,0.474468085106383,0.18617021276595744
49,196000.0,128500.0,4900.0,955000,52000.0,62600,21,1,3,MONTHLY,MEDIUM,WEALTH_CREATION,64.0,MEDIUM,0.4060374149659864,0.6556122448979592,0.3193877551020408,0.022108843537414966
26,105000.0,68200.0,17400.0,518000,113000.0,19400,5,3,1,MONTHLY,MEDIUM,TAX_SAVING,65.0,MEDIUM,0.4111111111111111,0.6495238095238095,0.18476190476190477,0.08968253968253968
55,49000.0,31700.0,6500.0,2360000,502000.0,10800,11,1,1,MONTHLY,HIGH,RETIREMENT,28.0,HIGH,4.01360544217687,0.6469387755102041,0.22040816326530613,0.8537414965986394
34,55000.0,34400.0,6400.0,1029000,272000.0,14200,15,2,1,MONTHLY,HIGH,SHORT_TERM_GOAL,55.0,HIGH,1.559090909090909,0.6254545454545455,0.2581818181818182,0.4121212121212121
25,69000.0,50200.0,15000.0,1482000,155000.0,3800,6,2,2,LUMP_SUM,LOW,RETIREMENT,79.0,HIGH,1.789855072463768,0.7275362318840579,0.05507246376811594,0.18719806763285024
31,22000.0,12100.0,0.0,751000,23000.0,10000,1,2,2,RARELY,HIGH,SHORT_TERM_GOAL,53.0,HIGH,2.8446969696969697,0.55,0.45454545454545453,0.08712121212121213
49,59000.0,22900.0,30900.0,276000,7000.0,5200,13,1,1,QUARTERLY,MEDIUM,SHORT_TERM_GOAL,54.0,MEDIUM,0.3898305084745763,0.38813559322033897,0.08813559322033898,0.009887005649717515
49,69000.0,50000.0,14200.0,1171000,518000.0,4800,1,2,1,MONTHLY,MEDIUM,SHORT_TERM_GOAL,46.0,HIGH,1.4142512077294687,0.7246376811594203,0.06956521739130435,0.6256038647342995
26,131000.0,78700.0,51300.0,3024000,1782000.0,1000,4,2,4,RARELY,HIGH,TAX_SAVING,61.0,HIGH,1.9236641221374047,0.600763358778626,0.007633587786259542,1.133587786259542
41,39000.0,22100.0,11200.0,698000,206000.0,5700,23,3,4,MONTHLY,MEDIUM,EMERGENCY_FUND,77.0,HIGH,1.4914529914529915,0.5666666666666667,0.14615384615384616,0.44017094017094016
58,68000.0,33500.0,19100.0,394000,27000.0,15400,7,3,5,QUARTERLY,MEDIUM,WEALTH_CREATION,67.0,HIGH,0.48284313725490197,0.49264705882352944,0.22647058823529412,0.03308823529411765
35,214000.0,119400.0,0.0,4186000,1092000.0,117700,17,3,4,QUARTERLY,HIGH,SHORT_TERM_GOAL,68.0,HIGH,1.6300623052959502,0.5579439252336449,0.55,0.4252336448598131
25,126000.0,56000.0,31700.0,1104000,454000.0,38300,14,1,5,MONTHLY,MEDIUM,SHORT_TERM_GOAL,74.0,HIGH,0.7301587301587301,0.4444444444444444,0.30396825396825394,0.3002645502645503
34,59000.0,49900.0,0.0,576000,216000.0,15000,8,2,3,MONTHLY,MEDIUM,EMERGENCY_FUND,68.0,MEDIUM,0.8135593220338984,0.8457627118644068,0.2542372881355932,0.3050847457627119
61,34000.0,18300.0,9700.0,300000,88000.0,6000,8,1,3,LUMP_SUM,MEDIUM,EMERGENCY_FUND,52.0,MEDIUM,0.7352941176470589,0.538235294117647,0.17647058823529413,0.21568627450980393
27,27000.0,16900.0,8500.0,142000,23000.0,1600,14,4,5,LUMP_SUM,MEDIUM,EMERGENCY_FUND,92.0,HIGH,0.4382716049382716,0.6259259259259259,0.05925925925925926,0.07098765432098765
45,132000.0,57900.0,63500.0,279000,222000.0,10600,2,1,1,MONTHLY,HIGH,SHORT_TERM_GOAL,36.0,MEDIUM,0.17613636363636365,0.43863636363636366,0.0803030303030303,0.14015151515151514
53,76000.0,32800.0,34900.0,427000,232000.0,8300,3,1,4,RARELY,LOW,RETIREMENT,67.0,HIGH,0.4682017543859649,0.43157894736842106,0.10921052631578948,0.2543859649122807
41,101000.0,48200.0,39700.0,355000,197000.0,13100,4,3,3,MONTHLY,MEDIUM,SHORT_TERM_GOAL,74.0,HIGH,0.2929042904290429,0.4772277227722772,0.1297029702970297,0.16254125412541254
30,40000.0,11200.0,24100.0,422000,104000.0,4700,8,1,5,QUARTERLY,LOW,EMERGENCY_FUND,75.0,HIGH,0.8791666666666667,0.28,0.1175,0.21666666666666667
23,36000.0,22600.0,1700.0,671000,217000.0,11700,11,1,4,MONTHLY,MEDIUM,EMERGENCY_FUND,57.0,MEDIUM,1.5532407407407407,0.6277777777777778,0.325,0.5023148148148148
41,156000.0,68500.0,30600.0,4319000,557000.0,56900,10,3,1,RARELY,MEDIUM,WEALTH_CREATION,65.0,HIGH,2.3071581196581197,0.4391025641025641,0.3647435897435897,0.29754273504273504
50,102000.0,51500.0,28200.0,1397000,537000.0,22300,1,1,3,RARELY,LOW,RETIREMENT,69.0,HIGH,1.1413398692810457,0.5049019607843137,0.21862745098039216,0.4387254901960784
57,41000.0,11500.0,11400.0,380000,75000.0,18100,14,3,2,RARELY,LOW,WEALTH_CREATION,66.0,HIGH,0.7723577235772358,0.2804878048780488,0.44146341463414634,0.1524390243902439
65,62000.0,39400.0,11100.0,601000,45000.0,11500,2,2,4,RARELY,MEDIUM,TAX_SAVING,60.0,MEDIUM,0.8077956989247311,0.635483870967742,0.18548387096774194,0.06048387096774194
59,57000.0,37700.0,18400.0,103000,61000.0,900,4,1,1,MONTHLY,LOW,EMERGENCY_FUND,49.0,LOW,0.15058479532163743,0.6614035087719298,0.015789473684210527,0.0891812865497076
57,46000.0,24400.0,20700.0,854000,223000.0,900,13,2,2,QUARTERLY,HIGH,SHORT_TERM_GOAL,53.0,HIGH,1.5471014492753623,0.5304347826086957,0.01956521739130435,0.40398550724637683
27,22000.0,13800.0,2100.0,235000,27000.0,6100,6,1,4,LUMP_SUM,HIGH,EMERGENCY_FUND,69.0,LOW,0.8901515151515151,0.6272727272727273,0.2772727272727273,0.10227272727272728
43,72000.0,43700.0,8400.0,2258000,363000.0,19900,19,1,2,MONTHLY,HIGH,SHORT_TERM_GOAL,56.0,HIGH,2.613425925925926,0.6069444444444444,0.2763888888888889,0.4201388888888889
28,41000.0,26500.0,9900.0,507000,120000.0,4600,9,2,1,LUMP_SUM,MEDIUM,EMERGENCY_FUND,51.0,HIGH,1.0304878048780488,0.6463414634146342,0.11219512195121951,0.24390243902439024
36,76000.0,40600.0,29200.0,539000,105000.0,6200,3,2,2,QUARTERLY,HIGH,EMERGENCY_FUND,56.0,HIGH,0.5910087719298246,0.5342105263157895,0.08157894736842106,0.11513157894736842
28,35000.0,32200.0,0.0,232000,82000.0,7900,9,1,3,RARELY,MEDIUM,RETIREMENT,56.0,MEDIUM,0.5523809523809524,0.92,0.2257142857142857,0.19523809523809524
64,105000.0,84900.0,17200.0,2613000,510000.0,2900,11,1,1,MONTHLY,LOW,TAX_SAVING,44.0,HIGH,2.073809523809524,0.8085714285714286,0.02761904761904762,0.40476190476190477
47,103000.0,38200.0,22200.0,1195000,136000.0,42600,13,2,4,MONTHLY,MEDIUM,TAX_SAVING,55.0,MEDIUM,0.9668284789644013,0.37087378640776697,0.41359223300970877,0.11003236245954692
55,20000.0,10100.0,5400.0,173000,103000.0,4500,16,1,1,LUMP_SUM,MEDIUM,WEALTH_CREATION,45.0,HIGH,0.7208333333333333,0.505,0.225,0.42916666666666664
36,24000.0,22000.0,0.0,321000,49000.0,6900,7,3,2,MONTHLY,MEDIUM,WEALTH_CREATION,74.0,HIGH,1.1145833333333333,0.9166666666666666,0.2875,0.1701388888888889
21,63000.0,31200.0,12800.0,2525000,703000.0,19000,2,1,4,RARELY,LOW,EMERGENCY_FUND,74.0,HIGH,3.3399470899470898,0.49523809523809526,0.30158730158730157,0.9298941798941799
33,29000.0,13300.0,12700.0,54000,7000.0,3000,23,2,1,MONTHLY,MEDIUM,RETIREMENT,45.0,HIGH,0.15517241379310345,0.4586206896551724,0.10344827586206896,0.020114942528735632
30,20000.0,8500.0,9100.0,316000,35000.0,2400,11,1,4,MONTHLY,MEDIUM,RETIREMENT,72.0,HIGH,1.3166666666666667,0.425,0.12,0.14583333333333334
58,103000.0,62800.0,39100.0,70000,4000.0,1100,10,3,3,LUMP_SUM,MEDIUM,TAX_SAVING,59.0,HIGH,0.05663430420711974,0.6097087378640776,0.010679611650485437,0.003236245954692557
35,97000.0,78500.0,0.0,1565000,453000.0,42300,16,3,1,MONTHLY,MEDIUM,WEALTH_CREATION,58.0,HIGH,1.3445017182130585,0.8092783505154639,0.43608247422680413,0.38917525773195877
35,46000.0,34900.0,0.0,1305000,594000.0,11900,15,4,3,MONTHLY,MEDIUM,EMERGENCY_FUND,86.0,HIGH,2.364130434782609,0.758695652173913,0.25869565217391305,1.076086956521739
48,244000.0,120900.0,85800.0,2124000,806000.0,37300,7,2,4,MONTHLY,MEDIUM,RETIREMENT,85.0,HIGH,0.7254098360655737,0.4954918032786885,0.15286885245901638,0.27527322404371585
33,50000.0,27400.0,13700.0,527000,114000.0,8900,5,3,2,MONTHLY,HIGH,RETIREMENT,74.0,HIGH,0.8783333333333333,0.548,0.178,0.19
52,78000.0,56100.0,10900.0,2364000,560000.0,11000,6,2,3,MONTHLY,MEDIUM,TAX_SAVING,73.0,HIGH,2.5256410256410255,0.7192307692307692,0.14102564102564102,0.5982905982905983
55,65000.0,47700.0,800.0,689000,192000.0,16500,4,4,1,MONTHLY,HIGH,EMERGENCY_FUND,71.0,MEDIUM,0.8833333333333333,0.7338461538461538,0.25384615384615383,0.24615384615384617
60,136000.0,67400.0,44600.0,1404000,282000.0,24000,16,2,2,RARELY,LOW,EMERGENCY_FUND,63.0,HIGH,0.8602941176470589,0.49558823529411766,0.17647058823529413,0.17279411764705882
33,150000.0,91400.0,8900.0,3200000,135000.0,49700,3,3,1,RARELY,LOW,EMERGENCY_FUND,73.0,HIGH,1.7777777777777777,0.6093333333333333,0.3313333333333333,0.075
24,29000.0,13600.0,14200.0,241000,34000.0,1200,10,4,3,QUARTERLY,LOW,WEALTH_CREATION,91.0,HIGH,0.6925287356321839,0.4689655172413793,0.041379310344827586,0.09770114942528736
59,115000.0,59400.0,15900.0,1660000,577000.0,39700,14,3,5,MONTHLY,HIGH,RETIREMENT,75.0,HIGH,1.2028985507246377,0.5165217391304348,0.3452173913043478,0.4181159420289855
54,122000.0,34700.0,21600.0,1365000,888000.0,65700,16,1,2,MONTHLY,LOW,SHORT_TERM_GOAL,36.0,HIGH,0.9323770491803278,0.28442622950819674,0.5385245901639344,0.6065573770491803
65,88000.0,39900.0,1200.0,643000,281000.0,46900,7,2,1,RARELY,HIGH,WEALTH_CREATION,32.0,LOW,0.6089015151515151,0.45340909090909093,0.5329545454545455,0.26609848484848486
25,189000.0,106700.0,28700.0,1818000,62000.0,53600,1,1,4,RARELY,MEDIUM,SHORT_TERM_GOAL,48.0,LOW,0.8015873015873016,0.5645502645502646,0.28359788359788357,0.027336860670194002
37,44000.0,28700.0,700.0,897000,252000.0,14600,18,4,2,RARELY,HIGH,EMERGENCY_FUND,40.0,HIGH,1.6988636363636365,0.6522727272727272,0.33181818181818185,0.4772727272727273
63,196000.0,116700.0,67300.0,1147000,151000.0,12000,5,1,5,LUMP_SUM,MEDIUM,WEALTH_CREATION,73.0,HIGH,0.48767006802721086,0.5954081632653061,0.061224489795918366,0.06420068027210885
63,103000.0,83500.0,0.0,476000,97000.0,23600,9,3,4,MONTHLY,HIGH,SHORT_TERM_GOAL,77.0,MEDIUM,0.3851132686084142,0.8106796116504854,0.229126213592233,0.0784789644012945
65,102000.0,43600.0,41600.0,1172000,889000.0,16800,22,3,1,MONTHLY,MEDIUM,SHORT_TERM_GOAL,40.0,HIGH,0.9575163398692811,0.42745098039215684,0.16470588235294117,0.7263071895424836
40,50000.0,18000.0,18400.0,483000,23000.0,13600,11,4,2,LUMP_SUM,HIGH,WEALTH_CREATION,57.0,HIGH,0.805,0.36,0.272,0.03833333333333333
38,74000.0,49400.0,7700.0,1023000,438000.0,16900,14,2,4,MONTHLY,MEDIUM,TAX_SAVING,80.0,HIGH,1.152027027027027,0.6675675675675675,0.22837837837837838,0.49324324324324326
21,73000.0,52000.0,18900.0,589000,41000.0,2100,6,3,3,RARELY,MEDIUM,SHORT_TERM_GOAL,59.0,MEDIUM,0.6723744292237442,0.7123287671232876,0.028767123287671233,0.04680365296803653
27,41000.0,21700.0,14500.0,15000,1000.0,4800,1,1,2,QUARTERLY,HIGH,RETIREMENT,34.0,LOW,0.03048780487804878,0.5292682926829269,0.11707317073170732,0.0020325203252032522
61,60000.0,29500.0,17100.0,942000,550000.0,13400,3,2,2,QUARTERLY,MEDIUM,EMERGENCY_FUND,42.0,HIGH,1.3083333333333333,0.49166666666666664,0.22333333333333333,0.7638888888888888
30,56000.0,23900.0,6500.0,543000,191000.0,25600,4,2,3,LUMP_SUM,MEDIUM,WEALTH_CREATION,66.0,MEDIUM,0.8080357142857143,0.42678571428571427,0.45714285714285713,0.28422619047619047
54,50000.0,29900.0,16900.0,111000,12000.0,3200,3,1,1,MONTHLY,MEDIUM,SHORT_TERM_GOAL,49.0,LOW,0.185,0.598,0.064,0.02
47,34000.0,31200.0,0.0,1155000,357000.0,5700,22,1,1,LUMP_SUM,LOW,WEALTH_CREATION,61.0,HIGH,2.8308823529411766,0.9176470588235294,0.1676470588235294,0.875
33,58000.0,32300.0,6400.0,650000,236000.0,19300,6,2,2,MONTHLY,LOW,TAX_SAVING,62.0,HIGH,0.9339080459770115,0.5568965517241379,0.33275862068965517,0.3390804597701149
46,90000.0,71500.0,0.0,2055000,1417000.0,24300,15,4,2,RARELY,HIGH,TAX_SAVING,60.0,HIGH,1.9027777777777777,0.7944444444444444,0.27,1.3120370370370371
62,37000.0,7400.0,28600.0,216000,28000.0,1000,12,2,4,QUARTERLY,MEDIUM,RETIREMENT,74.0,HIGH,0.4864864864864865,0.2,0.02702702702702703,0.06306306306306306
48,83000.0,76300.0,0.0,3970000,1499000.0,27600,9,1,2,MONTHLY,LOW,TAX_SAVING,58.0,HIGH,3.9859437751004014,0.9192771084337349,0.3325301204819277,1.5050200803212852
28,153000.0,65100.0,85100.0,279000,71000.0,2800,17,4,2,MONTHLY,MEDIUM,WEALTH_CREATION,78.0,HIGH,0.15196078431372548,0.42549019607843136,0.018300653594771243,0.03867102396514161
55,128000.0,80700.0,0.0,1834000,311000.0,52900,7,1,5,QUARTERLY,MEDIUM,TAX_SAVING,65.0,HIGH,1.1940104166666667,0.63046875,0.41328125,0.20247395833333334
25,29000.0,11700.0,16000.0,193000,139000.0,1300,22,3,3,QUARTERLY,HIGH,WEALTH_CREATION,64.0,HIGH,0.5545977011494253,0.40344827586206894,0.04482758620689655,0.3994252873563218
49,91000.0,67600.0,0.0,636000,144000.0,24100,17,2,1,MONTHLY,LOW,TAX_SAVING,55.0,HIGH,0.5824175824175825,0.7428571428571429,0.26483516483516484,0.13186813186813187
55,72000.0,50500.0,3900.0,564000,64000.0,17600,11,5,3,MONTHLY,MEDIUM,WEALTH_CREATION,83.0,HIGH,0.6527777777777778,0.7013888888888888,0.24444444444444444,0.07407407407407407
45,177000.0,123900.0,50600.0,6034000,924000.0,2500,7,1,5,MONTHLY,HIGH,TAX_SAVING,58.0,HIGH,2.840866290018832,0.7,0.014124293785310734,0.4350282485875706
62,53000.0,18500.0,27500.0,373000,45000.0,7000,4,1,3,QUARTERLY,HIGH,WEALTH_CREATION,56.0,HIGH,0.5864779874213837,0.3490566037735849,0.1320754716981132,0.07075471698113207
57,43000.0,16000.0,20400.0,192000,12000.0,6600,2,3,4,MONTHLY,MEDIUM,WEALTH_CREATION,90.0,HIGH,0.37209302325581395,0.37209302325581395,0.15348837209302327,0.023255813953488372
35,68000.0,31900.0,25600.0,421000,48000.0,10500,3,2,2,RARELY,HIGH,RETIREMENT,42.0,LOW,0.5159313725490197,0.46911764705882353,0.15441176470588236,0.058823529411764705
63,49000.0,20600.0,7200.0,485000,134000.0,21200,21,2,5,LUMP_SUM,MEDIUM,SHORT_TERM_GOAL,60.0,HIGH,0.8248299319727891,0.4204081632653061,0.4326530612244898,0.22789115646258504
54,21000.0,10100.0,4300.0,150000,16000.0,6600,6,1,2,MONTHLY,MEDIUM,WEALTH_CREATION,55.0,MEDIUM,0.5952380952380952,0.48095238095238096,0.3142857142857143,0.06349206349206349
36,135000.0,63200.0,15400.0,1323000,185000.0,56400,2,4,3,RARELY,LOW,RETIREMENT,86.0,HIGH,0.8166666666666667,0.46814814814814815,0.4177777777777778,0.11419753086419752
40,74000.0,43400.0,8500.0,1045000,680000.0,22100,3,1,2,QUARTERLY,LOW,SHORT_TERM_GOAL,54.0,HIGH,1.1768018018018018,0.5864864864864865,0.29864864864864865,0.7657657657657657
27,34000.0,16500.0,12900.0,586000,305000.0,4600,1,3,4,QUARTERLY,HIGH,WEALTH_CREATION,73.0,HIGH,1.4362745098039216,0.4852941176470588,0.13529411764705881,0.7475490196078431
54,50000.0,27600.0,16200.0,515000,274000.0,6200,10,1,3,MONTHLY,MEDIUM,RETIREMENT,48.0,HIGH,0.8583333333333333,0.552,0.124,0.45666666666666667
24,53000.0,33100.0,15700.0,326000,156000.0,4200,19,2,2,MONTHLY,MEDIUM,WEALTH_CREATION,68.0,HIGH,0.5125786163522013,0.6245283018867924,0.07924528301886792,0.24528301886792453
63,43000.0,31900.0,400.0,420000,70000.0,10700,2,2,3,MONTHLY,HIGH,WEALTH_CREATION,56.0,MEDIUM,0.813953488372093,0.7418604651162791,0.24883720930232558,0.13565891472868216
25,50000.0,34200.0,9800.0,468000,195000.0,6000,6,1,4,LUMP_SUM,MEDIUM,EMERGENCY_FUND,70.0,LOW,0.78,0.684,0.12,0.325
45,188000.0,100800.0,48800.0,1206000,210000.0,38400,2,2,1,MONTHLY,HIGH,EMERGENCY_FUND,38.0,LOW,0.5345744680851063,0.5361702127659574,0.20425531914893616,0.09308510638297872
22,176000.0,93000.0,80300.0,511000,264000.0,2700,11,2,4,MONTHLY,HIGH,WEALTH_CREATION,71.0,HIGH,0.24195075757575757,0.5284090909090909,0.01534090909090909,0.125
48,77000.0,61600.0,0.0,699000,142000.0,18400,11,2,3,MONTHLY,HIGH,EMERGENCY_FUND,74.0,LOW,0.7564935064935064,0.8,0.23896103896103896,0.15367965367965367
57,63000.0,35700.0,23200.0,383000,104000.0,4100,10,2,3,RARELY,HIGH,WEALTH_CREATION,57.0,HIGH,0.5066137566137566,0.5666666666666667,0.06507936507936508,0.13756613756613756
45,25000.0,13000.0,6800.0,235000,30000.0,5200,7,1,1,LUMP_SUM,MEDIUM,WEALTH_CREATION,43.0,HIGH,0.7833333333333333,0.52,0.208,0.1
44,154000.0,72600.0,36300.0,2076000,482000.0,45100,3,1,3,MONTHLY,MEDIUM,WEALTH_CREATION,52.0,MEDIUM,1.1233766233766234,0.4714285714285714,0.29285714285714287,0.26082251082251084
53,101000.0,60000.0,27100.0,929000,360000.0,13900,4,3,3,QUARTERLY,MEDIUM,WEALTH_CREATION,75.0,HIGH,0.7665016501650165,0.594059405940594,0.13762376237623763,0.297029702970297
32,37000.0,11900.0,21100.0,221000,53000.0,4000,22,2,1,MONTHLY,HIGH,WEALTH_CREATION,44.0,HIGH,0.49774774774774777,0.3216216216216216,0.10810810810810811,0.11936936936936937
42,50000.0,27300.0,6800.0,83000,22000.0,15900,13,2,5,MONTHLY,MEDIUM,SHORT_TERM_GOAL,84.0,MEDIUM,0.13833333333333334,0.546,0.318,0.03666666666666667
25,137000.0,87200.0,1500.0,1085000,669000.0,48300,3,2,2,MONTHLY,MEDIUM,EMERGENCY_FUND,66.0,LOW,0.6599756690997567,0.6364963503649635,0.35255474452554747,0.40693430656934304
49,65000.0,48400.0,12900.0,577000,92000.0,3700,3,3,1,MONTHLY,MEDIUM,TAX_SAVING,67.0,HIGH,0.7397435897435898,0.7446153846153846,0.05692307692307692,0.11794871794871795
45,132000.0,83900.0,37400.0,443000,83000.0,10700,3,2,4,RARELY,MEDIUM,WEALTH_CREATION,66.0,HIGH,0.2796717171717172,0.6356060606060606,0.08106060606060606,0.052398989898989896
21,107000.0,64500.0,16400.0,1592000,447000.0,26100,11,5,5,RARELY,LOW,SHORT_TERM_GOAL,91.0,HIGH,1.2398753894080996,0.602803738317757,0.24392523364485982,0.34813084112149534
64,62000.0,50200.0,5700.0,856000,322000.0,6100,7,1,2,RARELY,LOW,RETIREMENT,69.0,HIGH,1.1505376344086022,0.8096774193548387,0.09838709677419355,0.4327956989247312
47,158000.0,66300.0,25000.0,3674000,564000.0,66700,12,2,4,MONTHLY,HIGH,WEALTH_CREATION,51.0,HIGH,1.9377637130801688,0.419620253164557,0.4221518987341772,0.2974683544303797
46,133000.0,78800.0,51400.0,1154000,40000.0,2800,5,2,3,MONTHLY,MEDIUM,RETIREMENT,73.0,HIGH,0.7230576441102757,0.5924812030075188,0.021052631578947368,0.02506265664160401
33,27000.0,24800.0,1200.0,343000,90000.0,1000,2,1,2,LUMP_SUM,HIGH,EMERGENCY_FUND,38.0,LOW,1.058641975308642,0.9185185185185185,0.037037037037037035,0.2777777777777778
28,28000.0,16600.0,11300.0,67000,7000.0,100,12,4,4,MONTHLY,HIGH,WEALTH_CREATION,86.0,HIGH,0.19940476190476192,0.5928571428571429,0.0035714285714285713,0.020833333333333332
41,118000.0,84000.0,0.0,2511000,61000.0,47000,2,1,3,MONTHLY,MEDIUM,SHORT_TERM_GOAL,54.0,LOW,1.7733050847457628,0.711864406779661,0.3983050847457627,0.04307909604519774
46,68000.0,33700.0,7900.0,1074000,382000.0,26400,6,1,2,MONTHLY,HIGH,WEALTH_CREATION,37.0,MEDIUM,1.3161764705882353,0.49558823529411766,0.38823529411764707,0.4681372549019608
21,126000.0,77000.0,16800.0,438000,164000.0,32200,16,4,2,QUARTERLY,LOW,RETIREMENT,76.0,HIGH,0.2896825396825397,0.6111111111111112,0.25555555555555554,0.10846560846560846
50,70000.0,34900.0,13600.0,1639000,129000.0,21500,6,2,3,QUARTERLY,HIGH,EMERGENCY_FUND,64.0,HIGH,1.9511904761904761,0.49857142857142855,0.30714285714285716,0.15357142857142858
47,79000.0,42000.0,8700.0,1395000,585000.0,28300,4,2,2,MONTHLY,HIGH,EMERGENCY_FUND,49.0,MEDIUM,1.4715189873417722,0.5316455696202531,0.35822784810126584,0.6170886075949367
46,20000.0,11600.0,0.0,426000,55000.0,8700,10,1,2,RARELY,MEDIUM,RETIREMENT,34.0,MEDIUM,1.775,0.58,0.435,0.22916666666666666
62,48000.0,34900.0,0.0,1328000,838000.0,20700,22,2,1,RARELY,HIGH,WEALTH_CREATION,30.0,HIGH,2.3055555555555554,0.7270833333333333,0.43125,1.4548611111111112
61,51000.0,32800.0,11400.0,1393000,372000.0,6800,18,2,5,LUMP_SUM,HIGH,WEALTH_CREATION,69.0,HIGH,2.276143790849673,0.6431372549019608,0.13333333333333333,0.6078431372549019
51,79000.0,50200.0,9100.0,837000,499000.0,19700,10,2,4,LUMP_SUM,HIGH,EMERGENCY_FUND,62.0,MEDIUM,0.8829113924050633,0.6354430379746835,0.24936708860759493,0.5263713080168776
62,63000.0,32700.0,19700.0,430000,105000.0,10600,3,1,5,RARELY,LOW,WEALTH_CREATION,74.0,MEDIUM,0.5687830687830688,0.5190476190476191,0.16825396825396827,0.1388888888888889
31,150000.0,117100.0,8100.0,188000,44000.0,24800,17,1,2,RARELY,MEDIUM,WEALTH_CREATION,34.0,LOW,0.10444444444444445,0.7806666666666666,0.16533333333333333,0.024444444444444446
23,61000.0,52100.0,0.0,2602000,436000.0,17500,11,4,4,QUARTERLY,HIGH,TAX_SAVING,84.0,HIGH,3.5546448087431695,0.8540983606557377,0.28688524590163933,0.5956284153005464
27,81000.0,32600.0,20600.0,501000,44000.0,27800,1,3,5,QUARTERLY,HIGH,TAX_SAVING,79.0,MEDIUM,0.5154320987654321,0.4024691358024691,0.3432098765432099,0.04526748971193416
36,74000.0,35600.0,19200.0,1139000,146000.0,19200,16,2,1,MONTHLY,MEDIUM,RETIREMENT,48.0,HIGH,1.2826576576576576,0.4810810810810811,0.2594594594594595,0.16441441441441443
22,103000.0,74900.0,25000.0,3005000,2017000.0,3100,7,1,4,QUARTERLY,LOW,WEALTH_CREATION,78.0,HIGH,2.4312297734627832,0.7271844660194174,0.030097087378640777,1.6318770226537216
62,48000.0,28900.0,3400.0,907000,313000.0,15700,4,4,3,RARELY,MEDIUM,TAX_SAVING,76.0,HIGH,1.5746527777777777,0.6020833333333333,0.32708333333333334,0.5434027777777778
30,86000.0,30000.0,42600.0,392000,100000.0,13400,4,1,1,QUARTERLY,HIGH,EMERGENCY_FUND,21.0,LOW,0.3798449612403101,0.3488372093023256,0.1558139534883721,0.09689922480620156
25,28000.0,19800.0,2900.0,276000,77000.0,5300,6,3,2,MONTHLY,HIGH,WEALTH_CREATION,58.0,MEDIUM,0.8214285714285714,0.7071428571428572,0.18928571428571428,0.22916666666666666
31,104000.0,68500.0,31500.0,776000,260000.0,4000,2,1,5,MONTHLY,MEDIUM,WEALTH_CREATION,74.0,HIGH,0.6217948717948718,0.6586538461538461,0.038461538461538464,0.20833333333333334
42,90000.0,48900.0,14200.0,383000,32000.0,26900,15,2,1,MONTHLY,MEDIUM,WEALTH_CREATION,57.0,MEDIUM,0.35462962962962963,0.5433333333333333,0.29888888888888887,0.02962962962962963
56,44000.0,25400.0,3100.0,1133000,48000.0,15500,8,5,5,QUARTERLY,LOW,RETIREMENT,100.0,HIGH,2.1458333333333335,0.5772727272727273,0.3522727272727273,0.09090909090909091
26,209000.0,151500.0,0.0,2314000,401000.0,103400,14,2,2,QUARTERLY,HIGH,WEALTH_CREATION,61.0,MEDIUM,0.9226475279106858,0.7248803827751196,0.49473684210526314,0.1598883572567783
49,50000.0,31400.0,4400.0,218000,58000.0,14200,1,1,4,MONTHLY,MEDIUM,RETIREMENT,65.0,LOW,0.36333333333333334,0.628,0.284,0.09666666666666666
40,121000.0,104300.0,0.0,652000,92000.0,30600,4,1,2,RARELY,MEDIUM,EMERGENCY_FUND,33.0,LOW,0.4490358126721763,0.8619834710743801,0.2528925619834711,0.06336088154269973
57,59000.0,51200.0,0.0,4131000,898000.0,19400,1,3,2,RARELY,HIGH,WEALTH_CREATION,46.0,HIGH,5.834745762711864,0.8677966101694915,0.3288135593220339,1.268361581920904
55,242000.0,83900.0,117000.0,394000,175000.0,41100,3,2,2,MONTHLY,HIGH,TAX_SAVING,45.0,MEDIUM,0.1356749311294766,0.3466942148760331,0.16983471074380166,0.060261707988980714
46,54000.0,38800.0,11400.0,688000,199000.0,3800,6,2,3,RARELY,HIGH,SHORT_TERM_GOAL,54.0,HIGH,1.0617283950617284,0.7185185185185186,0.07037037037037037,0.30709876543209874
42,35000.0,22800.0,4900.0,615000,189000.0,7300,11,3,3,LUMP_SUM,LOW,WEALTH_CREATION,79.0,HIGH,1.4642857142857142,0.6514285714285715,0.20857142857142857,0.45
30,29000.0,21700.0,0.0,1312000,13000.0,9000,9,1,3,MONTHLY,LOW,RETIREMENT,70.0,HIGH,3.7701149425287355,0.7482758620689656,0.3103448275862069,0.03735632183908046
56,33000.0,25800.0,2600.0,181000,39000.0,4600,1,1,1,LUMP_SUM,MEDIUM,TAX_SAVING,33.0,LOW,0.45707070707070707,0.7818181818181819,0.1393939393939394,0.09848484848484848
46,73000.0,45700.0,500.0,2139000,492000.0,26800,10,5,1,LUMP_SUM,MEDIUM,RETIREMENT,91.0,HIGH,2.441780821917808,0.626027397260274,0.36712328767123287,0.5616438356164384
50,136000.0,93100.0,17400.0,552000,228000.0,25500,13,3,2,LUMP_SUM,MEDIUM,EMERGENCY_FUND,72.0,MEDIUM,0.3382352941176471,0.6845588235294118,0.1875,0.13970588235294118
51,226000.0,82100.0,105000.0,1162000,42000.0,38900,13,2,3,RARELY,MEDIUM,SHORT_TERM_GOAL,53.0,LOW,0.4284660766961652,0.36327433628318584,0.17212389380530974,0.015486725663716814
27,36000.0,25700.0,2000.0,329000,19000.0,8300,9,1,3,RARELY,LOW,TAX_SAVING,53.0,HIGH,0.7615740740740741,0.7138888888888889,0.23055555555555557,0.04398148148148148
40,31000.0,14100.0,13500.0,196000,93000.0,3400,11,1,2,LUMP_SUM,MEDIUM,TAX_SAVING,43.0,HIGH,0.5268817204301075,0.45483870967741935,0.10967741935483871,0.25
32,117000.0,90400.0,12100.0,353000,92000.0,14500,19,3,4,RARELY,HIGH,EMERGENCY_FUND,61.0,MEDIUM,0.2514245014245014,0.7726495726495727,0.12393162393162394,0.06552706552706553
47,71000.0,36700.0,200.0,1441000,291000.0,34100,22,2,1,RARELY,HIGH,WEALTH_CREATION,43.0,HIGH,1.6913145539906103,0.5169014084507042,0.4802816901408451,0.3415492957746479
45,78000.0,65100.0,0.0,1430000,584000.0,19900,4,2,2,LUMP_SUM,HIGH,TAX_SAVING,40.0,HIGH,1.5277777777777777,0.8346153846153846,0.2551282051282051,0.6239316239316239
34,20000.0,16700.0,0.0,301000,100000.0,3700,17,1,4,MONTHLY,HIGH,WEALTH_CREATION,57.0,HIGH,1.2541666666666667,0.835,0.185,0.4166666666666667
56,59000.0,31400.0,8500.0,585000,103000.0,19100,7,1,2,LUMP_SUM,HIGH,TAX_SAVING,34.0,LOW,0.826271186440678,0.5322033898305085,0.32372881355932204,0.14548022598870056
46,55000.0,31000.0,8500.0,799000,142000.0,15500,9,2,3,MONTHLY,HIGH,EMERGENCY_FUND,48.0,MEDIUM,1.2106060606060607,0.5636363636363636,0.2818181818181818,0.21515151515151515
25,36000.0,13000.0,19400.0,734000,221000.0,3600,14,3,1,MONTHLY,MEDIUM,WEALTH_CREATION,67.0,HIGH,1.6990740740740742,0.3611111111111111,0.1,0.5115740740740741
55,138000.0,67800.0,53600.0,1054000,150000.0,16600,1,4,4,MONTHLY,MEDIUM,TAX_SAVING,88.0,HIGH,0.6364734299516909,0.49130434782608695,0.12028985507246377,0.09057971014492754
48,86000.0,60600.0,18500.0,1979000,674000.0,6900,15,1,3,MONTHLY,MEDIUM,WEALTH_CREATION,40.0,HIGH,1.9176356589147288,0.7046511627906977,0.08023255813953488,0.6531007751937985
44,40000.0,36800.0,0.0,306000,191000.0,6100,3,4,4,MONTHLY,MEDIUM,RETIREMENT,94.0,HIGH,0.6375,0.92,0.1525,0.39791666666666664
38,73000.0,39200.0,23600.0,556000,114000.0,10200,4,2,1,RARELY,HIGH,WEALTH_CREATION,10.0,LOW,0.634703196347032,0.536986301369863,0.13972602739726028,0.13013698630136986
47,38000.0,15200.0,19100.0,228000,51000.0,3700,8,4,1,MONTHLY,LOW,SHORT_TERM_GOAL,67.0,HIGH,0.5,0.4,0.09736842105263158,0.1118421052631579
38,48000.0,28300.0,18300.0,426000,22000.0,1400,8,2,3,QUARTERLY,LOW,WEALTH_CREATION,70.0,HIGH,0.7395833333333334,0.5895833333333333,0.029166666666666667,0.03819444444444445
36,155000.0,71500.0,57000.0,436000,26000.0,26500,2,1,3,MONTHLY,LOW,RETIREMENT,74.0,HIGH,0.23440860215053763,0.4612903225806452,0.17096774193548386,0.013978494623655914
27,122000.0,82800.0,38300.0,1223000,143000.0,900,4,4,3,MONTHLY,LOW,RETIREMENT,96.0,HIGH,0.8353825136612022,0.6786885245901639,0.007377049180327869,0.0976775956284153
48,36000.0,29400.0,4700.0,794000,235000.0,1900,3,3,4,MONTHLY,MEDIUM,SHORT_TERM_GOAL,78.0,HIGH,1.837962962962963,0.8166666666666667,0.05277777777777778,0.5439814814814815
38,270000.0,230500.0,2200.0,5338000,176000.0,37300,14,1,1,MONTHLY,HIGH,RETIREMENT,55.0,HIGH,1.6475308641975308,0.8537037037037037,0.13814814814814816,0.05432098765432099
62,95000.0,38200.0,32700.0,646000,90000.0,24100,13,5,4,RARELY,LOW,TAX_SAVING,98.0,HIGH,0.5666666666666667,0.40210526315789474,0.2536842105263158,0.07894736842105263
39,35000.0,18000.0,7100.0,40000,3000.0,9900,8,2,3,LUMP_SUM,MEDIUM,WEALTH_CREATION,65.0,MEDIUM,0.09523809523809523,0.5142857142857142,0.28285714285714286,0.007142857142857143
59,41000.0,34000.0,3900.0,591000,8000.0,3100,5,5,1,LUMP_SUM,HIGH,TAX_SAVING,54.0,MEDIUM,1.201219512195122,0.8292682926829268,0.07560975609756097,0.016260162601626018
64,87000.0,37700.0,37900.0,519000,41000.0,11400,1,1,3,MONTHLY,LOW,WEALTH_CREATION,74.0,HIGH,0.49712643678160917,0.43333333333333335,0.1310344827586207,0.039272030651340994
23,69000.0,61000.0,0.0,1279000,446000.0,17100,17,1,4,MONTHLY,HIGH,EMERGENCY_FUND,68.0,HIGH,1.5446859903381642,0.8840579710144928,0.24782608695652175,0.538647342995169
27,56000.0,33700.0,7100.0,131000,3000.0,15200,5,4,1,RARELY,HIGH,WEALTH_CREATION,40.0,LOW,0.1949404761904762,0.6017857142857143,0.2714285714285714,0.004464285714285714
24,26000.0,17900.0,5900.0,418000,63000.0,2200,13,1,3,RARELY,MEDIUM,EMERGENCY_FUND,48.0,HIGH,1.3397435897435896,0.6884615384615385,0.08461538461538462,0.20192307692307693
21,94000.0,60700.0,19100.0,128000,20000.0,14200,12,3,2,MONTHLY,HIGH,WEALTH_CREATION,37.0,MEDIUM,0.11347517730496454,0.6457446808510638,0.15106382978723404,0.01773049645390071
34,87000.0,25900.0,55700.0,360000,148000.0,5400,1,1,2,MONTHLY,HIGH,RETIREMENT,35.0,HIGH,0.3448275862068966,0.29770114942528736,0.06206896551724138,0.1417624521072797
38,66000.0,30300.0,30200.0,119000,62000.0,5500,12,3,3,MONTHLY,LOW,RETIREMENT,74.0,HIGH,0.15025252525252525,0.4590909090909091,0.08333333333333333,0.07828282828282829
42,25000.0,15500.0,5700.0,178000,113000.0,3800,11,1,3,LUMP_SUM,HIGH,WEALTH_CREATION,63.0,HIGH,0.5933333333333334,0.62,0.152,0.37666666666666665
32,75000.0,38500.0,25800.0,391000,183000.0,10700,13,2,1,MONTHLY,LOW,TAX_SAVING,65.0,HIGH,0.43444444444444447,0.5133333333333333,0.14266666666666666,0.20333333333333334
31,86000.0,47300.0,32500.0,1316000,506000.0,6200,15,1,5,MONTHLY,HIGH,WEALTH_CREATION,73.0,HIGH,1.2751937984496124,0.55,0.07209302325581396,0.4903100775193798
32,69000.0,44500.0,8300.0,920000,203000.0,16200,17,5,3,QUARTERLY,HIGH,WEALTH_CREATION,81.0,HIGH,1.1111111111111112,0.644927536231884,0.23478260869565218,0.24516908212560387
51,49000.0,26700.0,12000.0,696000,170000.0,10300,15,2,4,LUMP_SUM,MEDIUM,WEALTH_CREATION,70.0,HIGH,1.183673469387755,0.5448979591836735,0.21020408163265306,0.2891156462585034
33,102000.0,86900.0,0.0,937000,190000.0,25000,5,1,5,RARELY,LOW,WEALTH_CREATION,75.0,MEDIUM,0.7655228758169934,0.8519607843137255,0.24509803921568626,0.15522875816993464
32,111000.0,50100.0,40900.0,1554000,355000.0,20000,5,2,5,MONTHLY,MEDIUM,WEALTH_CREATION,80.0,HIGH,1.1666666666666667,0.45135135135135135,0.18018018018018017,0.26651651651651653
22,159000.0,94900.0,35400.0,4580000,1167000.0,28700,13,1,1,LUMP_SUM,HIGH,WEALTH_CREATION,25.0,HIGH,2.40041928721174,0.5968553459119497,0.18050314465408804,0.6116352201257862
47,123000.0,97700.0,20600.0,1342000,77000.0,4700,3,4,5,QUARTERLY,MEDIUM,RETIREMENT,100.0,HIGH,0.9092140921409214,0.7943089430894309,0.038211382113821135,0.0521680216802168
58,30000.0,18200.0,5000.0,394000,84000.0,6800,9,2,1,MONTHLY,MEDIUM,TAX_SAVING,40.0,HIGH,1.0944444444444446,0.6066666666666667,0.22666666666666666,0.23333333333333334
57,192000.0,152600.0,0.0,2369000,422000.0,49500,11,1,5,MONTHLY,MEDIUM,WEALTH_CREATION,65.0,HIGH,1.0282118055555556,0.7947916666666667,0.2578125,0.1831597222222222
53,34000.0,18600.0,5800.0,221000,94000.0,9600,3,2,3,RARELY,MEDIUM,RETIREMENT,59.0,LOW,0.5416666666666666,0.5470588235294118,0.2823529411764706,0.23039215686274508
44,45000.0,20700.0,4400.0,228000,0.0,19900,10,3,3,RARELY,HIGH,SHORT_TERM_GOAL,60.0,LOW,0.4222222222222222,0.46,0.44222222222222224,0.0
58,82000.0,55300.0,4800.0,1289000,384000.0,21900,16,3,4,MONTHLY,LOW,TAX_SAVING,72.0,HIGH,1.309959349593496,0.6743902439024391,0.26707317073170733,0.3902439024390244
39,45000.0,22500.0,10700.0,478000,295000.0,11800,14,1,3,MONTHLY,MEDIUM,WEALTH_CREATION,62.0,HIGH,0.8851851851851852,0.5,0.26222222222222225,0.5462962962962963
24,60000.0,32200.0,15500.0,524000,104000.0,12300,2,4,2,MONTHLY,LOW,SHORT_TERM_GOAL,70.0,HIGH,0.7277777777777777,0.5366666666666666,0.205,0.14444444444444443
50,40000.0,28100.0,7900.0,130000,71000.0,4000,9,3,1,MONTHLY,HIGH,RETIREMENT,62.0,MEDIUM,0.2708333333333333,0.7025,0.1,0.14791666666666667
51,50000.0,46000.0,0.0,596000,173000.0,6400,13,3,1,LUMP_SUM,MEDIUM,WEALTH_CREATION,54.0,HIGH,0.9933333333333333,0.92,0.128,0.28833333333333333
53,58000.0,41800.0,6100.0,388000,354000.0,10100,2,2,2,MONTHLY,HIGH,TAX_SAVING,39.0,LOW,0.5574712643678161,0.7206896551724138,0.17413793103448275,0.5086206896551724
61,109000.0,59600.0,30900.0,1333000,564000.0,18500,16,1,5,MONTHLY,LOW,WEALTH_CREATION,80.0,HIGH,1.019113149847095,0.5467889908256881,0.16972477064220184,0.43119266055045874
46,36000.0,14300.0,18600.0,160000,34000.0,3100,15,3,2,RARELY,LOW,RETIREMENT,67.0,HIGH,0.37037037037037035,0.3972222222222222,0.08611111111111111,0.0787037037037037
30,150000.0,96900.0,29600.0,1812000,184000.0,23500,2,2,4,LUMP_SUM,LOW,WEALTH_CREATION,72.0,HIGH,1.0066666666666666,0.646,0.15666666666666668,0.10222222222222223
55,41000.0,29700.0,7400.0,510000,399000.0,3900,2,2,3,RARELY,LOW,WEALTH_CREATION,71.0,HIGH,1.0365853658536586,0.724390243902439,0.0951219512195122,0.8109756097560976
28,49000.0,35000.0,9600.0,556000,125000.0,4400,18,1,2,MONTHLY,MEDIUM,RETIREMENT,71.0,HIGH,0.9455782312925171,0.7142857142857143,0.08979591836734693,0.21258503401360543
31,71000.0,32000.0,29000.0,717000,92000.0,10000,3,2,3,LUMP_SUM,MEDIUM,SHORT_TERM_GOAL,56.0,MEDIUM,0.8415492957746479,0.4507042253521127,0.14084507042253522,0.107981220657277
35,20000.0,12700.0,5700.0,619000,202000.0,1600,5,5,5,LUMP_SUM,HIGH,RETIREMENT,97.0,HIGH,2.5791666666666666,0.635,0.08,0.8416666666666667
38,48000.0,31200.0,13000.0,25000,4000.0,3800,13,1,3,LUMP_SUM,MEDIUM,EMERGENCY_FUND,47.0,LOW,0.043402777777777776,0.65,0.07916666666666666,0.006944444444444444
38,84000.0,64300.0,0.0,774000,268000.0,23400,18,2,2,LUMP_SUM,LOW,RETIREMENT,60.0,HIGH,0.7678571428571429,0.7654761904761904,0.2785714285714286,0.26587301587301587
33,86000.0,56100.0,8700.0,1020000,819000.0,21200,9,3,4,QUARTERLY,LOW,WEALTH_CREATION,84.0,HIGH,0.9883720930232558,0.6523255813953488,0.24651162790697675,0.7936046511627907
21,79000.0,67400.0,0.0,1988000,253000.0,25600,8,1,1,MONTHLY,HIGH,TAX_SAVING,67.0,MEDIUM,2.0970464135021096,0.8531645569620253,0.3240506329113924,0.2668776371308017
21,36000.0,14700.0,15700.0,366000,227000.0,5600,12,3,2,MONTHLY,MEDIUM,WEALTH_CREATION,71.0,HIGH,0.8472222222222222,0.4083333333333333,0.15555555555555556,0.5254629629629629
24,92000.0,36300.0,54300.0,444000,80000.0,1400,9,5,1,MONTHLY,HIGH,WEALTH_CREATION,72.0,HIGH,0.40217391304347827,0.39456521739130435,0.015217391304347827,0.07246376811594203
53,58000.0,48200.0,7900.0,463000,27000.0,1900,4,1,2,LUMP_SUM,MEDIUM,WEALTH_CREATION,54.0,MEDIUM,0.6652298850574713,0.8310344827586207,0.032758620689655175,0.03879310344827586
57,60000.0,34300.0,19700.0,546000,148000.0,6000,24,4,4,LUMP_SUM,MEDIUM,EMERGENCY_FUND,79.0,HIGH,0.7583333333333333,0.5716666666666667,0.1,0.20555555555555555
59,94000.0,75900.0,0.0,2141000,342000.0,22300,12,4,2,MONTHLY,MEDIUM,WEALTH_CREATION,74.0,HIGH,1.8980496453900708,0.8074468085106383,0.2372340425531915,0.30319148936170215
61,85000.0,37700.0,39200.0,984000,457000.0,8100,2,4,1,RARELY,MEDIUM,EMERGENCY_FUND,79.0,MEDIUM,0.9647058823529412,0.4435294117647059,0.09529411764705882,0.44803921568627453
37,158000.0,82100.0,30800.0,1353000,198000.0,45100,4,1,4,RARELY,LOW,EMERGENCY_FUND,66.0,LOW,0.7136075949367089,0.519620253164557,0.28544303797468357,0.10443037974683544
55,49000.0,29400.0,14300.0,777000,259000.0,5300,11,4,1,MONTHLY,LOW,WEALTH_CREATION,84.0,HIGH,1.3214285714285714,0.6,0.10816326530612246,0.44047619047619047
23,38000.0,31500.0,400.0,350000,174000.0,6100,7,1,3,MONTHLY,MEDIUM,WEALTH_CREATION,85.0,HIGH,0.7675438596491229,0.8289473684210527,0.16052631578947368,0.3815789473684211
33,31000.0,22100.0,0.0,383000,172000.0,13000,1,1,2,MONTHLY,MEDIUM,RETIREMENT,51.0,MEDIUM,1.0295698924731183,0.7129032258064516,0.41935483870967744,0.46236559139784944
41,118000.0,79100.0,34600.0,1527000,259000.0,4300,6,4,2,LUMP_SUM,MEDIUM,SHORT_TERM_GOAL,78.0,HIGH,1.0783898305084745,0.6703389830508475,0.036440677966101696,0.182909604519774
50,68000.0,50800.0,0.0,1347000,474000.0,19700,4,3,2,RARELY,MEDIUM,WEALTH_CREATION,65.0,HIGH,1.650735294117647,0.7470588235294118,0.2897058823529412,0.5808823529411765
62,63000.0,19900.0,22800.0,354000,279000.0,20300,11,1,5,QUARTERLY,HIGH,WEALTH_CREATION,69.0,HIGH,0.46825396825396826,0.31587301587301586,0.32222222222222224,0.36904761904761907
40,143000.0,95800.0,0.0,1349000,765000.0,61300,12,1,4,RARELY,MEDIUM,SHORT_TERM_GOAL,46.0,LOW,0.7861305361305362,0.66993006993007,0.4286713286713287,0.4458041958041958
48,20000.0,18300.0,0.0,747000,272000.0,3300,6,3,3,LUMP_SUM,HIGH,TAX_SAVING,72.0,HIGH,3.1125,0.915,0.165,1.1333333333333333
36,43000.0,19600.0,20800.0,714000,232000.0,2600,7,2,4,QUARTERLY,HIGH,RETIREMENT,64.0,HIGH,1.3837209302325582,0.4558139534883721,0.06046511627906977,0.4496124031007752
31,82000.0,37200.0,28600.0,578000,353000.0,16200,4,1,3,RARELY,LOW,TAX_SAVING,73.0,HIGH,0.5873983739837398,0.45365853658536587,0.1975609756097561,0.358739837398374
29,30000.0,22500.0,1900.0,406000,226000.0,5600,2,1,2,LUMP_SUM,LOW,SHORT_TERM_GOAL,44.0,MEDIUM,1.1277777777777778,0.75,0.18666666666666668,0.6277777777777778
56,114000.0,102000.0,0.0,1345000,136000.0,40900,4,5,3,MONTHLY,MEDIUM,TAX_SAVING,92.0,HIGH,0.9831871345029239,0.8947368421052632,0.3587719298245614,0.09941520467836257
29,37000.0,32200.0,0.0,1577000,539000.0,12200,15,2,1,QUARTERLY,LOW,SHORT_TERM_GOAL,56.0,HIGH,3.5518018018018016,0.8702702702702703,0.32972972972972975,1.2139639639639639
62,25000.0,16100.0,7300.0,191000,53000.0,1600,12,1,2,MONTHLY,LOW,RETIREMENT,59.0,HIGH,0.6366666666666667,0.644,0.064,0.17666666666666667
40,64000.0,21500.0,36600.0,25000,5000.0,5900,7,2,2,MONTHLY,LOW,EMERGENCY_FUND,50.0,MEDIUM,0.032552083333333336,0.3359375,0.0921875,0.006510416666666667
65,57000.0,17500.0,26900.0,168000,65000.0,12600,10,3,2,MONTHLY,HIGH,RETIREMENT,60.0,HIGH,0.24561403508771928,0.30701754385964913,0.22105263157894736,0.09502923976608187
65,179000.0,164500.0,0.0,693000,30000.0,87600,15,1,5,MONTHLY,MEDIUM,RETIREMENT,85.0,MEDIUM,0.3226256983240223,0.9189944134078212,0.4893854748603352,0.013966480446927373
43,40000.0,30500.0,0.0,758000,171000.0,11400,4,2,4,MONTHLY,HIGH,RETIREMENT,72.0,HIGH,1.5791666666666666,0.7625,0.285,0.35625
43,55000.0,31600.0,11500.0,375000,13000.0,11900,4,2,3,LUMP_SUM,HIGH,WEALTH_CREATION,60.0,MEDIUM,0.5681818181818182,0.5745454545454546,0.21636363636363637,0.019696969696969695
53,21000.0,13400.0,3200.0,135000,36000.0,4400,14,3,2,MONTHLY,MEDIUM,TAX_SAVING,71.0,MEDIUM,0.5357142857142857,0.638095238095238,0.20952380952380953,0.14285714285714285
40,50000.0,29400.0,8800.0,356000,58000.0,11800,2,2,2,MONTHLY,HIGH,WEALTH_CREATION,47.0,MEDIUM,0.5933333333333334,0.588,0.236,0.09666666666666666
37,20000.0,9400.0,4500.0,77000,4000.0,6100,7,4,2,RARELY,HIGH,RETIREMENT,75.0,MEDIUM,0.32083333333333336,0.47,0.305,0.016666666666666666
60,87000.0,46200.0,2200.0,2445000,620000.0,38600,8,3,4,LUMP_SUM,LOW,WEALTH_CREATION,83.0,HIGH,2.3419540229885056,0.5310344827586206,0.4436781609195402,0.5938697318007663
41,52000.0,32200.0,5900.0,588000,282000.0,13900,12,2,1,MONTHLY,HIGH,WEALTH_CREATION,53.0,MEDIUM,0.9423076923076923,0.6192307692307693,0.2673076923076923,0.4519230769230769
40,47000.0,43200.0,500.0,503000,18000.0,3300,4,1,2,MONTHLY,LOW,WEALTH_CREATION,40.0,HIGH,0.8918439716312057,0.9191489361702128,0.07021276595744681,0.031914893617021274
64,147000.0,105600.0,1200.0,473000,143000.0,40200,4,5,4,LUMP_SUM,LOW,EMERGENCY_FUND,100.0,HIGH,0.268140589569161,0.7183673469387755,0.27346938775510204,0.0810657596371882
40,29000.0,16700.0,700.0,684000,74000.0,11600,19,3,3,RARELY,MEDIUM,WEALTH_CREATION,63.0,HIGH,1.9655172413793103,0.5758620689655173,0.4,0.21264367816091953
63,57000.0,28200.0,23800.0,778000,302000.0,5000,7,3,5,MONTHLY,LOW,TAX_SAVING,96.0,HIGH,1.1374269005847952,0.49473684210526314,0.08771929824561403,0.4415204678362573
28,117000.0,100300.0,4200.0,894000,362000.0,12500,14,2,2,RARELY,MEDIUM,WEALTH_CREATION,46.0,HIGH,0.6367521367521367,0.8572649572649572,0.10683760683760683,0.25783475783475784
44,197000.0,84100.0,107100.0,2871000,788000.0,5800,6,2,1,MONTHLY,MEDIUM,WEALTH_CREATION,56.0,HIGH,1.2144670050761421,0.42690355329949237,0.029441624365482234,0.3333333333333333
32,68000.0,39400.0,21500.0,1359000,574000.0,7100,4,1,1,RARELY,MEDIUM,EMERGENCY_FUND,40.0,HIGH,1.6654411764705883,0.5794117647058824,0.10441176470588236,0.7034313725490197
62,118000.0,68200.0,48900.0,1332000,850000.0,900,8,2,5,LUMP_SUM,LOW,RETIREMENT,82.0,HIGH,0.940677966101695,0.5779661016949152,0.007627118644067797,0.6002824858757062
39,72000.0,43900.0,24400.0,714000,165000.0,3700,10,4,1,MONTHLY,MEDIUM,RETIREMENT,72.0,HIGH,0.8263888888888888,0.6097222222222223,0.05138888888888889,0.1909722222222222
25,54000.0,31200.0,7000.0,950000,253000.0,15800,2,1,5,QUARTERLY,HIGH,SHORT_TERM_GOAL,59.0,HIGH,1.4660493827160495,0.5777777777777777,0.29259259259259257,0.3904320987654321
45,62000.0,36500.0,21800.0,1168000,169000.0,3700,5,2,3,LUMP_SUM,LOW,RETIREMENT,79.0,HIGH,1.5698924731182795,0.5887096774193549,0.05967741935483871,0.2271505376344086
44,29000.0,17200.0,6700.0,279000,95000.0,5100,2,1,3,MONTHLY,LOW,WEALTH_CREATION,66.0,HIGH,0.8017241379310345,0.593103448275862,0.17586206896551723,0.27298850574712646
26,138000.0,52000.0,77700.0,547000,154000.0,8300,8,1,5,LUMP_SUM,LOW,WEALTH_CREATION,78.0,HIGH,0.3303140096618358,0.37681159420289856,0.060144927536231886,0.0929951690821256
49,50000.0,29400.0,2700.0,310000,14000.0,17900,6,2,1,RARELY,MEDIUM,TAX_SAVING,38.0,LOW,0.5166666666666667,0.588,0.358,0.023333333333333334
36,130000.0,58500.0,69300.0,1615000,719000.0,2200,1,1,3,RARELY,MEDIUM,SHORT_TERM_GOAL,47.0,LOW,1.0352564102564104,0.45,0.016923076923076923,0.46089743589743587
56,136000.0,83700.0,41000.0,5051000,1383000.0,11300,5,5,3,MONTHLY,MEDIUM,WEALTH_CREATION,93.0,HIGH,3.0949754901960786,0.6154411764705883,0.08308823529411764,0.8474264705882353
59,91000.0,53000.0,10900.0,1676000,532000.0,27100,3,2,1,RARELY,LOW,RETIREMENT,45.0,HIGH,1.534798534798535,0.5824175824175825,0.2978021978021978,0.48717948717948717
34,99000.0,74700.0,2500.0,840000,205000.0,21800,9,3,2,RARELY,LOW,TAX_SAVING,69.0,HIGH,0.7070707070707071,0.7545454545454545,0.2202020202020202,0.17255892255892255
29,30000.0,21000.0,0.0,987000,178000.0,12700,7,3,2,RARELY,HIGH,WEALTH_CREATION,49.0,HIGH,2.7416666666666667,0.7,0.42333333333333334,0.49444444444444446
40,50000.0,42700.0,1100.0,2608000,628000.0,6200,3,1,2,LUMP_SUM,MEDIUM,WEALTH_CREATION,37.0,HIGH,4.346666666666667,0.854,0.124,1.0466666666666666
44,88000.0,57600.0,22100.0,3127000,2640000.0,8300,8,5,4,MONTHLY,HIGH,SHORT_TERM_GOAL,81.0,HIGH,2.961174242424242,0.6545454545454545,0.09431818181818181,2.5
52,116000.0,89500.0,4100.0,2098000,659000.0,22400,13,3,3,LUMP_SUM,HIGH,WEALTH_CREATION,80.0,HIGH,1.507183908045977,0.771551724137931,0.19310344827586207,0.4734195402298851
28,24000.0,19900.0,0.0,550000,85000.0,7900,17,3,5,MONTHLY,LOW,RETIREMENT,100.0,HIGH,1.9097222222222223,0.8291666666666667,0.32916666666666666,0.2951388888888889
22,31000.0,9900.0,12100.0,181000,14000.0,9000,5,3,4,LUMP_SUM,MEDIUM,WEALTH_CREATION,72.0,MEDIUM,0.48655913978494625,0.3193548387096774,0.2903225806451613,0.03763440860215054
65,51000.0,16000.0,33700.0,135000,60000.0,1300,5,3,5,MONTHLY,MEDIUM,WEALTH_CREATION,87.0,HIGH,0.22058823529411764,0.3137254901960784,0.025490196078431372,0.09803921568627451
21,41000.0,18800.0,16900.0,118000,72000.0,5300,9,2,4,RARELY,MEDIUM,EMERGENCY_FUND,50.0,MEDIUM,0.23983739837398374,0.4585365853658537,0.12926829268292683,0.14634146341463414
57,140000.0,91400.0,21900.0,2382000,518000.0,26700,9,1,3,QUARTERLY,MEDIUM,WEALTH_CREATION,70.0,HIGH,1.417857142857143,0.6528571428571428,0.19071428571428573,0.30833333333333335
56,59000.0,31200.0,23700.0,130000,46000.0,4100,12,5,4,RARELY,HIGH,WEALTH_CREATION,79.0,HIGH,0.18361581920903955,0.5288135593220339,0.06949152542372881,0.06497175141242938
55,57000.0,27800.0,17100.0,317000,87000.0,12100,4,1,3,MONTHLY,HIGH,EMERGENCY_FUND,63.0,LOW,0.46345029239766083,0.48771929824561405,0.21228070175438596,0.12719298245614036
44,23000.0,15000.0,3200.0,163000,102000.0,4800,21,1,1,MONTHLY,HIGH,EMERGENCY_FUND,28.0,LOW,0.5905797101449275,0.6521739130434783,0.20869565217391303,0.3695652173913043
50,27000.0,15300.0,6800.0,534000,89000.0,4900,14,1,3,QUARTERLY,MEDIUM,TAX_SAVING,48.0,HIGH,1.6481481481481481,0.5666666666666667,0.1814814814814815,0.27469135802469136
65,134000.0,82800.0,19600.0,3377000,844000.0,31600,18,1,1,MONTHLY,HIGH,RETIREMENT,39.0,HIGH,2.1001243781094527,0.6179104477611941,0.23582089552238805,0.5248756218905473
54,95000.0,44300.0,39600.0,412000,135000.0,11100,10,1,3,RARELY,MEDIUM,SHORT_TERM_GOAL,54.0,MEDIUM,0.36140350877192984,0.4663157894736842,0.1168421052631579,0.11842105263157894
39,141000.0,121900.0,0.0,5725000,132000.0,44100,14,3,1,MONTHLY,HIGH,WEALTH_CREATION,41.0,HIGH,3.3835697399527187,0.8645390070921986,0.3127659574468085,0.07801418439716312
55,101000.0,41200.0,53200.0,811000,341000.0,6600,23,1,1,MONTHLY,MEDIUM,WEALTH_CREATION,57.0,HIGH,0.6691419141914191,0.4079207920792079,0.06534653465346535,0.28135313531353134
56,34000.0,16600.0,16100.0,480000,34000.0,1300,17,1,3,MONTHLY,MEDIUM,SHORT_TERM_GOAL,57.0,HIGH,1.1764705882352942,0.48823529411764705,0.03823529411764706,0.08333333333333333
27,113000.0,68000.0,32300.0,498000,44000.0,12700,11,2,1,RARELY,MEDIUM,TAX_SAVING,40.0,MEDIUM,0.3672566371681416,0.6017699115044248,0.11238938053097346,0.032448377581120944
34,130000.0,109100.0,16900.0,567000,47000.0,4000,16,5,3,RARELY,LOW,WEALTH_CREATION,62.0,HIGH,0.36346153846153845,0.8392307692307692,0.03076923076923077,0.03012820512820513
60,95000.0,62200.0,14500.0,1669000,1292000.0,18300,1,2,4,QUARTERLY,HIGH,SHORT_TERM_GOAL,56.0,HIGH,1.4640350877192982,0.6547368421052632,0.19263157894736843,1.1333333333333333
42,60000.0,33300.0,15700.0,1295000,180000.0,11000,15,4,3,MONTHLY,LOW,TAX_SAVING,83.0,HIGH,1.7986111111111112,0.555,0.18333333333333332,0.25
48,62000.0,39100.0,6300.0,569000,130000.0,16600,1,3,4,RARELY,MEDIUM,RETIREMENT,80.0,HIGH,0.7647849462365591,0.6306451612903226,0.267741935483871,0.17473118279569894
28,66000.0,51900.0,12600.0,596000,356000.0,1500,6,1,3,MONTHLY,MEDIUM,TAX_SAVING,71.0,HIGH,0.7525252525252525,0.7863636363636364,0.022727272727272728,0.4494949494949495
57,46000.0,29500.0,5000.0,170000,27000.0,11500,7,1,3,MONTHLY,MEDIUM,RETIREMENT,67.0,MEDIUM,0.3079710144927536,0.6413043478260869,0.25,0.04891304347826087
37,30000.0,18700.0,8600.0,277000,113000.0,2700,1,4,3,QUARTERLY,MEDIUM,EMERGENCY_FUND,78.0,HIGH,0.7694444444444445,0.6233333333333333,0.09,0.3138888888888889
55,109000.0,57500.0,30000.0,1247000,846000.0,21500,2,2,5,RARELY,MEDIUM,WEALTH_CREATION,77.0,HIGH,0.9533639143730887,0.5275229357798165,0.19724770642201836,0.6467889908256881
32,22000.0,17400.0,3000.0,269000,87000.0,1600,13,3,2,LUMP_SUM,HIGH,WEALTH_CREATION,62.0,HIGH,1.018939393939394,0.7909090909090909,0.07272727272727272,0.32954545454545453
31,205000.0,95400.0,98700.0,1480000,262000.0,10900,9,4,1,RARELY,MEDIUM,WEALTH_CREATION,81.0,HIGH,0.6016260162601627,0.4653658536585366,0.05317073170731707,0.10650406504065041
36,110000.0,63300.0,14700.0,1177000,549000.0,32000,8,1,4,MONTHLY,MEDIUM,EMERGENCY_FUND,69.0,HIGH,0.8916666666666667,0.5754545454545454,0.2909090909090909,0.4159090909090909
37,82000.0,44100.0,21200.0,68000,20000.0,16700,7,3,1,QUARTERLY,LOW,EMERGENCY_FUND,71.0,LOW,0.06910569105691057,0.5378048780487805,0.20365853658536584,0.02032520325203252
22,47000.0,29000.0,4700.0,663000,111000.0,13300,9,1,5,MONTHLY,MEDIUM,RETIREMENT,73.0,HIGH,1.175531914893617,0.6170212765957447,0.28297872340425534,0.19680851063829788
59,130000.0,26000.0,77600.0,639000,45000.0,26400,9,1,3,LUMP_SUM,MEDIUM,TAX_SAVING,62.0,HIGH,0.4096153846153846,0.2,0.20307692307692307,0.028846153846153848
39,112000.0,82600.0,5900.0,6571000,742000.0,23500,2,2,1,MONTHLY,HIGH,TAX_SAVING,41.0,HIGH,4.889136904761905,0.7375,0.20982142857142858,0.5520833333333334
27,51000.0,30500.0,5600.0,890000,348000.0,14900,8,3,5,LUMP_SUM,MEDIUM,SHORT_TERM_GOAL,71.0,HIGH,1.4542483660130718,0.5980392156862745,0.29215686274509806,0.5686274509803921
63,23000.0,16800.0,0.0,687000,146000.0,10300,20,1,3,MONTHLY,MEDIUM,RETIREMENT,48.0,HIGH,2.489130434782609,0.7304347826086957,0.44782608695652176,0.5289855072463768
39,132000.0,67500.0,31800.0,1557000,8000.0,32700,7,4,5,MONTHLY,HIGH,WEALTH_CREATION,80.0,HIGH,0.9829545454545454,0.5113636363636364,0.24772727272727274,0.005050505050505051
47,73000.0,43100.0,23500.0,852000,114000.0,6400,12,2,1,MONTHLY,LOW,EMERGENCY_FUND,57.0,HIGH,0.9726027397260274,0.5904109589041096,0.08767123287671233,0.13013698630136986
27,63000.0,48700.0,8600.0,1828000,725000.0,5700,8,3,2,QUARTERLY,HIGH,EMERGENCY_FUND,55.0,HIGH,2.417989417989418,0.773015873015873,0.09047619047619047,0.958994708994709
61,208000.0,49000.0,99200.0,622000,154000.0,59800,12,2,1,RARELY,HIGH,RETIREMENT,36.0,MEDIUM,0.24919871794871795,0.23557692307692307,0.2875,0.06169871794871795
40,46000.0,26000.0,700.0,1405000,121000.0,19300,18,1,1,MONTHLY,HIGH,WEALTH_CREATION,29.0,HIGH,2.545289855072464,0.5652173913043478,0.41956521739130437,0.21920289855072464
22,51000.0,33600.0,2300.0,820000,84000.0,15100,18,3,1,LUMP_SUM,LOW,WEALTH_CREATION,65.0,HIGH,1.3398692810457515,0.6588235294117647,0.296078431372549,0.13725490196078433
24,136000.0,97400.0,33400.0,2702000,506000.0,5200,5,1,1,MONTHLY,MEDIUM,RETIREMENT,30.0,HIGH,1.6556372549019607,0.7161764705882353,0.03823529411764706,0.31004901960784315
39,53000.0,44000.0,0.0,328000,154000.0,11500,16,3,1,MONTHLY,LOW,SHORT_TERM_GOAL,65.0,HIGH,0.5157232704402516,0.8301886792452831,0.2169811320754717,0.24213836477987422
27,56000.0,35500.0,12400.0,291000,72000.0,8100,2,1,1,QUARTERLY,MEDIUM,WEALTH_CREATION,44.0,LOW,0.4330357142857143,0.6339285714285714,0.14464285714285716,0.10714285714285714
40,79000.0,40500.0,800.0,873000,141000.0,37700,21,3,5,MONTHLY,MEDIUM,TAX_SAVING,77.0,HIGH,0.9208860759493671,0.5126582278481012,0.4772151898734177,0.14873417721518986
61,41000.0,19600.0,10500.0,731000,237000.0,10900,3,2,2,QUARTERLY,MEDIUM,WEALTH_CREATION,57.0,HIGH,1.4857723577235773,0.47804878048780486,0.2658536585365854,0.4817073170731707
43,127000.0,84300.0,10200.0,2270000,158000.0,32500,8,3,2,MONTHLY,MEDIUM,WEALTH_CREATION,74.0,HIGH,1.489501312335958,0.6637795275590551,0.2559055118110236,0.1036745406824147
47,67000.0,34700.0,16100.0,1547000,640000.0,16200,4,3,4,RARELY,HIGH,EMERGENCY_FUND,71.0,HIGH,1.9241293532338308,0.517910447761194,0.2417910447761194,0.7960199004975125
40,82000.0,33100.0,25600.0,1946000,288000.0,23300,2,4,2,MONTHLY,HIGH,SHORT_TERM_GOAL,57.0,HIGH,1.9776422764227641,0.4036585365853659,0.2841463414634146,0.2926829268292683
61,32000.0,19700.0,7300.0,301000,91000.0,5000,11,2,3,RARELY,LOW,WEALTH_CREATION,80.0,HIGH,0.7838541666666666,0.615625,0.15625,0.23697916666666666
44,75000.0,69000.0,0.0,1041000,413000.0,7500,6,4,1,MONTHLY,MEDIUM,RETIREMENT,74.0,HIGH,1.1566666666666667,0.92,0.1,0.4588888888888889
51,28000.0,14500.0,5600.0,156000,39000.0,7900,9,1,3,MONTHLY,LOW,EMERGENCY_FUND,54.0,MEDIUM,0.4642857142857143,0.5178571428571429,0.28214285714285714,0.11607142857142858
43,91000.0,28100.0,44600.0,1191000,433000.0,18300,13,4,1,MONTHLY,MEDIUM,EMERGENCY_FUND,69.0,HIGH,1.0906593406593406,0.3087912087912088,0.2010989010989011,0.3965201465201465
38,107000.0,49800.0,36900.0,897000,146000.0,20300,11,1,2,RARELY,HIGH,SHORT_TERM_GOAL,39.0,LOW,0.6985981308411215,0.4654205607476635,0.1897196261682243,0.11370716510903427
36,40000.0,29000.0,7200.0,423000,95000.0,3800,3,1,2,RARELY,HIGH,WEALTH_CREATION,43.0,HIGH,0.88125,0.725,0.095,0.19791666666666666
49,115000.0,52100.0,51900.0,677000,359000.0,11000,1,3,1,MONTHLY,MEDIUM,WEALTH_CREATION,69.0,HIGH,0.4905797101449275,0.45304347826086955,0.09565217391304348,0.26014492753623186
33,64000.0,30700.0,27800.0,166000,40000.0,5500,4,3,2,MONTHLY,MEDIUM,TAX_SAVING,67.0,HIGH,0.21614583333333334,0.4796875,0.0859375,0.052083333333333336
57,62000.0,31800.0,1100.0,1470000,230000.0,29100,17,1,2,QUARTERLY,MEDIUM,TAX_SAVING,62.0,HIGH,1.9758064516129032,0.5129032258064516,0.4693548387096774,0.30913978494623656
46,20000.0,17300.0,600.0,228000,115000.0,2100,19,1,1,RARELY,MEDIUM,WEALTH_CREATION,26.0,HIGH,0.95,0.865,0.105,0.4791666666666667
32,133000.0,67000.0,38900.0,3109000,480000.0,27100,7,1,2,QUARTERLY,LOW,SHORT_TERM_GOAL,42.0,HIGH,1.9479949874686717,0.5037593984962406,0.2037593984962406,0.3007518796992481
40,65000.0,43600.0,8400.0,365000,75000.0,13000,2,2,4,RARELY,MEDIUM,EMERGENCY_FUND,67.0,LOW,0.46794871794871795,0.6707692307692308,0.2,0.09615384615384616
44,192000.0,139300.0,10900.0,3580000,956000.0,41800,11,2,3,RARELY,MEDIUM,EMERGENCY_FUND,61.0,MEDIUM,1.5538194444444444,0.7255208333333333,0.21770833333333334,0.4149305555555556
54,108000.0,64100.0,38600.0,352000,32000.0,5300,2,3,3,MONTHLY,LOW,WEALTH_CREATION,70.0,HIGH,0.2716049382716049,0.5935185185185186,0.049074074074074076,0.024691358024691357
38,85000.0,75300.0,0.0,1657000,855000.0,24600,2,2,1,MONTHLY,HIGH,EMERGENCY_FUND,52.0,LOW,1.6245098039215686,0.8858823529411765,0.28941176470588237,0.8382352941176471
53,87000.0,52000.0,26500.0,492000,70000.0,8500,1,1,4,RARELY,MEDIUM,WEALTH_CREATION,56.0,LOW,0.47126436781609193,0.5977011494252874,0.09770114942528736,0.06704980842911877
30,70000.0,36100.0,10800.0,1282000,76000.0,23100,4,3,1,QUARTERLY,HIGH,RETIREMENT,40.0,HIGH,1.526190476190476,0.5157142857142857,0.33,0.09047619047619047
38,170000.0,107500.0,38800.0,5226000,1373000.0,23700,20,3,3,RARELY,MEDIUM,EMERGENCY_FUND,44.0,HIGH,2.5617647058823527,0.6323529411764706,0.13941176470588235,0.6730392156862746
25,37000.0,30700.0,0.0,683000,128000.0,17300,20,2,4,MONTHLY,HIGH,RETIREMENT,69.0,HIGH,1.5382882882882882,0.8297297297297297,0.46756756756756757,0.2882882882882883
60,67000.0,34500.0,21900.0,1478000,248000.0,10600,8,5,4,RARELY,MEDIUM,RETIREMENT,97.0,HIGH,1.8383084577114428,0.5149253731343284,0.1582089552238806,0.30845771144278605
48,66000.0,41700.0,0.0,680000,179000.0,27000,6,1,3,QUARTERLY,LOW,EMERGENCY_FUND,54.0,LOW,0.8585858585858586,0.6318181818181818,0.4090909090909091,0.22601010101010102
65,103000.0,84400.0,0.0,973000,240000.0,54700,7,2,3,MONTHLY,HIGH,EMERGENCY_FUND,59.0,LOW,0.7872168284789643,0.8194174757281554,0.5310679611650485,0.1941747572815534
47,52000.0,28800.0,3500.0,1201000,166000.0,19700,2,1,4,RARELY,HIGH,WEALTH_CREATION,56.0,HIGH,1.9246794871794872,0.5538461538461539,0.37884615384615383,0.266025641025641
57,70000.0,47900.0,20000.0,1347000,92000.0,2100,14,4,3,RARELY,LOW,RETIREMENT,65.0,HIGH,1.6035714285714286,0.6842857142857143,0.03,0.10952380952380952
59,89000.0,59200.0,23000.0,1463000,64000.0,6800,11,4,1,MONTHLY,LOW,WEALTH_CREATION,74.0,HIGH,1.3698501872659177,0.6651685393258427,0.07640449438202247,0.0599250936329588
48,123000.0,61700.0,32200.0,165000,69000.0,29100,16,1,4,MONTHLY,HIGH,WEALTH_CREATION,49.0,HIGH,0.11178861788617886,0.5016260162601626,0.23658536585365852,0.046747967479674794
59,48000.0,32400.0,0.0,206000,102000.0,20000,1,3,4,QUARTERLY,HIGH,WEALTH_CREATION,69.0,LOW,0.3576388888888889,0.675,0.4166666666666667,0.17708333333333334
34,77000.0,15400.0,59100.0,143000,7000.0,2500,8,5,2,MONTHLY,LOW,TAX_SAVING,92.0,HIGH,0.15476190476190477,0.2,0.032467532467532464,0.007575757575757576
21,67000.0,32600.0,26600.0,771000,368000.0,7800,8,1,3,QUARTERLY,MEDIUM,WEALTH_CREATION,77.0,HIGH,0.9589552238805971,0.48656716417910445,0.11641791044776119,0.4577114427860697
25,73000.0,38400.0,26000.0,1157000,54000.0,8600,19,3,2,QUARTERLY,MEDIUM,WEALTH_CREATION,50.0,HIGH,1.3207762557077625,0.5260273972602739,0.1178082191780822,0.06164383561643835
50,183000.0,141500.0,15100.0,2156000,42000.0,26400,12,3,1,MONTHLY,HIGH,WEALTH_CREATION,59.0,HIGH,0.9817850637522769,0.773224043715847,0.14426229508196722,0.01912568306010929
30,46000.0,29000.0,9700.0,1368000,154000.0,7300,1,1,3,MONTHLY,LOW,RETIREMENT,65.0,HIGH,2.4782608695652173,0.6304347826086957,0.15869565217391304,0.27898550724637683
23,67000.0,33200.0,0.0,650000,16000.0,36800,7,4,2,MONTHLY,HIGH,RETIREMENT,64.0,MEDIUM,0.8084577114427861,0.4955223880597015,0.5492537313432836,0.01990049751243781
35,84000.0,58700.0,5600.0,599000,89000.0,19700,2,3,4,MONTHLY,LOW,RETIREMENT,100.0,HIGH,0.5942460317460317,0.6988095238095238,0.23452380952380952,0.0882936507936508
33,104000.0,53900.0,39400.0,1384000,162000.0,10700,13,3,3,LUMP_SUM,LOW,WEALTH_CREATION,83.0,HIGH,1.108974358974359,0.5182692307692308,0.10288461538461538,0.12980769230769232
23,179000.0,116000.0,0.0,4410000,402000.0,82600,13,3,2,MONTHLY,MEDIUM,SHORT_TERM_GOAL,68.0,HIGH,2.053072625698324,0.6480446927374302,0.46145251396648046,0.1871508379888268
33,50000.0,36900.0,0.0,680000,362000.0,24500,2,3,1,MONTHLY,HIGH,EMERGENCY_FUND,38.0,LOW,1.1333333333333333,0.738,0.49,0.6033333333333334
57,100000.0,55100.0,28500.0,1958000,135000.0,16400,2,2,3,MONTHLY,HIGH,WEALTH_CREATION,41.0,HIGH,1.6316666666666666,0.551,0.164,0.1125
35,149000.0,84900.0,60800.0,730000,406000.0,3300,4,3,4,LUMP_SUM,HIGH,WEALTH_CREATION,66.0,HIGH,0.4082774049217002,0.5697986577181208,0.02214765100671141,0.22706935123042504
29,69000.0,61400.0,0.0,171000,24000.0,8300,9,2,3,MONTHLY,MEDIUM,SHORT_TERM_GOAL,65.0,HIGH,0.20652173913043478,0.8898550724637682,0.12028985507246377,0.028985507246376812
54,75000.0,25500.0,26400.0,200000,104000.0,23100,3,3,3,RARELY,HIGH,WEALTH_CREATION,36.0,LOW,0.2222222222222222,0.34,0.308,0.11555555555555555
38,132000.0,91800.0,3600.0,2532000,1498000.0,36600,6,3,1,MONTHLY,MEDIUM,EMERGENCY_FUND,61.0,HIGH,1.5984848484848484,0.6954545454545454,0.2772727272727273,0.9457070707070707
39,32000.0,15200.0,11600.0,325000,139000.0,5200,4,1,3,LUMP_SUM,HIGH,WEALTH_CREATION,44.0,HIGH,0.8463541666666666,0.475,0.1625,0.3619791666666667
40,32000.0,21200.0,0.0,1004000,116000.0,16200,22,4,1,QUARTERLY,HIGH,TAX_SAVING,48.0,HIGH,2.6145833333333335,0.6625,0.50625,0.3020833333333333
27,74000.0,22600.0,49300.0,193000,10000.0,2100,3,4,4,LUMP_SUM,MEDIUM,WEALTH_CREATION,84.0,HIGH,0.21734234234234234,0.3054054054054054,0.02837837837837838,0.01126126126126126
33,73000.0,67100.0,0.0,598000,224000.0,28400,1,1,4,MONTHLY,MEDIUM,RETIREMENT,58.0,LOW,0.682648401826484,0.9191780821917809,0.38904109589041097,0.2557077625570776
22,215000.0,139300.0,0.0,4570000,1400000.0,80100,17,4,4,RARELY,LOW,WEALTH_CREATION,80.0,HIGH,1.7713178294573644,0.6479069767441861,0.3725581395348837,0.5426356589147286
23,31000.0,16100.0,500.0,266000,148000.0,14400,5,3,4,MONTHLY,MEDIUM,RETIREMENT,86.0,HIGH,0.7150537634408602,0.5193548387096775,0.4645161290322581,0.3978494623655914
62,30000.0,18500.0,4300.0,145000,43000.0,7200,14,2,2,MONTHLY,MEDIUM,WEALTH_CREATION,65.0,HIGH,0.4027777777777778,0.6166666666666667,0.24,0.11944444444444445
59,39000.0,18400.0,14200.0,234000,46000.0,6400,5,1,3,LUMP_SUM,LOW,SHORT_TERM_GOAL,46.0,MEDIUM,0.5,0.4717948717948718,0.1641025641025641,0.09829059829059829
37,20000.0,5800.0,10100.0,234000,49000.0,4100,6,2,2,MONTHLY,MEDIUM,RETIREMENT,56.0,HIGH,0.975,0.29,0.205,0.20416666666666666
53,103000.0,73300.0,0.0,757000,278000.0,29800,14,4,2,QUARTERLY,HIGH,WEALTH_CREATION,53.0,HIGH,0.6124595469255664,0.7116504854368932,0.28932038834951457,0.22491909385113268
41,33000.0,11800.0,15200.0,376000,147000.0,6000,10,2,2,MONTHLY,LOW,EMERGENCY_FUND,76.0,HIGH,0.9494949494949495,0.3575757575757576,0.18181818181818182,0.3712121212121212
49,100000.0,43800.0,30300.0,837000,215000.0,25900,2,3,2,MONTHLY,HIGH,EMERGENCY_FUND,61.0,LOW,0.6975,0.438,0.259,0.17916666666666667
50,335000.0,246900.0,2200.0,4842000,923000.0,85900,20,2,4,LUMP_SUM,LOW,TAX_SAVING,89.0,HIGH,1.2044776119402985,0.7370149253731343,0.2564179104477612,0.22960199004975124
49,23000.0,10800.0,3400.0,190000,52000.0,8800,4,3,4,QUARTERLY,MEDIUM,SHORT_TERM_GOAL,56.0,HIGH,0.6884057971014492,0.46956521739130436,0.3826086956521739,0.18840579710144928
62,107000.0,84300.0,3100.0,4766000,1672000.0,19600,4,2,3,MONTHLY,LOW,EMERGENCY_FUND,77.0,HIGH,3.7118380062305296,0.7878504672897196,0.18317757009345795,1.3021806853582554
21,80000.0,51000.0,0.0,830000,159000.0,30700,7,1,3,RARELY,HIGH,TAX_SAVING,39.0,LOW,0.8645833333333334,0.6375,0.38375,0.165625
46,31000.0,13700.0,14100.0,12000,4000.0,3200,7,5,2,MONTHLY,MEDIUM,RETIREMENT,95.0,HIGH,0.03225806451612903,0.44193548387096776,0.1032258064516129,0.010752688172043012
32,110000.0,75500.0,21400.0,1456000,565000.0,13100,12,1,2,QUARTERLY,MEDIUM,EMERGENCY_FUND,42.0,MEDIUM,1.103030303030303,0.6863636363636364,0.1190909090909091,0.42803030303030304
49,125000.0,41600.0,58700.0,142000,54000.0,24700,7,4,2,MONTHLY,LOW,SHORT_TERM_GOAL,89.0,MEDIUM,0.09466666666666666,0.3328,0.1976,0.036
37,314000.0,211700.0,0.0,9402000,394000.0,159200,11,1,1,MONTHLY,HIGH,TAX_SAVING,23.0,HIGH,2.495222929936306,0.674203821656051,0.5070063694267516,0.1045647558386412
34,67000.0,37700.0,26400.0,432000,83000.0,2900,1,2,5,LUMP_SUM,LOW,WEALTH_CREATION,88.0,HIGH,0.5373134328358209,0.5626865671641791,0.04328358208955224,0.10323383084577115
46,51000.0,34100.0,9300.0,533000,59000.0,7600,15,3,1,MONTHLY,HIGH,EMERGENCY_FUND,37.0,HIGH,0.8709150326797386,0.6686274509803921,0.14901960784313725,0.09640522875816994
30,138000.0,113000.0,7000.0,1241000,867000.0,18000,13,2,3,MONTHLY,HIGH,RETIREMENT,68.0,HIGH,0.7493961352657005,0.8188405797101449,0.13043478260869565,0.5235507246376812
24,65000.0,43500.0,14100.0,165000,68000.0,7400,19,1,1,LUMP_SUM,MEDIUM,EMERGENCY_FUND,39.0,LOW,0.21153846153846154,0.6692307692307692,0.11384615384615385,0.08717948717948718
33,171000.0,95100.0,29800.0,4070000,938000.0,46100,3,5,1,MONTHLY,HIGH,WEALTH_CREATION,70.0,HIGH,1.9834307992202729,0.5561403508771929,0.2695906432748538,0.4571150097465887
62,51000.0,30000.0,1700.0,1151000,173000.0,19300,20,1,3,MONTHLY,LOW,SHORT_TERM_GOAL,69.0,HIGH,1.880718954248366,0.5882352941176471,0.3784313725490196,0.2826797385620915
39,60000.0,18500.0,27400.0,276000,90000.0,14100,4,1,4,MONTHLY,HIGH,WEALTH_CREATION,62.0,MEDIUM,0.38333333333333336,0.30833333333333335,0.235,0.125
46,156000.0,103000.0,48300.0,292000,100000.0,4700,8,1,2,RARELY,MEDIUM,WEALTH_CREATION,62.0,HIGH,0.15598290598290598,0.6602564102564102,0.03012820512820513,0.053418803418803416
32,44000.0,40400.0,0.0,163000,21000.0,9400,2,3,2,MONTHLY,MEDIUM,WEALTH_CREATION,69.0,MEDIUM,0.3087121212121212,0.9181818181818182,0.21363636363636362,0.03977272727272727
53,60000.0,30800.0,23900.0,383000,80000.0,5300,2,3,2,MONTHLY,MEDIUM,WEALTH_CREATION,55.0,HIGH,0.5319444444444444,0.5133333333333333,0.08833333333333333,0.1111111111111111
62,146000.0,35400.0,62700.0,3753000,281000.0,47900,19,3,1,MONTHLY,LOW,EMERGENCY_FUND,79.0,HIGH,2.142123287671233,0.24246575342465754,0.32808219178082193,0.1603881278538813
46,109000.0,55500.0,12900.0,1308000,328000.0,40600,16,1,2,RARELY,MEDIUM,TAX_SAVING,37.0,MEDIUM,1.0,0.5091743119266054,0.3724770642201835,0.25076452599388377
60,48000.0,17300.0,28600.0,784000,21000.0,2100,8,5,3,MONTHLY,MEDIUM,RETIREMENT,100.0,HIGH,1.3611111111111112,0.36041666666666666,0.04375,0.036458333333333336
21,58000.0,25800.0,13300.0,850000,286000.0,18900,1,3,3,MONTHLY,MEDIUM,SHORT_TERM_GOAL,81.0,HIGH,1.221264367816092,0.44482758620689655,0.3258620689655172,0.4109195402298851
22,31000.0,22500.0,0.0,599000,60000.0,17000,16,2,3,LUMP_SUM,LOW,WEALTH_CREATION,91.0,HIGH,1.6102150537634408,0.7258064516129032,0.5483870967741935,0.16129032258064516
54,108000.0,93800.0,4600.0,1545000,210000.0,9600,14,4,2,MONTHLY,MEDIUM,RETIREMENT,74.0,HIGH,1.1921296296296295,0.8685185185185185,0.08888888888888889,0.16203703703703703
40,147000.0,126900.0,5400.0,1190000,452000.0,14700,10,3,5,LUMP_SUM,MEDIUM,EMERGENCY_FUND,86.0,HIGH,0.6746031746031746,0.863265306122449,0.1,0.2562358276643991
52,42000.0,26300.0,11800.0,281000,31000.0,3900,17,1,3,MONTHLY,MEDIUM,WEALTH_CREATION,58.0,HIGH,0.5575396825396826,0.6261904761904762,0.09285714285714286,0.061507936507936505
31,75000.0,52600.0,7200.0,3343000,2104000.0,15200,14,1,3,QUARTERLY,LOW,RETIREMENT,66.0,HIGH,3.7144444444444447,0.7013333333333334,0.20266666666666666,2.3377777777777777
58,199000.0,134000.0,64600.0,497000,31000.0,400,12,1,3,MONTHLY,MEDIUM,RETIREMENT,60.0,HIGH,0.20812395309882747,0.6733668341708543,0.0020100502512562816,0.012981574539363484
65,95000.0,57000.0,0.0,2091000,559000.0,44200,15,1,1,QUARTERLY,MEDIUM,SHORT_TERM_GOAL,44.0,HIGH,1.8342105263157895,0.6,0.4652631578947368,0.4903508771929825
31,79000.0,41500.0,30900.0,589000,66000.0,6600,10,3,1,MONTHLY,HIGH,RETIREMENT,48.0,HIGH,0.6213080168776371,0.5253164556962026,0.08354430379746836,0.06962025316455696
35,85000.0,52700.0,15000.0,454000,88000.0,17300,5,1,2,LUMP_SUM,MEDIUM,RETIREMENT,42.0,LOW,0.44509803921568625,0.62,0.20352941176470588,0.08627450980392157
24,47000.0,36200.0,9500.0,1898000,205000.0,1300,8,2,3,MONTHLY,HIGH,EMERGENCY_FUND,45.0,HIGH,3.3652482269503547,0.7702127659574468,0.027659574468085105,0.36347517730496454
32,32000.0,22200.0,0.0,747000,484000.0,11100,8,2,1,MONTHLY,HIGH,TAX_SAVING,42.0,HIGH,1.9453125,0.69375,0.346875,1.2604166666666667
59,99000.0,46400.0,25200.0,1831000,606000.0,27400,8,2,5,QUARTERLY,LOW,SHORT_TERM_GOAL,85.0,HIGH,1.5412457912457913,0.4686868686868687,0.2767676767676768,0.51010101010101
45,52000.0,37800.0,1500.0,190000,22000.0,12700,13,2,4,MONTHLY,HIGH,WEALTH_CREATION,83.0,MEDIUM,0.30448717948717946,0.7269230769230769,0.24423076923076922,0.035256410256410256
29,42000.0,30200.0,0.0,367000,39000.0,13900,12,4,2,RARELY,MEDIUM,SHORT_TERM_GOAL,79.0,HIGH,0.7281746031746031,0.719047619047619,0.33095238095238094,0.07738095238095238
40,34000.0,22500.0,6100.0,772000,309000.0,5400,5,1,2,QUARTERLY,HIGH,RETIREMENT,36.0,HIGH,1.892156862745098,0.6617647058823529,0.1588235294117647,0.7573529411764706
53,49000.0,38500.0,0.0,836000,66000.0,11000,8,4,2,QUARTERLY,MEDIUM,WEALTH_CREATION,61.0,HIGH,1.4217687074829932,0.7857142857142857,0.22448979591836735,0.11224489795918367
63,64000.0,41800.0,14600.0,408000,174000.0,7600,7,1,1,MONTHLY,LOW,SHORT_TERM_GOAL,33.0,LOW,0.53125,0.653125,0.11875,0.2265625
38,20000.0,13500.0,5800.0,168000,19000.0,700,14,3,1,RARELY,LOW,SHORT_TERM_GOAL,55.0,HIGH,0.7,0.675,0.035,0.07916666666666666
39,103000.0,77400.0,1900.0,2547000,25000.0,23700,6,2,4,MONTHLY,MEDIUM,SHORT_TERM_GOAL,75.0,HIGH,2.0606796116504853,0.7514563106796116,0.23009708737864076,0.020226537216828478
58,155000.0,78400.0,56500.0,966000,185000.0,20100,18,2,2,LUMP_SUM,HIGH,EMERGENCY_FUND,37.0,MEDIUM,0.5193548387096775,0.5058064516129033,0.1296774193548387,0.09946236559139784
25,51000.0,13100.0,26100.0,48000,11000.0,11800,6,2,1,LUMP_SUM,HIGH,WEALTH_CREATION,47.0,LOW,0.0784313725490196,0.2568627450980392,0.23137254901960785,0.017973856209150325
57,60000.0,33200.0,10500.0,819000,283000.0,16300,11,4,3,LUMP_SUM,HIGH,WEALTH_CREATION,73.0,HIGH,1.1375,0.5533333333333333,0.27166666666666667,0.39305555555555555
34,101000.0,59500.0,37100.0,1268000,194000.0,4400,23,3,4,MONTHLY,LOW,EMERGENCY_FUND,99.0,HIGH,1.046204620462046,0.5891089108910891,0.04356435643564356,0.16006600660066006
52,34000.0,23600.0,8900.0,364000,142000.0,1500,7,1,2,LUMP_SUM,HIGH,WEALTH_CREATION,49.0,HIGH,0.8921568627450981,0.6941176470588235,0.04411764705882353,0.3480392156862745
55,28000.0,10800.0,11800.0,194000,49000.0,5400,9,4,1,MONTHLY,MEDIUM,TAX_SAVING,61.0,HIGH,0.5773809523809523,0.38571428571428573,0.19285714285714287,0.14583333333333334
42,75000.0,45700.0,0.0,2100000,447000.0,35800,2,1,3,RARELY,LOW,WEALTH_CREATION,64.0,HIGH,2.3333333333333335,0.6093333333333333,0.47733333333333333,0.49666666666666665
56,44000.0,34800.0,3300.0,902000,338000.0,5900,2,5,3,MONTHLY,LOW,RETIREMENT,100.0,HIGH,1.7083333333333333,0.7909090909090909,0.1340909090909091,0.6401515151515151
46,137000.0,98000.0,13300.0,1551000,285000.0,25700,6,1,4,MONTHLY,HIGH,EMERGENCY_FUND,41.0,LOW,0.9434306569343066,0.7153284671532847,0.18759124087591242,0.17335766423357665
64,211000.0,85900.0,74700.0,2238000,1191000.0,50400,5,5,3,LUMP_SUM,MEDIUM,WEALTH_CREATION,100.0,HIGH,0.8838862559241706,0.4071090047393365,0.23886255924170616,0.4703791469194313
63,30000.0,26500.0,1600.0,185000,65000.0,1900,11,4,3,MONTHLY,LOW,WEALTH_CREATION,93.0,HIGH,0.5138888888888888,0.8833333333333333,0.06333333333333334,0.18055555555555555
53,62000.0,35800.0,11000.0,1970000,40000.0,15200,18,4,3,MONTHLY,HIGH,WEALTH_CREATION,76.0,HIGH,2.6478494623655915,0.5774193548387097,0.24516129032258063,0.053763440860215055
26,130000.0,119600.0,4400.0,3668000,771000.0,6000,4,1,2,MONTHLY,LOW,WEALTH_CREATION,64.0,HIGH,2.3512820512820514,0.92,0.046153846153846156,0.49423076923076925
24,20000.0,16800.0,1500.0,166000,27000.0,1700,18,4,3,MONTHLY,LOW,WEALTH_CREATION,90.0,HIGH,0.6916666666666667,0.84,0.085,0.1125
65,165000.0,75500.0,68900.0,1054000,85000.0,20600,3,2,4,LUMP_SUM,LOW,WEALTH_CREATION,74.0,HIGH,0.5323232323232323,0.4575757575757576,0.12484848484848485,0.04292929292929293
47,65000.0,26000.0,12700.0,321000,200000.0,26300,7,2,2,MONTHLY,MEDIUM,RETIREMENT,80.0,HIGH,0.4115384615384615,0.4,0.4046153846153846,0.2564102564102564
62,86000.0,79100.0,0.0,4210000,3411000.0,11800,19,3,2,MONTHLY,HIGH,EMERGENCY_FUND,58.0,HIGH,4.079457364341085,0.9197674418604651,0.1372093023255814,3.3052325581395348
65,58000.0,40800.0,6300.0,86000,54000.0,10900,19,1,4,LUMP_SUM,HIGH,WEALTH_CREATION,55.0,MEDIUM,0.1235632183908046,0.7034482758620689,0.1879310344827586,0.07758620689655173
25,252000.0,75600.0,123400.0,2434000,841000.0,53000,9,2,4,QUARTERLY,HIGH,WEALTH_CREATION,84.0,HIGH,0.8048941798941799,0.3,0.21031746031746032,0.2781084656084656
23,20000.0,7600.0,8600.0,308000,25000.0,3800,10,2,4,MONTHLY,LOW,SHORT_TERM_GOAL,81.0,HIGH,1.2833333333333334,0.38,0.19,0.10416666666666667
33,118000.0,44100.0,48900.0,1410000,366000.0,25000,20,3,2,MONTHLY,LOW,EMERGENCY_FUND,63.0,HIGH,0.9957627118644068,0.373728813559322,0.211864406779661,0.2584745762711864
42,68000.0,46800.0,0.0,1325000,659000.0,22000,6,1,4,LUMP_SUM,HIGH,WEALTH_CREATION,45.0,HIGH,1.6237745098039216,0.6882352941176471,0.3235294117647059,0.8075980392156863
52,113000.0,70100.0,6300.0,584000,69000.0,36600,11,1,2,MONTHLY,MEDIUM,TAX_SAVING,54.0,LOW,0.4306784660766962,0.620353982300885,0.3238938053097345,0.05088495575221239
39,48000.0,32100.0,6400.0,452000,198000.0,9500,4,1,3,MONTHLY,MEDIUM,WEALTH_CREATION,68.0,HIGH,0.7847222222222222,0.66875,0.19791666666666666,0.34375
48,74000.0,34200.0,29700.0,423000,23000.0,10100,2,1,2,RARELY,MEDIUM,WEALTH_CREATION,61.0,MEDIUM,0.47635135135135137,0.46216216216216216,0.13648648648648648,0.0259009009009009
65,91000.0,46900.0,17800.0,1412000,90000.0,26300,13,2,2,MONTHLY,LOW,RETIREMENT,68.0,HIGH,1.293040293040293,0.5153846153846153,0.289010989010989,0.08241758241758242
47,84000.0,64400.0,0.0,1415000,57000.0,31200,2,2,3,MONTHLY,HIGH,EMERGENCY_FUND,58.0,LOW,1.4037698412698412,0.7666666666666667,0.37142857142857144,0.05654761904761905
47,48000.0,28300.0,15400.0,419000,196000.0,4300,8,2,2,RARELY,HIGH,WEALTH_CREATION,26.0,HIGH,0.7274305555555556,0.5895833333333333,0.08958333333333333,0.3402777777777778
55,65000.0,49200.0,7100.0,369000,166000.0,8700,17,1,2,MONTHLY,LOW,EMERGENCY_FUND,74.0,HIGH,0.47307692307692306,0.7569230769230769,0.13384615384615384,0.2128205128205128
25,128000.0,80800.0,25500.0,2359000,1445000.0,21700,1,3,5,MONTHLY,LOW,EMERGENCY_FUND,100.0,HIGH,1.5358072916666667,0.63125,0.16953125,0.9407552083333334
58,62000.0,37400.0,13700.0,378000,101000.0,10900,13,1,3,LUMP_SUM,HIGH,WEALTH_CREATION,50.0,MEDIUM,0.5080645161290323,0.603225806451613,0.17580645161290323,0.135752688172043
55,72000.0,48500.0,22100.0,1052000,233000.0,1400,12,2,2,RARELY,LOW,WEALTH_CREATION,49.0,HIGH,1.2175925925925926,0.6736111111111112,0.019444444444444445,0.26967592592592593
49,54000.0,24600.0,19500.0,1121000,244000.0,9900,3,4,3,MONTHLY,HIGH,WEALTH_CREATION,75.0,HIGH,1.7299382716049383,0.45555555555555555,0.18333333333333332,0.3765432098765432
27,54000.0,38100.0,6200.0,980000,284000.0,9700,5,1,3,QUARTERLY,MEDIUM,EMERGENCY_FUND,52.0,MEDIUM,1.5123456790123457,0.7055555555555556,0.17962962962962964,0.4382716049382716
43,57000.0,42800.0,12700.0,645000,205000.0,1500,4,1,4,MONTHLY,LOW,WEALTH_CREATION,60.0,HIGH,0.9429824561403509,0.7508771929824561,0.02631578947368421,0.2997076023391813
50,100000.0,83400.0,10200.0,1918000,1002000.0,6400,2,3,2,RARELY,MEDIUM,WEALTH_CREATION,60.0,HIGH,1.5983333333333334,0.834,0.064,0.835
46,38000.0,17500.0,17600.0,560000,318000.0,2900,17,1,2,MONTHLY,HIGH,EMERGENCY_FUND,42.0,HIGH,1.2280701754385965,0.4605263157894737,0.07631578947368421,0.6973684210526315
22,56000.0,36700.0,15800.0,113000,15000.0,3500,21,5,3,QUARTERLY,MEDIUM,RETIREMENT,83.0,HIGH,0.16815476190476192,0.6553571428571429,0.0625,0.022321428571428572
28,81000.0,49500.0,19600.0,621000,76000.0,11900,9,2,4,MONTHLY,HIGH,SHORT_TERM_GOAL,53.0,HIGH,0.6388888888888888,0.6111111111111112,0.1469135802469136,0.07818930041152264
41,84000.0,56300.0,0.0,1619000,338000.0,38500,7,1,1,RARELY,MEDIUM,WEALTH_CREATION,27.0,MEDIUM,1.6061507936507937,0.6702380952380952,0.4583333333333333,0.3353174603174603
24,80000.0,22900.0,38000.0,760000,371000.0,19100,17,1,2,MONTHLY,MEDIUM,WEALTH_CREATION,46.0,HIGH,0.7916666666666666,0.28625,0.23875,0.38645833333333335
62,57000.0,52400.0,0.0,1019000,266000.0,6600,15,1,2,MONTHLY,MEDIUM,RETIREMENT,58.0,HIGH,1.489766081871345,0.9192982456140351,0.11578947368421053,0.3888888888888889
28,106000.0,46600.0,48500.0,514000,136000.0,10900,11,2,2,MONTHLY,MEDIUM,TAX_SAVING,70.0,HIGH,0.40408805031446543,0.439622641509434,0.10283018867924529,0.1069182389937107
48,107000.0,52200.0,33900.0,200000,94000.0,20900,10,3,1,MONTHLY,LOW,WEALTH_CREATION,63.0,HIGH,0.1557632398753894,0.48785046728971965,0.19532710280373833,0.07320872274143302
23,39000.0,30800.0,6100.0,895000,261000.0,2100,12,2,5,RARELY,MEDIUM,RETIREMENT,63.0,HIGH,1.9123931623931625,0.7897435897435897,0.05384615384615385,0.5576923076923077
63,72000.0,56600.0,3100.0,1138000,260000.0,12300,16,1,2,MONTHLY,MEDIUM,WEALTH_CREATION,33.0,HIGH,1.3171296296296295,0.7861111111111111,0.17083333333333334,0.30092592592592593
54,34000.0,19500.0,8000.0,298000,12000.0,6500,6,1,2,RARELY,LOW,WEALTH_CREATION,49.0,HIGH,0.7303921568627451,0.5735294117647058,0.19117647058823528,0.029411764705882353
28,178000.0,84600.0,51800.0,1374000,42000.0,41600,19,4,1,MONTHLY,HIGH,WEALTH_CREATION,69.0,HIGH,0.6432584269662921,0.4752808988764045,0.23370786516853934,0.019662921348314606
51,24000.0,18500.0,4300.0,144000,52000.0,1200,2,1,2,MONTHLY,MEDIUM,EMERGENCY_FUND,53.0,LOW,0.5,0.7708333333333334,0.05,0.18055555555555555
35,57000.0,43700.0,7600.0,1561000,830000.0,5700,23,1,3,MONTHLY,HIGH,RETIREMENT,45.0,HIGH,2.2821637426900585,0.7666666666666667,0.1,1.213450292397661
29,90000.0,62500.0,19300.0,284000,20000.0,8200,7,3,4,LUMP_SUM,LOW,RETIREMENT,73.0,HIGH,0.26296296296296295,0.6944444444444444,0.09111111111111111,0.018518518518518517
54,91000.0,56300.0,7700.0,1372000,583000.0,27000,19,2,3,MONTHLY,HIGH,WEALTH_CREATION,48.0,HIGH,1.2564102564102564,0.6186813186813187,0.2967032967032967,0.5338827838827839
51,69000.0,49800.0,0.0,1188000,360000.0,28000,20,2,2,LUMP_SUM,MEDIUM,RETIREMENT,40.0,HIGH,1.434782608695652,0.7217391304347827,0.4057971014492754,0.43478260869565216
57,31000.0,16500.0,9400.0,137000,24000.0,5100,4,1,2,MONTHLY,MEDIUM,WEALTH_CREATION,28.0,MEDIUM,0.3682795698924731,0.532258064516129,0.16451612903225807,0.06451612903225806
37,93000.0,68900.0,20000.0,2076000,202000.0,4100,4,5,2,MONTHLY,MEDIUM,WEALTH_CREATION,82.0,HIGH,1.8602150537634408,0.7408602150537634,0.04408602150537634,0.18100358422939067
44,97000.0,84400.0,4100.0,1454000,211000.0,8500,1,2,5,RARELY,MEDIUM,TAX_SAVING,65.0,HIGH,1.2491408934707904,0.8701030927835052,0.08762886597938144,0.18127147766323023
30,102000.0,50600.0,42500.0,877000,54000.0,8900,20,2,4,MONTHLY,MEDIUM,EMERGENCY_FUND,77.0,HIGH,0.7165032679738562,0.49607843137254903,0.08725490196078431,0.04411764705882353
63,33000.0,21200.0,8200.0,553000,148000.0,3600,16,2,3,LUMP_SUM,MEDIUM,EMERGENCY_FUND,61.0,HIGH,1.3964646464646464,0.6424242424242425,0.10909090909090909,0.37373737373737376
27,73000.0,37300.0,10000.0,551000,211000.0,25700,5,2,3,QUARTERLY,MEDIUM,RETIREMENT,70.0,MEDIUM,0.6289954337899544,0.510958904109589,0.35205479452054794,0.2408675799086758
28,107000.0,98400.0,0.0,372000,79000.0,8700,8,2,2,MONTHLY,MEDIUM,WEALTH_CREATION,64.0,MEDIUM,0.2897196261682243,0.9196261682242991,0.08130841121495327,0.061526479750778816
52,37000.0,30000.0,4400.0,1608000,662000.0,2600,9,1,1,MONTHLY,HIGH,WEALTH_CREATION,35.0,HIGH,3.6216216216216215,0.8108108108108109,0.07027027027027027,1.490990990990991
64,57000.0,27600.0,8100.0,1708000,56000.0,21300,4,3,1,MONTHLY,HIGH,EMERGENCY_FUND,42.0,MEDIUM,2.497076023391813,0.4842105263157895,0.3736842105263158,0.08187134502923976
33,26000.0,14700.0,6000.0,882000,216000.0,5300,2,3,3,RARELY,MEDIUM,RETIREMENT,73.0,HIGH,2.826923076923077,0.5653846153846154,0.20384615384615384,0.6923076923076923
57,71000.0,49100.0,8700.0,708000,175000.0,13200,23,4,5,RARELY,HIGH,RETIREMENT,87.0,HIGH,0.8309859154929577,0.6915492957746479,0.18591549295774648,0.20539906103286384
29,74000.0,46100.0,0.0,2058000,499000.0,40700,18,4,2,RARELY,HIGH,RETIREMENT,46.0,HIGH,2.3175675675675675,0.6229729729729729,0.55,0.5619369369369369
22,97000.0,36300.0,38100.0,1323000,292000.0,22600,1,5,3,MONTHLY,LOW,WEALTH_CREATION,95.0,HIGH,1.1365979381443299,0.37422680412371134,0.2329896907216495,0.2508591065292096
62,225000.0,175200.0,0.0,3801000,1722000.0,63800,19,1,4,LUMP_SUM,MEDIUM,SHORT_TERM_GOAL,75.0,HIGH,1.4077777777777778,0.7786666666666666,0.28355555555555556,0.6377777777777778
40,33000.0,21100.0,7800.0,630000,227000.0,4100,4,4,1,MONTHLY,MEDIUM,SHORT_TERM_GOAL,65.0,HIGH,1.5909090909090908,0.6393939393939394,0.12424242424242424,0.5732323232323232
21,51000.0,46600.0,0.0,644000,229000.0,7100,23,2,1,MONTHLY,MEDIUM,WEALTH_CREATION,51.0,HIGH,1.0522875816993464,0.9137254901960784,0.1392156862745098,0.3741830065359477
27,27000.0,12900.0,4400.0,279000,152000.0,9700,4,1,1,MONTHLY,LOW,EMERGENCY_FUND,26.0,LOW,0.8611111111111112,0.4777777777777778,0.3592592592592593,0.4691358024691358
58,41000.0,26100.0,11800.0,1195000,118000.0,3100,12,2,4,LUMP_SUM,HIGH,SHORT_TERM_GOAL,68.0,HIGH,2.428861788617886,0.6365853658536585,0.07560975609756097,0.23983739837398374
34,70000.0,51600.0,6400.0,1686000,553000.0,12000,4,1,3,MONTHLY,HIGH,WEALTH_CREATION,48.0,HIGH,2.007142857142857,0.7371428571428571,0.17142857142857143,0.6583333333333333
25,156000.0,102300.0,15700.0,2482000,137000.0,38000,8,2,5,LUMP_SUM,MEDIUM,WEALTH_CREATION,86.0,HIGH,1.3258547008547008,0.6557692307692308,0.24358974358974358,0.07318376068376069
27,34000.0,22300.0,0.0,221000,16000.0,12600,12,2,2,MONTHLY,MEDIUM,WEALTH_CREATION,61.0,LOW,0.5416666666666666,0.6558823529411765,0.37058823529411766,0.0392156862745098
29,83000.0,51300.0,24000.0,1183000,241000.0,7700,11,2,2,MONTHLY,MEDIUM,TAX_SAVING,67.0,HIGH,1.1877510040160641,0.6180722891566265,0.0927710843373494,0.2419678714859438
53,210000.0,193200.0,0.0,2510000,197000.0,33200,20,1,1,RARELY,LOW,TAX_SAVING,36.0,MEDIUM,0.996031746031746,0.92,0.1580952380952381,0.07817460317460317
25,100000.0,55700.0,36300.0,941000,597000.0,8000,23,1,2,MONTHLY,LOW,RETIREMENT,71.0,HIGH,0.7841666666666667,0.557,0.08,0.4975
24,76000.0,53900.0,0.0,2360000,537000.0,28800,18,2,4,RARELY,LOW,TAX_SAVING,69.0,HIGH,2.587719298245614,0.7092105263157895,0.37894736842105264,0.5888157894736842
41,108000.0,78000.0,25600.0,1408000,127000.0,4400,17,1,4,LUMP_SUM,LOW,TAX_SAVING,74.0,HIGH,1.0864197530864197,0.7222222222222222,0.040740740740740744,0.09799382716049383
42,55000.0,36000.0,3600.0,873000,93000.0,15400,7,1,3,MONTHLY,LOW,SHORT_TERM_GOAL,71.0,HIGH,1.3227272727272728,0.6545454545454545,0.28,0.1409090909090909
32,52000.0,10500.0,25500.0,132000,69000.0,16000,10,5,2,LUMP_SUM,LOW,EMERGENCY_FUND,83.0,HIGH,0.21153846153846154,0.20192307692307693,0.3076923076923077,0.11057692307692307
65,38000.0,28400.0,600.0,271000,15000.0,9000,12,2,2,LUMP_SUM,HIGH,SHORT_TERM_GOAL,47.0,LOW,0.5942982456140351,0.7473684210526316,0.23684210526315788,0.03289473684210526
43,52000.0,47800.0,0.0,722000,74000.0,7400,14,2,1,MONTHLY,MEDIUM,WEALTH_CREATION,50.0,HIGH,1.1570512820512822,0.9192307692307692,0.1423076923076923,0.11858974358974358
51,146000.0,124000.0,0.0,2032000,728000.0,25800,3,2,2,QUARTERLY,LOW,WEALTH_CREATION,61.0,HIGH,1.1598173515981736,0.8493150684931506,0.17671232876712328,0.4155251141552511
43,109000.0,73300.0,26100.0,1132000,582000.0,9600,17,2,3,RARELY,LOW,WEALTH_CREATION,54.0,HIGH,0.8654434250764526,0.6724770642201835,0.08807339449541285,0.44495412844036697
40,42000.0,19700.0,18200.0,475000,62000.0,4100,18,3,2,QUARTERLY,LOW,TAX_SAVING,80.0,HIGH,0.9424603174603174,0.46904761904761905,0.09761904761904762,0.12301587301587301
60,55000.0,30700.0,20200.0,699000,175000.0,4100,11,1,4,RARELY,MEDIUM,TAX_SAVING,62.0,HIGH,1.059090909090909,0.5581818181818182,0.07454545454545454,0.26515151515151514
63,24000.0,18300.0,1700.0,459000,100000.0,4000,13,2,5,MONTHLY,HIGH,WEALTH_CREATION,69.0,HIGH,1.59375,0.7625,0.16666666666666666,0.3472222222222222
40,47000.0,24300.0,18900.0,842000,185000.0,3800,2,2,2,MONTHLY,LOW,RETIREMENT,54.0,HIGH,1.4929078014184398,0.5170212765957447,0.08085106382978724,0.3280141843971631
54,48000.0,27700.0,9100.0,172000,46000.0,11200,2,4,5,RARELY,HIGH,TAX_SAVING,56.0,LOW,0.2986111111111111,0.5770833333333333,0.23333333333333334,0.0798611111111111
44,96000.0,75000.0,16200.0,782000,53000.0,4800,3,1,4,MONTHLY,HIGH,WEALTH_CREATION,64.0,MEDIUM,0.6788194444444444,0.78125,0.05,0.04600694444444445
44,70000.0,64400.0,0.0,1237000,469000.0,28700,9,1,4,MONTHLY,LOW,SHORT_TERM_GOAL,70.0,HIGH,1.4726190476190477,0.92,0.41,0.5583333333333333
54,27000.0,16200.0,4000.0,262000,51000.0,6800,16,1,4,MONTHLY,HIGH,RETIREMENT,76.0,HIGH,0.808641975308642,0.6,0.2518518518518518,0.1574074074074074
57,26000.0,11300.0,7200.0,42000,1000.0,7500,16,2,5,RARELY,MEDIUM,RETIREMENT,55.0,HIGH,0.1346153846153846,0.4346153846153846,0.28846153846153844,0.003205128205128205
62,110000.0,95200.0,0.0,3765000,458000.0,21700,1,2,2,RARELY,MEDIUM,EMERGENCY_FUND,58.0,HIGH,2.852272727272727,0.8654545454545455,0.19727272727272727,0.346969696969697
50,174000.0,91300.0,64700.0,1152000,134000.0,18000,7,2,4,MONTHLY,LOW,WEALTH_CREATION,91.0,HIGH,0.5517241379310345,0.524712643678161,0.10344827586206896,0.06417624521072797
56,169000.0,104700.0,17000.0,2225000,306000.0,47300,1,5,1,MONTHLY,MEDIUM,SHORT_TERM_GOAL,80.0,MEDIUM,1.0971400394477318,0.6195266272189349,0.2798816568047337,0.15088757396449703
65,100000.0,63700.0,24800.0,797000,43000.0,11500,1,2,1,MONTHLY,LOW,RETIREMENT,68.0,MEDIUM,0.6641666666666667,0.637,0.115,0.035833333333333335
43,56000.0,29400.0,5100.0,301000,236000.0,21500,8,1,4,MONTHLY,HIGH,EMERGENCY_FUND,51.0,LOW,0.4479166666666667,0.525,0.38392857142857145,0.35119047619047616
63,34000.0,27100.0,0.0,594000,272000.0,7400,1,3,2,RARELY,HIGH,SHORT_TERM_GOAL,40.0,MEDIUM,1.4558823529411764,0.7970588235294118,0.21764705882352942,0.6666666666666666
27,56000.0,27500.0,16300.0,1787000,120000.0,12200,15,2,3,MONTHLY,MEDIUM,RETIREMENT,50.0,HIGH,2.6592261904761907,0.49107142857142855,0.21785714285714286,0.17857142857142858
62,135000.0,64500.0,69100.0,589000,169000.0,1400,16,4,3,QUARTERLY,MEDIUM,RETIREMENT,80.0,HIGH,0.36358024691358026,0.4777777777777778,0.01037037037037037,0.10432098765432099
61,25000.0,14400.0,0.0,21000,3000.0,10600,4,3,1,RARELY,HIGH,WEALTH_CREATION,24.0,LOW,0.07,0.576,0.424,0.01
28,152000.0,99600.0,8900.0,2848000,408000.0,43500,9,3,4,MONTHLY,LOW,WEALTH_CREATION,88.0,HIGH,1.5614035087719298,0.6552631578947369,0.28618421052631576,0.2236842105263158
62,79000.0,49900.0,9400.0,1672000,199000.0,19700,5,3,3,MONTHLY,MEDIUM,RETIREMENT,73.0,HIGH,1.7637130801687764,0.6316455696202532,0.24936708860759493,0.20991561181434598
64,69000.0,28500.0,26400.0,598000,75000.0,14100,14,5,3,MONTHLY,HIGH,TAX_SAVING,67.0,HIGH,0.7222222222222222,0.41304347826086957,0.20434782608695654,0.09057971014492754
25,140000.0,108700.0,1000.0,3183000,122000.0,30300,2,3,4,MONTHLY,HIGH,EMERGENCY_FUND,82.0,HIGH,1.894642857142857,0.7764285714285715,0.21642857142857144,0.07261904761904762
58,44000.0,23900.0,6100.0,300000,166000.0,14000,8,1,5,LUMP_SUM,MEDIUM,SHORT_TERM_GOAL,67.0,MEDIUM,0.5681818181818182,0.5431818181818182,0.3181818181818182,0.3143939393939394
63,54000.0,31200.0,7400.0,397000,167000.0,15400,6,3,1,MONTHLY,MEDIUM,RETIREMENT,78.0,HIGH,0.6126543209876543,0.5777777777777777,0.2851851851851852,0.25771604938271603
52,91000.0,49600.0,0.0,1038000,57000.0,42400,18,2,3,LUMP_SUM,MEDIUM,TAX_SAVING,58.0,MEDIUM,0.9505494505494505,0.545054945054945,0.46593406593406594,0.0521978021978022
37,32000.0,14400.0,15500.0,445000,135000.0,2100,8,1,3,QUARTERLY,HIGH,WEALTH_CREATION,56.0,HIGH,1.1588541666666667,0.45,0.065625,0.3515625
63,218000.0,138400.0,51900.0,1247000,459000.0,27700,1,1,1,MONTHLY,HIGH,TAX_SAVING,40.0,LOW,0.4766819571865443,0.634862385321101,0.12706422018348623,0.17545871559633028
27,59000.0,22900.0,27800.0,881000,311000.0,8300,1,5,4,MONTHLY,LOW,WEALTH_CREATION,100.0,HIGH,1.2443502824858756,0.38813559322033897,0.14067796610169492,0.4392655367231638
64,56000.0,29800.0,7000.0,858000,170000.0,19200,7,1,1,MONTHLY,MEDIUM,WEALTH_CREATION,36.0,HIGH,1.2767857142857142,0.5321428571428571,0.34285714285714286,0.25297619047619047
49,99000.0,23700.0,63600.0,709000,208000.0,11700,13,3,1,MONTHLY,MEDIUM,EMERGENCY_FUND,49.0,HIGH,0.5968013468013468,0.23939393939393938,0.11818181818181818,0.1750841750841751
65,59000.0,49800.0,0.0,1351000,264000.0,20200,8,4,4,RARELY,LOW,WEALTH_CREATION,77.0,HIGH,1.9081920903954803,0.8440677966101695,0.3423728813559322,0.3728813559322034
55,81000.0,55900.0,12200.0,1191000,451000.0,12900,1,1,3,RARELY,HIGH,SHORT_TERM_GOAL,53.0,LOW,1.2253086419753085,0.6901234567901234,0.15925925925925927,0.46399176954732513
46,80000.0,50100.0,0.0,1367000,189000.0,31500,2,4,1,RARELY,HIGH,EMERGENCY_FUND,65.0,LOW,1.4239583333333334,0.62625,0.39375,0.196875
25,89000.0,44800.0,23000.0,682000,331000.0,21200,7,3,2,LUMP_SUM,LOW,WEALTH_CREATION,77.0,HIGH,0.6385767790262172,0.503370786516854,0.23820224719101124,0.3099250936329588
45,80000.0,71200.0,4100.0,1540000,592000.0,4700,1,1,1,RARELY,MEDIUM,RETIREMENT,41.0,HIGH,1.6041666666666667,0.89,0.05875,0.6166666666666667
50,24000.0,9000.0,11500.0,257000,9000.0,3500,1,1,4,QUARTERLY,MEDIUM,WEALTH_CREATION,56.0,HIGH,0.8923611111111112,0.375,0.14583333333333334,0.03125
40,83000.0,51700.0,8500.0,419000,50000.0,22800,3,2,4,MONTHLY,LOW,WEALTH_CREATION,83.0,HIGH,0.4206827309236948,0.6228915662650603,0.2746987951807229,0.050200803212851405
43,141000.0,96900.0,10600.0,1714000,963000.0,33500,12,2,5,LUMP_SUM,HIGH,RETIREMENT,66.0,HIGH,1.0130023640661938,0.6872340425531915,0.2375886524822695,0.5691489361702128
53,47000.0,28800.0,8900.0,1008000,424000.0,9300,11,1,3,LUMP_SUM,LOW,TAX_SAVING,56.0,HIGH,1.7872340425531914,0.6127659574468085,0.19787234042553192,0.75177304964539
48,78000.0,33500.0,12800.0,531000,38000.0,31700,20,2,3,MONTHLY,MEDIUM,TAX_SAVING,71.0,HIGH,0.5673076923076923,0.42948717948717946,0.4064102564102564,0.0405982905982906
37,400000.0,238900.0,120600.0,9364000,1209000.0,40500,5,2,3,LUMP_SUM,HIGH,EMERGENCY_FUND,47.0,HIGH,1.9508333333333334,0.59725,0.10125,0.251875
27,43000.0,36200.0,0.0,1322000,445000.0,7000,4,2,4,RARELY,MEDIUM,WEALTH_CREATION,58.0,HIGH,2.562015503875969,0.8418604651162791,0.16279069767441862,0.8624031007751938
43,79000.0,46600.0,22900.0,1865000,342000.0,9500,4,2,3,QUARTERLY,HIGH,RETIREMENT,53.0,HIGH,1.9672995780590716,0.589873417721519,0.12025316455696203,0.36075949367088606
45,40000.0,29900.0,9500.0,327000,140000.0,600,13,2,4,MONTHLY,MEDIUM,EMERGENCY_FUND,62.0,HIGH,0.68125,0.7475,0.015,0.2916666666666667
55,39000.0,19100.0,13000.0,346000,39000.0,6900,11,1,2,RARELY,MEDIUM,EMERGENCY_FUND,44.0,LOW,0.7393162393162394,0.4897435897435897,0.17692307692307693,0.08333333333333333
49,97000.0,62800.0,25500.0,232000,56000.0,8700,13,5,3,MONTHLY,HIGH,TAX_SAVING,100.0,HIGH,0.19931271477663232,0.6474226804123712,0.08969072164948454,0.048109965635738834
43,47000.0,29700.0,11900.0,1353000,216000.0,5400,1,3,4,RARELY,MEDIUM,WEALTH_CREATION,63.0,HIGH,2.398936170212766,0.6319148936170212,0.1148936170212766,0.3829787234042553
39,55000.0,36300.0,16600.0,245000,40000.0,2100,9,3,2,MONTHLY,MEDIUM,WEALTH_CREATION,50.0,HIGH,0.3712121212121212,0.66,0.038181818181818185,0.06060606060606061
50,35000.0,29200.0,2100.0,214000,80000.0,3700,14,1,2,MONTHLY,LOW,EMERGENCY_FUND,51.0,MEDIUM,0.5095238095238095,0.8342857142857143,0.10571428571428572,0.19047619047619047
55,94000.0,43900.0,42300.0,731000,381000.0,7800,11,2,5,MONTHLY,MEDIUM,EMERGENCY_FUND,72.0,HIGH,0.6480496453900709,0.46702127659574466,0.08297872340425531,0.3377659574468085
29,43000.0,16200.0,10500.0,203000,29000.0,16300,20,1,1,RARELY,MEDIUM,SHORT_TERM_GOAL,33.0,LOW,0.39341085271317827,0.3767441860465116,0.37906976744186044,0.0562015503875969
34,58000.0,33900.0,20200.0,465000,89000.0,3900,12,2,1,MONTHLY,LOW,EMERGENCY_FUND,76.0,HIGH,0.6681034482758621,0.5844827586206897,0.06724137931034482,0.1278735632183908
59,78000.0,37100.0,16800.0,740000,62000.0,24100,9,4,2,LUMP_SUM,HIGH,EMERGENCY_FUND,62.0,MEDIUM,0.7905982905982906,0.4756410256410256,0.308974358974359,0.06623931623931624
59,63000.0,31200.0,13100.0,1098000,293000.0,18700,10,3,1,RARELY,MEDIUM,EMERGENCY_FUND,32.0,MEDIUM,1.4523809523809523,0.49523809523809526,0.2968253968253968,0.38756613756613756
41,31000.0,17800.0,10200.0,559000,246000.0,3000,18,2,2,MONTHLY,LOW,WEALTH_CREATION,50.0,HIGH,1.5026881720430108,0.5741935483870968,0.0967741935483871,0.6612903225806451
35,206000.0,125900.0,61900.0,1019000,366000.0,18200,17,1,2,MONTHLY,MEDIUM,WEALTH_CREATION,67.0,HIGH,0.4122168284789644,0.6111650485436894,0.0883495145631068,0.14805825242718446
57,44000.0,25200.0,7100.0,222000,8000.0,11700,11,1,2,MONTHLY,LOW,WEALTH_CREATION,65.0,HIGH,0.42045454545454547,0.5727272727272728,0.26590909090909093,0.015151515151515152
62,124000.0,65100.0,40900.0,2922000,174000.0,18000,17,1,3,LUMP_SUM,LOW,WEALTH_CREATION,67.0,HIGH,1.9637096774193548,0.525,0.14516129032258066,0.11693548387096774
58,58000.0,27800.0,24900.0,153000,26000.0,5300,17,3,3,MONTHLY,LOW,WEALTH_CREATION,82.0,HIGH,0.21982758620689655,0.4793103448275862,0.09137931034482759,0.03735632183908046
28,35000.0,30300.0,0.0,1505000,335000.0,9900,2,3,4,RARELY,LOW,EMERGENCY_FUND,93.0,HIGH,3.5833333333333335,0.8657142857142858,0.28285714285714286,0.7976190476190477
59,136000.0,86300.0,41600.0,3226000,1427000.0,8100,4,1,1,LUMP_SUM,MEDIUM,TAX_SAVING,45.0,HIGH,1.9767156862745099,0.6345588235294117,0.05955882352941176,0.8743872549019608
50,130000.0,109100.0,7700.0,4857000,152000.0,13200,15,3,5,MONTHLY,MEDIUM,SHORT_TERM_GOAL,100.0,HIGH,3.1134615384615385,0.8392307692307692,0.10153846153846154,0.09743589743589744
40,70000.0,52000.0,9100.0,130000,61000.0,8900,2,3,3,MONTHLY,MEDIUM,RETIREMENT,77.0,MEDIUM,0.15476190476190477,0.7428571428571429,0.12714285714285714,0.07261904761904762
24,124000.0,53200.0,55300.0,310000,46000.0,15500,10,3,4,MONTHLY,LOW,SHORT_TERM_GOAL,82.0,HIGH,0.20833333333333334,0.4290322580645161,0.125,0.030913978494623656
33,25000.0,13400.0,7200.0,279000,141000.0,4400,15,3,5,MONTHLY,MEDIUM,RETIREMENT,100.0,HIGH,0.93,0.536,0.176,0.47
21,59000.0,38900.0,10400.0,1053000,92000.0,9700,15,3,3,LUMP_SUM,MEDIUM,WEALTH_CREATION,68.0,HIGH,1.4872881355932204,0.6593220338983051,0.16440677966101694,0.12994350282485875
63,91000.0,59900.0,24800.0,551000,344000.0,6300,7,2,3,MONTHLY,LOW,SHORT_TERM_GOAL,61.0,HIGH,0.5045787545787546,0.6582417582417582,0.06923076923076923,0.315018315018315
24,66000.0,57000.0,5900.0,518000,333000.0,3100,13,3,4,LUMP_SUM,HIGH,WEALTH_CREATION,80.0,HIGH,0.6540404040404041,0.8636363636363636,0.04696969696969697,0.42045454545454547
63,79000.0,72600.0,0.0,1865000,679000.0,26200,3,4,4,RARELY,MEDIUM,WEALTH_CREATION,61.0,HIGH,1.9672995780590716,0.9189873417721519,0.33164556962025316,0.7162447257383966
38,106000.0,56700.0,29700.0,1177000,149000.0,19600,5,3,1,RARELY,HIGH,SHORT_TERM_GOAL,29.0,LOW,0.925314465408805,0.5349056603773585,0.18490566037735848,0.11713836477987422
39,32000.0,10500.0,6700.0,269000,159000.0,14800,18,2,4,MONTHLY,LOW,WEALTH_CREATION,77.0,HIGH,0.7005208333333334,0.328125,0.4625,0.4140625
45,20000.0,16800.0,500.0,4000,0.0,2700,16,1,2,RARELY,LOW,TAX_SAVING,37.0,LOW,0.016666666666666666,0.84,0.135,0.0
42,106000.0,73400.0,14400.0,1835000,592000.0,18200,15,2,3,MONTHLY,HIGH,TAX_SAVING,54.0,HIGH,1.4426100628930818,0.6924528301886792,0.17169811320754716,0.46540880503144655
48,123000.0,101500.0,0.0,1715000,61000.0,39800,6,1,4,MONTHLY,HIGH,TAX_SAVING,64.0,MEDIUM,1.1619241192411924,0.8252032520325203,0.3235772357723577,0.041327913279132794
39,32000.0,25100.0,5600.0,403000,178000.0,1300,4,1,4,MONTHLY,LOW,RETIREMENT,91.0,HIGH,1.0494791666666667,0.784375,0.040625,0.4635416666666667
45,22000.0,12700.0,7700.0,325000,106000.0,1600,10,3,3,MONTHLY,MEDIUM,WEALTH_CREATION,70.0,HIGH,1.231060606060606,0.5772727272727273,0.07272727272727272,0.4015151515151515
52,85000.0,39700.0,25000.0,2709000,1700000.0,20300,10,3,1,MONTHLY,MEDIUM,SHORT_TERM_GOAL,64.0,HIGH,2.6558823529411764,0.46705882352941175,0.2388235294117647,1.6666666666666667
35,28000.0,16700.0,9600.0,412000,176000.0,1700,15,5,3,MONTHLY,MEDIUM,SHORT_TERM_GOAL,94.0,HIGH,1.2261904761904763,0.5964285714285714,0.060714285714285714,0.5238095238095238
63,85000.0,61700.0,11900.0,484000,165000.0,11400,18,2,2,QUARTERLY,LOW,TAX_SAVING,81.0,HIGH,0.4745098039215686,0.7258823529411764,0.13411764705882354,0.16176470588235295
62,59000.0,31700.0,14700.0,914000,256000.0,12600,23,3,3,MONTHLY,MEDIUM,WEALTH_CREATION,74.0,HIGH,1.2909604519774012,0.5372881355932203,0.2135593220338983,0.3615819209039548
57,59000.0,48400.0,0.0,1052000,277000.0,13900,11,1,2,RARELY,HIGH,WEALTH_CREATION,33.0,MEDIUM,1.4858757062146892,0.8203389830508474,0.23559322033898306,0.3912429378531073
61,100000.0,72300.0,16300.0,1080000,857000.0,11400,14,2,5,MONTHLY,MEDIUM,SHORT_TERM_GOAL,95.0,HIGH,0.9,0.723,0.114,0.7141666666666666
54,97000.0,19400.0,32200.0,540000,161000.0,45400,11,3,4,LUMP_SUM,MEDIUM,SHORT_TERM_GOAL,72.0,HIGH,0.4639175257731959,0.2,0.46804123711340206,0.13831615120274915
60,48000.0,20900.0,14900.0,183000,22000.0,12200,3,1,4,MONTHLY,LOW,WEALTH_CREATION,70.0,HIGH,0.3177083333333333,0.4354166666666667,0.25416666666666665,0.03819444444444445
26,40000.0,19700.0,0.0,299000,75000.0,21800,1,3,5,LUMP_SUM,MEDIUM,WEALTH_CREATION,78.0,MEDIUM,0.6229166666666667,0.4925,0.545,0.15625
28,149000.0,74100.0,31100.0,839000,296000.0,43800,5,1,1,MONTHLY,MEDIUM,RETIREMENT,41.0,MEDIUM,0.4692393736017897,0.49731543624161073,0.29395973154362415,0.16554809843400448
60,62000.0,32500.0,27300.0,819000,62000.0,2200,11,3,3,MONTHLY,HIGH,TAX_SAVING,58.0,HIGH,1.1008064516129032,0.5241935483870968,0.035483870967741936,0.08333333333333333
50,52000.0,34900.0,0.0,689000,140000.0,25700,16,4,3,MONTHLY,LOW,WEALTH_CREATION,89.0,HIGH,1.1041666666666667,0.6711538461538461,0.49423076923076925,0.22435897435897437
65,187000.0,107700.0,36200.0,2547000,103000.0,43100,6,2,3,LUMP_SUM,HIGH,WEALTH_CREATION,49.0,MEDIUM,1.1350267379679144,0.5759358288770053,0.23048128342245988,0.04590017825311943
42,94000.0,86400.0,0.0,3852000,1841000.0,26200,7,1,4,LUMP_SUM,MEDIUM,RETIREMENT,71.0,HIGH,3.4148936170212765,0.9191489361702128,0.27872340425531916,1.6320921985815602
46,71000.0,46400.0,6500.0,896000,568000.0,18100,5,2,4,MONTHLY,MEDIUM,WEALTH_CREATION,75.0,HIGH,1.051643192488263,0.6535211267605634,0.2549295774647887,0.6666666666666666
43,39000.0,17900.0,12500.0,235000,7000.0,8600,15,3,2,QUARTERLY,MEDIUM,WEALTH_CREATION,77.0,HIGH,0.5021367521367521,0.45897435897435895,0.2205128205128205,0.014957264957264958
48,42000.0,27600.0,3200.0,453000,308000.0,11200,10,2,5,MONTHLY,HIGH,RETIREMENT,85.0,HIGH,0.8988095238095238,0.6571428571428571,0.26666666666666666,0.6111111111111112
40,97000.0,36500.0,52700.0,603000,41000.0,7800,4,3,5,MONTHLY,MEDIUM,SHORT_TERM_GOAL,100.0,HIGH,0.5180412371134021,0.37628865979381443,0.08041237113402062,0.0352233676975945
65,50000.0,34300.0,6000.0,44000,6000.0,9700,2,3,2,RARELY,MEDIUM,RETIREMENT,62.0,LOW,0.07333333333333333,0.686,0.194,0.01
45,112000.0,42300.0,63000.0,491000,213000.0,6700,17,2,1,MONTHLY,LOW,SHORT_TERM_GOAL,67.0,HIGH,0.36532738095238093,0.3776785714285714,0.059821428571428574,0.15848214285714285
64,85000.0,51600.0,23000.0,365000,157000.0,10400,2,4,3,QUARTERLY,MEDIUM,SHORT_TERM_GOAL,72.0,HIGH,0.35784313725490197,0.6070588235294118,0.1223529411764706,0.153921568627451
27,70000.0,33200.0,14100.0,1526000,512000.0,22700,1,1,2,MONTHLY,MEDIUM,RETIREMENT,58.0,HIGH,1.8166666666666667,0.4742857142857143,0.3242857142857143,0.6095238095238096
65,73000.0,14600.0,49900.0,347000,164000.0,8500,5,2,4,RARELY,HIGH,RETIREMENT,65.0,HIGH,0.3961187214611872,0.2,0.11643835616438356,0.1872146118721461
28,59000.0,40100.0,15600.0,313000,103000.0,3300,2,2,3,QUARTERLY,MEDIUM,TAX_SAVING,62.0,HIGH,0.442090395480226,0.6796610169491526,0.05593220338983051,0.14548022598870056
64,20000.0,7700.0,11600.0,232000,68000.0,700,19,3,4,LUMP_SUM,MEDIUM,WEALTH_CREATION,83.0,HIGH,0.9666666666666667,0.385,0.035,0.2833333333333333
44,323000.0,200800.0,107000.0,2876000,1194000.0,15200,22,5,2,QUARTERLY,LOW,WEALTH_CREATION,100.0,HIGH,0.7420020639834881,0.621671826625387,0.047058823529411764,0.3080495356037152
33,88000.0,61800.0,0.0,305000,4000.0,26300,10,1,5,MONTHLY,MEDIUM,TAX_SAVING,89.0,LOW,0.28882575757575757,0.7022727272727273,0.2988636363636364,0.003787878787878788
38,209000.0,162900.0,13600.0,6166000,3964000.0,32500,4,5,2,RARELY,LOW,TAX_SAVING,84.0,HIGH,2.458532695374801,0.7794258373205741,0.15550239234449761,1.5805422647527911
46,41000.0,14000.0,12600.0,370000,27000.0,14400,7,2,5,MONTHLY,LOW,WEALTH_CREATION,92.0,HIGH,0.7520325203252033,0.34146341463414637,0.35121951219512193,0.054878048780487805
44,38000.0,16500.0,17500.0,285000,66000.0,4000,1,3,4,QUARTERLY,HIGH,TAX_SAVING,68.0,HIGH,0.625,0.4342105263157895,0.10526315789473684,0.14473684210526316
25,97000.0,62800.0,0.0,3080000,1261000.0,35200,7,2,3,MONTHLY,MEDIUM,EMERGENCY_FUND,64.0,HIGH,2.6460481099656357,0.6474226804123712,0.3628865979381443,1.0833333333333333
24,100000.0,68700.0,16600.0,243000,4000.0,14700,19,5,4,RARELY,MEDIUM,EMERGENCY_FUND,85.0,MEDIUM,0.2025,0.687,0.147,0.0033333333333333335
50,77000.0,16300.0,52800.0,120000,6000.0,7900,17,4,4,RARELY,HIGH,WEALTH_CREATION,76.0,HIGH,0.12987012987012986,0.21168831168831168,0.1025974025974026,0.006493506493506494
35,59000.0,40200.0,14400.0,380000,153000.0,4400,6,1,3,MONTHLY,LOW,WEALTH_CREATION,58.0,HIGH,0.536723163841808,0.6813559322033899,0.07457627118644068,0.21610169491525424
42,32000.0,21500.0,2200.0,795000,265000.0,8300,2,2,3,LUMP_SUM,LOW,WEALTH_CREATION,77.0,HIGH,2.0703125,0.671875,0.259375,0.6901041666666666
29,70000.0,43700.0,5800.0,656000,188000.0,20500,4,1,4,MONTHLY,MEDIUM,WEALTH_CREATION,69.0,HIGH,0.780952380952381,0.6242857142857143,0.29285714285714287,0.22380952380952382
28,131000.0,84200.0,10400.0,2231000,265000.0,36400,7,2,3,MONTHLY,HIGH,EMERGENCY_FUND,57.0,MEDIUM,1.4192111959287532,0.6427480916030535,0.2778625954198473,0.16857506361323155
21,25000.0,7200.0,13900.0,63000,12000.0,3900,16,3,4,MONTHLY,LOW,WEALTH_CREATION,80.0,HIGH,0.21,0.288,0.156,0.04
28,45000.0,33100.0,10000.0,667000,17000.0,1900,12,2,2,MONTHLY,HIGH,WEALTH_CREATION,48.0,HIGH,1.2351851851851852,0.7355555555555555,0.042222222222222223,0.03148148148148148
57,50000.0,31100.0,0.0,511000,150000.0,27500,7,1,3,QUARTERLY,MEDIUM,WEALTH_CREATION,47.0,HIGH,0.8516666666666667,0.622,0.55,0.25
61,74000.0,43400.0,11500.0,651000,40000.0,19100,1,4,2,LUMP_SUM,LOW,SHORT_TERM_GOAL,78.0,MEDIUM,0.7331081081081081,0.5864864864864865,0.2581081081081081,0.04504504504504504
63,57000.0,33000.0,4000.0,717000,41000.0,20000,7,2,3,MONTHLY,MEDIUM,WEALTH_CREATION,67.0,HIGH,1.0482456140350878,0.5789473684210527,0.3508771929824561,0.059941520467836254
25,60000.0,37700.0,5700.0,2015000,39000.0,16600,9,2,4,LUMP_SUM,MEDIUM,EMERGENCY_FUND,82.0,HIGH,2.798611111111111,0.6283333333333333,0.27666666666666667,0.05416666666666667
52,176000.0,88700.0,25800.0,2025000,354000.0,61500,2,1,3,MONTHLY,HIGH,EMERGENCY_FUND,68.0,LOW,0.9588068181818182,0.5039772727272728,0.3494318181818182,0.16761363636363635
34,57000.0,48400.0,0.0,253000,180000.0,11300,12,3,1,MONTHLY,HIGH,RETIREMENT,55.0,MEDIUM,0.36988304093567254,0.8491228070175438,0.19824561403508772,0.2631578947368421
59,38000.0,23700.0,5800.0,213000,73000.0,8500,22,2,1,MONTHLY,MEDIUM,WEALTH_CREATION,49.0,HIGH,0.46710526315789475,0.6236842105263158,0.2236842105263158,0.1600877192982456
23,214000.0,154900.0,55000.0,2799000,1843000.0,4100,10,3,4,LUMP_SUM,MEDIUM,SHORT_TERM_GOAL,74.0,HIGH,1.0899532710280373,0.7238317757009346,0.019158878504672898,0.7176791277258567
25,50000.0,29800.0,0.0,260000,112000.0,20800,1,4,5,MONTHLY,MEDIUM,WEALTH_CREATION,100.0,HIGH,0.43333333333333335,0.596,0.416,0.18666666666666668
42,55000.0,21200.0,23200.0,595000,16000.0,10600,4,4,5,QUARTERLY,LOW,RETIREMENT,100.0,HIGH,0.9015151515151515,0.38545454545454544,0.19272727272727272,0.024242424242424242
55,98000.0,72100.0,6800.0,750000,49000.0,19100,7,1,5,MONTHLY,HIGH,EMERGENCY_FUND,56.0,MEDIUM,0.6377551020408163,0.7357142857142858,0.19489795918367347,0.041666666666666664
64,22000.0,12900.0,8900.0,146000,68000.0,200,5,2,1,MONTHLY,MEDIUM,WEALTH_CREATION,43.0,HIGH,0.553030303030303,0.5863636363636363,0.00909090909090909,0.25757575757575757
49,52000.0,31200.0,0.0,722000,168000.0,28600,5,2,3,RARELY,LOW,TAX_SAVING,74.0,MEDIUM,1.1570512820512822,0.6,0.55,0.2692307692307692
21,91000.0,81500.0,0.0,913000,188000.0,13000,4,3,1,MONTHLY,MEDIUM,WEALTH_CREATION,49.0,HIGH,0.8360805860805861,0.8956043956043956,0.14285714285714285,0.17216117216117216
65,71000.0,40800.0,20000.0,1245000,95000.0,10200,9,4,3,MONTHLY,MEDIUM,TAX_SAVING,91.0,HIGH,1.4612676056338028,0.5746478873239437,0.14366197183098592,0.11150234741784038
60,117000.0,37000.0,54100.0,2220000,1043000.0,25900,20,2,3,MONTHLY,HIGH,TAX_SAVING,70.0,HIGH,1.5811965811965811,0.3162393162393162,0.22136752136752136,0.7428774928774928
36,40000.0,20800.0,9100.0,1252000,1048000.0,10100,17,2,3,RARELY,HIGH,EMERGENCY_FUND,48.0,HIGH,2.6083333333333334,0.52,0.2525,2.183333333333333
53,71000.0,31900.0,25000.0,581000,92000.0,14100,4,4,4,MONTHLY,MEDIUM,WEALTH_CREATION,93.0,HIGH,0.681924882629108,0.44929577464788734,0.19859154929577466,0.107981220657277
48,73000.0,33500.0,22200.0,1341000,533000.0,17300,2,5,4,MONTHLY,MEDIUM,TAX_SAVING,100.0,HIGH,1.5308219178082192,0.4589041095890411,0.236986301369863,0.6084474885844748
48,81000.0,53200.0,0.0,523000,23000.0,36500,12,2,4,QUARTERLY,MEDIUM,WEALTH_CREATION,73.0,HIGH,0.5380658436213992,0.6567901234567901,0.4506172839506173,0.023662551440329218
59,107000.0,48100.0,41300.0,549000,214000.0,17600,4,3,4,LUMP_SUM,LOW,WEALTH_CREATION,99.0,HIGH,0.42757009345794394,0.44953271028037384,0.16448598130841122,0.16666666666666666
61,87000.0,48300.0,21500.0,1231000,793000.0,17200,6,5,1,LUMP_SUM,HIGH,EMERGENCY_FUND,64.0,HIGH,1.1791187739463602,0.5551724137931034,0.19770114942528735,0.7595785440613027
22,53000.0,17600.0,24200.0,255000,11000.0,11200,20,3,5,MONTHLY,MEDIUM,WEALTH_CREATION,89.0,HIGH,0.4009433962264151,0.3320754716981132,0.21132075471698114,0.01729559748427673
54,70000.0,52200.0,2200.0,1779000,656000.0,15600,1,2,3,MONTHLY,LOW,SHORT_TERM_GOAL,65.0,HIGH,2.117857142857143,0.7457142857142857,0.22285714285714286,0.780952380952381
46,52000.0,45200.0,0.0,1126000,555000.0,14200,7,1,3,LUMP_SUM,MEDIUM,RETIREMENT,41.0,HIGH,1.8044871794871795,0.8692307692307693,0.27307692307692305,0.8894230769230769
23,101000.0,51300.0,44400.0,274000,22000.0,5300,4,2,4,MONTHLY,HIGH,RETIREMENT,70.0,HIGH,0.22607260726072606,0.5079207920792079,0.05247524752475247,0.018151815181518153
61,100000.0,75000.0,2000.0,1915000,563000.0,23000,8,4,4,LUMP_SUM,LOW,WEALTH_CREATION,95.0,HIGH,1.5958333333333334,0.75,0.23,0.4691666666666667
60,25000.0,9000.0,8700.0,225000,24000.0,7300,14,3,2,MONTHLY,HIGH,EMERGENCY_FUND,74.0,HIGH,0.75,0.36,0.292,0.08
58,39000.0,30100.0,0.0,394000,43000.0,12700,9,1,4,MONTHLY,HIGH,RETIREMENT,58.0,MEDIUM,0.8418803418803419,0.7717948717948718,0.32564102564102565,0.09188034188034189
50,79000.0,67500.0,0.0,769000,237000.0,17800,18,1,3,LUMP_SUM,MEDIUM,WEALTH_CREATION,61.0,HIGH,0.8111814345991561,0.8544303797468354,0.22531645569620254,0.25
51,134000.0,76700.0,48000.0,1043000,154000.0,9300,4,1,3,RARELY,MEDIUM,WEALTH_CREATION,41.0,MEDIUM,0.6486318407960199,0.5723880597014925,0.06940298507462686,0.09577114427860696
28,82000.0,47400.0,26200.0,284000,59000.0,8400,1,1,1,MONTHLY,LOW,EMERGENCY_FUND,42.0,LOW,0.2886178861788618,0.5780487804878048,0.1024390243902439,0.059959349593495935
22,99000.0,62500.0,19600.0,1399000,134000.0,16900,5,2,3,RARELY,HIGH,TAX_SAVING,49.0,MEDIUM,1.1776094276094276,0.6313131313131313,0.1707070707070707,0.1127946127946128
31,58000.0,30200.0,10500.0,1793000,238000.0,17300,2,2,4,MONTHLY,LOW,WEALTH_CREATION,78.0,HIGH,2.5761494252873565,0.5206896551724138,0.2982758620689655,0.34195402298850575
26,36000.0,30900.0,3400.0,390000,219000.0,1700,8,1,4,RARELY,MEDIUM,RETIREMENT,60.0,HIGH,0.9027777777777778,0.8583333333333333,0.04722222222222222,0.5069444444444444
30,44000.0,29800.0,3000.0,866000,264000.0,11200,7,2,3,RARELY,HIGH,RETIREMENT,44.0,HIGH,1.6401515151515151,0.6772727272727272,0.2545454545454545,0.5
63,32000.0,27300.0,0.0,602000,147000.0,10500,4,3,1,MONTHLY,LOW,EMERGENCY_FUND,63.0,HIGH,1.5677083333333333,0.853125,0.328125,0.3828125
53,84000.0,70400.0,0.0,193000,22000.0,18400,15,1,2,MONTHLY,HIGH,WEALTH_CREATION,47.0,MEDIUM,0.19146825396825398,0.8380952380952381,0.21904761904761905,0.021825396825396824
59,134000.0,101200.0,19500.0,918000,133000.0,13300,23,2,3,RARELY,LOW,RETIREMENT,83.0,HIGH,0.5708955223880597,0.755223880597015,0.09925373134328358,0.08271144278606965
33,55000.0,39900.0,8900.0,2496000,47000.0,6200,6,3,3,MONTHLY,LOW,SHORT_TERM_GOAL,75.0,HIGH,3.7818181818181817,0.7254545454545455,0.11272727272727273,0.07121212121212121
61,83000.0,64700.0,17100.0,1742000,116000.0,1200,2,4,3,MONTHLY,LOW,SHORT_TERM_GOAL,68.0,HIGH,1.748995983935743,0.7795180722891566,0.014457831325301205,0.11646586345381527
55,114000.0,102300.0,0.0,3269000,1327000.0,16200,6,1,5,MONTHLY,LOW,TAX_SAVING,84.0,HIGH,2.3896198830409356,0.8973684210526316,0.14210526315789473,0.9700292397660819
41,175000.0,73200.0,91900.0,1789000,573000.0,9900,10,2,2,QUARTERLY,MEDIUM,SHORT_TERM_GOAL,56.0,HIGH,0.8519047619047619,0.41828571428571426,0.05657142857142857,0.27285714285714285
26,215000.0,135700.0,0.0,5844000,3290000.0,109500,12,1,1,MONTHLY,HIGH,WEALTH_CREATION,20.0,HIGH,2.2651162790697676,0.6311627906976744,0.5093023255813953,1.2751937984496124
37,74000.0,29000.0,26800.0,85000,0.0,18200,1,1,3,LUMP_SUM,MEDIUM,SHORT_TERM_GOAL,44.0,LOW,0.09572072072072071,0.3918918918918919,0.24594594594594596,0.0
26,76000.0,63800.0,0.0,493000,111000.0,14700,16,1,4,MONTHLY,LOW,WEALTH_CREATION,62.0,HIGH,0.5405701754385965,0.8394736842105263,0.19342105263157894,0.12171052631578948
52,76000.0,32500.0,29300.0,214000,13000.0,14200,5,2,1,RARELY,MEDIUM,TAX_SAVING,31.0,LOW,0.23464912280701755,0.4276315789473684,0.1868421052631579,0.01425438596491228
50,112000.0,91800.0,0.0,1235000,419000.0,24800,2,1,2,RARELY,LOW,WEALTH_CREATION,41.0,MEDIUM,0.9188988095238095,0.8196428571428571,0.22142857142857142,0.3117559523809524
65,25000.0,12500.0,12300.0,444000,224000.0,200,18,3,5,QUARTERLY,LOW,SHORT_TERM_GOAL,98.0,HIGH,1.48,0.5,0.008,0.7466666666666667
39,41000.0,26100.0,12700.0,759000,51000.0,2200,8,2,3,MONTHLY,MEDIUM,RETIREMENT,64.0,HIGH,1.5426829268292683,0.6365853658536585,0.05365853658536585,0.10365853658536585
53,83000.0,56400.0,26100.0,307000,29000.0,500,16,5,3,MONTHLY,MEDIUM,SHORT_TERM_GOAL,88.0,HIGH,0.30823293172690763,0.6795180722891566,0.006024096385542169,0.029116465863453816
39,60000.0,47000.0,0.0,96000,8000.0,19600,4,1,1,QUARTERLY,LOW,TAX_SAVING,58.0,LOW,0.13333333333333333,0.7833333333333333,0.32666666666666666,0.011111111111111112
33,101000.0,30100.0,60500.0,537000,231000.0,10400,13,2,3,MONTHLY,HIGH,RETIREMENT,73.0,HIGH,0.4430693069306931,0.298019801980198,0.10297029702970296,0.1905940594059406
48,39000.0,34900.0,0.0,756000,202000.0,5800,10,4,5,MONTHLY,HIGH,RETIREMENT,85.0,HIGH,1.6153846153846154,0.8948717948717949,0.14871794871794872,0.43162393162393164
47,102000.0,54100.0,30400.0,686000,255000.0,17500,4,4,4,RARELY,HIGH,RETIREMENT,72.0,HIGH,0.5604575163398693,0.5303921568627451,0.1715686274509804,0.20833333333333334
37,20000.0,15500.0,800.0,290000,54000.0,3700,8,2,1,MONTHLY,HIGH,WEALTH_CREATION,43.0,HIGH,1.2083333333333333,0.775,0.185,0.225
38,110000.0,56600.0,11500.0,429000,46000.0,41900,9,1,2,RARELY,MEDIUM,WEALTH_CREATION,45.0,LOW,0.325,0.5145454545454545,0.3809090909090909,0.03484848484848485
45,32000.0,17000.0,7600.0,219000,10000.0,7400,7,1,2,MONTHLY,MEDIUM,SHORT_TERM_GOAL,58.0,LOW,0.5703125,0.53125,0.23125,0.026041666666666668
33,64000.0,51300.0,1500.0,947000,32000.0,11200,1,3,2,MONTHLY,MEDIUM,WEALTH_CREATION,73.0,HIGH,1.2330729166666667,0.8015625,0.175,0.041666666666666664
28,85000.0,60300.0,8100.0,208000,46000.0,16600,7,2,3,MONTHLY,HIGH,WEALTH_CREATION,58.0,MEDIUM,0.20392156862745098,0.7094117647058824,0.1952941176470588,0.045098039215686274
22,34000.0,16300.0,6800.0,243000,28000.0,10900,3,2,3,QUARTERLY,LOW,TAX_SAVING,77.0,HIGH,0.5955882352941176,0.47941176470588237,0.3205882352941177,0.06862745098039216
42,61000.0,40200.0,14500.0,750000,40000.0,6300,1,3,4,MONTHLY,HIGH,SHORT_TERM_GOAL,62.0,MEDIUM,1.0245901639344261,0.659016393442623,0.10327868852459017,0.0546448087431694
33,49000.0,28700.0,13700.0,273000,40000.0,6600,10,1,5,LUMP_SUM,HIGH,TAX_SAVING,57.0,HIGH,0.4642857142857143,0.5857142857142857,0.1346938775510204,0.06802721088435375
60,35000.0,18700.0,7800.0,366000,129000.0,8500,24,5,1,MONTHLY,HIGH,RETIREMENT,84.0,HIGH,0.8714285714285714,0.5342857142857143,0.24285714285714285,0.30714285714285716
31,118000.0,94800.0,0.0,389000,89000.0,28000,15,3,3,MONTHLY,LOW,TAX_SAVING,73.0,HIGH,0.2747175141242938,0.8033898305084746,0.23728813559322035,0.06285310734463277
65,45000.0,18000.0,3300.0,513000,130000.0,23700,1,4,1,LUMP_SUM,HIGH,RETIREMENT,61.0,LOW,0.95,0.4,0.5266666666666666,0.24074074074074073
27,89000.0,48700.0,23700.0,848000,266000.0,16600,4,2,5,LUMP_SUM,HIGH,EMERGENCY_FUND,68.0,LOW,0.7940074906367042,0.547191011235955,0.18651685393258427,0.24906367041198502
49,43000.0,35900.0,0.0,333000,129000.0,10600,12,1,2,LUMP_SUM,MEDIUM,RETIREMENT,45.0,MEDIUM,0.6453488372093024,0.8348837209302326,0.24651162790697675,0.25
53,40000.0,25300.0,1700.0,295000,71000.0,13000,17,1,4,QUARTERLY,MEDIUM,EMERGENCY_FUND,67.0,MEDIUM,0.6145833333333334,0.6325,0.325,0.14791666666666667
60,133000.0,86000.0,0.0,3519000,298000.0,73100,12,4,2,RARELY,LOW,WEALTH_CREATION,59.0,HIGH,2.204887218045113,0.6466165413533834,0.5496240601503759,0.18671679197994986
34,73000.0,33900.0,35600.0,477000,90000.0,3500,9,1,3,RARELY,LOW,WEALTH_CREATION,61.0,HIGH,0.5445205479452054,0.4643835616438356,0.04794520547945205,0.10273972602739725
22,34000.0,24600.0,3400.0,622000,46000.0,6000,9,5,2,RARELY,MEDIUM,WEALTH_CREATION,53.0,HIGH,1.5245098039215685,0.7235294117647059,0.17647058823529413,0.11274509803921569
44,23000.0,17200.0,1000.0,300000,116000.0,4800,12,3,3,MONTHLY,HIGH,RETIREMENT,64.0,HIGH,1.0869565217391304,0.7478260869565218,0.20869565217391303,0.42028985507246375
38,77000.0,42400.0,31500.0,578000,307000.0,3100,14,1,2,MONTHLY,LOW,EMERGENCY_FUND,64.0,HIGH,0.6255411255411255,0.5506493506493506,0.04025974025974026,0.33225108225108224
51,37000.0,20100.0,4500.0,472000,87000.0,12400,3,1,2,MONTHLY,MEDIUM,RETIREMENT,77.0,MEDIUM,1.063063063063063,0.5432432432432432,0.33513513513513515,0.19594594594594594
63,79000.0,26600.0,46800.0,960000,169000.0,5600,10,1,4,QUARTERLY,HIGH,EMERGENCY_FUND,58.0,MEDIUM,1.0126582278481013,0.3367088607594937,0.07088607594936709,0.17827004219409281
27,49000.0,27600.0,21400.0,92000,13000.0,0,11,1,3,MONTHLY,HIGH,RETIREMENT,44.0,HIGH,0.1564625850340136,0.563265306122449,0.0,0.022108843537414966
36,52000.0,17400.0,25100.0,189000,21000.0,9500,5,4,4,QUARTERLY,MEDIUM,TAX_SAVING,100.0,HIGH,0.30288461538461536,0.3346153846153846,0.18269230769230768,0.03365384615384615
50,63000.0,25100.0,31400.0,299000,33000.0,6500,6,2,2,MONTHLY,LOW,WEALTH_CREATION,59.0,HIGH,0.3955026455026455,0.3984126984126984,0.10317460317460317,0.04365079365079365
56,79000.0,53600.0,11700.0,239000,35000.0,13700,14,3,3,MONTHLY,MEDIUM,WEALTH_CREATION,71.0,HIGH,0.2521097046413502,0.6784810126582278,0.17341772151898735,0.03691983122362869
56,142000.0,65400.0,46400.0,627000,82000.0,30200,3,3,4,MONTHLY,LOW,SHORT_TERM_GOAL,99.0,HIGH,0.36795774647887325,0.46056338028169014,0.21267605633802816,0.04812206572769953
58,91000.0,51200.0,17900.0,1316000,441000.0,21900,9,1,3,QUARTERLY,HIGH,TAX_SAVING,46.0,HIGH,1.205128205128205,0.5626373626373626,0.24065934065934066,0.40384615384615385
53,44000.0,22200.0,2900.0,1929000,682000.0,18900,1,3,3,QUARTERLY,HIGH,EMERGENCY_FUND,55.0,HIGH,3.653409090909091,0.5045454545454545,0.42954545454545456,1.2916666666666667
50,53000.0,19000.0,29200.0,337000,133000.0,4800,20,2,4,LUMP_SUM,LOW,EMERGENCY_FUND,79.0,HIGH,0.529874213836478,0.3584905660377358,0.09056603773584905,0.20911949685534592
46,43000.0,13000.0,14200.0,456000,37000.0,15800,9,2,2,LUMP_SUM,HIGH,WEALTH_CREATION,48.0,HIGH,0.8837209302325582,0.3023255813953488,0.3674418604651163,0.07170542635658915
55,60000.0,55200.0,0.0,1160000,247000.0,32500,19,4,4,MONTHLY,MEDIUM,TAX_SAVING,73.0,HIGH,1.6111111111111112,0.92,0.5416666666666666,0.34305555555555556
52,69000.0,44800.0,21300.0,1276000,277000.0,2900,3,1,4,RARELY,HIGH,EMERGENCY_FUND,51.0,MEDIUM,1.541062801932367,0.6492753623188405,0.042028985507246375,0.33454106280193235
32,105000.0,93300.0,0.0,1544000,217000.0,12600,7,1,2,RARELY,MEDIUM,SHORT_TERM_GOAL,35.0,LOW,1.2253968253968255,0.8885714285714286,0.12,0.17222222222222222
32,55000.0,35300.0,4200.0,387000,225000.0,15500,14,3,4,RARELY,MEDIUM,RETIREMENT,75.0,HIGH,0.5863636363636363,0.6418181818181818,0.2818181818181818,0.3409090909090909
48,57000.0,47700.0,0.0,1643000,523000.0,13700,19,3,1,MONTHLY,LOW,RETIREMENT,66.0,HIGH,2.402046783625731,0.8368421052631579,0.24035087719298245,0.7646198830409356
51,140000.0,44900.0,85100.0,295000,190000.0,10000,8,1,5,LUMP_SUM,LOW,RETIREMENT,74.0,HIGH,0.17559523809523808,0.32071428571428573,0.07142857142857142,0.1130952380952381
47,67000.0,41000.0,20800.0,1227000,346000.0,5200,18,1,3,QUARTERLY,LOW,RETIREMENT,68.0,HIGH,1.5261194029850746,0.6119402985074627,0.07761194029850746,0.43034825870646765
35,241000.0,96400.0,74100.0,1466000,177000.0,70500,4,1,5,MONTHLY,HIGH,SHORT_TERM_GOAL,53.0,MEDIUM,0.5069156293222683,0.4,0.2925311203319502,0.061203319502074686
52,58000.0,17700.0,33600.0,302000,8000.0,6700,10,1,2,LUMP_SUM,HIGH,WEALTH_CREATION,36.0,MEDIUM,0.4339080459770115,0.30517241379310345,0.11551724137931034,0.011494252873563218
37,69000.0,40300.0,17500.0,1213000,350000.0,11200,3,1,2,MONTHLY,HIGH,TAX_SAVING,50.0,HIGH,1.464975845410628,0.5840579710144927,0.16231884057971013,0.4227053140096618
47,115000.0,105800.0,900.0,2164000,1233000.0,8300,7,3,1,MONTHLY,MEDIUM,EMERGENCY_FUND,55.0,HIGH,1.5681159420289854,0.92,0.07217391304347825,0.8934782608695652
27,54000.0,44200.0,0.0,1011000,505000.0,16400,1,1,5,MONTHLY,MEDIUM,TAX_SAVING,81.0,HIGH,1.5601851851851851,0.8185185185185185,0.3037037037037037,0.779320987654321
27,26000.0,12800.0,0.0,193000,97000.0,14300,22,4,2,RARELY,MEDIUM,RETIREMENT,62.0,MEDIUM,0.6185897435897436,0.49230769230769234,0.55,0.3108974358974359
38,32000.0,22600.0,4600.0,737000,278000.0,4800,6,1,5,RARELY,LOW,WEALTH_CREATION,55.0,HIGH,1.9192708333333333,0.70625,0.15,0.7239583333333334
45,76000.0,15200.0,54200.0,30000,10000.0,6600,5,1,5,MONTHLY,LOW,WEALTH_CREATION,84.0,HIGH,0.03289473684210526,0.2,0.0868421052631579,0.010964912280701754
54,156000.0,89700.0,47500.0,835000,37000.0,18800,14,2,2,RARELY,LOW,WEALTH_CREATION,61.0,HIGH,0.44604700854700857,0.575,0.12051282051282051,0.019764957264957264
48,50000.0,33300.0,4300.0,1318000,72000.0,12400,11,1,2,MONTHLY,MEDIUM,WEALTH_CREATION,52.0,HIGH,2.1966666666666668,0.666,0.248,0.12
37,97000.0,48200.0,23800.0,1821000,690000.0,25000,17,5,4,RARELY,HIGH,EMERGENCY_FUND,58.0,HIGH,1.5644329896907216,0.49690721649484537,0.25773195876288657,0.5927835051546392
33,61000.0,33500.0,20700.0,626000,102000.0,6800,21,3,4,LUMP_SUM,HIGH,RETIREMENT,68.0,HIGH,0.855191256830601,0.5491803278688525,0.11147540983606558,0.13934426229508196
47,31000.0,8700.0,15200.0,384000,294000.0,7100,9,3,2,LUMP_SUM,MEDIUM,RETIREMENT,58.0,HIGH,1.032258064516129,0.2806451612903226,0.22903225806451613,0.7903225806451613
41,76000.0,39100.0,32800.0,1016000,221000.0,4100,1,3,3,LUMP_SUM,MEDIUM,WEALTH_CREATION,76.0,HIGH,1.1140350877192982,0.5144736842105263,0.05394736842105263,0.24232456140350878
45,21000.0,18400.0,0.0,925000,58000.0,5300,6,4,4,LUMP_SUM,LOW,WEALTH_CREATION,83.0,HIGH,3.6706349206349205,0.8761904761904762,0.2523809523809524,0.23015873015873015
22,80000.0,50200.0,21100.0,2096000,539000.0,8700,4,2,4,MONTHLY,LOW,SHORT_TERM_GOAL,78.0,HIGH,2.183333333333333,0.6275,0.10875,0.5614583333333333
51,53000.0,42400.0,0.0,295000,94000.0,25000,3,1,5,MONTHLY,LOW,EMERGENCY_FUND,60.0,LOW,0.4638364779874214,0.8,0.4716981132075472,0.14779874213836477
37,44000.0,20500.0,22700.0,164000,79000.0,800,1,1,5,RARELY,LOW,TAX_SAVING,65.0,HIGH,0.3106060606060606,0.4659090909090909,0.01818181818181818,0.14962121212121213
53,58000.0,23200.0,31700.0,124000,19000.0,3100,13,2,2,MONTHLY,LOW,SHORT_TERM_GOAL,58.0,HIGH,0.1781609195402299,0.4,0.05344827586206897,0.027298850574712645
42,51000.0,33200.0,2600.0,1191000,312000.0,15200,3,1,2,MONTHLY,MEDIUM,SHORT_TERM_GOAL,48.0,HIGH,1.946078431372549,0.6509803921568628,0.2980392156862745,0.5098039215686274
48,55000.0,31600.0,16200.0,441000,5000.0,7200,14,2,4,MONTHLY,MEDIUM,WEALTH_CREATION,77.0,HIGH,0.6681818181818182,0.5745454545454546,0.13090909090909092,0.007575757575757576
51,115000.0,56100.0,16400.0,1256000,493000.0,42500,2,1,4,QUARTERLY,LOW,WEALTH_CREATION,73.0,HIGH,0.9101449275362319,0.48782608695652174,0.3695652173913043,0.3572463768115942
51,82000.0,60500.0,7200.0,428000,32000.0,14300,2,3,2,QUARTERLY,MEDIUM,RETIREMENT,79.0,LOW,0.4349593495934959,0.7378048780487805,0.174390243902439,0.032520325203252036
61,66000.0,42700.0,14200.0,690000,202000.0,9100,9,4,4,QUARTERLY,MEDIUM,WEALTH_CREATION,92.0,HIGH,0.8712121212121212,0.646969696969697,0.13787878787878788,0.255050505050505
65,223000.0,205100.0,0.0,6073000,686000.0,52300,15,1,5,MONTHLY,MEDIUM,WEALTH_CREATION,69.0,HIGH,2.2694319880418536,0.9197309417040359,0.23452914798206279,0.2563527653213752
63,57000.0,45700.0,2400.0,1366000,236000.0,8900,6,2,2,QUARTERLY,LOW,WEALTH_CREATION,62.0,HIGH,1.9970760233918128,0.8017543859649123,0.156140350877193,0.34502923976608185
64,57000.0,52400.0,800.0,618000,254000.0,3800,1,4,3,LUMP_SUM,MEDIUM,EMERGENCY_FUND,65.0,MEDIUM,0.9035087719298246,0.9192982456140351,0.06666666666666667,0.3713450292397661
56,39000.0,24800.0,12400.0,87000,4000.0,1800,2,4,2,RARELY,HIGH,EMERGENCY_FUND,41.0,LOW,0.1858974358974359,0.6358974358974359,0.046153846153846156,0.008547008547008548
29,57000.0,27300.0,0.0,1300000,87000.0,31300,1,2,4,LUMP_SUM,MEDIUM,RETIREMENT,64.0,MEDIUM,1.9005847953216375,0.4789473684210526,0.5491228070175439,0.12719298245614036
21,49000.0,43700.0,0.0,274000,103000.0,24800,17,3,5,RARELY,MEDIUM,EMERGENCY_FUND,82.0,LOW,0.46598639455782315,0.8918367346938776,0.5061224489795918,0.17517006802721088
64,50000.0,28200.0,10800.0,269000,92000.0,11000,3,1,3,LUMP_SUM,MEDIUM,RETIREMENT,58.0,MEDIUM,0.4483333333333333,0.564,0.22,0.15333333333333332
23,65000.0,40500.0,8100.0,898000,222000.0,16400,4,1,3,MONTHLY,MEDIUM,EMERGENCY_FUND,58.0,MEDIUM,1.1512820512820512,0.6230769230769231,0.2523076923076923,0.2846153846153846
24,54000.0,30900.0,13200.0,1805000,666000.0,9900,1,2,4,LUMP_SUM,MEDIUM,TAX_SAVING,69.0,HIGH,2.7854938271604937,0.5722222222222222,0.18333333333333332,1.0277777777777777
44,42000.0,9300.0,28500.0,227000,44000.0,4200,6,1,2,RARELY,HIGH,RETIREMENT,30.0,MEDIUM,0.4503968253968254,0.22142857142857142,0.1,0.0873015873015873
57,43000.0,21900.0,17500.0,901000,459000.0,3600,3,2,2,MONTHLY,MEDIUM,SHORT_TERM_GOAL,52.0,HIGH,1.746124031007752,0.5093023255813953,0.08372093023255814,0.8895348837209303
43,99000.0,83000.0,0.0,2221000,1512000.0,39200,11,2,3,MONTHLY,LOW,SHORT_TERM_GOAL,72.0,HIGH,1.8695286195286196,0.8383838383838383,0.39595959595959596,1.2727272727272727
62,132000.0,109600.0,13500.0,1068000,172000.0,8900,4,2,4,LUMP_SUM,LOW,SHORT_TERM_GOAL,76.0,MEDIUM,0.6742424242424242,0.8303030303030303,0.06742424242424243,0.10858585858585859
48,89000.0,21000.0,25000.0,1459000,380000.0,43000,17,1,3,MONTHLY,LOW,WEALTH_CREATION,71.0,HIGH,1.3661048689138577,0.23595505617977527,0.48314606741573035,0.35580524344569286
56,151000.0,136900.0,0.0,8710000,3677000.0,36600,10,2,3,MONTHLY,HIGH,SHORT_TERM_GOAL,68.0,HIGH,4.806843267108167,0.9066225165562913,0.2423841059602649,2.0292494481236205
29,34000.0,18500.0,14200.0,319000,85000.0,1300,9,4,2,MONTHLY,LOW,WEALTH_CREATION,86.0,HIGH,0.7818627450980392,0.5441176470588235,0.03823529411764706,0.20833333333333334
64,46000.0,32500.0,11900.0,671000,59000.0,1600,21,4,3,RARELY,HIGH,WEALTH_CREATION,58.0,HIGH,1.2155797101449275,0.7065217391304348,0.034782608695652174,0.1068840579710145
30,44000.0,40400.0,2300.0,152000,54000.0,1300,19,3,3,RARELY,MEDIUM,WEALTH_CREATION,65.0,HIGH,0.2878787878787879,0.9181818181818182,0.029545454545454545,0.10227272727272728
28,109000.0,56900.0,18000.0,372000,110000.0,34100,1,2,2,MONTHLY,MEDIUM,SHORT_TERM_GOAL,67.0,LOW,0.28440366972477066,0.5220183486238532,0.3128440366972477,0.08409785932721713
53,73000.0,50500.0,16100.0,1256000,711000.0,6400,3,2,3,MONTHLY,HIGH,RETIREMENT,80.0,HIGH,1.4337899543378996,0.6917808219178082,0.08767123287671233,0.8116438356164384
28,34000.0,27800.0,4400.0,59000,6000.0,1800,3,1,3,LUMP_SUM,MEDIUM,EMERGENCY_FUND,54.0,LOW,0.14460784313725492,0.8176470588235294,0.052941176470588235,0.014705882352941176
27,128000.0,66400.0,29500.0,1424000,920000.0,32100,13,4,4,RARELY,MEDIUM,WEALTH_CREATION,83.0,HIGH,0.9270833333333334,0.51875,0.25078125,0.5989583333333334
34,35000.0,18400.0,11600.0,387000,16000.0,5000,24,1,3,MONTHLY,LOW,EMERGENCY_FUND,61.0,HIGH,0.9214285714285714,0.5257142857142857,0.14285714285714285,0.0380952380952381
27,32000.0,18600.0,0.0,241000,151000.0,16900,11,2,1,LUMP_SUM,LOW,TAX_SAVING,55.0,MEDIUM,0.6276041666666666,0.58125,0.528125,0.3932291666666667
47,152000.0,79700.0,38600.0,545000,185000.0,33700,4,2,2,MONTHLY,MEDIUM,WEALTH_CREATION,63.0,MEDIUM,0.2987938596491228,0.5243421052631579,0.22171052631578947,0.10142543859649122
49,37000.0,20900.0,7500.0,358000,21000.0,8600,9,2,1,QUARTERLY,HIGH,TAX_SAVING,54.0,MEDIUM,0.8063063063063063,0.5648648648648649,0.23243243243243245,0.0472972972972973
33,67000.0,47600.0,12500.0,405000,18000.0,6900,13,3,1,LUMP_SUM,LOW,TAX_SAVING,52.0,HIGH,0.503731343283582,0.7104477611940299,0.10298507462686567,0.022388059701492536
58,243000.0,138600.0,61800.0,5140000,3382000.0,42600,14,2,4,MONTHLY,MEDIUM,EMERGENCY_FUND,66.0,HIGH,1.7626886145404663,0.5703703703703704,0.17530864197530865,1.1598079561042525
22,74000.0,50600.0,3000.0,1770000,287000.0,20400,23,3,4,RARELY,HIGH,WEALTH_CREATION,58.0,HIGH,1.9932432432432432,0.6837837837837838,0.2756756756756757,0.32319819819819817
60,52000.0,43000.0,6500.0,1094000,293000.0,2500,5,3,5,RARELY,LOW,WEALTH_CREATION,74.0,HIGH,1.7532051282051282,0.8269230769230769,0.04807692307692308,0.46955128205128205
65,161000.0,104900.0,0.0,4377000,812000.0,63100,6,3,4,QUARTERLY,MEDIUM,SHORT_TERM_GOAL,78.0,HIGH,2.265527950310559,0.6515527950310559,0.3919254658385093,0.42028985507246375
57,91000.0,46200.0,37200.0,1802000,521000.0,7600,3,4,1,RARELY,MEDIUM,WEALTH_CREATION,62.0,HIGH,1.65018315018315,0.5076923076923077,0.08351648351648351,0.47710622710622713
24,90000.0,82800.0,0.0,785000,12000.0,23900,4,2,4,MONTHLY,LOW,WEALTH_CREATION,56.0,MEDIUM,0.7268518518518519,0.92,0.26555555555555554,0.011111111111111112
36,97000.0,85600.0,6900.0,2137000,561000.0,4500,3,3,4,LUMP_SUM,HIGH,WEALTH_CREATION,71.0,HIGH,1.8359106529209621,0.8824742268041237,0.04639175257731959,0.48195876288659795
52,80000.0,27700.0,15900.0,736000,102000.0,36400,17,2,4,QUARTERLY,MEDIUM,WEALTH_CREATION,71.0,HIGH,0.7666666666666667,0.34625,0.455,0.10625
57,60000.0,41600.0,17500.0,1224000,430000.0,900,4,5,2,LUMP_SUM,MEDIUM,TAX_SAVING,73.0,HIGH,1.7,0.6933333333333334,0.015,0.5972222222222222
24,27000.0,23800.0,0.0,344000,18000.0,9600,2,5,1,MONTHLY,LOW,WEALTH_CREATION,84.0,HIGH,1.0617283950617284,0.8814814814814815,0.35555555555555557,0.05555555555555555
54,64000.0,54000.0,8100.0,1095000,461000.0,1900,3,3,3,QUARTERLY,HIGH,RETIREMENT,80.0,HIGH,1.42578125,0.84375,0.0296875,0.6002604166666666
23,39000.0,19500.0,3200.0,165000,58000.0,16300,16,2,1,QUARTERLY,HIGH,RETIREMENT,48.0,LOW,0.3525641025641026,0.5,0.41794871794871796,0.12393162393162394
48,121000.0,67600.0,12400.0,843000,249000.0,41000,17,1,4,MONTHLY,HIGH,WEALTH_CREATION,58.0,HIGH,0.5805785123966942,0.5586776859504132,0.33884297520661155,0.17148760330578514
37,34000.0,20800.0,9000.0,606000,277000.0,4200,3,4,1,MONTHLY,MEDIUM,WEALTH_CREATION,76.0,HIGH,1.4852941176470589,0.611764705882353,0.12352941176470589,0.678921568627451
34,25000.0,16000.0,4600.0,255000,19000.0,4400,3,2,2,LUMP_SUM,MEDIUM,WEALTH_CREATION,45.0,MEDIUM,0.85,0.64,0.176,0.06333333333333334
41,112000.0,86600.0,21700.0,917000,347000.0,3700,18,5,5,MONTHLY,HIGH,WEALTH_CREATION,92.0,HIGH,0.6822916666666666,0.7732142857142857,0.033035714285714286,0.25818452380952384
56,106000.0,81400.0,14900.0,933000,314000.0,9700,1,1,4,MONTHLY,HIGH,EMERGENCY_FUND,65.0,LOW,0.7334905660377359,0.7679245283018868,0.09150943396226414,0.2468553459119497
46,53000.0,42800.0,1200.0,216000,18000.0,9000,12,1,2,RARELY,MEDIUM,EMERGENCY_FUND,42.0,LOW,0.33962264150943394,0.8075471698113208,0.16981132075471697,0.02830188679245283
21,57000.0,38100.0,12400.0,720000,131000.0,6500,5,2,2,LUMP_SUM,HIGH,RETIREMENT,52.0,HIGH,1.0526315789473684,0.6684210526315789,0.11403508771929824,0.1915204678362573
64,114000.0,53500.0,48300.0,635000,184000.0,12200,17,1,3,MONTHLY,MEDIUM,RETIREMENT,52.0,HIGH,0.4641812865497076,0.4692982456140351,0.10701754385964912,0.13450292397660818
62,62000.0,37000.0,5300.0,375000,8000.0,19700,2,2,1,MONTHLY,MEDIUM,EMERGENCY_FUND,54.0,LOW,0.5040322580645161,0.5967741935483871,0.317741935483871,0.010752688172043012
47,129000.0,85900.0,22200.0,2411000,704000.0,20900,12,2,1,MONTHLY,MEDIUM,SHORT_TERM_GOAL,44.0,HIGH,1.5574935400516796,0.665891472868217,0.162015503875969,0.45478036175710596
39,154000.0,74500.0,75900.0,1411000,25000.0,3600,6,3,2,MONTHLY,HIGH,TAX_SAVING,58.0,HIGH,0.7635281385281385,0.4837662337662338,0.023376623376623377,0.013528138528138528
35,91000.0,74700.0,0.0,3574000,833000.0,26300,3,3,3,RARELY,HIGH,RETIREMENT,58.0,HIGH,3.272893772893773,0.8208791208791208,0.289010989010989,0.7628205128205128
35,52000.0,21500.0,28800.0,335000,55000.0,1700,20,1,1,LUMP_SUM,MEDIUM,TAX_SAVING,58.0,HIGH,0.5368589743589743,0.41346153846153844,0.032692307692307694,0.08814102564102565
62,97000.0,52500.0,18500.0,1046000,139000.0,26000,2,1,4,LUMP_SUM,HIGH,TAX_SAVING,41.0,MEDIUM,0.8986254295532646,0.5412371134020618,0.26804123711340205,0.11941580756013746
42,47000.0,24400.0,15400.0,186000,19000.0,7200,16,2,3,MONTHLY,HIGH,EMERGENCY_FUND,58.0,MEDIUM,0.32978723404255317,0.5191489361702127,0.15319148936170213,0.03368794326241135
49,123000.0,102600.0,0.0,2918000,1061000.0,48600,7,1,1,RARELY,HIGH,WEALTH_CREATION,28.0,MEDIUM,1.9769647696476964,0.8341463414634146,0.3951219512195122,0.7188346883468835
33,42000.0,29500.0,5700.0,284000,41000.0,6800,8,2,3,MONTHLY,MEDIUM,WEALTH_CREATION,75.0,HIGH,0.5634920634920635,0.7023809523809523,0.1619047619047619,0.08134920634920635
43,46000.0,23700.0,13300.0,1489000,196000.0,9000,8,2,5,LUMP_SUM,HIGH,TAX_SAVING,69.0,HIGH,2.697463768115942,0.5152173913043478,0.1956521739130435,0.35507246376811596
33,40000.0,21400.0,5800.0,661000,186000.0,12800,20,3,5,MONTHLY,MEDIUM,TAX_SAVING,93.0,HIGH,1.3770833333333334,0.535,0.32,0.3875
37,162000.0,92500.0,41400.0,406000,290000.0,28100,10,1,2,RARELY,MEDIUM,TAX_SAVING,46.0,LOW,0.2088477366255144,0.5709876543209876,0.1734567901234568,0.14917695473251028
22,21000.0,16900.0,3900.0,485000,139000.0,200,12,3,3,MONTHLY,MEDIUM,RETIREMENT,69.0,HIGH,1.9246031746031746,0.8047619047619048,0.009523809523809525,0.5515873015873016
41,98000.0,67900.0,12200.0,1089000,129000.0,17900,3,1,2,MONTHLY,HIGH,RETIREMENT,44.0,LOW,0.9260204081632653,0.6928571428571428,0.1826530612244898,0.1096938775510204
35,47000.0,20700.0,17100.0,454000,152000.0,9200,15,2,5,LUMP_SUM,LOW,EMERGENCY_FUND,92.0,HIGH,0.8049645390070922,0.44042553191489364,0.19574468085106383,0.2695035460992908
63,86000.0,34500.0,43400.0,876000,85000.0,8100,8,4,2,MONTHLY,LOW,WEALTH_CREATION,83.0,HIGH,0.8488372093023255,0.4011627906976744,0.0941860465116279,0.08236434108527131
50,284000.0,241300.0,0.0,3084000,143000.0,76000,6,5,2,MONTHLY,MEDIUM,TAX_SAVING,81.0,MEDIUM,0.9049295774647887,0.8496478873239437,0.2676056338028169,0.04196009389671362
40,140000.0,97500.0,33000.0,3156000,292000.0,9500,3,1,5,MONTHLY,MEDIUM,RETIREMENT,72.0,HIGH,1.8785714285714286,0.6964285714285714,0.06785714285714285,0.1738095238095238
55,51000.0,22600.0,17300.0,485000,158000.0,11100,4,1,1,LUMP_SUM,MEDIUM,EMERGENCY_FUND,39.0,LOW,0.7924836601307189,0.44313725490196076,0.21764705882352942,0.2581699346405229
32,63000.0,33700.0,8200.0,623000,105000.0,21100,1,2,3,MONTHLY,HIGH,WEALTH_CREATION,69.0,HIGH,0.8240740740740741,0.5349206349206349,0.3349206349206349,0.1388888888888889
22,153000.0,98800.0,33400.0,850000,229000.0,20800,1,3,2,RARELY,MEDIUM,RETIREMENT,61.0,MEDIUM,0.46296296296296297,0.6457516339869281,0.13594771241830064,0.1247276688453159
39,31000.0,7200.0,9600.0,258000,67000.0,14200,1,2,3,QUARTERLY,HIGH,SHORT_TERM_GOAL,50.0,LOW,0.6935483870967742,0.23225806451612904,0.45806451612903226,0.18010752688172044
35,41000.0,24400.0,12100.0,134000,22000.0,4500,7,4,2,LUMP_SUM,HIGH,RETIREMENT,59.0,MEDIUM,0.27235772357723576,0.5951219512195122,0.10975609756097561,0.044715447154471545
44,52000.0,23200.0,26900.0,552000,118000.0,1900,23,3,2,MONTHLY,HIGH,RETIREMENT,58.0,HIGH,0.8846153846153846,0.4461538461538462,0.03653846153846154,0.1891025641025641
54,67000.0,52900.0,5900.0,1014000,584000.0,8200,5,2,1,RARELY,LOW,SHORT_TERM_GOAL,61.0,HIGH,1.2611940298507462,0.7895522388059701,0.12238805970149254,0.7263681592039801
46,95000.0,53900.0,31300.0,1385000,256000.0,9800,12,1,4,RARELY,HIGH,EMERGENCY_FUND,40.0,MEDIUM,1.2149122807017543,0.5673684210526316,0.1031578947368421,0.22456140350877193
32,26000.0,10300.0,13400.0,222000,125000.0,2300,4,1,2,LUMP_SUM,LOW,TAX_SAVING,60.0,HIGH,0.7115384615384616,0.39615384615384613,0.08846153846153847,0.40064102564102566
29,80000.0,65400.0,13200.0,634000,59000.0,1400,2,1,4,RARELY,HIGH,SHORT_TERM_GOAL,64.0,LOW,0.6604166666666667,0.8175,0.0175,0.06145833333333333
58,35000.0,18200.0,14700.0,66000,31000.0,2100,22,4,3,MONTHLY,LOW,TAX_SAVING,93.0,HIGH,0.15714285714285714,0.52,0.06,0.07380952380952381
28,30000.0,15200.0,12100.0,369000,249000.0,2700,14,4,1,LUMP_SUM,MEDIUM,TAX_SAVING,57.0,HIGH,1.025,0.5066666666666667,0.09,0.6916666666666667
45,63000.0,51700.0,0.0,529000,122000.0,12900,16,4,3,RARELY,MEDIUM,WEALTH_CREATION,87.0,HIGH,0.6997354497354498,0.8206349206349206,0.20476190476190476,0.16137566137566137
54,36000.0,20400.0,3700.0,620000,90000.0,11900,14,2,3,RARELY,MEDIUM,TAX_SAVING,69.0,HIGH,1.4351851851851851,0.5666666666666667,0.33055555555555555,0.20833333333333334
22,55000.0,42100.0,0.0,394000,13000.0,16200,8,2,4,RARELY,MEDIUM,RETIREMENT,74.0,MEDIUM,0.5969696969696969,0.7654545454545455,0.29454545454545455,0.019696969696969695
52,23000.0,17400.0,0.0,613000,254000.0,6000,8,4,4,MONTHLY,MEDIUM,SHORT_TERM_GOAL,83.0,HIGH,2.221014492753623,0.7565217391304347,0.2608695652173913,0.9202898550724637
40,25000.0,19500.0,0.0,265000,117000.0,6600,19,3,2,MONTHLY,LOW,WEALTH_CREATION,77.0,HIGH,0.8833333333333333,0.78,0.264,0.39
22,104000.0,73800.0,19500.0,1217000,106000.0,10700,1,2,5,RARELY,HIGH,WEALTH_CREATION,62.0,HIGH,0.9751602564102564,0.7096153846153846,0.10288461538461538,0.08493589743589744
52,88000.0,45500.0,0.0,1657000,624000.0,43200,2,2,2,RARELY,MEDIUM,SHORT_TERM_GOAL,50.0,MEDIUM,1.5691287878787878,0.5170454545454546,0.4909090909090909,0.5909090909090909
34,33000.0,23800.0,0.0,596000,336000.0,9300,12,2,3,MONTHLY,HIGH,WEALTH_CREATION,57.0,HIGH,1.505050505050505,0.7212121212121212,0.2818181818181818,0.8484848484848485
34,41000.0,19900.0,4700.0,1026000,289000.0,16400,9,2,3,RARELY,LOW,RETIREMENT,51.0,HIGH,2.0853658536585367,0.4853658536585366,0.4,0.5873983739837398
49,136000.0,60200.0,55300.0,683000,123000.0,20500,11,3,2,MONTHLY,MEDIUM,RETIREMENT,61.0,HIGH,0.4185049019607843,0.4426470588235294,0.15073529411764705,0.07536764705882353
29,43000.0,31000.0,6000.0,969000,161000.0,6000,20,3,2,LUMP_SUM,MEDIUM,WEALTH_CREATION,60.0,HIGH,1.877906976744186,0.7209302325581395,0.13953488372093023,0.312015503875969
25,108000.0,66700.0,2400.0,1951000,677000.0,38900,20,2,4,MONTHLY,HIGH,WEALTH_CREATION,66.0,HIGH,1.5054012345679013,0.6175925925925926,0.36018518518518516,0.5223765432098766
62,103000.0,69200.0,5900.0,3196000,213000.0,27900,10,1,4,RARELY,MEDIUM,EMERGENCY_FUND,55.0,HIGH,2.585760517799353,0.6718446601941748,0.270873786407767,0.17233009708737865
31,92000.0,38600.0,46000.0,447000,150000.0,7400,14,1,2,QUARTERLY,HIGH,WEALTH_CREATION,31.0,HIGH,0.4048913043478261,0.41956521739130437,0.08043478260869565,0.1358695652173913
28,58000.0,35500.0,13200.0,1253000,145000.0,9300,7,1,3,MONTHLY,HIGH,WEALTH_CREATION,36.0,HIGH,1.8002873563218391,0.6120689655172413,0.16034482758620688,0.20833333333333334
47,36000.0,27500.0,200.0,334000,43000.0,8300,8,1,2,QUARTERLY,MEDIUM,TAX_SAVING,51.0,LOW,0.7731481481481481,0.7638888888888888,0.23055555555555557,0.09953703703703703
25,39000.0,20200.0,15900.0,460000,200000.0,2900,8,2,3,QUARTERLY,MEDIUM,RETIREMENT,61.0,HIGH,0.9829059829059829,0.517948717948718,0.07435897435897436,0.42735042735042733
61,37000.0,16000.0,11200.0,304000,47000.0,9800,2,2,3,QUARTERLY,MEDIUM,WEALTH_CREATION,66.0,MEDIUM,0.6846846846846847,0.43243243243243246,0.2648648648648649,0.10585585585585586
53,59000.0,50100.0,6100.0,761000,183000.0,2800,11,1,4,QUARTERLY,LOW,EMERGENCY_FUND,67.0,HIGH,1.0748587570621468,0.8491525423728814,0.04745762711864407,0.2584745762711864
52,110000.0,92700.0,0.0,1796000,84000.0,49900,17,2,5,MONTHLY,HIGH,RETIREMENT,89.0,HIGH,1.3606060606060606,0.8427272727272728,0.4536363636363636,0.06363636363636363
47,85000.0,44600.0,20900.0,2472000,843000.0,19500,8,1,3,MONTHLY,HIGH,EMERGENCY_FUND,53.0,HIGH,2.4235294117647057,0.5247058823529411,0.22941176470588234,0.8264705882352941
31,94000.0,86400.0,0.0,541000,346000.0,8300,1,3,3,MONTHLY,LOW,SHORT_TERM_GOAL,74.0,MEDIUM,0.4796099290780142,0.9191489361702128,0.08829787234042553,0.3067375886524823
61,22000.0,16100.0,3800.0,379000,72000.0,2100,11,2,4,RARELY,MEDIUM,WEALTH_CREATION,56.0,HIGH,1.4356060606060606,0.7318181818181818,0.09545454545454546,0.2727272727272727
57,50000.0,22100.0,21800.0,582000,54000.0,6100,8,4,2,QUARTERLY,MEDIUM,RETIREMENT,66.0,HIGH,0.97,0.442,0.122,0.09
34,67000.0,46400.0,4300.0,2113000,887000.0,16300,13,5,4,MONTHLY,MEDIUM,RETIREMENT,100.0,HIGH,2.6281094527363185,0.6925373134328359,0.24328358208955222,1.1032338308457712
31,104000.0,34400.0,59400.0,819000,189000.0,10200,3,3,2,MONTHLY,HIGH,WEALTH_CREATION,67.0,HIGH,0.65625,0.33076923076923076,0.09807692307692308,0.15144230769230768
26,118000.0,72000.0,30200.0,340000,153000.0,15800,9,3,2,MONTHLY,LOW,TAX_SAVING,85.0,HIGH,0.2401129943502825,0.6101694915254238,0.13389830508474576,0.10805084745762712
62,72000.0,22900.0,30900.0,419000,170000.0,18200,3,1,4,MONTHLY,MEDIUM,EMERGENCY_FUND,55.0,MEDIUM,0.4849537037037037,0.31805555555555554,0.25277777777777777,0.19675925925925927
47,36000.0,20700.0,14000.0,227000,39000.0,1300,6,2,3,MONTHLY,LOW,RETIREMENT,72.0,HIGH,0.5254629629629629,0.575,0.03611111111111111,0.09027777777777778
44,60000.0,44100.0,10600.0,514000,11000.0,5300,7,3,3,MONTHLY,LOW,WEALTH_CREATION,81.0,HIGH,0.7138888888888889,0.735,0.08833333333333333,0.015277777777777777
47,63000.0,38500.0,10700.0,712000,256000.0,13800,10,5,1,QUARTERLY,HIGH,WEALTH_CREATION,70.0,HIGH,0.9417989417989417,0.6111111111111112,0.21904761904761905,0.3386243386243386
48,168000.0,52100.0,89900.0,708000,120000.0,26000,1,3,2,MONTHLY,MEDIUM,RETIREMENT,63.0,HIGH,0.35119047619047616,0.3101190476190476,0.15476190476190477,0.05952380952380952
61,158000.0,98700.0,34900.0,3384000,246000.0,24400,9,1,4,MONTHLY,HIGH,RETIREMENT,63.0,HIGH,1.7848101265822784,0.6246835443037975,0.15443037974683543,0.12974683544303797
49,25000.0,15700.0,4700.0,457000,81000.0,4600,10,3,2,MONTHLY,MEDIUM,RETIREMENT,71.0,HIGH,1.5233333333333334,0.628,0.184,0.27
53,95000.0,68600.0,13100.0,214000,8000.0,13300,13,4,2,QUARTERLY,MEDIUM,RETIREMENT,79.0,HIGH,0.18771929824561404,0.7221052631578947,0.14,0.007017543859649123
57,72000.0,61500.0,0.0,1999000,1380000.0,12700,1,3,3,LUMP_SUM,LOW,TAX_SAVING,71.0,HIGH,2.3136574074074074,0.8541666666666666,0.1763888888888889,1.5972222222222223
48,56000.0,28500.0,16900.0,1710000,701000.0,10600,4,5,3,RARELY,MEDIUM,WEALTH_CREATION,74.0,HIGH,2.544642857142857,0.5089285714285714,0.18928571428571428,1.0431547619047619
34,240000.0,132000.0,98200.0,709000,166000.0,9800,1,1,4,MONTHLY,MEDIUM,WEALTH_CREATION,61.0,HIGH,0.24618055555555557,0.55,0.04083333333333333,0.05763888888888889
33,61000.0,28500.0,6200.0,497000,43000.0,26300,7,1,1,LUMP_SUM,HIGH,WEALTH_CREATION,35.0,LOW,0.6789617486338798,0.4672131147540984,0.4311475409836066,0.05874316939890711
45,60000.0,33200.0,13600.0,242000,109000.0,13200,1,2,5,MONTHLY,LOW,EMERGENCY_FUND,91.0,MEDIUM,0.33611111111111114,0.5533333333333333,0.22,0.15138888888888888
64,143000.0,91400.0,39100.0,1088000,500000.0,12500,11,3,1,MONTHLY,HIGH,WEALTH_CREATION,59.0,HIGH,0.634032634032634,0.6391608391608392,0.08741258741258741,0.2913752913752914
61,76000.0,63200.0,0.0,571000,60000.0,15800,9,5,2,MONTHLY,LOW,SHORT_TERM_GOAL,99.0,HIGH,0.6260964912280702,0.8315789473684211,0.20789473684210527,0.06578947368421052
54,130000.0,96400.0,19400.0,367000,84000.0,14200,14,2,4,LUMP_SUM,LOW,RETIREMENT,81.0,HIGH,0.23525641025641025,0.7415384615384616,0.10923076923076923,0.05384615384615385
34,104000.0,71800.0,25400.0,448000,48000.0,6800,8,2,1,RARELY,MEDIUM,EMERGENCY_FUND,43.0,LOW,0.358974358974359,0.6903846153846154,0.06538461538461539,0.038461538461538464
63,61000.0,35400.0,17900.0,595000,10000.0,7700,11,1,4,LUMP_SUM,MEDIUM,RETIREMENT,61.0,HIGH,0.8128415300546448,0.580327868852459,0.12622950819672132,0.01366120218579235
62,53000.0,34900.0,1100.0,1156000,119000.0,17000,3,3,1,MONTHLY,MEDIUM,EMERGENCY_FUND,68.0,HIGH,1.8176100628930818,0.6584905660377358,0.32075471698113206,0.1871069182389937
61,110000.0,85800.0,16900.0,2259000,271000.0,7300,10,3,1,RARELY,HIGH,RETIREMENT,43.0,HIGH,1.7113636363636364,0.78,0.06636363636363636,0.2053030303030303
56,62000.0,28600.0,17200.0,424000,132000.0,16200,3,1,1,MONTHLY,HIGH,TAX_SAVING,42.0,MEDIUM,0.5698924731182796,0.4612903225806452,0.26129032258064516,0.1774193548387097
46,102000.0,69100.0,15700.0,397000,149000.0,17200,18,1,4,LUMP_SUM,MEDIUM,SHORT_TERM_GOAL,75.0,LOW,0.3243464052287582,0.6774509803921569,0.16862745098039217,0.12173202614379085
43,107000.0,84400.0,3400.0,564000,194000.0,19200,7,1,3,LUMP_SUM,LOW,EMERGENCY_FUND,53.0,MEDIUM,0.4392523364485981,0.788785046728972,0.17943925233644858,0.15109034267912771
25,33000.0,16000.0,8600.0,978000,130000.0,8400,8,1,4,MONTHLY,HIGH,WEALTH_CREATION,34.0,HIGH,2.4696969696969697,0.48484848484848486,0.2545454545454545,0.3282828282828283
56,52000.0,41600.0,4800.0,256000,19000.0,5600,1,1,1,MONTHLY,LOW,WEALTH_CREATION,40.0,MEDIUM,0.41025641025641024,0.8,0.1076923076923077,0.030448717948717948
22,57000.0,38200.0,4200.0,55000,13000.0,14600,8,1,3,MONTHLY,MEDIUM,SHORT_TERM_GOAL,55.0,LOW,0.0804093567251462,0.6701754385964912,0.256140350877193,0.019005847953216373
52,60000.0,33800.0,6500.0,554000,88000.0,19700,4,2,2,QUARTERLY,MEDIUM,SHORT_TERM_GOAL,59.0,MEDIUM,0.7694444444444445,0.5633333333333334,0.3283333333333333,0.12222222222222222
46,77000.0,50300.0,18000.0,372000,37000.0,8700,8,2,4,LUMP_SUM,MEDIUM,WEALTH_CREATION,63.0,HIGH,0.4025974025974026,0.6532467532467533,0.11298701298701298,0.04004329004329004
55,66000.0,25100.0,15500.0,159000,26000.0,25400,12,3,4,MONTHLY,MEDIUM,RETIREMENT,73.0,HIGH,0.20075757575757575,0.3803030303030303,0.38484848484848483,0.03282828282828283
23,153000.0,128400.0,0.0,3000000,1584000.0,47300,2,3,2,QUARTERLY,LOW,RETIREMENT,74.0,HIGH,1.6339869281045751,0.8392156862745098,0.30915032679738563,0.8627450980392157
45,25000.0,17000.0,3000.0,653000,138000.0,5000,7,4,5,MONTHLY,MEDIUM,WEALTH_CREATION,88.0,HIGH,2.1766666666666667,0.68,0.2,0.46
65,72000.0,38500.0,31200.0,563000,119000.0,2300,8,3,2,LUMP_SUM,MEDIUM,TAX_SAVING,60.0,HIGH,0.6516203703703703,0.5347222222222222,0.03194444444444444,0.13773148148148148
22,34000.0,22300.0,3100.0,407000,11000.0,8600,6,3,2,QUARTERLY,MEDIUM,RETIREMENT,81.0,HIGH,0.9975490196078431,0.6558823529411765,0.2529411764705882,0.02696078431372549
55,49000.0,25900.0,5600.0,293000,35000.0,17500,7,3,2,QUARTERLY,HIGH,WEALTH_CREATION,52.0,LOW,0.49829931972789115,0.5285714285714286,0.35714285714285715,0.05952380952380952
60,53000.0,19300.0,30800.0,167000,55000.0,2900,12,2,3,QUARTERLY,LOW,TAX_SAVING,77.0,HIGH,0.26257861635220126,0.3641509433962264,0.05471698113207547,0.08647798742138364
43,37000.0,34000.0,0.0,649000,72000.0,13700,20,1,2,LUMP_SUM,HIGH,WEALTH_CREATION,31.0,MEDIUM,1.4617117117117118,0.918918918918919,0.37027027027027026,0.16216216216216217
35,58000.0,43300.0,0.0,1450000,773000.0,17400,3,4,1,MONTHLY,HIGH,SHORT_TERM_GOAL,56.0,HIGH,2.0833333333333335,0.746551724137931,0.3,1.110632183908046
32,90000.0,35200.0,43500.0,180000,6000.0,11300,5,4,5,MONTHLY,HIGH,EMERGENCY_FUND,74.0,MEDIUM,0.16666666666666666,0.39111111111111113,0.12555555555555556,0.005555555555555556
55,123000.0,93000.0,24000.0,342000,184000.0,6000,14,3,1,RARELY,LOW,TAX_SAVING,61.0,HIGH,0.23170731707317074,0.7560975609756098,0.04878048780487805,0.12466124661246612
29,60000.0,24100.0,24300.0,208000,97000.0,11600,1,2,3,QUARTERLY,HIGH,EMERGENCY_FUND,61.0,LOW,0.28888888888888886,0.40166666666666667,0.19333333333333333,0.13472222222222222
64,55000.0,19500.0,24300.0,454000,96000.0,11200,9,1,1,MONTHLY,LOW,EMERGENCY_FUND,57.0,MEDIUM,0.6878787878787879,0.35454545454545455,0.20363636363636364,0.14545454545454545
52,191000.0,93400.0,61500.0,2249000,285000.0,36100,1,3,2,MONTHLY,HIGH,RETIREMENT,71.0,HIGH,0.981239092495637,0.48900523560209425,0.18900523560209423,0.1243455497382199
35,36000.0,20200.0,9000.0,472000,135000.0,6800,14,3,2,LUMP_SUM,LOW,EMERGENCY_FUND,72.0,HIGH,1.0925925925925926,0.5611111111111111,0.18888888888888888,0.3125
36,99000.0,64800.0,19900.0,2594000,483000.0,14300,12,1,1,MONTHLY,HIGH,TAX_SAVING,30.0,HIGH,2.1835016835016834,0.6545454545454545,0.14444444444444443,0.4065656565656566
53,79000.0,52200.0,22700.0,1592000,647000.0,4100,6,3,2,MONTHLY,MEDIUM,TAX_SAVING,74.0,HIGH,1.6793248945147679,0.660759493670886,0.05189873417721519,0.6824894514767933
38,24000.0,17100.0,1600.0,381000,143000.0,5300,5,2,3,MONTHLY,HIGH,SHORT_TERM_GOAL,53.0,MEDIUM,1.3229166666666667,0.7125,0.22083333333333333,0.4965277777777778
51,83000.0,55500.0,23200.0,847000,119000.0,4300,2,3,3,QUARTERLY,HIGH,SHORT_TERM_GOAL,65.0,MEDIUM,0.8504016064257028,0.6686746987951807,0.051807228915662654,0.11947791164658635
27,31000.0,17200.0,3000.0,539000,51000.0,10800,19,1,2,MONTHLY,HIGH,TAX_SAVING,42.0,HIGH,1.4489247311827957,0.5548387096774193,0.34838709677419355,0.13709677419354838
35,144000.0,91400.0,34300.0,1894000,220000.0,18300,8,1,3,MONTHLY,LOW,TAX_SAVING,70.0,HIGH,1.0960648148148149,0.6347222222222222,0.12708333333333333,0.12731481481481483
55,162000.0,85900.0,58500.0,1402000,341000.0,17600,16,2,2,RARELY,LOW,RETIREMENT,55.0,HIGH,0.7211934156378601,0.5302469135802469,0.10864197530864197,0.17541152263374485
48,32000.0,19800.0,5500.0,492000,47000.0,6700,16,2,2,MONTHLY,MEDIUM,EMERGENCY_FUND,70.0,HIGH,1.28125,0.61875,0.209375,0.12239583333333333
37,35000.0,26900.0,4100.0,357000,185000.0,4000,1,4,5,RARELY,MEDIUM,RETIREMENT,87.0,HIGH,0.85,0.7685714285714286,0.11428571428571428,0.44047619047619047
49,58000.0,53300.0,0.0,1621000,112000.0,16800,13,3,2,MONTHLY,HIGH,EMERGENCY_FUND,48.0,HIGH,2.329022988505747,0.9189655172413793,0.2896551724137931,0.16091954022988506
48,32000.0,16300.0,0.0,280000,43000.0,17600,13,3,2,MONTHLY,HIGH,WEALTH_CREATION,57.0,MEDIUM,0.7291666666666666,0.509375,0.55,0.11197916666666667
40,103000.0,45100.0,49600.0,329000,74000.0,8300,13,4,3,MONTHLY,HIGH,RETIREMENT,64.0,HIGH,0.26618122977346276,0.43786407766990293,0.08058252427184466,0.059870550161812294
43,22000.0,17400.0,300.0,455000,137000.0,4300,2,1,1,MONTHLY,LOW,SHORT_TERM_GOAL,55.0,HIGH,1.7234848484848484,0.7909090909090909,0.19545454545454546,0.5189393939393939
41,66000.0,49700.0,0.0,652000,162000.0,23400,11,1,4,LUMP_SUM,MEDIUM,WEALTH_CREATION,63.0,MEDIUM,0.8232323232323232,0.753030303030303,0.35454545454545455,0.20454545454545456
36,106000.0,73400.0,14100.0,1229000,326000.0,18500,3,1,4,MONTHLY,HIGH,WEALTH_CREATION,42.0,HIGH,0.9661949685534591,0.6924528301886792,0.17452830188679244,0.2562893081761006
50,42000.0,16800.0,19900.0,247000,47000.0,5300,7,1,4,MONTHLY,LOW,WEALTH_CREATION,81.0,HIGH,0.49007936507936506,0.4,0.1261904761904762,0.09325396825396826
22,145000.0,115200.0,14100.0,953000,412000.0,15700,12,4,3,LUMP_SUM,LOW,WEALTH_CREATION,67.0,HIGH,0.5477011494252874,0.7944827586206896,0.10827586206896551,0.2367816091954023
41,229000.0,134200.0,66500.0,5465000,361000.0,28300,1,1,2,MONTHLY,MEDIUM,WEALTH_CREATION,32.0,HIGH,1.9887190684133915,0.5860262008733624,0.12358078602620087,0.13136826783114994
49,70000.0,55600.0,0.0,301000,229000.0,19200,3,4,4,MONTHLY,HIGH,EMERGENCY_FUND,80.0,LOW,0.35833333333333334,0.7942857142857143,0.2742857142857143,0.2726190476190476
50,29000.0,13800.0,5100.0,346000,157000.0,10100,13,1,4,QUARTERLY,HIGH,WEALTH_CREATION,60.0,HIGH,0.9942528735632183,0.47586206896551725,0.3482758620689655,0.4511494252873563
59,77000.0,70800.0,0.0,1916000,223000.0,27200,8,1,2,MONTHLY,HIGH,SHORT_TERM_GOAL,59.0,MEDIUM,2.0735930735930737,0.9194805194805195,0.35324675324675325,0.24134199134199133
36,172000.0,78800.0,49200.0,2312000,1091000.0,44000,10,2,3,MONTHLY,MEDIUM,RETIREMENT,78.0,HIGH,1.12015503875969,0.45813953488372094,0.2558139534883721,0.5285852713178295
33,170000.0,114000.0,16800.0,2412000,345000.0,39200,5,3,5,RARELY,HIGH,SHORT_TERM_GOAL,71.0,MEDIUM,1.1823529411764706,0.6705882352941176,0.23058823529411765,0.16911764705882354
23,47000.0,34900.0,9700.0,432000,113000.0,2400,10,1,4,RARELY,MEDIUM,TAX_SAVING,56.0,HIGH,0.7659574468085106,0.7425531914893617,0.05106382978723404,0.20035460992907803
22,44000.0,30200.0,5800.0,189000,9000.0,8000,9,4,1,QUARTERLY,LOW,WEALTH_CREATION,81.0,HIGH,0.35795454545454547,0.6863636363636364,0.18181818181818182,0.017045454545454544
41,20000.0,11500.0,4600.0,336000,132000.0,3900,2,2,4,RARELY,HIGH,RETIREMENT,44.0,MEDIUM,1.4,0.575,0.195,0.55
59,37000.0,28200.0,500.0,337000,67000.0,8300,5,2,5,QUARTERLY,HIGH,EMERGENCY_FUND,65.0,LOW,0.759009009009009,0.7621621621621621,0.22432432432432434,0.15090090090090091
58,37000.0,17100.0,5200.0,489000,127000.0,14700,23,3,4,LUMP_SUM,LOW,WEALTH_CREATION,75.0,HIGH,1.1013513513513513,0.46216216216216216,0.3972972972972973,0.28603603603603606
32,24000.0,17300.0,0.0,212000,2000.0,10100,7,2,2,MONTHLY,MEDIUM,TAX_SAVING,65.0,LOW,0.7361111111111112,0.7208333333333333,0.42083333333333334,0.006944444444444444
35,41000.0,21600.0,18400.0,650000,366000.0,1000,6,1,2,RARELY,MEDIUM,WEALTH_CREATION,42.0,HIGH,1.3211382113821137,0.526829268292683,0.024390243902439025,0.7439024390243902
27,275000.0,142000.0,87700.0,2303000,467000.0,45300,6,1,4,MONTHLY,MEDIUM,SHORT_TERM_GOAL,66.0,HIGH,0.6978787878787879,0.5163636363636364,0.16472727272727272,0.1415151515151515
58,103000.0,82600.0,0.0,1942000,178000.0,24400,7,1,3,MONTHLY,MEDIUM,RETIREMENT,56.0,HIGH,1.5711974110032363,0.8019417475728156,0.23689320388349513,0.14401294498381878
26,97000.0,59000.0,3100.0,1296000,317000.0,34900,9,1,5,LUMP_SUM,LOW,SHORT_TERM_GOAL,68.0,HIGH,1.1134020618556701,0.6082474226804123,0.3597938144329897,0.27233676975945015
60,86000.0,19100.0,55800.0,193000,70000.0,11100,3,1,2,LUMP_SUM,LOW,WEALTH_CREATION,61.0,HIGH,0.187015503875969,0.22209302325581395,0.12906976744186047,0.06782945736434108
48,47000.0,31700.0,7300.0,184000,23000.0,8000,4,2,5,RARELY,LOW,WEALTH_CREATION,90.0,HIGH,0.3262411347517731,0.674468085106383,0.1702127659574468,0.040780141843971635
59,96000.0,71600.0,0.0,3526000,206000.0,44100,12,4,1,MONTHLY,MEDIUM,WEALTH_CREATION,81.0,HIGH,3.060763888888889,0.7458333333333333,0.459375,0.17881944444444445
34,36000.0,18400.0,9500.0,263000,13000.0,8100,9,1,3,QUARTERLY,HIGH,WEALTH_CREATION,49.0,MEDIUM,0.6087962962962963,0.5111111111111111,0.225,0.03009259259259259
53,56000.0,35600.0,6600.0,1456000,370000.0,13800,10,4,1,QUARTERLY,LOW,WEALTH_CREATION,76.0,HIGH,2.1666666666666665,0.6357142857142857,0.24642857142857144,0.5505952380952381
27,150000.0,86800.0,10700.0,430000,181000.0,52500,10,2,2,MONTHLY,LOW,WEALTH_CREATION,75.0,HIGH,0.2388888888888889,0.5786666666666667,0.35,0.10055555555555555
49,63000.0,31400.0,14000.0,423000,96000.0,17600,17,5,4,LUMP_SUM,MEDIUM,WEALTH_CREATION,88.0,HIGH,0.5595238095238095,0.4984126984126984,0.27936507936507937,0.12698412698412698
63,39000.0,32400.0,0.0,736000,26000.0,15200,7,5,3,RARELY,HIGH,WEALTH_CREATION,64.0,HIGH,1.5726495726495726,0.8307692307692308,0.38974358974358975,0.05555555555555555
26,195000.0,173400.0,16600.0,3082000,123000.0,5000,21,3,2,LUMP_SUM,MEDIUM,RETIREMENT,72.0,HIGH,1.317094017094017,0.8892307692307693,0.02564102564102564,0.052564102564102565
45,68000.0,47200.0,12300.0,916000,275000.0,8500,14,2,3,RARELY,LOW,RETIREMENT,60.0,HIGH,1.1225490196078431,0.6941176470588235,0.125,0.33700980392156865
32,23000.0,12900.0,9800.0,66000,17000.0,300,6,1,2,LUMP_SUM,LOW,EMERGENCY_FUND,56.0,MEDIUM,0.2391304347826087,0.5608695652173913,0.013043478260869565,0.06159420289855073
27,23000.0,12200.0,3500.0,633000,14000.0,7300,6,1,4,QUARTERLY,MEDIUM,TAX_SAVING,59.0,HIGH,2.2934782608695654,0.5304347826086957,0.3173913043478261,0.050724637681159424
63,81000.0,66700.0,8200.0,974000,572000.0,6100,7,1,4,RARELY,LOW,WEALTH_CREATION,65.0,HIGH,1.0020576131687242,0.8234567901234567,0.07530864197530865,0.588477366255144
56,46000.0,37600.0,3100.0,1081000,520000.0,5300,1,3,2,MONTHLY,HIGH,RETIREMENT,57.0,HIGH,1.9583333333333333,0.8173913043478261,0.11521739130434783,0.9420289855072463
22,75000.0,43800.0,28800.0,399000,132000.0,2400,8,5,2,LUMP_SUM,LOW,SHORT_TERM_GOAL,89.0,HIGH,0.44333333333333336,0.584,0.032,0.14666666666666667
39,193000.0,91100.0,89500.0,3791000,442000.0,12400,13,4,3,MONTHLY,HIGH,RETIREMENT,53.0,HIGH,1.636873920552677,0.472020725388601,0.06424870466321243,0.19084628670120898
36,33000.0,14400.0,5200.0,359000,48000.0,13400,11,3,2,MONTHLY,LOW,WEALTH_CREATION,85.0,HIGH,0.9065656565656566,0.43636363636363634,0.40606060606060607,0.12121212121212122
45,21000.0,8300.0,9000.0,252000,50000.0,3700,12,1,2,MONTHLY,LOW,WEALTH_CREATION,49.0,HIGH,1.0,0.3952380952380952,0.1761904761904762,0.1984126984126984
28,42000.0,22600.0,0.0,583000,285000.0,23100,1,3,3,LUMP_SUM,LOW,SHORT_TERM_GOAL,61.0,MEDIUM,1.1567460317460319,0.5380952380952381,0.55,0.5654761904761905
54,52000.0,31500.0,3000.0,412000,134000.0,17500,1,1,1,QUARTERLY,MEDIUM,RETIREMENT,58.0,LOW,0.6602564102564102,0.6057692307692307,0.33653846153846156,0.21474358974358973
52,120000.0,103100.0,0.0,4662000,910000.0,18400,1,2,1,RARELY,HIGH,RETIREMENT,28.0,HIGH,3.2375,0.8591666666666666,0.15333333333333332,0.6319444444444444
59,24000.0,9900.0,11200.0,55000,29000.0,2900,3,3,2,MONTHLY,MEDIUM,WEALTH_CREATION,79.0,HIGH,0.1909722222222222,0.4125,0.12083333333333333,0.10069444444444445
34,38000.0,27300.0,8600.0,308000,8000.0,2100,4,3,4,MONTHLY,HIGH,RETIREMENT,74.0,HIGH,0.6754385964912281,0.718421052631579,0.05526315789473684,0.017543859649122806
34,29000.0,7400.0,14700.0,189000,56000.0,6900,3,1,2,MONTHLY,LOW,WEALTH_CREATION,66.0,HIGH,0.5431034482758621,0.25517241379310346,0.23793103448275862,0.16091954022988506
61,26000.0,18900.0,1700.0,227000,23000.0,5400,6,4,2,MONTHLY,HIGH,SHORT_TERM_GOAL,74.0,MEDIUM,0.7275641025641025,0.7269230769230769,0.2076923076923077,0.07371794871794872
23,55000.0,28600.0,16300.0,1352000,94000.0,10100,22,3,3,MONTHLY,MEDIUM,WEALTH_CREATION,73.0,HIGH,2.0484848484848484,0.52,0.18363636363636363,0.14242424242424243
39,155000.0,92300.0,33000.0,704000,256000.0,29700,19,5,3,RARELY,HIGH,WEALTH_CREATION,61.0,HIGH,0.37849462365591396,0.5954838709677419,0.19161290322580646,0.13763440860215054
43,88000.0,75200.0,0.0,1450000,425000.0,28200,18,2,4,QUARTERLY,HIGH,RETIREMENT,68.0,HIGH,1.3731060606060606,0.8545454545454545,0.32045454545454544,0.4024621212121212
59,74000.0,55700.0,0.0,523000,238000.0,26700,19,2,1,RARELY,HIGH,EMERGENCY_FUND,14.0,LOW,0.588963963963964,0.7527027027027027,0.3608108108108108,0.268018018018018
36,28000.0,20800.0,4800.0,637000,328000.0,2400,7,1,5,RARELY,HIGH,SHORT_TERM_GOAL,76.0,HIGH,1.8958333333333333,0.7428571428571429,0.08571428571428572,0.9761904761904762
36,52000.0,30300.0,16100.0,183000,106000.0,5600,19,2,1,LUMP_SUM,LOW,TAX_SAVING,52.0,HIGH,0.2932692307692308,0.5826923076923077,0.1076923076923077,0.16987179487179488
21,35000.0,21500.0,900.0,1043000,261000.0,12600,6,4,1,MONTHLY,LOW,WEALTH_CREATION,84.0,HIGH,2.4833333333333334,0.6142857142857143,0.36,0.6214285714285714
27,49000.0,21100.0,24800.0,180000,36000.0,3100,9,2,5,MONTHLY,MEDIUM,SHORT_TERM_GOAL,68.0,HIGH,0.30612244897959184,0.4306122448979592,0.06326530612244897,0.061224489795918366
33,41000.0,31900.0,0.0,1149000,145000.0,19600,21,2,5,MONTHLY,HIGH,RETIREMENT,74.0,HIGH,2.3353658536585367,0.7780487804878049,0.47804878048780486,0.29471544715447157
41,88000.0,56200.0,26800.0,645000,28000.0,5000,3,2,2,MONTHLY,LOW,WEALTH_CREATION,78.0,HIGH,0.6107954545454546,0.6386363636363637,0.056818181818181816,0.026515151515151516
40,44000.0,25100.0,16100.0,328000,119000.0,2800,1,2,2,RARELY,MEDIUM,SHORT_TERM_GOAL,58.0,MEDIUM,0.6212121212121212,0.5704545454545454,0.06363636363636363,0.22537878787878787
52,79000.0,54700.0,17100.0,596000,158000.0,7200,8,4,1,LUMP_SUM,HIGH,TAX_SAVING,53.0,HIGH,0.6286919831223629,0.6924050632911393,0.09113924050632911,0.16666666666666666
21,46000.0,42300.0,0.0,1713000,843000.0,4600,16,1,2,MONTHLY,MEDIUM,TAX_SAVING,41.0,HIGH,3.1032608695652173,0.9195652173913044,0.1,1.5271739130434783
57,61000.0,47800.0,6600.0,1416000,1056000.0,6600,7,1,1,MONTHLY,MEDIUM,SHORT_TERM_GOAL,60.0,HIGH,1.9344262295081966,0.7836065573770492,0.10819672131147541,1.4426229508196722
40,49000.0,40100.0,0.0,777000,21000.0,9200,16,2,4,LUMP_SUM,MEDIUM,RETIREMENT,93.0,HIGH,1.3214285714285714,0.8183673469387756,0.18775510204081633,0.03571428571428571
25,61000.0,33200.0,9300.0,600000,190000.0,18500,4,1,1,MONTHLY,LOW,SHORT_TERM_GOAL,69.0,MEDIUM,0.819672131147541,0.5442622950819672,0.30327868852459017,0.25956284153005466
39,27000.0,15900.0,10000.0,96000,13000.0,1100,1,2,4,MONTHLY,MEDIUM,TAX_SAVING,64.0,MEDIUM,0.2962962962962963,0.5888888888888889,0.040740740740740744,0.040123456790123455
43,64000.0,40700.0,6100.0,550000,96000.0,17200,1,1,2,MONTHLY,LOW,WEALTH_CREATION,63.0,HIGH,0.7161458333333334,0.6359375,0.26875,0.125
33,146000.0,79200.0,31000.0,570000,90000.0,35800,14,5,2,MONTHLY,HIGH,WEALTH_CREATION,94.0,MEDIUM,0.3253424657534247,0.5424657534246575,0.2452054794520548,0.05136986301369863
42,74000.0,43700.0,2600.0,310000,13000.0,27700,2,2,2,MONTHLY,MEDIUM,RETIREMENT,56.0,LOW,0.3490990990990991,0.5905405405405405,0.37432432432432433,0.01463963963963964
65,49000.0,38500.0,0.0,2427000,646000.0,22400,15,2,5,RARELY,LOW,EMERGENCY_FUND,78.0,HIGH,4.127551020408164,0.7857142857142857,0.45714285714285713,1.098639455782313
26,111000.0,69900.0,26300.0,664000,354000.0,14800,16,2,4,MONTHLY,HIGH,SHORT_TERM_GOAL,69.0,HIGH,0.4984984984984985,0.6297297297297297,0.13333333333333333,0.26576576576576577
46,38000.0,23500.0,9100.0,265000,45000.0,5400,10,3,4,QUARTERLY,MEDIUM,WEALTH_CREATION,91.0,HIGH,0.581140350877193,0.618421052631579,0.14210526315789473,0.09868421052631579
61,29000.0,19600.0,1300.0,319000,56000.0,8100,1,2,5,QUARTERLY,LOW,EMERGENCY_FUND,89.0,HIGH,0.9166666666666666,0.6758620689655173,0.2793103448275862,0.16091954022988506
44,49000.0,28700.0,0.0,713000,252000.0,26900,3,4,1,MONTHLY,MEDIUM,RETIREMENT,82.0,HIGH,1.2125850340136055,0.5857142857142857,0.5489795918367347,0.42857142857142855
54,133000.0,122300.0,0.0,2162000,1359000.0,44500,6,5,4,LUMP_SUM,MEDIUM,WEALTH_CREATION,93.0,HIGH,1.3546365914786966,0.9195488721804511,0.33458646616541354,0.8515037593984962
55,29000.0,19400.0,7900.0,452000,112000.0,1700,9,2,1,MONTHLY,MEDIUM,WEALTH_CREATION,61.0,HIGH,1.2988505747126438,0.6689655172413793,0.05862068965517241,0.3218390804597701
32,52000.0,34200.0,8400.0,560000,210000.0,9400,7,1,4,MONTHLY,MEDIUM,SHORT_TERM_GOAL,58.0,HIGH,0.8974358974358975,0.6576923076923077,0.18076923076923077,0.33653846153846156
40,65000.0,46300.0,2700.0,372000,49000.0,16000,3,2,4,MONTHLY,HIGH,WEALTH_CREATION,79.0,HIGH,0.47692307692307695,0.7123076923076923,0.24615384615384617,0.06282051282051282
31,59000.0,39500.0,7200.0,471000,213000.0,12300,1,3,2,MONTHLY,LOW,SHORT_TERM_GOAL,60.0,HIGH,0.6652542372881356,0.6694915254237288,0.20847457627118643,0.3008474576271186
30,33000.0,16200.0,6700.0,342000,26000.0,10100,23,4,4,QUARTERLY,LOW,WEALTH_CREATION,94.0,HIGH,0.8636363636363636,0.4909090909090909,0.30606060606060603,0.06565656565656566
44,189000.0,158400.0,15000.0,408000,48000.0,15600,1,3,5,MONTHLY,MEDIUM,RETIREMENT,91.0,HIGH,0.17989417989417988,0.8380952380952381,0.08253968253968254,0.021164021164021163
56,104000.0,40500.0,41100.0,545000,132000.0,22400,11,3,4,RARELY,LOW,EMERGENCY_FUND,66.0,HIGH,0.43669871794871795,0.3894230769230769,0.2153846153846154,0.10576923076923077
54,26000.0,13100.0,8800.0,75000,11000.0,4100,4,1,2,LUMP_SUM,MEDIUM,RETIREMENT,28.0,LOW,0.2403846153846154,0.5038461538461538,0.1576923076923077,0.035256410256410256
53,77000.0,58600.0,800.0,560000,229000.0,17600,5,1,2,MONTHLY,MEDIUM,TAX_SAVING,50.0,MEDIUM,0.6060606060606061,0.7610389610389611,0.22857142857142856,0.24783549783549783
35,99000.0,52900.0,39100.0,390000,17000.0,7000,9,2,5,QUARTERLY,HIGH,WEALTH_CREATION,70.0,HIGH,0.3282828282828283,0.5343434343434343,0.0707070707070707,0.01430976430976431
61,138000.0,103000.0,0.0,1255000,320000.0,35800,2,3,2,QUARTERLY,MEDIUM,TAX_SAVING,61.0,MEDIUM,0.7578502415458938,0.7463768115942029,0.2594202898550725,0.1932367149758454
23,60000.0,39400.0,11300.0,256000,25000.0,9300,5,4,3,MONTHLY,HIGH,EMERGENCY_FUND,86.0,MEDIUM,0.35555555555555557,0.6566666666666666,0.155,0.034722222222222224
33,62000.0,23800.0,29200.0,707000,208000.0,9000,15,1,4,RARELY,MEDIUM,WEALTH_CREATION,65.0,HIGH,0.9502688172043011,0.38387096774193546,0.14516129032258066,0.27956989247311825
25,220000.0,149100.0,40200.0,3239000,1132000.0,30700,11,2,2,MONTHLY,MEDIUM,WEALTH_CREATION,78.0,HIGH,1.2268939393939393,0.6777272727272727,0.13954545454545456,0.4287878787878788
47,48000.0,35700.0,4900.0,609000,159000.0,7400,2,4,2,MONTHLY,MEDIUM,WEALTH_CREATION,92.0,HIGH,1.0572916666666667,0.74375,0.15416666666666667,0.2760416666666667
49,33000.0,15400.0,8400.0,304000,49000.0,9200,13,2,3,QUARTERLY,MEDIUM,WEALTH_CREATION,76.0,HIGH,0.7676767676767676,0.4666666666666667,0.2787878787878788,0.12373737373737374
37,69000.0,37700.0,4600.0,99000,16000.0,26700,17,3,4,MONTHLY,MEDIUM,EMERGENCY_FUND,72.0,HIGH,0.11956521739130435,0.5463768115942029,0.3869565217391304,0.01932367149758454
49,74000.0,51400.0,0.0,2235000,355000.0,40700,3,1,1,MONTHLY,LOW,WEALTH_CREATION,59.0,HIGH,2.516891891891892,0.6945945945945946,0.55,0.3997747747747748
54,140000.0,51700.0,31100.0,720000,12000.0,57200,12,2,1,QUARTERLY,MEDIUM,SHORT_TERM_GOAL,51.0,LOW,0.42857142857142855,0.3692857142857143,0.4085714285714286,0.007142857142857143
30,107000.0,69400.0,23000.0,3170000,189000.0,14600,14,1,1,MONTHLY,MEDIUM,EMERGENCY_FUND,47.0,HIGH,2.4688473520249223,0.6485981308411215,0.13644859813084112,0.14719626168224298
43,32000.0,27000.0,0.0,223000,110000.0,9900,1,3,2,RARELY,HIGH,TAX_SAVING,61.0,LOW,0.5807291666666666,0.84375,0.309375,0.2864583333333333
44,45000.0,31000.0,8300.0,1128000,194000.0,5700,7,2,2,LUMP_SUM,MEDIUM,RETIREMENT,48.0,HIGH,2.088888888888889,0.6888888888888889,0.12666666666666668,0.3592592592592593
50,26000.0,14400.0,7900.0,189000,34000.0,3700,21,3,1,RARELY,LOW,TAX_SAVING,60.0,HIGH,0.6057692307692307,0.5538461538461539,0.1423076923076923,0.10897435897435898
38,75000.0,49200.0,16800.0,19000,6000.0,9000,7,3,3,MONTHLY,MEDIUM,WEALTH_CREATION,60.0,HIGH,0.021111111111111112,0.656,0.12,0.006666666666666667
61,66000.0,48600.0,6000.0,1726000,278000.0,11400,13,1,2,LUMP_SUM,LOW,WEALTH_CREATION,56.0,HIGH,2.1792929292929295,0.7363636363636363,0.17272727272727273,0.351010101010101
33,50000.0,30000.0,4000.0,260000,54000.0,16000,4,2,2,RARELY,MEDIUM,TAX_SAVING,45.0,LOW,0.43333333333333335,0.6,0.32,0.09
43,79000.0,41000.0,18800.0,436000,28000.0,19200,2,4,3,MONTHLY,MEDIUM,RETIREMENT,98.0,HIGH,0.459915611814346,0.5189873417721519,0.2430379746835443,0.029535864978902954
23,20000.0,10600.0,8500.0,48000,15000.0,900,12,1,2,MONTHLY,HIGH,WEALTH_CREATION,34.0,HIGH,0.2,0.53,0.045,0.0625
37,99000.0,36300.0,46900.0,705000,54000.0,15800,10,5,3,LUMP_SUM,LOW,TAX_SAVING,86.0,HIGH,0.5934343434343434,0.36666666666666664,0.1595959595959596,0.045454545454545456
50,45000.0,24600.0,2000.0,377000,133000.0,18400,13,1,3,MONTHLY,MEDIUM,WEALTH_CREATION,67.0,HIGH,0.6981481481481482,0.5466666666666666,0.4088888888888889,0.2462962962962963
23,90000.0,26300.0,56600.0,442000,198000.0,7100,6,1,5,LUMP_SUM,HIGH,RETIREMENT,73.0,HIGH,0.40925925925925927,0.2922222222222222,0.07888888888888888,0.18333333333333332
23,79000.0,72600.0,0.0,716000,356000.0,13500,1,2,2,MONTHLY,MEDIUM,TAX_SAVING,68.0,MEDIUM,0.7552742616033755,0.9189873417721519,0.17088607594936708,0.3755274261603376
28,35000.0,24900.0,4900.0,219000,130000.0,5200,1,4,3,MONTHLY,LOW,RETIREMENT,85.0,HIGH,0.5214285714285715,0.7114285714285714,0.14857142857142858,0.30952380952380953
60,75000.0,49200.0,6100.0,485000,112000.0,19700,13,1,2,RARELY,MEDIUM,WEALTH_CREATION,40.0,LOW,0.5388888888888889,0.656,0.26266666666666666,0.12444444444444444
57,47000.0,24500.0,14600.0,190000,19000.0,7900,2,2,3,LUMP_SUM,HIGH,WEALTH_CREATION,45.0,LOW,0.33687943262411346,0.5212765957446809,0.16808510638297872,0.03368794326241135
26,128000.0,80000.0,13600.0,717000,395000.0,34400,3,1,2,RARELY,MEDIUM,TAX_SAVING,32.0,MEDIUM,0.466796875,0.625,0.26875,0.2571614583333333
36,48000.0,24600.0,6100.0,382000,10000.0,17300,18,4,3,LUMP_SUM,MEDIUM,WEALTH_CREATION,91.0,HIGH,0.6631944444444444,0.5125,0.36041666666666666,0.017361111111111112
65,96000.0,34200.0,9000.0,406000,188000.0,52800,3,3,2,MONTHLY,HIGH,WEALTH_CREATION,50.0,MEDIUM,0.3524305555555556,0.35625,0.55,0.16319444444444445
21,112000.0,81300.0,15100.0,507000,52000.0,15600,1,1,1,MONTHLY,HIGH,WEALTH_CREATION,42.0,LOW,0.37723214285714285,0.7258928571428571,0.1392857142857143,0.03869047619047619
57,151000.0,68100.0,32100.0,1603000,566000.0,50800,12,1,3,QUARTERLY,LOW,TAX_SAVING,60.0,HIGH,0.8846578366445916,0.4509933774834437,0.33642384105960266,0.31236203090507725
31,20000.0,13500.0,0.0,747000,237000.0,7400,4,3,2,QUARTERLY,HIGH,WEALTH_CREATION,41.0,HIGH,3.1125,0.675,0.37,0.9875
26,96000.0,64100.0,26500.0,2284000,994000.0,5400,4,1,3,MONTHLY,MEDIUM,WEALTH_CREATION,44.0,HIGH,1.9826388888888888,0.6677083333333333,0.05625,0.8628472222222222
56,55000.0,20700.0,23400.0,466000,102000.0,10900,9,2,5,QUARTERLY,MEDIUM,WEALTH_CREATION,70.0,HIGH,0.706060606060606,0.37636363636363634,0.19818181818181818,0.15454545454545454
65,52000.0,36400.0,0.0,1067000,245000.0,16700,7,5,2,MONTHLY,MEDIUM,RETIREMENT,88.0,HIGH,1.7099358974358974,0.7,0.3211538461538462,0.3926282051282051
43,87000.0,72100.0,12300.0,421000,201000.0,2600,19,5,1,MONTHLY,HIGH,WEALTH_CREATION,63.0,HIGH,0.40325670498084293,0.828735632183908,0.029885057471264367,0.1925287356321839
27,54000.0,32500.0,0.0,619000,5000.0,25200,3,4,3,QUARTERLY,HIGH,RETIREMENT,79.0,MEDIUM,0.9552469135802469,0.6018518518518519,0.4666666666666667,0.007716049382716049
61,69000.0,37500.0,8000.0,822000,347000.0,23500,8,1,1,QUARTERLY,MEDIUM,EMERGENCY_FUND,39.0,LOW,0.9927536231884058,0.5434782608695652,0.34057971014492755,0.4190821256038647
23,34000.0,28600.0,0.0,623000,124000.0,10800,8,2,1,LUMP_SUM,HIGH,RETIREMENT,37.0,MEDIUM,1.5269607843137254,0.8411764705882353,0.3176470588235294,0.30392156862745096
65,84000.0,34700.0,29900.0,625000,73000.0,19400,1,2,4,MONTHLY,MEDIUM,SHORT_TERM_GOAL,67.0,MEDIUM,0.6200396825396826,0.41309523809523807,0.23095238095238096,0.07242063492063493
47,53000.0,31200.0,11900.0,550000,115000.0,9900,13,4,3,QUARTERLY,HIGH,RETIREMENT,78.0,HIGH,0.8647798742138365,0.5886792452830188,0.18679245283018867,0.18081761006289307
55,64000.0,49400.0,3200.0,320000,60000.0,11400,7,2,2,RARELY,HIGH,SHORT_TERM_GOAL,55.0,LOW,0.4166666666666667,0.771875,0.178125,0.078125
43,52000.0,39500.0,9700.0,337000,156000.0,2800,17,1,4,RARELY,HIGH,WEALTH_CREATION,42.0,HIGH,0.5400641025641025,0.7596153846153846,0.05384615384615385,0.25
45,98000.0,33100.0,35400.0,299000,32000.0,29500,7,1,2,LUMP_SUM,HIGH,WEALTH_CREATION,35.0,MEDIUM,0.2542517006802721,0.3377551020408163,0.3010204081632653,0.027210884353741496
44,98000.0,49300.0,9000.0,1422000,523000.0,39700,4,4,2,LUMP_SUM,MEDIUM,SHORT_TERM_GOAL,79.0,MEDIUM,1.2091836734693877,0.503061224489796,0.4051020408163265,0.4447278911564626
25,70000.0,60600.0,3900.0,1445000,343000.0,5500,6,1,2,QUARTERLY,HIGH,TAX_SAVING,47.0,HIGH,1.7202380952380953,0.8657142857142858,0.07857142857142857,0.4083333333333333
22,109000.0,54100.0,31900.0,295000,76000.0,23000,11,4,4,MONTHLY,LOW,RETIREMENT,100.0,HIGH,0.22553516819571864,0.4963302752293578,0.21100917431192662,0.0581039755351682
48,150000.0,38600.0,61200.0,3280000,1023000.0,50200,5,1,2,LUMP_SUM,MEDIUM,SHORT_TERM_GOAL,44.0,HIGH,1.8222222222222222,0.25733333333333336,0.33466666666666667,0.5683333333333334
62,82000.0,49500.0,18100.0,2943000,1409000.0,14400,11,2,4,MONTHLY,MEDIUM,WEALTH_CREATION,64.0,HIGH,2.9908536585365852,0.6036585365853658,0.17560975609756097,1.431910569105691
51,74000.0,52500.0,0.0,1575000,898000.0,25100,6,4,5,QUARTERLY,HIGH,WEALTH_CREATION,93.0,HIGH,1.7736486486486487,0.7094594594594594,0.33918918918918917,1.0112612612612613
42,52000.0,30100.0,14400.0,228000,51000.0,7500,15,3,5,MONTHLY,LOW,TAX_SAVING,88.0,HIGH,0.36538461538461536,0.5788461538461539,0.14423076923076922,0.08173076923076923
47,86000.0,73700.0,0.0,795000,188000.0,17800,1,3,4,QUARTERLY,LOW,WEALTH_CREATION,85.0,HIGH,0.7703488372093024,0.8569767441860465,0.2069767441860465,0.1821705426356589
27,86000.0,79100.0,0.0,1627000,656000.0,23000,13,3,4,MONTHLY,LOW,TAX_SAVING,87.0,HIGH,1.5765503875968991,0.9197674418604651,0.26744186046511625,0.6356589147286822
44,89000.0,64100.0,13400.0,465000,52000.0,11500,15,3,3,LUMP_SUM,LOW,WEALTH_CREATION,67.0,HIGH,0.4353932584269663,0.7202247191011236,0.12921348314606743,0.04868913857677903
51,93000.0,80500.0,0.0,2027000,1111000.0,27600,13,1,2,MONTHLY,MEDIUM,TAX_SAVING,61.0,HIGH,1.8163082437275986,0.8655913978494624,0.2967741935483871,0.9955197132616488
41,51000.0,26800.0,11900.0,938000,672000.0,12300,8,2,3,QUARTERLY,MEDIUM,TAX_SAVING,63.0,HIGH,1.5326797385620916,0.5254901960784314,0.2411764705882353,1.0980392156862746
54,129000.0,77200.0,14300.0,2115000,574000.0,37500,11,1,2,LUMP_SUM,MEDIUM,TAX_SAVING,44.0,HIGH,1.3662790697674418,0.5984496124031008,0.29069767441860467,0.3708010335917313
61,45000.0,20500.0,19300.0,361000,31000.0,5200,8,2,1,RARELY,MEDIUM,WEALTH_CREATION,53.0,HIGH,0.6685185185185185,0.45555555555555555,0.11555555555555555,0.05740740740740741
36,55000.0,50600.0,0.0,1207000,108000.0,22900,14,2,5,MONTHLY,HIGH,SHORT_TERM_GOAL,73.0,HIGH,1.8287878787878789,0.92,0.4163636363636364,0.16363636363636364
30,76000.0,39900.0,27300.0,695000,201000.0,8800,2,2,3,RARELY,LOW,TAX_SAVING,57.0,HIGH,0.7620614035087719,0.525,0.11578947368421053,0.22039473684210525
21,59000.0,30000.0,8100.0,433000,72000.0,20900,2,1,4,MONTHLY,HIGH,WEALTH_CREATION,77.0,MEDIUM,0.6115819209039548,0.5084745762711864,0.35423728813559324,0.1016949152542373
39,87000.0,59800.0,22500.0,605000,109000.0,4700,5,1,4,RARELY,MEDIUM,TAX_SAVING,71.0,HIGH,0.5795019157088123,0.6873563218390805,0.054022988505747126,0.10440613026819924
57,23000.0,10600.0,3300.0,228000,30000.0,9100,12,4,3,MONTHLY,LOW,SHORT_TERM_GOAL,79.0,HIGH,0.8260869565217391,0.4608695652173913,0.39565217391304347,0.10869565217391304
34,82000.0,54500.0,20800.0,564000,98000.0,6700,2,2,3,MONTHLY,HIGH,RETIREMENT,64.0,MEDIUM,0.573170731707317,0.6646341463414634,0.08170731707317073,0.09959349593495935
49,130000.0,75800.0,41700.0,234000,24000.0,12500,13,4,1,QUARTERLY,MEDIUM,WEALTH_CREATION,79.0,HIGH,0.15,0.583076923076923,0.09615384615384616,0.015384615384615385
64,50000.0,34200.0,10900.0,485000,242000.0,4900,11,2,2,MONTHLY,MEDIUM,WEALTH_CREATION,62.0,HIGH,0.8083333333333333,0.684,0.098,0.4033333333333333
55,39000.0,24900.0,12900.0,360000,33000.0,1200,3,4,2,LUMP_SUM,HIGH,EMERGENCY_FUND,51.0,LOW,0.7692307692307693,0.6384615384615384,0.03076923076923077,0.07051282051282051
30,60000.0,21500.0,15700.0,1057000,434000.0,22800,5,1,3,QUARTERLY,MEDIUM,WEALTH_CREATION,58.0,HIGH,1.4680555555555554,0.35833333333333334,0.38,0.6027777777777777
49,90000.0,65300.0,13800.0,1640000,84000.0,10900,15,4,3,MONTHLY,MEDIUM,WEALTH_CREATION,72.0,HIGH,1.5185185185185186,0.7255555555555555,0.12111111111111111,0.07777777777777778
31,88000.0,57800.0,10900.0,645000,142000.0,19300,1,2,1,MONTHLY,HIGH,EMERGENCY_FUND,37.0,LOW,0.6107954545454546,0.6568181818181819,0.21931818181818183,0.13446969696969696
38,61000.0,46000.0,3200.0,302000,18000.0,11800,10,4,4,LUMP_SUM,HIGH,WEALTH_CREATION,80.0,HIGH,0.412568306010929,0.7540983606557377,0.19344262295081968,0.02459016393442623
30,50000.0,29100.0,9400.0,1467000,71000.0,11500,7,3,3,MONTHLY,LOW,WEALTH_CREATION,91.0,HIGH,2.445,0.582,0.23,0.11833333333333333
25,70000.0,31100.0,38500.0,342000,116000.0,400,17,2,5,MONTHLY,HIGH,EMERGENCY_FUND,81.0,HIGH,0.40714285714285714,0.4442857142857143,0.005714285714285714,0.1380952380952381
42,45000.0,26600.0,12500.0,231000,76000.0,5900,9,5,3,RARELY,MEDIUM,WEALTH_CREATION,93.0,HIGH,0.42777777777777776,0.5911111111111111,0.13111111111111112,0.14074074074074075
64,65000.0,59800.0,0.0,1603000,772000.0,5700,8,1,5,RARELY,MEDIUM,WEALTH_CREATION,58.0,HIGH,2.055128205128205,0.92,0.0876923076923077,0.9897435897435898
56,49000.0,25300.0,14100.0,520000,86000.0,9600,5,3,2,MONTHLY,LOW,EMERGENCY_FUND,67.0,HIGH,0.8843537414965986,0.5163265306122449,0.19591836734693877,0.14625850340136054
30,41000.0,29300.0,3800.0,202000,37000.0,7900,5,4,3,RARELY,HIGH,RETIREMENT,67.0,MEDIUM,0.4105691056910569,0.7146341463414634,0.1926829268292683,0.07520325203252033
48,67000.0,35000.0,22400.0,725000,146000.0,9600,22,1,3,MONTHLY,LOW,EMERGENCY_FUND,62.0,HIGH,0.9017412935323383,0.5223880597014925,0.14328358208955225,0.18159203980099503
64,76000.0,44100.0,24100.0,348000,41000.0,7800,1,2,3,LUMP_SUM,HIGH,WEALTH_CREATION,56.0,MEDIUM,0.3815789473684211,0.5802631578947368,0.10263157894736842,0.044956140350877194
49,70000.0,36800.0,29500.0,253000,98000.0,3700,5,1,3,RARELY,LOW,TAX_SAVING,52.0,HIGH,0.3011904761904762,0.5257142857142857,0.05285714285714286,0.11666666666666667
40,46000.0,29700.0,3000.0,1501000,286000.0,13300,25,4,3,LUMP_SUM,LOW,EMERGENCY_FUND,89.0,HIGH,2.7192028985507246,0.6456521739130435,0.2891304347826087,0.5181159420289855
52,33000.0,30300.0,0.0,978000,119000.0,7800,2,1,1,QUARTERLY,LOW,SHORT_TERM_GOAL,81.0,HIGH,2.4696969696969697,0.9181818181818182,0.23636363636363636,0.3005050505050505
27,38000.0,23100.0,2500.0,125000,42000.0,12400,9,2,3,LUMP_SUM,HIGH,WEALTH_CREATION,50.0,LOW,0.2741228070175439,0.6078947368421053,0.3263157894736842,0.09210526315789473
47,74000.0,50700.0,5300.0,917000,135000.0,18000,3,2,3,LUMP_SUM,MEDIUM,EMERGENCY_FUND,75.0,LOW,1.0326576576576576,0.6851351351351351,0.24324324324324326,0.15202702702702703
42,26000.0,16700.0,8100.0,393000,89000.0,1200,1,2,5,RARELY,LOW,WEALTH_CREATION,72.0,HIGH,1.2596153846153846,0.6423076923076924,0.046153846153846156,0.28525641025641024
34,50000.0,42800.0,0.0,1408000,224000.0,13600,3,2,4,QUARTERLY,LOW,WEALTH_CREATION,81.0,HIGH,2.3466666666666667,0.856,0.272,0.37333333333333335
25,63000.0,50000.0,0.0,116000,21000.0,13800,1,2,2,QUARTERLY,HIGH,WEALTH_CREATION,37.0,LOW,0.15343915343915343,0.7936507936507936,0.21904761904761905,0.027777777777777776
29,92000.0,67600.0,0.0,692000,154000.0,24900,14,1,2,MONTHLY,MEDIUM,WEALTH_CREATION,47.0,MEDIUM,0.6268115942028986,0.7347826086956522,0.27065217391304347,0.13949275362318841
53,91000.0,65300.0,0.0,3511000,764000.0,29500,15,3,3,MONTHLY,LOW,SHORT_TERM_GOAL,85.0,HIGH,3.2152014652014653,0.7175824175824176,0.3241758241758242,0.6996336996336996
60,46000.0,20900.0,21500.0,334000,221000.0,3600,8,2,3,MONTHLY,HIGH,WEALTH_CREATION,54.0,HIGH,0.605072463768116,0.4543478260869565,0.0782608695652174,0.4003623188405797
47,187000.0,125500.0,34700.0,1806000,196000.0,26800,1,3,3,RARELY,HIGH,SHORT_TERM_GOAL,61.0,LOW,0.8048128342245989,0.6711229946524064,0.14331550802139037,0.0873440285204991
50,60000.0,54700.0,0.0,609000,47000.0,14400,2,2,5,QUARTERLY,LOW,RETIREMENT,85.0,HIGH,0.8458333333333333,0.9116666666666666,0.24,0.06527777777777778
21,30000.0,14600.0,12000.0,67000,40000.0,3400,4,1,2,LUMP_SUM,MEDIUM,WEALTH_CREATION,64.0,MEDIUM,0.18611111111111112,0.4866666666666667,0.11333333333333333,0.1111111111111111
60,140000.0,85100.0,5700.0,1110000,30000.0,49200,3,1,1,MONTHLY,LOW,WEALTH_CREATION,40.0,LOW,0.6607142857142857,0.6078571428571429,0.3514285714285714,0.017857142857142856
54,60000.0,38000.0,16000.0,273000,157000.0,6000,7,2,3,MONTHLY,HIGH,WEALTH_CREATION,54.0,HIGH,0.37916666666666665,0.6333333333333333,0.1,0.21805555555555556
56,163000.0,114900.0,15000.0,3958000,1628000.0,33100,1,1,3,LUMP_SUM,LOW,SHORT_TERM_GOAL,61.0,HIGH,2.023517382413088,0.7049079754601227,0.20306748466257668,0.8323108384458078
39,29000.0,15600.0,11100.0,141000,14000.0,2300,3,2,1,LUMP_SUM,MEDIUM,EMERGENCY_FUND,50.0,LOW,0.4051724137931034,0.5379310344827586,0.07931034482758621,0.040229885057471264
36,39000.0,22600.0,4400.0,397000,112000.0,12000,11,2,2,LUMP_SUM,MEDIUM,EMERGENCY_FUND,59.0,MEDIUM,0.8482905982905983,0.5794871794871795,0.3076923076923077,0.23931623931623933
24,52000.0,44100.0,0.0,74000,25000.0,7900,14,3,2,LUMP_SUM,HIGH,WEALTH_CREATION,55.0,MEDIUM,0.11858974358974358,0.8480769230769231,0.1519230769230769,0.04006410256410257
31,21000.0,9600.0,6300.0,33000,7000.0,5100,1,1,1,QUARTERLY,HIGH,WEALTH_CREATION,38.0,LOW,0.13095238095238096,0.45714285714285713,0.24285714285714285,0.027777777777777776
32,112000.0,67300.0,10900.0,1444000,74000.0,33800,3,1,1,MONTHLY,MEDIUM,RETIREMENT,55.0,MEDIUM,1.0744047619047619,0.6008928571428571,0.30178571428571427,0.05505952380952381
24,257000.0,210600.0,35000.0,702000,80000.0,11400,12,4,5,MONTHLY,MEDIUM,TAX_SAVING,100.0,HIGH,0.22762645914396887,0.8194552529182879,0.0443579766536965,0.02594033722438392
30,59000.0,43800.0,3600.0,2752000,918000.0,11600,10,3,4,MONTHLY,LOW,EMERGENCY_FUND,97.0,HIGH,3.8870056497175143,0.7423728813559322,0.19661016949152543,1.2966101694915255
60,43000.0,14000.0,19900.0,355000,17000.0,9100,13,4,2,MONTHLY,MEDIUM,RETIREMENT,76.0,HIGH,0.687984496124031,0.32558139534883723,0.2116279069767442,0.03294573643410853
49,88000.0,70200.0,0.0,1882000,262000.0,32700,5,4,3,MONTHLY,LOW,TAX_SAVING,78.0,HIGH,1.7821969696969697,0.7977272727272727,0.3715909090909091,0.2481060606060606
33,97000.0,61400.0,26100.0,724000,291000.0,9500,1,3,2,LUMP_SUM,LOW,WEALTH_CREATION,78.0,HIGH,0.6219931271477663,0.6329896907216495,0.0979381443298969,0.25
21,36000.0,20200.0,0.0,518000,189000.0,19800,7,1,3,QUARTERLY,MEDIUM,TAX_SAVING,48.0,MEDIUM,1.1990740740740742,0.5611111111111111,0.55,0.4375
31,68000.0,40100.0,11400.0,612000,55000.0,16500,9,2,1,MONTHLY,HIGH,WEALTH_CREATION,52.0,LOW,0.75,0.5897058823529412,0.2426470588235294,0.06740196078431372
28,93000.0,47000.0,0.0,369000,31000.0,47700,22,1,2,LUMP_SUM,HIGH,TAX_SAVING,48.0,LOW,0.33064516129032256,0.5053763440860215,0.5129032258064516,0.027777777777777776
47,56000.0,30200.0,17400.0,1350000,152000.0,8400,1,1,1,MONTHLY,MEDIUM,WEALTH_CREATION,39.0,HIGH,2.0089285714285716,0.5392857142857143,0.15,0.2261904761904762
46,69000.0,62700.0,3300.0,114000,2000.0,3000,1,1,3,RARELY,LOW,TAX_SAVING,67.0,MEDIUM,0.13768115942028986,0.908695652173913,0.043478260869565216,0.0024154589371980675
26,168000.0,66400.0,97500.0,528000,219000.0,4100,10,3,3,MONTHLY,HIGH,WEALTH_CREATION,52.0,HIGH,0.2619047619047619,0.3952380952380952,0.024404761904761905,0.10863095238095238
41,109000.0,52200.0,22200.0,588000,331000.0,34600,2,1,3,RARELY,MEDIUM,WEALTH_CREATION,49.0,MEDIUM,0.44954128440366975,0.47889908256880737,0.3174311926605505,0.2530581039755352
31,50000.0,21400.0,27500.0,373000,103000.0,1100,2,2,1,QUARTERLY,MEDIUM,RETIREMENT,36.0,HIGH,0.6216666666666667,0.428,0.022,0.17166666666666666
25,26000.0,14300.0,10300.0,319000,5000.0,1400,3,4,2,MONTHLY,MEDIUM,EMERGENCY_FUND,61.0,HIGH,1.0224358974358974,0.55,0.05384615384615385,0.016025641025641024
65,70000.0,50900.0,1500.0,415000,107000.0,17600,23,1,1,MONTHLY,LOW,WEALTH_CREATION,58.0,HIGH,0.49404761904761907,0.7271428571428571,0.25142857142857145,0.12738095238095237
59,43000.0,39500.0,0.0,112000,17000.0,10900,13,3,3,MONTHLY,MEDIUM,WEALTH_CREATION,68.0,HIGH,0.21705426356589147,0.9186046511627907,0.2534883720930233,0.03294573643410853
49,58000.0,34700.0,19200.0,1365000,346000.0,4100,1,1,4,QUARTERLY,MEDIUM,EMERGENCY_FUND,75.0,HIGH,1.9612068965517242,0.5982758620689655,0.0706896551724138,0.49712643678160917
48,47000.0,43200.0,2100.0,1316000,633000.0,1700,7,1,2,LUMP_SUM,LOW,RETIREMENT,40.0,HIGH,2.3333333333333335,0.9191489361702128,0.036170212765957444,1.122340425531915
39,80000.0,73600.0,0.0,818000,45000.0,14600,10,5,5,MONTHLY,LOW,RETIREMENT,100.0,HIGH,0.8520833333333333,0.92,0.1825,0.046875
59,20000.0,10300.0,7400.0,495000,202000.0,2300,17,2,3,LUMP_SUM,HIGH,WEALTH_CREATION,71.0,HIGH,2.0625,0.515,0.115,0.8416666666666667
40,101000.0,61000.0,30400.0,1176000,707000.0,9600,14,2,1,MONTHLY,MEDIUM,TAX_SAVING,69.0,HIGH,0.9702970297029703,0.6039603960396039,0.09504950495049505,0.5833333333333334
61,157000.0,66000.0,77000.0,1670000,1074000.0,14000,4,3,4,MONTHLY,HIGH,RETIREMENT,80.0,HIGH,0.886411889596603,0.42038216560509556,0.08917197452229299,0.5700636942675159
62,109000.0,87300.0,1200.0,1928000,873000.0,20500,18,2,3,RARELY,MEDIUM,TAX_SAVING,55.0,HIGH,1.474006116207951,0.8009174311926606,0.18807339449541285,0.6674311926605505
54,99000.0,41700.0,15900.0,973000,160000.0,41400,1,1,3,RARELY,LOW,WEALTH_CREATION,65.0,MEDIUM,0.819023569023569,0.4212121212121212,0.41818181818181815,0.13468013468013468
61,54000.0,43600.0,0.0,761000,224000.0,11300,14,2,4,MONTHLY,HIGH,RETIREMENT,60.0,HIGH,1.1743827160493827,0.8074074074074075,0.20925925925925926,0.345679012345679
52,65000.0,41300.0,1000.0,905000,629000.0,22700,2,2,4,QUARTERLY,MEDIUM,RETIREMENT,53.0,HIGH,1.1602564102564104,0.6353846153846154,0.34923076923076923,0.8064102564102564
37,148000.0,107100.0,18400.0,2105000,520000.0,22500,13,4,3,LUMP_SUM,LOW,EMERGENCY_FUND,73.0,HIGH,1.1852477477477477,0.7236486486486486,0.15202702702702703,0.2927927927927928
29,109000.0,71200.0,33300.0,1323000,363000.0,4500,6,4,5,MONTHLY,LOW,RETIREMENT,100.0,HIGH,1.011467889908257,0.653211009174312,0.04128440366972477,0.2775229357798165
56,78000.0,43700.0,32500.0,404000,65000.0,1800,2,2,1,LUMP_SUM,LOW,EMERGENCY_FUND,59.0,LOW,0.43162393162393164,0.5602564102564103,0.023076923076923078,0.06944444444444445
50,37000.0,20600.0,12400.0,580000,77000.0,4000,11,1,3,MONTHLY,HIGH,WEALTH_CREATION,55.0,HIGH,1.3063063063063063,0.5567567567567567,0.10810810810810811,0.17342342342342343
54,83000.0,59300.0,16700.0,1638000,322000.0,7000,24,1,4,RARELY,LOW,WEALTH_CREATION,55.0,HIGH,1.644578313253012,0.7144578313253012,0.08433734939759036,0.3232931726907631
22,34000.0,8600.0,20000.0,268000,61000.0,5400,13,3,1,QUARTERLY,LOW,TAX_SAVING,57.0,HIGH,0.6568627450980392,0.2529411764705882,0.1588235294117647,0.14950980392156862
36,148000.0,80800.0,300.0,1427000,446000.0,66900,9,1,4,MONTHLY,HIGH,EMERGENCY_FUND,59.0,LOW,0.803490990990991,0.5459459459459459,0.452027027027027,0.2511261261261261
24,35000.0,19000.0,8700.0,367000,30000.0,7300,22,3,3,MONTHLY,LOW,WEALTH_CREATION,85.0,HIGH,0.8738095238095238,0.5428571428571428,0.20857142857142857,0.07142857142857142
54,62000.0,44400.0,1100.0,438000,57000.0,16500,18,1,2,LUMP_SUM,LOW,RETIREMENT,45.0,HIGH,0.5887096774193549,0.7161290322580646,0.2661290322580645,0.07661290322580645
32,20000.0,12200.0,2500.0,64000,45000.0,5300,8,3,4,MONTHLY,MEDIUM,TAX_SAVING,76.0,MEDIUM,0.26666666666666666,0.61,0.265,0.1875
23,55000.0,30000.0,6000.0,1479000,231000.0,19000,12,5,1,RARELY,MEDIUM,TAX_SAVING,56.0,HIGH,2.2409090909090907,0.5454545454545454,0.34545454545454546,0.35
33,42000.0,27900.0,12300.0,218000,56000.0,1800,9,1,1,QUARTERLY,LOW,WEALTH_CREATION,43.0,MEDIUM,0.43253968253968256,0.6642857142857143,0.04285714285714286,0.1111111111111111
30,86000.0,40200.0,20900.0,2181000,828000.0,24900,5,2,3,QUARTERLY,MEDIUM,SHORT_TERM_GOAL,66.0,HIGH,2.113372093023256,0.46744186046511627,0.2895348837209302,0.8023255813953488
24,59000.0,38300.0,14200.0,778000,464000.0,6500,8,4,3,QUARTERLY,HIGH,SHORT_TERM_GOAL,73.0,HIGH,1.0988700564971752,0.6491525423728813,0.11016949152542373,0.655367231638418
30,51000.0,35300.0,14000.0,527000,247000.0,1700,1,2,2,RARELY,MEDIUM,WEALTH_CREATION,48.0,HIGH,0.8611111111111112,0.692156862745098,0.03333333333333333,0.4035947712418301
50,101000.0,59300.0,11400.0,1477000,154000.0,30300,3,2,2,QUARTERLY,LOW,WEALTH_CREATION,59.0,HIGH,1.2186468646864685,0.5871287128712871,0.3,0.12706270627062707
54,99000.0,34100.0,27700.0,901000,121000.0,37200,20,3,5,RARELY,HIGH,WEALTH_CREATION,85.0,HIGH,0.7584175084175084,0.34444444444444444,0.37575757575757573,0.10185185185185185
49,26000.0,15700.0,5400.0,303000,84000.0,4900,14,1,2,RARELY,HIGH,WEALTH_CREATION,22.0,MEDIUM,0.9711538461538461,0.6038461538461538,0.18846153846153846,0.2692307692307692
32,60000.0,36200.0,16700.0,148000,32000.0,7100,7,4,3,RARELY,HIGH,WEALTH_CREATION,69.0,MEDIUM,0.20555555555555555,0.6033333333333334,0.11833333333333333,0.044444444444444446
29,230000.0,156300.0,28500.0,3205000,468000.0,45200,6,4,1,MONTHLY,MEDIUM,WEALTH_CREATION,76.0,HIGH,1.161231884057971,0.6795652173913044,0.19652173913043477,0.16956521739130434
50,103000.0,79400.0,3100.0,1013000,391000.0,20500,5,2,3,MONTHLY,LOW,TAX_SAVING,80.0,HIGH,0.81957928802589,0.7708737864077669,0.19902912621359223,0.3163430420711974
52,97000.0,38100.0,34200.0,503000,19000.0,24700,11,2,2,MONTHLY,MEDIUM,WEALTH_CREATION,54.0,HIGH,0.4321305841924399,0.39278350515463917,0.25463917525773194,0.01632302405498282
59,61000.0,37500.0,0.0,1052000,42000.0,28000,3,2,3,MONTHLY,MEDIUM,WEALTH_CREATION,68.0,MEDIUM,1.4371584699453552,0.6147540983606558,0.45901639344262296,0.05737704918032787
39,71000.0,47300.0,0.0,954000,285000.0,24700,1,1,4,QUARTERLY,MEDIUM,SHORT_TERM_GOAL,56.0,LOW,1.119718309859155,0.6661971830985915,0.34788732394366195,0.3345070422535211
50,70000.0,37900.0,14000.0,181000,6000.0,18100,2,3,1,MONTHLY,LOW,WEALTH_CREATION,66.0,MEDIUM,0.2154761904761905,0.5414285714285715,0.25857142857142856,0.007142857142857143
55,73000.0,42400.0,13200.0,945000,488000.0,17400,2,1,1,RARELY,MEDIUM,RETIREMENT,42.0,MEDIUM,1.0787671232876712,0.5808219178082191,0.23835616438356164,0.5570776255707762
24,49000.0,33300.0,3500.0,1544000,480000.0,12200,6,1,3,MONTHLY,MEDIUM,TAX_SAVING,46.0,HIGH,2.6258503401360542,0.6795918367346939,0.24897959183673468,0.8163265306122449
61,36000.0,23100.0,0.0,856000,412000.0,14200,9,1,3,MONTHLY,LOW,WEALTH_CREATION,66.0,HIGH,1.9814814814814814,0.6416666666666667,0.39444444444444443,0.9537037037037037
52,82000.0,61100.0,1600.0,397000,124000.0,19300,6,3,4,RARELY,LOW,WEALTH_CREATION,74.0,HIGH,0.4034552845528455,0.7451219512195122,0.23536585365853657,0.12601626016260162
21,62000.0,37000.0,20900.0,218000,48000.0,4100,3,3,5,RARELY,HIGH,WEALTH_CREATION,62.0,HIGH,0.29301075268817206,0.5967741935483871,0.06612903225806452,0.06451612903225806
53,41000.0,28400.0,9900.0,289000,99000.0,2700,3,2,2,RARELY,MEDIUM,EMERGENCY_FUND,50.0,LOW,0.5873983739837398,0.6926829268292682,0.06585365853658537,0.20121951219512196
42,28000.0,14600.0,8500.0,19000,8000.0,4900,7,1,4,MONTHLY,MEDIUM,EMERGENCY_FUND,74.0,LOW,0.05654761904761905,0.5214285714285715,0.175,0.023809523809523808
25,35000.0,26800.0,7000.0,431000,94000.0,1200,8,2,3,MONTHLY,HIGH,WEALTH_CREATION,68.0,HIGH,1.026190476190476,0.7657142857142857,0.03428571428571429,0.22380952380952382
48,73000.0,28600.0,42300.0,1177000,363000.0,2100,20,2,3,QUARTERLY,MEDIUM,WEALTH_CREATION,76.0,HIGH,1.3436073059360731,0.3917808219178082,0.028767123287671233,0.4143835616438356
53,91000.0,57300.0,28200.0,819000,69000.0,5500,3,1,1,MONTHLY,HIGH,WEALTH_CREATION,36.0,LOW,0.75,0.6296703296703297,0.06043956043956044,0.06318681318681318
51,26000.0,21500.0,4100.0,612000,94000.0,400,4,1,1,MONTHLY,LOW,EMERGENCY_FUND,54.0,HIGH,1.9615384615384615,0.8269230769230769,0.015384615384615385,0.30128205128205127
57,92000.0,54200.0,28400.0,556000,134000.0,9400,2,2,3,RARELY,HIGH,EMERGENCY_FUND,51.0,LOW,0.5036231884057971,0.5891304347826087,0.10217391304347827,0.1213768115942029
44,117000.0,59500.0,0.0,1648000,590000.0,64300,6,3,3,MONTHLY,MEDIUM,TAX_SAVING,68.0,HIGH,1.1737891737891737,0.5085470085470085,0.5495726495726496,0.4202279202279202
52,115000.0,105800.0,0.0,1466000,706000.0,11500,2,1,2,MONTHLY,MEDIUM,WEALTH_CREATION,55.0,HIGH,1.0623188405797102,0.92,0.1,0.5115942028985507
32,71000.0,19000.0,25200.0,234000,140000.0,26800,3,1,4,MONTHLY,LOW,EMERGENCY_FUND,68.0,MEDIUM,0.2746478873239437,0.2676056338028169,0.37746478873239436,0.1643192488262911
56,46000.0,40300.0,0.0,296000,47000.0,10900,3,2,2,MONTHLY,MEDIUM,WEALTH_CREATION,46.0,MEDIUM,0.5362318840579711,0.8760869565217392,0.23695652173913043,0.08514492753623189
53,126000.0,82100.0,33300.0,1927000,469000.0,10600,8,1,3,LUMP_SUM,LOW,RETIREMENT,86.0,HIGH,1.2744708994708995,0.6515873015873016,0.08412698412698413,0.3101851851851852
34,60000.0,38500.0,16200.0,436000,225000.0,5300,6,1,4,LUMP_SUM,LOW,SHORT_TERM_GOAL,71.0,MEDIUM,0.6055555555555555,0.6416666666666667,0.08833333333333333,0.3125
41,127000.0,68100.0,50000.0,950000,302000.0,8900,1,3,3,MONTHLY,LOW,WEALTH_CREATION,96.0,HIGH,0.6233595800524935,0.5362204724409448,0.07007874015748032,0.19816272965879264
31,55000.0,27100.0,0.0,435000,6000.0,29100,15,3,3,QUARTERLY,MEDIUM,WEALTH_CREATION,75.0,MEDIUM,0.6590909090909091,0.49272727272727274,0.5290909090909091,0.00909090909090909
59,44000.0,30100.0,8300.0,1368000,228000.0,5600,7,2,2,MONTHLY,HIGH,WEALTH_CREATION,69.0,HIGH,2.590909090909091,0.6840909090909091,0.12727272727272726,0.4318181818181818
49,75000.0,17100.0,50800.0,336000,44000.0,7100,12,1,3,QUARTERLY,MEDIUM,RETIREMENT,58.0,HIGH,0.37333333333333335,0.228,0.09466666666666666,0.04888888888888889
41,124000.0,79100.0,37300.0,859000,192000.0,7600,5,1,3,MONTHLY,MEDIUM,RETIREMENT,52.0,HIGH,0.5772849462365591,0.6379032258064516,0.06129032258064516,0.12903225806451613
48,60000.0,31300.0,5200.0,560000,66000.0,23500,3,1,2,QUARTERLY,MEDIUM,SHORT_TERM_GOAL,48.0,LOW,0.7777777777777778,0.5216666666666666,0.39166666666666666,0.09166666666666666
23,20000.0,10500.0,6900.0,188000,50000.0,2600,20,4,1,LUMP_SUM,LOW,SHORT_TERM_GOAL,74.0,HIGH,0.7833333333333333,0.525,0.13,0.20833333333333334
62,88000.0,30900.0,31600.0,1652000,1048000.0,25500,2,2,4,MONTHLY,HIGH,SHORT_TERM_GOAL,57.0,HIGH,1.5643939393939394,0.35113636363636364,0.2897727272727273,0.9924242424242424
50,48000.0,36400.0,3800.0,1950000,972000.0,7800,11,3,4,MONTHLY,HIGH,TAX_SAVING,79.0,HIGH,3.3854166666666665,0.7583333333333333,0.1625,1.6875
21,91000.0,66400.0,0.0,2906000,50000.0,31500,18,3,5,LUMP_SUM,HIGH,RETIREMENT,65.0,HIGH,2.661172161172161,0.7296703296703296,0.34615384615384615,0.045787545787545784
57,206000.0,134900.0,50600.0,609000,107000.0,20500,5,2,1,MONTHLY,MEDIUM,WEALTH_CREATION,51.0,HIGH,0.24635922330097088,0.6548543689320389,0.09951456310679611,0.043284789644012944
32,121000.0,69600.0,21400.0,875000,175000.0,30000,4,1,4,RARELY,HIGH,WEALTH_CREATION,32.0,LOW,0.6026170798898072,0.5752066115702479,0.24793388429752067,0.12052341597796143
64,48000.0,28300.0,15600.0,369000,50000.0,4100,14,3,2,MONTHLY,LOW,WEALTH_CREATION,60.0,HIGH,0.640625,0.5895833333333333,0.08541666666666667,0.08680555555555555
49,34000.0,22800.0,0.0,238000,123000.0,11900,6,1,2,RARELY,HIGH,RETIREMENT,49.0,LOW,0.5833333333333334,0.6705882352941176,0.35,0.3014705882352941
65,59000.0,29200.0,27200.0,319000,111000.0,2600,5,2,2,QUARTERLY,MEDIUM,TAX_SAVING,65.0,HIGH,0.4505649717514124,0.49491525423728816,0.04406779661016949,0.15677966101694915
56,49000.0,19500.0,17200.0,460000,86000.0,12300,4,1,3,MONTHLY,LOW,TAX_SAVING,72.0,HIGH,0.782312925170068,0.3979591836734694,0.2510204081632653,0.14625850340136054
44,93000.0,65300.0,0.0,468000,172000.0,27700,13,1,2,QUARTERLY,HIGH,SHORT_TERM_GOAL,44.0,LOW,0.41935483870967744,0.7021505376344086,0.2978494623655914,0.15412186379928317
63,52000.0,27300.0,13500.0,384000,106000.0,11200,7,1,3,MONTHLY,MEDIUM,WEALTH_CREATION,59.0,HIGH,0.6153846153846154,0.525,0.2153846153846154,0.16987179487179488
60,100000.0,82900.0,11800.0,654000,34000.0,5300,17,2,3,LUMP_SUM,MEDIUM,EMERGENCY_FUND,84.0,MEDIUM,0.545,0.829,0.053,0.028333333333333332
40,53000.0,22800.0,22300.0,770000,181000.0,7900,4,2,3,RARELY,MEDIUM,RETIREMENT,69.0,HIGH,1.2106918238993711,0.43018867924528303,0.1490566037735849,0.28459119496855345
65,142000.0,130600.0,0.0,458000,78000.0,15700,2,1,1,MONTHLY,MEDIUM,WEALTH_CREATION,51.0,LOW,0.2687793427230047,0.9197183098591549,0.11056338028169015,0.045774647887323945
45,36000.0,22300.0,8800.0,223000,25000.0,4900,1,1,3,MONTHLY,MEDIUM,EMERGENCY_FUND,76.0,MEDIUM,0.5162037037037037,0.6194444444444445,0.1361111111111111,0.05787037037037037
63,67000.0,36400.0,21300.0,198000,27000.0,9300,5,3,1,LUMP_SUM,MEDIUM,TAX_SAVING,59.0,MEDIUM,0.2462686567164179,0.5432835820895522,0.13880597014925372,0.033582089552238806
27,82000.0,44000.0,24400.0,313000,46000.0,13600,8,2,1,MONTHLY,MEDIUM,RETIREMENT,61.0,MEDIUM,0.31808943089430897,0.5365853658536586,0.16585365853658537,0.046747967479674794
21,89000.0,46000.0,37600.0,2486000,176000.0,5400,17,1,4,QUARTERLY,HIGH,WEALTH_CREATION,52.0,HIGH,2.3277153558052435,0.5168539325842697,0.060674157303370786,0.1647940074906367
58,187000.0,78100.0,19200.0,4031000,1167000.0,89700,4,3,1,QUARTERLY,MEDIUM,RETIREMENT,68.0,HIGH,1.7963458110516934,0.4176470588235294,0.47967914438502673,0.5200534759358288
50,45000.0,15000.0,26900.0,184000,116000.0,3100,14,1,3,MONTHLY,LOW,WEALTH_CREATION,62.0,HIGH,0.34074074074074073,0.3333333333333333,0.06888888888888889,0.21481481481481482
28,55000.0,34700.0,15100.0,268000,109000.0,5200,5,1,1,QUARTERLY,MEDIUM,SHORT_TERM_GOAL,38.0,MEDIUM,0.40606060606060607,0.6309090909090909,0.09454545454545454,0.16515151515151516
37,71000.0,33200.0,36100.0,305000,94000.0,1700,7,1,3,QUARTERLY,LOW,RETIREMENT,61.0,HIGH,0.357981220657277,0.4676056338028169,0.023943661971830985,0.11032863849765258
41,81000.0,53900.0,11300.0,1249000,690000.0,15800,17,2,1,MONTHLY,LOW,WEALTH_CREATION,64.0,HIGH,1.2849794238683128,0.6654320987654321,0.19506172839506172,0.7098765432098766
34,109000.0,60000.0,45500.0,1761000,205000.0,3500,4,1,3,LUMP_SUM,MEDIUM,WEALTH_CREATION,56.0,HIGH,1.3463302752293578,0.5504587155963303,0.03211009174311927,0.15672782874617738
55,176000.0,137100.0,37900.0,1608000,434000.0,1000,16,3,1,MONTHLY,HIGH,TAX_SAVING,57.0,HIGH,0.7613636363636364,0.7789772727272727,0.005681818181818182,0.20549242424242425
43,61000.0,41800.0,2400.0,1914000,1072000.0,16800,7,1,3,MONTHLY,MEDIUM,RETIREMENT,58.0,HIGH,2.6147540983606556,0.6852459016393443,0.2754098360655738,1.46448087431694
48,45000.0,32500.0,0.0,402000,190000.0,12700,10,3,2,LUMP_SUM,HIGH,RETIREMENT,51.0,HIGH,0.7444444444444445,0.7222222222222222,0.2822222222222222,0.35185185185185186
42,47000.0,20700.0,22100.0,377000,154000.0,4200,8,3,4,LUMP_SUM,MEDIUM,RETIREMENT,92.0,HIGH,0.6684397163120568,0.44042553191489364,0.08936170212765958,0.2730496453900709
42,22000.0,16700.0,1200.0,243000,144000.0,4100,5,2,1,MONTHLY,HIGH,TAX_SAVING,42.0,MEDIUM,0.9204545454545454,0.759090909090909,0.18636363636363637,0.5454545454545454
27,39000.0,20900.0,0.0,680000,16000.0,19200,2,2,1,LUMP_SUM,MEDIUM,TAX_SAVING,47.0,LOW,1.452991452991453,0.5358974358974359,0.49230769230769234,0.03418803418803419
54,76000.0,50800.0,10400.0,157000,62000.0,14800,21,4,5,MONTHLY,HIGH,RETIREMENT,90.0,HIGH,0.17214912280701755,0.6684210526315789,0.19473684210526315,0.06798245614035088
51,91000.0,39700.0,11800.0,44000,1000.0,39500,9,4,4,LUMP_SUM,HIGH,WEALTH_CREATION,76.0,MEDIUM,0.040293040293040296,0.43626373626373627,0.4340659340659341,0.0009157509157509158
21,65000.0,52600.0,3500.0,1358000,284000.0,8900,14,4,3,QUARTERLY,MEDIUM,WEALTH_CREATION,86.0,HIGH,1.741025641025641,0.8092307692307692,0.13692307692307693,0.3641025641025641
40,115000.0,76400.0,33100.0,319000,53000.0,5500,5,4,4,MONTHLY,MEDIUM,SHORT_TERM_GOAL,82.0,HIGH,0.23115942028985506,0.6643478260869565,0.04782608695652174,0.03840579710144928
37,74000.0,34700.0,22300.0,637000,84000.0,17000,4,2,2,QUARTERLY,MEDIUM,TAX_SAVING,55.0,MEDIUM,0.7173423423423423,0.4689189189189189,0.22972972972972974,0.0945945945945946
48,42000.0,23700.0,8600.0,1843000,52000.0,9700,7,2,1,MONTHLY,HIGH,WEALTH_CREATION,42.0,HIGH,3.6567460317460316,0.5642857142857143,0.23095238095238096,0.10317460317460317
45,34000.0,20200.0,9400.0,341000,88000.0,4400,3,1,3,MONTHLY,LOW,RETIREMENT,49.0,HIGH,0.8357843137254902,0.5941176470588235,0.12941176470588237,0.21568627450980393
59,60000.0,34400.0,13000.0,1180000,228000.0,12600,2,4,3,MONTHLY,MEDIUM,WEALTH_CREATION,97.0,HIGH,1.6388888888888888,0.5733333333333334,0.21,0.31666666666666665
59,46000.0,30100.0,13500.0,555000,81000.0,2400,16,5,3,MONTHLY,MEDIUM,TAX_SAVING,94.0,HIGH,1.0054347826086956,0.6543478260869565,0.05217391304347826,0.14673913043478262
64,89000.0,44200.0,39000.0,779000,96000.0,5800,5,4,3,RARELY,MEDIUM,WEALTH_CREATION,74.0,HIGH,0.7294007490636704,0.4966292134831461,0.0651685393258427,0.0898876404494382
56,34000.0,29900.0,0.0,783000,248000.0,10300,7,2,3,LUMP_SUM,MEDIUM,WEALTH_CREATION,71.0,HIGH,1.9191176470588236,0.8794117647058823,0.3029411764705882,0.6078431372549019
31,31000.0,26800.0,0.0,313000,43000.0,7400,19,2,3,RARELY,LOW,WEALTH_CREATION,75.0,HIGH,0.8413978494623656,0.864516129032258,0.23870967741935484,0.11559139784946236
45,24000.0,14100.0,6300.0,173000,28000.0,3600,2,1,4,RARELY,MEDIUM,TAX_SAVING,49.0,MEDIUM,0.6006944444444444,0.5875,0.15,0.09722222222222222
36,195000.0,110500.0,72900.0,1567000,355000.0,11600,5,2,2,LUMP_SUM,HIGH,WEALTH_CREATION,60.0,MEDIUM,0.6696581196581196,0.5666666666666667,0.059487179487179485,0.1517094017094017
39,69000.0,40700.0,20500.0,1142000,521000.0,7800,16,4,4,MONTHLY,LOW,TAX_SAVING,90.0,HIGH,1.3792270531400965,0.5898550724637681,0.11304347826086956,0.6292270531400966
29,116000.0,76500.0,26200.0,2317000,83000.0,13300,13,4,2,QUARTERLY,MEDIUM,SHORT_TERM_GOAL,63.0,HIGH,1.6645114942528736,0.6594827586206896,0.1146551724137931,0.05962643678160919
22,37000.0,17000.0,16100.0,305000,59000.0,3900,8,3,4,MONTHLY,LOW,RETIREMENT,88.0,HIGH,0.6869369369369369,0.4594594594594595,0.10540540540540541,0.13288288288288289
51,43000.0,20200.0,18900.0,454000,81000.0,3900,14,2,5,MONTHLY,MEDIUM,EMERGENCY_FUND,87.0,HIGH,0.8798449612403101,0.4697674418604651,0.09069767441860466,0.1569767441860465
56,20000.0,13200.0,5100.0,42000,14000.0,1700,10,1,3,LUMP_SUM,HIGH,EMERGENCY_FUND,33.0,LOW,0.175,0.66,0.085,0.058333333333333334
21,79000.0,50100.0,11100.0,2114000,453000.0,17800,12,2,3,LUMP_SUM,MEDIUM,EMERGENCY_FUND,49.0,HIGH,2.229957805907173,0.6341772151898735,0.22531645569620254,0.4778481012658228
33,160000.0,106500.0,12300.0,4658000,1670000.0,41200,5,3,3,QUARTERLY,LOW,SHORT_TERM_GOAL,86.0,HIGH,2.426041666666667,0.665625,0.2575,0.8697916666666666
27,60000.0,34900.0,14800.0,509000,174000.0,10300,2,4,3,MONTHLY,HIGH,WEALTH_CREATION,64.0,HIGH,0.7069444444444445,0.5816666666666667,0.17166666666666666,0.24166666666666667
63,28000.0,21600.0,2400.0,882000,262000.0,4000,6,1,4,RARELY,HIGH,RETIREMENT,57.0,HIGH,2.625,0.7714285714285715,0.14285714285714285,0.7797619047619048
52,138000.0,69300.0,39600.0,1877000,352000.0,29100,3,1,4,MONTHLY,HIGH,TAX_SAVING,58.0,HIGH,1.1334541062801933,0.5021739130434782,0.2108695652173913,0.21256038647342995
49,22000.0,9000.0,10900.0,202000,44000.0,2100,8,2,2,LUMP_SUM,LOW,RETIREMENT,56.0,HIGH,0.7651515151515151,0.4090909090909091,0.09545454545454546,0.16666666666666666
63,208000.0,147600.0,53800.0,1492000,60000.0,6600,4,1,3,RARELY,LOW,RETIREMENT,62.0,MEDIUM,0.5977564102564102,0.7096153846153846,0.03173076923076923,0.02403846153846154
48,119000.0,62900.0,52000.0,1228000,124000.0,4100,1,2,3,MONTHLY,LOW,WEALTH_CREATION,92.0,HIGH,0.8599439775910365,0.5285714285714286,0.034453781512605045,0.08683473389355742
63,87000.0,53400.0,15100.0,1273000,251000.0,18500,17,2,1,MONTHLY,LOW,SHORT_TERM_GOAL,54.0,HIGH,1.2193486590038314,0.6137931034482759,0.21264367816091953,0.24042145593869732
25,116000.0,77000.0,24500.0,782000,106000.0,14500,17,1,3,MONTHLY,MEDIUM,SHORT_TERM_GOAL,59.0,HIGH,0.5617816091954023,0.6637931034482759,0.125,0.07614942528735633
48,93000.0,76100.0,16100.0,1620000,617000.0,800,14,1,3,MONTHLY,LOW,RETIREMENT,58.0,HIGH,1.4516129032258065,0.8182795698924731,0.008602150537634409,0.5528673835125448
56,130000.0,101000.0,100.0,4642000,294000.0,28900,2,1,2,RARELY,MEDIUM,EMERGENCY_FUND,47.0,HIGH,2.9756410256410257,0.7769230769230769,0.22230769230769232,0.18846153846153846
37,124000.0,114000.0,0.0,2770000,768000.0,20600,16,5,1,LUMP_SUM,HIGH,EMERGENCY_FUND,58.0,HIGH,1.8615591397849462,0.9193548387096774,0.16612903225806452,0.5161290322580645
47,74000.0,30200.0,19000.0,518000,177000.0,24800,9,2,3,QUARTERLY,HIGH,RETIREMENT,47.0,HIGH,0.5833333333333334,0.4081081081081081,0.33513513513513515,0.19932432432432431
36,313000.0,202800.0,64200.0,1781000,517000.0,46000,2,1,4,MONTHLY,MEDIUM,WEALTH_CREATION,63.0,HIGH,0.47417465388711394,0.6479233226837061,0.14696485623003194,0.13764643237486687
43,35000.0,16500.0,9200.0,380000,143000.0,9300,16,2,2,MONTHLY,MEDIUM,EMERGENCY_FUND,55.0,HIGH,0.9047619047619048,0.4714285714285714,0.26571428571428574,0.3404761904761905
50,141000.0,85900.0,31700.0,512000,82000.0,23400,4,1,3,LUMP_SUM,LOW,EMERGENCY_FUND,64.0,LOW,0.30260047281323876,0.6092198581560284,0.16595744680851063,0.04846335697399527
48,60000.0,30200.0,19500.0,741000,243000.0,10300,9,1,1,MONTHLY,LOW,RETIREMENT,59.0,HIGH,1.0291666666666666,0.5033333333333333,0.17166666666666666,0.3375
61,59000.0,51500.0,0.0,325000,141000.0,7800,3,3,3,RARELY,HIGH,SHORT_TERM_GOAL,68.0,LOW,0.4590395480225989,0.8728813559322034,0.13220338983050847,0.19915254237288135
48,136000.0,85100.0,0.0,1584000,232000.0,59400,2,4,3,RARELY,MEDIUM,RETIREMENT,60.0,MEDIUM,0.9705882352941176,0.6257352941176471,0.43676470588235294,0.14215686274509803
24,39000.0,14900.0,17900.0,149000,41000.0,6200,7,1,1,LUMP_SUM,MEDIUM,TAX_SAVING,58.0,LOW,0.31837606837606836,0.382051282051282,0.15897435897435896,0.0876068376068376
57,54000.0,19700.0,22900.0,505000,72000.0,11400,2,5,2,QUARTERLY,MEDIUM,TAX_SAVING,71.0,HIGH,0.779320987654321,0.3648148148148148,0.2111111111111111,0.1111111111111111
36,89000.0,46300.0,37000.0,1031000,635000.0,5700,5,1,3,MONTHLY,LOW,WEALTH_CREATION,57.0,HIGH,0.9653558052434457,0.5202247191011236,0.06404494382022471,0.5945692883895131
33,79000.0,52400.0,9600.0,1548000,18000.0,17000,8,2,1,MONTHLY,LOW,EMERGENCY_FUND,54.0,HIGH,1.6329113924050633,0.6632911392405063,0.21518987341772153,0.0189873417721519
57,57000.0,25100.0,18700.0,290000,121000.0,13200,11,1,4,RARELY,LOW,TAX_SAVING,71.0,HIGH,0.4239766081871345,0.44035087719298244,0.23157894736842105,0.17690058479532164
61,39000.0,12400.0,12600.0,80000,22000.0,14000,2,3,5,RARELY,MEDIUM,SHORT_TERM_GOAL,79.0,MEDIUM,0.17094017094017094,0.31794871794871793,0.358974358974359,0.04700854700854701
37,70000.0,32900.0,30600.0,612000,47000.0,6500,13,3,3,QUARTERLY,MEDIUM,WEALTH_CREATION,70.0,HIGH,0.7285714285714285,0.47,0.09285714285714286,0.055952380952380955
54,21000.0,9900.0,8600.0,409000,115000.0,2500,23,3,2,MONTHLY,HIGH,WEALTH_CREATION,62.0,HIGH,1.623015873015873,0.4714285714285714,0.11904761904761904,0.45634920634920634
22,26000.0,21900.0,0.0,216000,3000.0,8600,6,1,4,LUMP_SUM,HIGH,EMERGENCY_FUND,53.0,LOW,0.6923076923076923,0.8423076923076923,0.33076923076923076,0.009615384615384616
52,27000.0,16900.0,0.0,488000,277000.0,12500,8,2,2,MONTHLY,MEDIUM,SHORT_TERM_GOAL,57.0,MEDIUM,1.5061728395061729,0.6259259259259259,0.46296296296296297,0.8549382716049383
56,78000.0,61300.0,0.0,705000,342000.0,39800,4,2,4,QUARTERLY,MEDIUM,TAX_SAVING,69.0,MEDIUM,0.7532051282051282,0.7858974358974359,0.5102564102564102,0.36538461538461536
32,91000.0,60800.0,8600.0,1414000,686000.0,21600,1,2,4,MONTHLY,HIGH,TAX_SAVING,75.0,HIGH,1.294871794871795,0.6681318681318681,0.23736263736263735,0.6282051282051282
27,67000.0,45200.0,200.0,1417000,92000.0,21600,3,3,3,MONTHLY,HIGH,WEALTH_CREATION,64.0,HIGH,1.7624378109452736,0.6746268656716418,0.32238805970149254,0.11442786069651742
65,159000.0,79800.0,73600.0,989000,269000.0,5600,3,3,3,MONTHLY,MEDIUM,WEALTH_CREATION,79.0,HIGH,0.5183438155136268,0.5018867924528302,0.03522012578616352,0.14098532494758909
39,97000.0,50400.0,43500.0,1024000,101000.0,3100,21,1,3,MONTHLY,MEDIUM,RETIREMENT,62.0,HIGH,0.8797250859106529,0.5195876288659794,0.031958762886597936,0.08676975945017182
40,108000.0,49700.0,14200.0,492000,104000.0,44100,5,3,3,MONTHLY,LOW,WEALTH_CREATION,79.0,HIGH,0.37962962962962965,0.4601851851851852,0.4083333333333333,0.08024691358024691
64,56000.0,48300.0,0.0,890000,341000.0,17000,7,2,5,LUMP_SUM,MEDIUM,SHORT_TERM_GOAL,83.0,HIGH,1.3244047619047619,0.8625,0.30357142857142855,0.5074404761904762
54,100000.0,69100.0,22400.0,1075000,32000.0,8500,6,5,1,MONTHLY,HIGH,RETIREMENT,83.0,HIGH,0.8958333333333334,0.691,0.085,0.02666666666666667
35,42000.0,18900.0,15500.0,639000,108000.0,7600,4,3,3,MONTHLY,MEDIUM,WEALTH_CREATION,84.0,HIGH,1.2678571428571428,0.45,0.18095238095238095,0.21428571428571427
22,40000.0,17500.0,2700.0,348000,38000.0,19800,11,2,1,MONTHLY,HIGH,RETIREMENT,27.0,MEDIUM,0.725,0.4375,0.495,0.07916666666666666
32,155000.0,103900.0,16000.0,2492000,830000.0,35100,5,2,3,MONTHLY,MEDIUM,WEALTH_CREATION,70.0,HIGH,1.3397849462365592,0.6703225806451613,0.2264516129032258,0.44623655913978494
62,123000.0,67100.0,15200.0,347000,29000.0,40700,23,3,2,MONTHLY,MEDIUM,WEALTH_CREATION,81.0,HIGH,0.2350948509485095,0.5455284552845528,0.3308943089430894,0.01964769647696477
50,78000.0,64700.0,0.0,612000,134000.0,18500,9,2,1,MONTHLY,MEDIUM,WEALTH_CREATION,54.0,MEDIUM,0.6538461538461539,0.8294871794871795,0.23717948717948717,0.14316239316239315
50,67000.0,41700.0,21400.0,225000,113000.0,3900,22,1,3,MONTHLY,LOW,EMERGENCY_FUND,71.0,HIGH,0.2798507462686567,0.6223880597014926,0.058208955223880594,0.14054726368159204
46,39000.0,29600.0,1300.0,613000,147000.0,8100,10,5,3,LUMP_SUM,LOW,SHORT_TERM_GOAL,74.0,HIGH,1.3098290598290598,0.7589743589743589,0.2076923076923077,0.3141025641025641
44,100000.0,50300.0,25800.0,1467000,468000.0,23900,1,3,2,MONTHLY,MEDIUM,RETIREMENT,74.0,HIGH,1.2225,0.503,0.239,0.39
51,40000.0,21700.0,8100.0,670000,107000.0,10200,5,1,3,QUARTERLY,MEDIUM,RETIREMENT,50.0,HIGH,1.3958333333333333,0.5425,0.255,0.22291666666666668
32,55000.0,31700.0,0.0,501000,56000.0,27100,2,3,4,RARELY,HIGH,SHORT_TERM_GOAL,69.0,LOW,0.759090909090909,0.5763636363636364,0.49272727272727274,0.08484848484848485
27,103000.0,80400.0,6800.0,638000,297000.0,15800,3,3,3,MONTHLY,MEDIUM,TAX_SAVING,70.0,MEDIUM,0.5161812297734628,0.7805825242718447,0.1533980582524272,0.24029126213592233
22,91000.0,54900.0,8600.0,654000,176000.0,27500,8,1,5,MONTHLY,MEDIUM,EMERGENCY_FUND,94.0,MEDIUM,0.5989010989010989,0.6032967032967033,0.3021978021978022,0.16117216117216118
59,101000.0,82200.0,0.0,411000,104000.0,40300,4,1,3,MONTHLY,MEDIUM,EMERGENCY_FUND,58.0,LOW,0.33910891089108913,0.8138613861386138,0.39900990099009903,0.0858085808580858
33,79000.0,55700.0,8800.0,1555000,107000.0,14500,5,3,2,QUARTERLY,MEDIUM,TAX_SAVING,64.0,HIGH,1.640295358649789,0.7050632911392405,0.18354430379746836,0.11286919831223628
44,47000.0,16700.0,11500.0,327000,145000.0,18800,8,2,3,MONTHLY,LOW,WEALTH_CREATION,64.0,HIGH,0.5797872340425532,0.3553191489361702,0.4,0.2570921985815603
45,27000.0,18100.0,7500.0,147000,29000.0,1400,11,2,3,QUARTERLY,HIGH,TAX_SAVING,59.0,MEDIUM,0.4537037037037037,0.6703703703703704,0.05185185185185185,0.08950617283950617
27,35000.0,22400.0,10600.0,246000,60000.0,2000,20,1,1,LUMP_SUM,LOW,WEALTH_CREATION,37.0,HIGH,0.5857142857142857,0.64,0.05714285714285714,0.14285714285714285
49,26000.0,21600.0,300.0,152000,40000.0,4100,9,2,2,MONTHLY,HIGH,WEALTH_CREATION,41.0,MEDIUM,0.48717948717948717,0.8307692307692308,0.1576923076923077,0.1282051282051282
60,36000.0,19100.0,13600.0,735000,62000.0,3300,16,4,4,QUARTERLY,MEDIUM,EMERGENCY_FUND,83.0,HIGH,1.7013888888888888,0.5305555555555556,0.09166666666666666,0.14351851851851852
57,92000.0,68300.0,22200.0,777000,85000.0,1500,11,1,4,LUMP_SUM,MEDIUM,WEALTH_CREATION,66.0,HIGH,0.7038043478260869,0.7423913043478261,0.016304347826086956,0.0769927536231884
51,84000.0,63400.0,10500.0,1852000,392000.0,10100,24,4,1,QUARTERLY,LOW,RETIREMENT,71.0,HIGH,1.8373015873015872,0.7547619047619047,0.12023809523809524,0.3888888888888889
65,90000.0,77600.0,0.0,3531000,861000.0,36100,3,4,2,MONTHLY,MEDIUM,RETIREMENT,76.0,HIGH,3.2694444444444444,0.8622222222222222,0.4011111111111111,0.7972222222222223
22,23000.0,18800.0,0.0,55000,15000.0,4400,1,3,3,MONTHLY,LOW,WEALTH_CREATION,75.0,MEDIUM,0.19927536231884058,0.8173913043478261,0.19130434782608696,0.05434782608695652
40,44000.0,32900.0,0.0,841000,165000.0,14900,3,4,5,MONTHLY,MEDIUM,WEALTH_CREATION,92.0,HIGH,1.5928030303030303,0.7477272727272727,0.3386363636363636,0.3125
63,103000.0,88800.0,0.0,3522000,1063000.0,17200,1,1,2,MONTHLY,HIGH,RETIREMENT,53.0,HIGH,2.849514563106796,0.8621359223300971,0.1669902912621359,0.860032362459547
65,170000.0,96000.0,48800.0,2573000,1265000.0,25200,5,2,1,MONTHLY,LOW,WEALTH_CREATION,56.0,HIGH,1.2612745098039215,0.5647058823529412,0.14823529411764705,0.6200980392156863
50,51000.0,35500.0,2500.0,142000,18000.0,13000,14,2,4,MONTHLY,HIGH,EMERGENCY_FUND,65.0,LOW,0.23202614379084968,0.696078431372549,0.2549019607843137,0.029411764705882353
61,77000.0,57100.0,0.0,635000,150000.0,22300,9,3,1,MONTHLY,MEDIUM,WEALTH_CREATION,57.0,MEDIUM,0.6872294372294372,0.7415584415584415,0.2896103896103896,0.16233766233766234
55,161000.0,60300.0,53300.0,552000,129000.0,47400,16,4,2,LUMP_SUM,LOW,EMERGENCY_FUND,79.0,HIGH,0.2857142857142857,0.37453416149068325,0.29440993788819875,0.06677018633540373
64,172000.0,91200.0,49800.0,2039000,1810000.0,31000,14,3,3,MONTHLY,MEDIUM,WEALTH_CREATION,65.0,HIGH,0.9878875968992248,0.5302325581395348,0.18023255813953487,0.876937984496124
38,67000.0,33300.0,23100.0,931000,300000.0,10600,24,1,3,MONTHLY,LOW,TAX_SAVING,73.0,HIGH,1.157960199004975,0.49701492537313435,0.1582089552238806,0.373134328358209
22,126000.0,79800.0,9100.0,1067000,232000.0,37100,19,5,5,LUMP_SUM,MEDIUM,SHORT_TERM_GOAL,100.0,HIGH,0.7056878306878307,0.6333333333333333,0.29444444444444445,0.15343915343915343
21,136000.0,125100.0,0.0,1856000,932000.0,21000,5,1,1,LUMP_SUM,HIGH,EMERGENCY_FUND,22.0,LOW,1.1372549019607843,0.9198529411764705,0.15441176470588236,0.571078431372549
38,85000.0,52700.0,18700.0,1197000,331000.0,13600,12,3,1,QUARTERLY,HIGH,WEALTH_CREATION,50.0,HIGH,1.173529411764706,0.62,0.16,0.32450980392156864
38,27000.0,22500.0,0.0,804000,143000.0,7100,10,1,1,RARELY,HIGH,RETIREMENT,24.0,HIGH,2.4814814814814814,0.8333333333333334,0.26296296296296295,0.44135802469135804
63,89000.0,44200.0,33300.0,937000,34000.0,11500,2,1,3,MONTHLY,HIGH,EMERGENCY_FUND,33.0,LOW,0.8773408239700374,0.4966292134831461,0.12921348314606743,0.031835205992509365
21,64000.0,51900.0,0.0,707000,239000.0,17500,7,4,1,MONTHLY,HIGH,RETIREMENT,81.0,HIGH,0.9205729166666666,0.8109375,0.2734375,0.3111979166666667
64,83000.0,56000.0,12000.0,827000,234000.0,15000,10,2,5,QUARTERLY,LOW,WEALTH_CREATION,78.0,HIGH,0.8303212851405622,0.6746987951807228,0.18072289156626506,0.23493975903614459
43,28000.0,20200.0,5500.0,930000,276000.0,2300,16,1,1,RARELY,HIGH,EMERGENCY_FUND,34.0,HIGH,2.767857142857143,0.7214285714285714,0.08214285714285714,0.8214285714285714
53,68000.0,48100.0,0.0,477000,94000.0,35200,10,2,3,MONTHLY,HIGH,WEALTH_CREATION,57.0,MEDIUM,0.5845588235294118,0.7073529411764706,0.5176470588235295,0.11519607843137254
51,44000.0,25700.0,8500.0,147000,44000.0,9800,20,3,4,RARELY,LOW,RETIREMENT,97.0,HIGH,0.2784090909090909,0.5840909090909091,0.22272727272727272,0.08333333333333333
58,89000.0,52400.0,33600.0,1090000,581000.0,3000,5,2,2,MONTHLY,MEDIUM,RETIREMENT,54.0,HIGH,1.0205992509363295,0.5887640449438202,0.033707865168539325,0.5440074906367042
50,111000.0,83500.0,20500.0,1362000,15000.0,7000,11,4,2,RARELY,HIGH,RETIREMENT,56.0,HIGH,1.0225225225225225,0.7522522522522522,0.06306306306306306,0.01126126126126126
62,91000.0,35400.0,49500.0,305000,80000.0,6100,8,2,4,MONTHLY,MEDIUM,RETIREMENT,75.0,HIGH,0.2793040293040293,0.389010989010989,0.06703296703296703,0.07326007326007326
31,57000.0,52400.0,2300.0,1430000,872000.0,2300,4,2,3,MONTHLY,HIGH,WEALTH_CREATION,70.0,HIGH,2.090643274853801,0.9192982456140351,0.04035087719298246,1.2748538011695907
47,103000.0,74300.0,1100.0,696000,187000.0,27600,11,4,2,MONTHLY,LOW,WEALTH_CREATION,73.0,HIGH,0.5631067961165048,0.7213592233009709,0.26796116504854367,0.15129449838187703
54,62000.0,47900.0,0.0,809000,73000.0,20700,13,1,1,MONTHLY,MEDIUM,SHORT_TERM_GOAL,42.0,LOW,1.0873655913978495,0.7725806451612903,0.3338709677419355,0.09811827956989247
35,73000.0,49600.0,19800.0,1142000,585000.0,3600,12,3,2,LUMP_SUM,LOW,RETIREMENT,90.0,HIGH,1.3036529680365296,0.6794520547945205,0.049315068493150684,0.6678082191780822
29,31000.0,11900.0,11800.0,253000,98000.0,7300,6,2,4,MONTHLY,MEDIUM,SHORT_TERM_GOAL,51.0,MEDIUM,0.6801075268817204,0.38387096774193546,0.23548387096774193,0.26344086021505375
31,43000.0,36500.0,2600.0,557000,108000.0,3900,16,4,3,RARELY,HIGH,SHORT_TERM_GOAL,65.0,MEDIUM,1.0794573643410852,0.8488372093023255,0.09069767441860466,0.20930232558139536
25,42000.0,38600.0,0.0,455000,103000.0,10700,13,5,2,MONTHLY,MEDIUM,RETIREMENT,89.0,HIGH,0.9027777777777778,0.919047619047619,0.25476190476190474,0.20436507936507936
58,240000.0,197100.0,34200.0,853000,112000.0,8700,7,4,3,MONTHLY,HIGH,RETIREMENT,80.0,HIGH,0.29618055555555556,0.82125,0.03625,0.03888888888888889
61,89000.0,76000.0,0.0,1143000,463000.0,22500,15,1,2,MONTHLY,MEDIUM,WEALTH_CREATION,57.0,HIGH,1.0702247191011236,0.8539325842696629,0.25280898876404495,0.43352059925093633
27,37000.0,17500.0,17300.0,480000,129000.0,2200,8,4,2,MONTHLY,HIGH,WEALTH_CREATION,61.0,HIGH,1.0810810810810811,0.47297297297297297,0.05945945945945946,0.2905405405405405
41,33000.0,23600.0,8500.0,580000,70000.0,900,5,3,3,QUARTERLY,MEDIUM,WEALTH_CREATION,55.0,HIGH,1.4646464646464648,0.7151515151515152,0.02727272727272727,0.17676767676767677
45,32000.0,20500.0,8700.0,41000,25000.0,2800,8,1,4,RARELY,MEDIUM,RETIREMENT,48.0,MEDIUM,0.10677083333333333,0.640625,0.0875,0.06510416666666667
38,96000.0,51700.0,0.0,987000,346000.0,47600,12,3,2,MONTHLY,MEDIUM,WEALTH_CREATION,72.0,HIGH,0.8567708333333334,0.5385416666666667,0.49583333333333335,0.3003472222222222
52,105000.0,80600.0,7200.0,1002000,487000.0,17200,15,4,3,LUMP_SUM,MEDIUM,EMERGENCY_FUND,58.0,HIGH,0.7952380952380952,0.7676190476190476,0.16380952380952382,0.3865079365079365
22,44000.0,27800.0,9800.0,343000,129000.0,6400,4,3,1,LUMP_SUM,LOW,TAX_SAVING,73.0,HIGH,0.6496212121212122,0.6318181818181818,0.14545454545454545,0.24431818181818182
34,124000.0,82100.0,12600.0,1592000,196000.0,29300,9,1,4,MONTHLY,HIGH,TAX_SAVING,49.0,HIGH,1.0698924731182795,0.6620967741935484,0.23629032258064517,0.13172043010752688
27,125000.0,72000.0,27700.0,1579000,511000.0,25300,9,3,1,MONTHLY,LOW,RETIREMENT,71.0,HIGH,1.0526666666666666,0.576,0.2024,0.3406666666666667
51,74000.0,39500.0,20000.0,587000,98000.0,14500,13,2,2,MONTHLY,HIGH,WEALTH_CREATION,44.0,MEDIUM,0.661036036036036,0.5337837837837838,0.19594594594594594,0.11036036036036036
28,42000.0,25600.0,0.0,230000,113000.0,18500,12,2,3,QUARTERLY,HIGH,EMERGENCY_FUND,80.0,MEDIUM,0.45634920634920634,0.6095238095238096,0.44047619047619047,0.22420634920634921
45,63000.0,36700.0,12900.0,1209000,175000.0,13400,22,4,1,MONTHLY,MEDIUM,SHORT_TERM_GOAL,59.0,HIGH,1.5992063492063493,0.5825396825396826,0.2126984126984127,0.23148148148148148
64,76000.0,47700.0,5000.0,1410000,195000.0,23300,9,2,3,RARELY,MEDIUM,WEALTH_CREATION,61.0,HIGH,1.5460526315789473,0.6276315789473684,0.30657894736842106,0.2138157894736842
55,57000.0,20100.0,31900.0,581000,67000.0,5000,2,2,1,RARELY,HIGH,TAX_SAVING,31.0,MEDIUM,0.8494152046783626,0.3526315789473684,0.08771929824561403,0.097953216374269
27,127000.0,67500.0,17800.0,3560000,417000.0,41700,8,1,3,RARELY,HIGH,EMERGENCY_FUND,49.0,MEDIUM,2.335958005249344,0.531496062992126,0.3283464566929134,0.2736220472440945
59,87000.0,66700.0,0.0,737000,193000.0,24000,21,2,2,QUARTERLY,MEDIUM,TAX_SAVING,36.0,MEDIUM,0.7059386973180076,0.7666666666666667,0.27586206896551724,0.18486590038314177
33,94000.0,32300.0,40700.0,763000,57000.0,21000,25,1,3,LUMP_SUM,MEDIUM,TAX_SAVING,60.0,HIGH,0.6764184397163121,0.34361702127659577,0.22340425531914893,0.05053191489361702
42,137000.0,71100.0,56200.0,890000,557000.0,9700,8,1,3,MONTHLY,HIGH,EMERGENCY_FUND,42.0,MEDIUM,0.5413625304136253,0.518978102189781,0.0708029197080292,0.33880778588807786
53,49000.0,16200.0,21100.0,317000,117000.0,11700,12,2,3,RARELY,MEDIUM,WEALTH_CREATION,63.0,HIGH,0.5391156462585034,0.3306122448979592,0.23877551020408164,0.1989795918367347
52,38000.0,24100.0,10300.0,539000,151000.0,3600,3,4,1,MONTHLY,MEDIUM,RETIREMENT,86.0,HIGH,1.1820175438596492,0.6342105263157894,0.09473684210526316,0.33114035087719296
36,146000.0,99700.0,38900.0,1856000,596000.0,7400,16,4,2,MONTHLY,HIGH,WEALTH_CREATION,69.0,HIGH,1.0593607305936072,0.6828767123287671,0.050684931506849315,0.3401826484018265
37,76000.0,57000.0,9400.0,147000,42000.0,9600,7,5,1,MONTHLY,MEDIUM,WEALTH_CREATION,83.0,HIGH,0.1611842105263158,0.75,0.12631578947368421,0.046052631578947366
30,37000.0,24600.0,7800.0,683000,137000.0,4600,11,1,4,QUARTERLY,MEDIUM,EMERGENCY_FUND,70.0,HIGH,1.5382882882882882,0.6648648648648648,0.12432432432432433,0.30855855855855857
60,69000.0,43500.0,0.0,2163000,11000.0,28000,10,2,2,RARELY,MEDIUM,EMERGENCY_FUND,54.0,MEDIUM,2.61231884057971,0.6304347826086957,0.4057971014492754,0.013285024154589372
26,61000.0,46700.0,0.0,754000,128000.0,23900,2,2,3,MONTHLY,HIGH,WEALTH_CREATION,64.0,MEDIUM,1.030054644808743,0.7655737704918033,0.3918032786885246,0.17486338797814208
22,102000.0,44000.0,55700.0,542000,31000.0,2300,3,2,1,MONTHLY,MEDIUM,TAX_SAVING,33.0,MEDIUM,0.44281045751633985,0.43137254901960786,0.022549019607843137,0.025326797385620915
22,77000.0,63500.0,0.0,848000,199000.0,37700,11,2,4,MONTHLY,MEDIUM,WEALTH_CREATION,95.0,HIGH,0.9177489177489178,0.8246753246753247,0.4896103896103896,0.21536796536796537
43,158000.0,86800.0,51800.0,621000,447000.0,19400,3,4,4,RARELY,HIGH,WEALTH_CREATION,63.0,HIGH,0.3275316455696203,0.549367088607595,0.12278481012658228,0.23575949367088608
27,61000.0,39100.0,18200.0,1031000,57000.0,3700,4,3,1,QUARTERLY,HIGH,TAX_SAVING,30.0,HIGH,1.4084699453551912,0.6409836065573771,0.060655737704918035,0.0778688524590164
38,28000.0,17000.0,5800.0,126000,53000.0,5200,4,1,3,LUMP_SUM,HIGH,RETIREMENT,39.0,LOW,0.375,0.6071428571428571,0.18571428571428572,0.15773809523809523
29,132000.0,56300.0,52900.0,504000,162000.0,22800,4,1,2,LUMP_SUM,HIGH,WEALTH_CREATION,40.0,MEDIUM,0.3181818181818182,0.4265151515151515,0.17272727272727273,0.10227272727272728
54,67000.0,31500.0,20300.0,402000,169000.0,15200,3,1,2,MONTHLY,HIGH,WEALTH_CREATION,56.0,MEDIUM,0.5,0.4701492537313433,0.22686567164179106,0.21019900497512436
37,64000.0,46100.0,14500.0,1249000,52000.0,3400,11,2,2,MONTHLY,HIGH,RETIREMENT,49.0,HIGH,1.6263020833333333,0.7203125,0.053125,0.06770833333333333
34,97000.0,76300.0,3400.0,1166000,242000.0,17300,22,3,3,RARELY,MEDIUM,RETIREMENT,69.0,HIGH,1.0017182130584192,0.7865979381443299,0.17835051546391753,0.20790378006872853
28,35000.0,16300.0,17800.0,104000,35000.0,900,13,3,4,MONTHLY,MEDIUM,EMERGENCY_FUND,79.0,HIGH,0.24761904761904763,0.4657142857142857,0.025714285714285714,0.08333333333333333
62,218000.0,157100.0,11300.0,2428000,284000.0,49600,9,2,4,QUARTERLY,MEDIUM,SHORT_TERM_GOAL,63.0,MEDIUM,0.9281345565749235,0.7206422018348624,0.22752293577981653,0.10856269113149847
32,37000.0,28600.0,300.0,32000,11000.0,8100,3,2,1,MONTHLY,MEDIUM,WEALTH_CREATION,55.0,LOW,0.07207207207207207,0.772972972972973,0.21891891891891893,0.024774774774774775
56,25000.0,17500.0,3500.0,301000,21000.0,4000,18,4,5,QUARTERLY,LOW,WEALTH_CREATION,98.0,HIGH,1.0033333333333334,0.7,0.16,0.07
46,20000.0,16800.0,0.0,185000,59000.0,3500,1,1,3,RARELY,HIGH,WEALTH_CREATION,50.0,MEDIUM,0.7708333333333334,0.84,0.175,0.24583333333333332
25,134000.0,101700.0,0.0,2479000,266000.0,33800,15,2,1,MONTHLY,MEDIUM,EMERGENCY_FUND,61.0,HIGH,1.5416666666666667,0.758955223880597,0.25223880597014925,0.1654228855721393
52,68000.0,36800.0,30000.0,159000,14000.0,1200,3,3,5,QUARTERLY,MEDIUM,EMERGENCY_FUND,89.0,HIGH,0.1948529411764706,0.5411764705882353,0.01764705882352941,0.01715686274509804
53,37000.0,25000.0,0.0,1325000,56000.0,14500,10,1,5,MONTHLY,MEDIUM,WEALTH_CREATION,69.0,HIGH,2.984234234234234,0.6756756756756757,0.3918918918918919,0.12612612612612611
33,38000.0,20600.0,8000.0,98000,22000.0,9400,5,4,1,MONTHLY,LOW,TAX_SAVING,73.0,HIGH,0.2149122807017544,0.5421052631578948,0.24736842105263157,0.04824561403508772
21,30000.0,16200.0,9000.0,304000,34000.0,4800,13,1,1,MONTHLY,MEDIUM,WEALTH_CREATION,49.0,HIGH,0.8444444444444444,0.54,0.16,0.09444444444444444
49,51000.0,29000.0,16200.0,648000,154000.0,5800,3,1,2,LUMP_SUM,HIGH,WEALTH_CREATION,34.0,MEDIUM,1.0588235294117647,0.5686274509803921,0.11372549019607843,0.25163398692810457
47,54000.0,20600.0,20700.0,301000,126000.0,12700,3,4,4,QUARTERLY,LOW,SHORT_TERM_GOAL,100.0,HIGH,0.4645061728395062,0.3814814814814815,0.2351851851851852,0.19444444444444445
53,122000.0,99000.0,0.0,2506000,1017000.0,23300,6,1,4,MONTHLY,LOW,SHORT_TERM_GOAL,81.0,HIGH,1.7117486338797814,0.8114754098360656,0.19098360655737706,0.694672131147541
35,44000.0,39500.0,0.0,543000,110000.0,5300,17,3,2,QUARTERLY,MEDIUM,TAX_SAVING,61.0,HIGH,1.0284090909090908,0.8977272727272727,0.12045454545454545,0.20833333333333334
28,89000.0,50300.0,31600.0,405000,29000.0,7100,16,5,1,LUMP_SUM,HIGH,SHORT_TERM_GOAL,67.0,HIGH,0.3792134831460674,0.5651685393258427,0.07977528089887641,0.027153558052434457
37,132000.0,62700.0,58900.0,361000,56000.0,10400,1,1,3,MONTHLY,MEDIUM,WEALTH_CREATION,70.0,MEDIUM,0.22790404040404041,0.475,0.07878787878787878,0.03535353535353535
58,95000.0,23100.0,33900.0,1527000,173000.0,38000,8,3,3,LUMP_SUM,MEDIUM,WEALTH_CREATION,81.0,HIGH,1.3394736842105264,0.2431578947368421,0.4,0.15175438596491228
48,37000.0,15300.0,15200.0,440000,116000.0,6500,24,1,3,RARELY,HIGH,WEALTH_CREATION,48.0,HIGH,0.990990990990991,0.4135135135135135,0.17567567567567569,0.26126126126126126
47,64000.0,49300.0,11900.0,727000,90000.0,2800,17,3,2,MONTHLY,HIGH,WEALTH_CREATION,40.0,HIGH,0.9466145833333334,0.7703125,0.04375,0.1171875
34,59000.0,40100.0,0.0,1072000,214000.0,25800,4,2,1,MONTHLY,MEDIUM,EMERGENCY_FUND,42.0,MEDIUM,1.5141242937853108,0.6796610169491526,0.43728813559322033,0.3022598870056497
43,76000.0,25000.0,48600.0,317000,28000.0,2400,10,5,2,MONTHLY,LOW,TAX_SAVING,67.0,HIGH,0.3475877192982456,0.32894736842105265,0.031578947368421054,0.03070175438596491
32,82000.0,75400.0,0.0,2028000,557000.0,37100,11,2,4,QUARTERLY,MEDIUM,RETIREMENT,73.0,HIGH,2.0609756097560976,0.9195121951219513,0.4524390243902439,0.5660569105691057
55,29000.0,11900.0,13700.0,76000,1000.0,3400,9,2,1,LUMP_SUM,MEDIUM,RETIREMENT,49.0,HIGH,0.21839080459770116,0.4103448275862069,0.11724137931034483,0.0028735632183908046
32,335000.0,241000.0,71800.0,512000,90000.0,22200,3,2,2,MONTHLY,HIGH,RETIREMENT,62.0,MEDIUM,0.12736318407960198,0.7194029850746269,0.0662686567164179,0.022388059701492536
62,52000.0,24100.0,22200.0,165000,50000.0,5700,6,2,5,LUMP_SUM,LOW,RETIREMENT,84.0,HIGH,0.2644230769230769,0.4634615384615385,0.10961538461538461,0.08012820512820513
29,112000.0,48700.0,49900.0,2079000,1385000.0,13400,4,4,4,QUARTERLY,MEDIUM,SHORT_TERM_GOAL,89.0,HIGH,1.546875,0.4348214285714286,0.11964285714285715,1.0305059523809523
31,38000.0,19200.0,14100.0,344000,36000.0,4700,21,1,4,MONTHLY,HIGH,TAX_SAVING,75.0,HIGH,0.7543859649122807,0.5052631578947369,0.12368421052631579,0.07894736842105263
24,145000.0,64400.0,45700.0,835000,150000.0,34900,4,3,3,MONTHLY,HIGH,EMERGENCY_FUND,72.0,MEDIUM,0.47988505747126436,0.44413793103448274,0.24068965517241378,0.08620689655172414
51,75000.0,45600.0,20700.0,563000,145000.0,8700,3,1,2,LUMP_SUM,HIGH,SHORT_TERM_GOAL,50.0,LOW,0.6255555555555555,0.608,0.116,0.16111111111111112
57,32000.0,23800.0,4500.0,332000,167000.0,3700,2,3,1,MONTHLY,MEDIUM,TAX_SAVING,54.0,MEDIUM,0.8645833333333334,0.74375,0.115625,0.4348958333333333
44,43000.0,29600.0,8100.0,987000,75000.0,5300,14,1,2,MONTHLY,LOW,SHORT_TERM_GOAL,70.0,HIGH,1.9127906976744187,0.6883720930232559,0.12325581395348838,0.14534883720930233
25,66000.0,36700.0,12800.0,252000,47000.0,16500,12,2,5,MONTHLY,HIGH,SHORT_TERM_GOAL,80.0,MEDIUM,0.3181818181818182,0.556060606060606,0.25,0.059343434343434344
40,96000.0,64900.0,25500.0,1310000,397000.0,5600,3,1,3,RARELY,LOW,TAX_SAVING,59.0,HIGH,1.1371527777777777,0.6760416666666667,0.058333333333333334,0.3446180555555556
29,53000.0,46100.0,0.0,952000,26000.0,16900,11,1,1,MONTHLY,MEDIUM,TAX_SAVING,56.0,HIGH,1.4968553459119496,0.869811320754717,0.31886792452830187,0.040880503144654086
50,155000.0,85600.0,57700.0,506000,96000.0,11700,8,4,2,MONTHLY,MEDIUM,EMERGENCY_FUND,91.0,HIGH,0.27204301075268816,0.552258064516129,0.07548387096774194,0.05161290322580645
44,121000.0,67800.0,34300.0,719000,60000.0,18900,1,4,3,MONTHLY,LOW,WEALTH_CREATION,98.0,HIGH,0.4951790633608815,0.5603305785123966,0.15619834710743802,0.04132231404958678
57,31000.0,18900.0,4900.0,367000,51000.0,7200,21,2,4,RARELY,MEDIUM,WEALTH_CREATION,64.0,HIGH,0.9865591397849462,0.6096774193548387,0.23225806451612904,0.13709677419354838
23,37000.0,23400.0,10800.0,111000,9000.0,2800,2,1,2,QUARTERLY,LOW,SHORT_TERM_GOAL,40.0,LOW,0.25,0.6324324324324324,0.07567567567567568,0.02027027027027027
29,27000.0,17200.0,7700.0,309000,51000.0,2100,5,1,5,MONTHLY,HIGH,EMERGENCY_FUND,64.0,MEDIUM,0.9537037037037037,0.6370370370370371,0.07777777777777778,0.1574074074074074
65,60000.0,34500.0,11700.0,593000,201000.0,13800,8,2,3,MONTHLY,MEDIUM,RETIREMENT,57.0,MEDIUM,0.8236111111111111,0.575,0.23,0.2791666666666667
35,57000.0,33300.0,18800.0,150000,19000.0,4900,13,3,3,RARELY,HIGH,EMERGENCY_FUND,69.0,MEDIUM,0.21929824561403508,0.5842105263157895,0.08596491228070176,0.027777777777777776
35,93000.0,66200.0,2100.0,754000,152000.0,24700,9,3,1,RARELY,HIGH,WEALTH_CREATION,57.0,LOW,0.6756272401433692,0.7118279569892473,0.26559139784946234,0.13620071684587814
29,63000.0,36100.0,20100.0,474000,22000.0,6800,3,1,1,MONTHLY,LOW,SHORT_TERM_GOAL,47.0,MEDIUM,0.626984126984127,0.573015873015873,0.10793650793650794,0.0291005291005291
65,55000.0,38500.0,0.0,1436000,444000.0,21000,14,1,4,MONTHLY,MEDIUM,WEALTH_CREATION,55.0,HIGH,2.175757575757576,0.7,0.38181818181818183,0.6727272727272727
40,69000.0,54500.0,8400.0,1488000,255000.0,6100,8,1,4,RARELY,HIGH,RETIREMENT,56.0,HIGH,1.7971014492753623,0.7898550724637681,0.08840579710144927,0.3079710144927536
30,113000.0,65500.0,36700.0,1205000,430000.0,10800,5,2,2,QUARTERLY,LOW,RETIREMENT,79.0,HIGH,0.8886430678466076,0.5796460176991151,0.09557522123893805,0.31710914454277284
61,41000.0,30000.0,5100.0,289000,83000.0,5900,9,2,3,MONTHLY,MEDIUM,RETIREMENT,60.0,HIGH,0.5873983739837398,0.7317073170731707,0.14390243902439023,0.16869918699186992
45,28000.0,14700.0,6800.0,335000,117000.0,6500,6,3,4,MONTHLY,MEDIUM,WEALTH_CREATION,83.0,HIGH,0.9970238095238095,0.525,0.23214285714285715,0.3482142857142857
64,109000.0,59400.0,32800.0,72000,19000.0,16800,2,2,3,LUMP_SUM,LOW,SHORT_TERM_GOAL,64.0,LOW,0.05504587155963303,0.544954128440367,0.15412844036697249,0.01452599388379205
46,39000.0,18600.0,10200.0,1046000,257000.0,10200,14,4,1,QUARTERLY,LOW,WEALTH_CREATION,68.0,HIGH,2.235042735042735,0.47692307692307695,0.26153846153846155,0.5491452991452992
35,180000.0,60400.0,105000.0,717000,382000.0,14600,2,4,3,MONTHLY,MEDIUM,WEALTH_CREATION,92.0,HIGH,0.33194444444444443,0.33555555555555555,0.0811111111111111,0.17685185185185184
29,61000.0,37800.0,7900.0,726000,204000.0,15300,11,3,4,MONTHLY,HIGH,RETIREMENT,78.0,HIGH,0.9918032786885246,0.6196721311475409,0.25081967213114753,0.2786885245901639
54,75000.0,37000.0,27200.0,934000,629000.0,10800,12,4,2,LUMP_SUM,HIGH,WEALTH_CREATION,49.0,HIGH,1.0377777777777777,0.49333333333333335,0.144,0.6988888888888889
52,52000.0,26100.0,20600.0,161000,79000.0,5300,10,1,4,RARELY,HIGH,RETIREMENT,38.0,MEDIUM,0.25801282051282054,0.5019230769230769,0.10192307692307692,0.1266025641025641
30,48000.0,23300.0,20600.0,950000,90000.0,4100,19,1,1,QUARTERLY,MEDIUM,RETIREMENT,38.0,HIGH,1.6493055555555556,0.48541666666666666,0.08541666666666667,0.15625
24,59000.0,45100.0,11900.0,969000,227000.0,2000,10,1,3,QUARTERLY,LOW,WEALTH_CREATION,71.0,HIGH,1.36864406779661,0.764406779661017,0.03389830508474576,0.3206214689265537
56,72000.0,42700.0,26300.0,1086000,427000.0,3000,18,1,5,LUMP_SUM,MEDIUM,EMERGENCY_FUND,65.0,HIGH,1.2569444444444444,0.5930555555555556,0.041666666666666664,0.49421296296296297
52,124000.0,78900.0,30700.0,1798000,495000.0,14400,2,2,5,LUMP_SUM,LOW,WEALTH_CREATION,82.0,HIGH,1.2083333333333333,0.6362903225806451,0.11612903225806452,0.3326612903225806
55,52000.0,33300.0,11900.0,388000,263000.0,6800,19,3,3,QUARTERLY,HIGH,TAX_SAVING,67.0,HIGH,0.6217948717948718,0.6403846153846153,0.13076923076923078,0.421474358974359
28,132000.0,88200.0,8900.0,1035000,39000.0,34900,15,5,3,RARELY,LOW,EMERGENCY_FUND,100.0,HIGH,0.6534090909090909,0.6681818181818182,0.2643939393939394,0.02462121212121212
48,50000.0,30200.0,12500.0,338000,66000.0,7300,9,4,2,MONTHLY,HIGH,WEALTH_CREATION,56.0,HIGH,0.5633333333333334,0.604,0.146,0.11
33,32000.0,28600.0,0.0,1033000,540000.0,9600,16,1,5,MONTHLY,MEDIUM,SHORT_TERM_GOAL,64.0,HIGH,2.6901041666666665,0.89375,0.3,1.40625
47,52000.0,29000.0,19200.0,387000,6000.0,3800,3,1,5,MONTHLY,MEDIUM,WEALTH_CREATION,92.0,HIGH,0.6201923076923077,0.5576923076923077,0.07307692307692308,0.009615384615384616
41,92000.0,66300.0,13500.0,2314000,647000.0,12200,14,4,3,MONTHLY,MEDIUM,EMERGENCY_FUND,100.0,HIGH,2.096014492753623,0.7206521739130435,0.13260869565217392,0.5860507246376812
57,69000.0,45900.0,17100.0,1230000,256000.0,6000,3,1,1,MONTHLY,MEDIUM,SHORT_TERM_GOAL,58.0,MEDIUM,1.4855072463768115,0.6652173913043479,0.08695652173913043,0.30917874396135264
23,77000.0,21600.0,36800.0,601000,81000.0,18600,1,1,3,LUMP_SUM,MEDIUM,WEALTH_CREATION,42.0,HIGH,0.6504329004329005,0.2805194805194805,0.24155844155844156,0.08766233766233766
48,157000.0,131500.0,0.0,5771000,2519000.0,66800,6,2,1,MONTHLY,LOW,WEALTH_CREATION,52.0,HIGH,3.063163481953291,0.8375796178343949,0.42547770700636944,1.3370488322717622
31,72000.0,42000.0,10200.0,1067000,512000.0,19800,14,1,3,QUARTERLY,MEDIUM,WEALTH_CREATION,47.0,HIGH,1.2349537037037037,0.5833333333333334,0.275,0.5925925925925926
47,205000.0,103000.0,42300.0,787000,231000.0,59700,18,3,1,RARELY,MEDIUM,RETIREMENT,46.0,MEDIUM,0.3199186991869919,0.5024390243902439,0.29121951219512193,0.09390243902439024
22,55000.0,28100.0,18700.0,579000,164000.0,8200,8,4,4,QUARTERLY,MEDIUM,WEALTH_CREATION,89.0,HIGH,0.8772727272727273,0.5109090909090909,0.14909090909090908,0.24848484848484848
52,74000.0,53300.0,10800.0,163000,70000.0,9900,17,1,3,MONTHLY,LOW,WEALTH_CREATION,92.0,HIGH,0.18355855855855857,0.7202702702702702,0.13378378378378378,0.07882882882882883
46,79000.0,40000.0,31000.0,122000,56000.0,8000,10,2,1,MONTHLY,MEDIUM,TAX_SAVING,56.0,MEDIUM,0.12869198312236288,0.5063291139240507,0.10126582278481013,0.05907172995780591
37,108000.0,40400.0,22100.0,743000,22000.0,45500,14,1,4,RARELY,MEDIUM,WEALTH_CREATION,78.0,MEDIUM,0.5733024691358025,0.37407407407407406,0.4212962962962963,0.016975308641975308
50,106000.0,73800.0,0.0,902000,501000.0,58300,1,1,1,LUMP_SUM,HIGH,EMERGENCY_FUND,38.0,LOW,0.7091194968553459,0.6962264150943396,0.55,0.3938679245283019
23,62000.0,31500.0,2500.0,1059000,185000.0,28000,5,2,3,QUARTERLY,HIGH,TAX_SAVING,55.0,MEDIUM,1.4233870967741935,0.5080645161290323,0.45161290322580644,0.24865591397849462
36,43000.0,30500.0,6600.0,748000,140000.0,5900,13,4,3,LUMP_SUM,MEDIUM,RETIREMENT,70.0,HIGH,1.449612403100775,0.7093023255813954,0.1372093023255814,0.2713178294573643
29,44000.0,32800.0,0.0,631000,305000.0,22000,14,1,5,MONTHLY,MEDIUM,WEALTH_CREATION,77.0,HIGH,1.1950757575757576,0.7454545454545455,0.5,0.5776515151515151
38,123000.0,98700.0,0.0,1175000,613000.0,32400,20,2,3,RARELY,MEDIUM,SHORT_TERM_GOAL,69.0,HIGH,0.7960704607046071,0.802439024390244,0.2634146341463415,0.4153116531165312
57,34000.0,15400.0,8500.0,137000,12000.0,10100,1,1,1,RARELY,MEDIUM,TAX_SAVING,37.0,LOW,0.33578431372549017,0.45294117647058824,0.29705882352941176,0.029411764705882353
57,188000.0,51900.0,44200.0,1683000,297000.0,91900,3,1,2,MONTHLY,HIGH,EMERGENCY_FUND,53.0,LOW,0.7460106382978723,0.27606382978723404,0.4888297872340426,0.13164893617021275
53,30000.0,24000.0,800.0,215000,14000.0,5200,3,2,2,LUMP_SUM,MEDIUM,TAX_SAVING,42.0,LOW,0.5972222222222222,0.8,0.17333333333333334,0.03888888888888889
61,42000.0,25200.0,11900.0,2158000,1557000.0,4900,16,2,3,MONTHLY,MEDIUM,EMERGENCY_FUND,75.0,HIGH,4.281746031746032,0.6,0.11666666666666667,3.0892857142857144
35,59000.0,31800.0,20500.0,763000,98000.0,6700,7,1,1,LUMP_SUM,MEDIUM,EMERGENCY_FUND,36.0,MEDIUM,1.0776836158192091,0.5389830508474577,0.1135593220338983,0.1384180790960452
25,127000.0,106300.0,11900.0,2741000,2278000.0,8800,15,3,4,RARELY,MEDIUM,WEALTH_CREATION,69.0,HIGH,1.7985564304461943,0.837007874015748,0.06929133858267716,1.494750656167979
32,87000.0,62300.0,9100.0,1052000,386000.0,15600,15,1,1,MONTHLY,MEDIUM,RETIREMENT,56.0,HIGH,1.0076628352490422,0.7160919540229885,0.1793103448275862,0.36973180076628354
62,167000.0,64200.0,75900.0,426000,64000.0,26900,4,1,3,MONTHLY,MEDIUM,WEALTH_CREATION,54.0,MEDIUM,0.2125748502994012,0.3844311377245509,0.16107784431137726,0.031936127744510975
59,23000.0,12300.0,8900.0,42000,19000.0,1800,7,2,2,MONTHLY,MEDIUM,RETIREMENT,64.0,HIGH,0.15217391304347827,0.5347826086956522,0.0782608695652174,0.06884057971014493
60,158000.0,82800.0,45500.0,936000,300000.0,29700,12,3,1,MONTHLY,LOW,SHORT_TERM_GOAL,81.0,HIGH,0.4936708860759494,0.5240506329113924,0.1879746835443038,0.15822784810126583
42,42000.0,29000.0,5400.0,778000,142000.0,7600,3,2,3,RARELY,MEDIUM,WEALTH_CREATION,69.0,HIGH,1.5436507936507937,0.6904761904761905,0.18095238095238095,0.28174603174603174
31,61000.0,51200.0,2700.0,174000,27000.0,7100,4,2,4,MONTHLY,HIGH,WEALTH_CREATION,54.0,MEDIUM,0.23770491803278687,0.839344262295082,0.11639344262295082,0.036885245901639344
36,44000.0,22900.0,16200.0,108000,49000.0,4900,2,4,3,MONTHLY,MEDIUM,SHORT_TERM_GOAL,91.0,MEDIUM,0.20454545454545456,0.5204545454545455,0.11136363636363636,0.0928030303030303
28,75000.0,57300.0,0.0,2170000,314000.0,41200,18,3,1,QUARTERLY,MEDIUM,RETIREMENT,57.0,HIGH,2.411111111111111,0.764,0.5493333333333333,0.3488888888888889
54,33000.0,15600.0,2300.0,561000,98000.0,15100,8,1,1,MONTHLY,MEDIUM,SHORT_TERM_GOAL,54.0,HIGH,1.4166666666666667,0.4727272727272727,0.4575757575757576,0.2474747474747475
65,62000.0,25600.0,24200.0,398000,76000.0,12200,4,5,4,RARELY,LOW,RETIREMENT,92.0,HIGH,0.5349462365591398,0.4129032258064516,0.1967741935483871,0.10215053763440861
56,153000.0,83300.0,56400.0,2074000,39000.0,13300,9,4,3,LUMP_SUM,HIGH,EMERGENCY_FUND,54.0,MEDIUM,1.1296296296296295,0.5444444444444444,0.0869281045751634,0.021241830065359478
27,69000.0,40500.0,11200.0,1716000,177000.0,17300,23,4,5,MONTHLY,LOW,TAX_SAVING,89.0,HIGH,2.072463768115942,0.5869565217391305,0.25072463768115943,0.213768115942029
52,70000.0,25700.0,35000.0,161000,76000.0,9300,15,1,1,QUARTERLY,LOW,RETIREMENT,49.0,HIGH,0.19166666666666668,0.36714285714285716,0.13285714285714287,0.09047619047619047
37,33000.0,30300.0,0.0,45000,7000.0,7400,10,2,3,MONTHLY,MEDIUM,WEALTH_CREATION,62.0,MEDIUM,0.11363636363636363,0.9181818181818182,0.22424242424242424,0.017676767676767676
55,122000.0,71700.0,40400.0,387000,106000.0,9900,9,2,3,QUARTERLY,MEDIUM,WEALTH_CREATION,70.0,HIGH,0.26434426229508196,0.5877049180327869,0.08114754098360656,0.07240437158469945
37,79000.0,47700.0,0.0,660000,180000.0,33500,21,3,4,MONTHLY,LOW,WEALTH_CREATION,97.0,HIGH,0.6962025316455697,0.6037974683544304,0.4240506329113924,0.189873417721519
42,64000.0,43000.0,100.0,940000,239000.0,20900,6,3,2,RARELY,HIGH,WEALTH_CREATION,55.0,MEDIUM,1.2239583333333333,0.671875,0.3265625,0.3111979166666667
57,70000.0,59700.0,0.0,1681000,642000.0,18400,18,5,4,QUARTERLY,LOW,WEALTH_CREATION,100.0,HIGH,2.001190476190476,0.8528571428571429,0.26285714285714284,0.7642857142857142
58,59000.0,34500.0,9300.0,323000,268000.0,15200,1,2,3,MONTHLY,MEDIUM,RETIREMENT,61.0,LOW,0.4562146892655367,0.5847457627118644,0.2576271186440678,0.3785310734463277
37,127000.0,82700.0,14700.0,3238000,183000.0,29600,1,3,2,MONTHLY,MEDIUM,EMERGENCY_FUND,67.0,HIGH,2.1246719160104988,0.6511811023622047,0.23307086614173228,0.12007874015748031
56,84000.0,55900.0,8100.0,1351000,237000.0,20000,12,4,1,QUARTERLY,HIGH,WEALTH_CREATION,57.0,HIGH,1.3402777777777777,0.6654761904761904,0.23809523809523808,0.23511904761904762
56,82000.0,57300.0,0.0,838000,307000.0,33300,13,3,1,MONTHLY,MEDIUM,WEALTH_CREATION,48.0,HIGH,0.8516260162601627,0.698780487804878,0.4060975609756098,0.3119918699186992
36,160000.0,111600.0,41100.0,876000,64000.0,7300,4,2,5,MONTHLY,HIGH,TAX_SAVING,64.0,HIGH,0.45625,0.6975,0.045625,0.03333333333333333
65,94000.0,40700.0,18000.0,1332000,125000.0,35300,7,5,2,MONTHLY,MEDIUM,TAX_SAVING,77.0,HIGH,1.1808510638297873,0.4329787234042553,0.37553191489361704,0.11081560283687943
61,59000.0,54200.0,0.0,61000,28000.0,20200,3,2,1,MONTHLY,MEDIUM,EMERGENCY_FUND,48.0,LOW,0.08615819209039548,0.9186440677966101,0.3423728813559322,0.03954802259887006
35,48000.0,20800.0,12900.0,1673000,558000.0,14300,19,1,2,MONTHLY,MEDIUM,TAX_SAVING,49.0,HIGH,2.904513888888889,0.43333333333333335,0.29791666666666666,0.96875
40,67000.0,33200.0,31100.0,185000,59000.0,2700,10,1,4,QUARTERLY,HIGH,TAX_SAVING,71.0,HIGH,0.2300995024875622,0.4955223880597015,0.04029850746268657,0.07338308457711443
63,48000.0,30300.0,7000.0,1021000,37000.0,10700,4,5,2,MONTHLY,MEDIUM,SHORT_TERM_GOAL,93.0,HIGH,1.7725694444444444,0.63125,0.22291666666666668,0.0642361111111111
56,89000.0,46900.0,35700.0,699000,126000.0,6400,1,1,2,QUARTERLY,MEDIUM,RETIREMENT,34.0,MEDIUM,0.6544943820224719,0.5269662921348315,0.07191011235955057,0.11797752808988764
49,77000.0,50200.0,26200.0,805000,139000.0,600,14,4,2,MONTHLY,MEDIUM,WEALTH_CREATION,76.0,HIGH,0.8712121212121212,0.6519480519480519,0.007792207792207792,0.15043290043290045
64,31000.0,17500.0,10400.0,160000,34000.0,3100,3,2,4,RARELY,HIGH,WEALTH_CREATION,52.0,HIGH,0.43010752688172044,0.5645161290322581,0.1,0.0913978494623656
47,54000.0,14300.0,22200.0,213000,53000.0,17500,2,1,3,RARELY,MEDIUM,RETIREMENT,57.0,LOW,0.3287037037037037,0.26481481481481484,0.32407407407407407,0.08179012345679013
65,40000.0,27400.0,4700.0,534000,79000.0,7900,3,1,3,RARELY,MEDIUM,RETIREMENT,40.0,LOW,1.1125,0.685,0.1975,0.16458333333333333
30,76000.0,59000.0,600.0,1278000,258000.0,16400,3,1,2,RARELY,MEDIUM,RETIREMENT,32.0,MEDIUM,1.4013157894736843,0.7763157894736842,0.21578947368421053,0.28289473684210525
48,40000.0,23600.0,14300.0,565000,36000.0,2100,6,1,3,MONTHLY,MEDIUM,EMERGENCY_FUND,59.0,HIGH,1.1770833333333333,0.59,0.0525,0.075
50,64000.0,26100.0,2700.0,821000,27000.0,35200,1,1,5,RARELY,MEDIUM,WEALTH_CREATION,76.0,LOW,1.0690104166666667,0.4078125,0.55,0.03515625
63,69000.0,33500.0,23400.0,860000,87000.0,12100,4,1,1,MONTHLY,LOW,RETIREMENT,49.0,HIGH,1.038647342995169,0.4855072463768116,0.1753623188405797,0.10507246376811594
26,43000.0,15200.0,26200.0,221000,37000.0,1600,6,1,1,QUARTERLY,MEDIUM,WEALTH_CREATION,53.0,HIGH,0.42829457364341084,0.35348837209302325,0.037209302325581395,0.07170542635658915
35,22000.0,20200.0,0.0,198000,52000.0,2900,12,2,1,MONTHLY,LOW,RETIREMENT,54.0,HIGH,0.75,0.9181818181818182,0.1318181818181818,0.19696969696969696
25,62000.0,55000.0,0.0,260000,62000.0,18100,13,1,1,LUMP_SUM,LOW,RETIREMENT,53.0,LOW,0.34946236559139787,0.8870967741935484,0.29193548387096774,0.08333333333333333
24,174000.0,93300.0,0.0,2182000,387000.0,92200,2,3,2,MONTHLY,LOW,WEALTH_CREATION,74.0,MEDIUM,1.0450191570881227,0.5362068965517242,0.5298850574712644,0.1853448275862069
45,87000.0,68900.0,0.0,2078000,600000.0,22300,1,5,2,MONTHLY,MEDIUM,WEALTH_CREATION,83.0,HIGH,1.9904214559386972,0.7919540229885057,0.25632183908045975,0.5747126436781609
25,59000.0,29000.0,17200.0,392000,35000.0,12800,17,1,5,RARELY,MEDIUM,WEALTH_CREATION,70.0,HIGH,0.5536723163841808,0.4915254237288136,0.21694915254237288,0.04943502824858757
31,84000.0,33300.0,43800.0,495000,170000.0,6900,3,3,3,RARELY,HIGH,RETIREMENT,60.0,MEDIUM,0.49107142857142855,0.3964285714285714,0.08214285714285714,0.16865079365079366
55,140000.0,45400.0,59200.0,1586000,382000.0,35400,1,1,4,QUARTERLY,HIGH,RETIREMENT,36.0,MEDIUM,0.944047619047619,0.3242857142857143,0.25285714285714284,0.22738095238095238
57,104000.0,58800.0,24400.0,911000,274000.0,20800,4,2,3,MONTHLY,LOW,TAX_SAVING,54.0,HIGH,0.7299679487179487,0.5653846153846154,0.2,0.21955128205128205
48,120000.0,60400.0,41900.0,680000,303000.0,17700,4,3,1,QUARTERLY,LOW,RETIREMENT,65.0,HIGH,0.4722222222222222,0.5033333333333333,0.1475,0.21041666666666667
54,184000.0,133400.0,39000.0,6334000,2804000.0,11600,11,1,1,LUMP_SUM,LOW,WEALTH_CREATION,69.0,HIGH,2.868659420289855,0.725,0.06304347826086956,1.269927536231884
22,79000.0,35700.0,37200.0,735000,3000.0,6100,4,1,3,MONTHLY,HIGH,TAX_SAVING,56.0,HIGH,0.7753164556962026,0.4518987341772152,0.07721518987341772,0.0031645569620253164
51,64000.0,41500.0,7300.0,522000,70000.0,15200,4,1,2,MONTHLY,LOW,WEALTH_CREATION,54.0,HIGH,0.6796875,0.6484375,0.2375,0.09114583333333333
36,94000.0,61900.0,3600.0,2852000,262000.0,28500,11,1,2,RARELY,MEDIUM,RETIREMENT,48.0,HIGH,2.528368794326241,0.6585106382978724,0.30319148936170215,0.2322695035460993
42,79000.0,40700.0,21500.0,1703000,537000.0,16800,4,1,1,LUMP_SUM,MEDIUM,RETIREMENT,29.0,HIGH,1.7964135021097047,0.5151898734177215,0.21265822784810126,0.5664556962025317
31,119000.0,59900.0,22800.0,2479000,691000.0,36300,20,5,5,MONTHLY,MEDIUM,EMERGENCY_FUND,98.0,HIGH,1.7359943977591037,0.5033613445378151,0.3050420168067227,0.4838935574229692
44,55000.0,31600.0,13400.0,870000,68000.0,10000,6,2,3,MONTHLY,MEDIUM,RETIREMENT,61.0,HIGH,1.3181818181818181,0.5745454545454546,0.18181818181818182,0.10303030303030303
39,175000.0,40900.0,119200.0,287000,27000.0,14900,7,5,4,LUMP_SUM,LOW,WEALTH_CREATION,98.0,HIGH,0.13666666666666666,0.2337142857142857,0.08514285714285715,0.012857142857142857
29,35000.0,22400.0,4700.0,639000,208000.0,7900,13,2,1,MONTHLY,LOW,TAX_SAVING,73.0,HIGH,1.5214285714285714,0.64,0.2257142857142857,0.49523809523809526
43,34000.0,31200.0,0.0,488000,79000.0,7900,6,3,1,QUARTERLY,MEDIUM,EMERGENCY_FUND,43.0,LOW,1.196078431372549,0.9176470588235294,0.2323529411764706,0.19362745098039216
59,124000.0,45800.0,64900.0,225000,34000.0,13300,6,1,1,MONTHLY,LOW,WEALTH_CREATION,43.0,HIGH,0.15120967741935484,0.36935483870967745,0.10725806451612903,0.0228494623655914
26,68000.0,60400.0,0.0,1797000,601000.0,31900,2,4,1,MONTHLY,LOW,SHORT_TERM_GOAL,69.0,HIGH,2.202205882352941,0.888235294117647,0.46911764705882353,0.7365196078431373
61,164000.0,76900.0,48500.0,3946000,2710000.0,38600,5,1,5,MONTHLY,MEDIUM,EMERGENCY_FUND,72.0,HIGH,2.005081300813008,0.4689024390243902,0.23536585365853657,1.3770325203252032
53,147000.0,96400.0,36600.0,2387000,1123000.0,14000,1,1,5,MONTHLY,MEDIUM,RETIREMENT,88.0,HIGH,1.3531746031746033,0.6557823129251701,0.09523809523809523,0.6366213151927438
60,65000.0,36700.0,16200.0,458000,212000.0,12100,15,3,4,MONTHLY,LOW,EMERGENCY_FUND,96.0,HIGH,0.5871794871794872,0.5646153846153846,0.18615384615384614,0.2717948717948718
43,49000.0,31400.0,9000.0,204000,65000.0,8600,6,3,4,LUMP_SUM,MEDIUM,EMERGENCY_FUND,98.0,MEDIUM,0.3469387755102041,0.6408163265306123,0.17551020408163265,0.11054421768707483
42,106000.0,74600.0,25400.0,1641000,729000.0,6000,10,5,1,QUARTERLY,MEDIUM,SHORT_TERM_GOAL,66.0,HIGH,1.2900943396226414,0.7037735849056603,0.05660377358490566,0.5731132075471698
42,166000.0,137400.0,9800.0,1072000,552000.0,18800,24,2,3,MONTHLY,LOW,WEALTH_CREATION,71.0,HIGH,0.5381526104417671,0.827710843373494,0.11325301204819277,0.27710843373493976
24,28000.0,23200.0,4000.0,156000,30000.0,800,21,3,1,LUMP_SUM,LOW,WEALTH_CREATION,73.0,HIGH,0.4642857142857143,0.8285714285714286,0.02857142857142857,0.08928571428571429
32,51000.0,39700.0,0.0,1644000,253000.0,15800,7,1,3,LUMP_SUM,LOW,TAX_SAVING,58.0,HIGH,2.6862745098039214,0.7784313725490196,0.30980392156862746,0.4133986928104575
45,94000.0,60500.0,11400.0,1869000,1476000.0,22100,22,3,3,QUARTERLY,LOW,RETIREMENT,80.0,HIGH,1.6569148936170213,0.6436170212765957,0.2351063829787234,1.3085106382978724
63,99000.0,56700.0,21400.0,245000,37000.0,20900,5,2,2,MONTHLY,MEDIUM,RETIREMENT,50.0,LOW,0.20622895622895623,0.5727272727272728,0.2111111111111111,0.031144781144781145
59,63000.0,47000.0,11700.0,812000,189000.0,4300,7,1,4,MONTHLY,LOW,TAX_SAVING,70.0,HIGH,1.0740740740740742,0.746031746031746,0.06825396825396825,0.25
35,80000.0,51400.0,23200.0,962000,281000.0,5400,20,1,5,MONTHLY,LOW,WEALTH_CREATION,78.0,HIGH,1.0020833333333334,0.6425,0.0675,0.29270833333333335
46,39000.0,34300.0,0.0,1101000,485000.0,6500,14,3,1,LUMP_SUM,HIGH,TAX_SAVING,50.0,HIGH,2.3525641025641026,0.8794871794871795,0.16666666666666666,1.0363247863247864
53,28000.0,14500.0,12000.0,435000,38000.0,1500,6,1,4,QUARTERLY,LOW,EMERGENCY_FUND,62.0,HIGH,1.2946428571428572,0.5178571428571429,0.05357142857142857,0.1130952380952381
52,74000.0,29800.0,31300.0,353000,44000.0,12900,2,4,2,QUARTERLY,HIGH,WEALTH_CREATION,58.0,HIGH,0.3975225225225225,0.4027027027027027,0.17432432432432432,0.04954954954954955
56,74000.0,34700.0,26600.0,928000,126000.0,12700,15,2,5,MONTHLY,LOW,WEALTH_CREATION,83.0,HIGH,1.045045045045045,0.4689189189189189,0.17162162162162162,0.14189189189189189
63,67000.0,37900.0,21100.0,411000,109000.0,8000,9,2,2,RARELY,LOW,SHORT_TERM_GOAL,43.0,HIGH,0.5111940298507462,0.5656716417910448,0.11940298507462686,0.13557213930348258
64,26000.0,15800.0,3600.0,390000,5000.0,6600,5,1,1,MONTHLY,HIGH,WEALTH_CREATION,34.0,MEDIUM,1.25,0.6076923076923076,0.25384615384615383,0.016025641025641024
32,61000.0,44000.0,1500.0,867000,201000.0,15500,5,3,3,RARELY,HIGH,EMERGENCY_FUND,48.0,LOW,1.1844262295081966,0.7213114754098361,0.2540983606557377,0.27459016393442626
40,62000.0,49500.0,9100.0,610000,144000.0,3400,2,1,3,MONTHLY,MEDIUM,RETIREMENT,52.0,HIGH,0.8198924731182796,0.7983870967741935,0.054838709677419356,0.1935483870967742
60,83000.0,50600.0,26900.0,1977000,105000.0,5500,4,4,1,MONTHLY,MEDIUM,RETIREMENT,68.0,HIGH,1.9849397590361446,0.6096385542168675,0.06626506024096386,0.10542168674698796
37,29000.0,15500.0,5300.0,183000,97000.0,8200,15,1,2,LUMP_SUM,LOW,EMERGENCY_FUND,69.0,HIGH,0.5258620689655172,0.5344827586206896,0.2827586206896552,0.27873563218390807
36,41000.0,28400.0,10400.0,298000,53000.0,2200,5,3,3,MONTHLY,MEDIUM,RETIREMENT,72.0,HIGH,0.6056910569105691,0.6926829268292682,0.05365853658536585,0.10772357723577236
50,57000.0,39000.0,0.0,1561000,228000.0,23100,21,3,1,LUMP_SUM,HIGH,WEALTH_CREATION,56.0,HIGH,2.2821637426900585,0.6842105263157895,0.4052631578947368,0.3333333333333333
58,81000.0,38200.0,34800.0,1890000,372000.0,8000,20,5,3,QUARTERLY,LOW,RETIREMENT,87.0,HIGH,1.9444444444444444,0.47160493827160493,0.09876543209876543,0.38271604938271603
37,94000.0,44300.0,44700.0,93000,4000.0,5000,17,2,2,QUARTERLY,MEDIUM,TAX_SAVING,61.0,HIGH,0.08244680851063829,0.47127659574468084,0.05319148936170213,0.0035460992907801418
47,102000.0,71000.0,11000.0,385000,121000.0,20000,16,1,1,MONTHLY,LOW,EMERGENCY_FUND,45.0,MEDIUM,0.3145424836601307,0.696078431372549,0.19607843137254902,0.0988562091503268
45,42000.0,19600.0,10900.0,858000,416000.0,11500,20,2,3,MONTHLY,MEDIUM,EMERGENCY_FUND,56.0,HIGH,1.7023809523809523,0.4666666666666667,0.27380952380952384,0.8253968253968254
27,47000.0,28400.0,12200.0,399000,125000.0,6400,15,4,2,QUARTERLY,LOW,RETIREMENT,85.0,HIGH,0.7074468085106383,0.6042553191489362,0.13617021276595745,0.22163120567375885
28,75000.0,48900.0,0.0,1943000,345000.0,32800,5,3,2,MONTHLY,MEDIUM,SHORT_TERM_GOAL,66.0,HIGH,2.158888888888889,0.652,0.43733333333333335,0.38333333333333336
53,55000.0,45500.0,2000.0,668000,196000.0,7500,9,2,5,LUMP_SUM,MEDIUM,SHORT_TERM_GOAL,85.0,HIGH,1.0121212121212122,0.8272727272727273,0.13636363636363635,0.296969696969697
43,149000.0,73300.0,40200.0,382000,66000.0,35500,9,4,5,MONTHLY,HIGH,RETIREMENT,97.0,HIGH,0.21364653243847875,0.4919463087248322,0.23825503355704697,0.03691275167785235
25,94000.0,26800.0,26700.0,649000,56000.0,40500,13,2,1,QUARTERLY,HIGH,RETIREMENT,45.0,MEDIUM,0.575354609929078,0.2851063829787234,0.4308510638297872,0.04964539007092199
61,36000.0,27800.0,5100.0,745000,255000.0,3100,6,1,1,MONTHLY,MEDIUM,WEALTH_CREATION,52.0,HIGH,1.724537037037037,0.7722222222222223,0.08611111111111111,0.5902777777777778
60,105000.0,62900.0,19400.0,1271000,192000.0,22700,4,1,2,RARELY,MEDIUM,SHORT_TERM_GOAL,46.0,LOW,1.0087301587301587,0.599047619047619,0.21619047619047618,0.1523809523809524
54,51000.0,33200.0,8900.0,53000,16000.0,8900,10,4,5,QUARTERLY,MEDIUM,WEALTH_CREATION,100.0,HIGH,0.08660130718954248,0.6509803921568628,0.17450980392156862,0.026143790849673203
60,20000.0,13700.0,900.0,145000,60000.0,5400,16,3,1,RARELY,HIGH,TAX_SAVING,53.0,LOW,0.6041666666666666,0.685,0.27,0.25
33,39000.0,15700.0,14000.0,311000,26000.0,9300,4,2,3,LUMP_SUM,MEDIUM,TAX_SAVING,69.0,HIGH,0.6645299145299145,0.4025641025641026,0.23846153846153847,0.05555555555555555
27,77000.0,40300.0,27400.0,1433000,226000.0,9300,4,3,4,MONTHLY,HIGH,EMERGENCY_FUND,72.0,HIGH,1.550865800865801,0.5233766233766234,0.12077922077922078,0.24458874458874458
57,127000.0,79300.0,30900.0,3046000,874000.0,16800,2,1,3,LUMP_SUM,LOW,WEALTH_CREATION,52.0,HIGH,1.9986876640419948,0.6244094488188976,0.13228346456692913,0.573490813648294
62,58000.0,51200.0,0.0,270000,81000.0,10100,1,5,3,MONTHLY,MEDIUM,RETIREMENT,87.0,HIGH,0.3879310344827586,0.8827586206896552,0.17413793103448275,0.11637931034482758
50,57000.0,39800.0,9500.0,467000,86000.0,7700,12,4,2,MONTHLY,MEDIUM,SHORT_TERM_GOAL,78.0,HIGH,0.6827485380116959,0.6982456140350877,0.13508771929824562,0.12573099415204678
62,205000.0,127000.0,45400.0,1923000,906000.0,32600,3,2,2,MONTHLY,HIGH,TAX_SAVING,37.0,MEDIUM,0.7817073170731708,0.6195121951219512,0.15902439024390244,0.36829268292682926
62,164000.0,97600.0,46400.0,1065000,580000.0,20000,6,1,3,MONTHLY,MEDIUM,TAX_SAVING,64.0,HIGH,0.5411585365853658,0.5951219512195122,0.12195121951219512,0.29471544715447157
31,39000.0,19500.0,11400.0,234000,139000.0,8100,5,4,5,LUMP_SUM,MEDIUM,WEALTH_CREATION,94.0,HIGH,0.5,0.5,0.2076923076923077,0.297008547008547
55,57000.0,41800.0,0.0,846000,386000.0,16400,22,4,2,RARELY,MEDIUM,TAX_SAVING,66.0,HIGH,1.236842105263158,0.7333333333333333,0.28771929824561404,0.564327485380117
61,131000.0,78600.0,20300.0,1027000,527000.0,32100,19,2,1,MONTHLY,MEDIUM,RETIREMENT,41.0,HIGH,0.6533078880407125,0.6,0.2450381679389313,0.33524173027989823
43,59000.0,32900.0,14300.0,1203000,248000.0,11800,5,2,5,RARELY,MEDIUM,SHORT_TERM_GOAL,72.0,HIGH,1.6991525423728813,0.5576271186440678,0.2,0.3502824858757062
30,48000.0,25600.0,14500.0,874000,243000.0,7900,5,2,1,RARELY,HIGH,EMERGENCY_FUND,59.0,MEDIUM,1.5173611111111112,0.5333333333333333,0.16458333333333333,0.421875
28,25000.0,15000.0,6400.0,64000,23000.0,3600,5,2,2,RARELY,MEDIUM,WEALTH_CREATION,55.0,LOW,0.21333333333333335,0.6,0.144,0.07666666666666666
38,39000.0,21500.0,11000.0,953000,312000.0,6500,18,1,4,QUARTERLY,MEDIUM,WEALTH_CREATION,57.0,HIGH,2.036324786324786,0.5512820512820513,0.16666666666666666,0.6666666666666666
52,61000.0,38500.0,17000.0,1440000,449000.0,5500,1,5,4,QUARTERLY,HIGH,TAX_SAVING,87.0,HIGH,1.9672131147540983,0.6311475409836066,0.09016393442622951,0.6133879781420765
58,51000.0,37300.0,5400.0,847000,25000.0,8300,7,1,3,MONTHLY,HIGH,WEALTH_CREATION,50.0,HIGH,1.3839869281045751,0.7313725490196078,0.1627450980392157,0.04084967320261438
59,63000.0,27100.0,24500.0,1035000,489000.0,11400,5,2,2,MONTHLY,LOW,RETIREMENT,60.0,HIGH,1.369047619047619,0.4301587301587302,0.18095238095238095,0.6468253968253969
35,112000.0,60000.0,6700.0,2271000,253000.0,45300,20,2,3,MONTHLY,MEDIUM,SHORT_TERM_GOAL,60.0,HIGH,1.6897321428571428,0.5357142857142857,0.4044642857142857,0.18824404761904762
61,47000.0,27500.0,8400.0,403000,12000.0,11100,19,1,2,RARELY,MEDIUM,TAX_SAVING,38.0,MEDIUM,0.7145390070921985,0.5851063829787234,0.23617021276595745,0.02127659574468085
37,60000.0,24400.0,15100.0,210000,84000.0,20500,11,3,5,MONTHLY,MEDIUM,RETIREMENT,87.0,HIGH,0.2916666666666667,0.4066666666666667,0.3416666666666667,0.11666666666666667
43,87000.0,48000.0,32800.0,139000,28000.0,6200,18,1,3,MONTHLY,HIGH,WEALTH_CREATION,52.0,HIGH,0.1331417624521073,0.5517241379310345,0.07126436781609195,0.02681992337164751
23,57000.0,21700.0,20600.0,504000,252000.0,14700,6,1,2,RARELY,MEDIUM,TAX_SAVING,32.0,LOW,0.7368421052631579,0.38070175438596493,0.2578947368421053,0.3684210526315789
37,51000.0,30500.0,0.0,1207000,61000.0,28000,1,1,4,MONTHLY,HIGH,SHORT_TERM_GOAL,52.0,MEDIUM,1.9722222222222223,0.5980392156862745,0.5490196078431373,0.09967320261437909
38,55000.0,44700.0,7500.0,976000,255000.0,2800,10,2,4,MONTHLY,LOW,SHORT_TERM_GOAL,71.0,HIGH,1.4787878787878788,0.8127272727272727,0.05090909090909091,0.38636363636363635
29,69000.0,18800.0,25300.0,381000,67000.0,24900,14,3,1,MONTHLY,HIGH,SHORT_TERM_GOAL,72.0,MEDIUM,0.4601449275362319,0.27246376811594203,0.36086956521739133,0.08091787439613526
55,103000.0,87200.0,0.0,1901000,597000.0,25300,4,4,5,QUARTERLY,MEDIUM,WEALTH_CREATION,83.0,HIGH,1.5380258899676376,0.8466019417475729,0.24563106796116504,0.4830097087378641
22,281000.0,174000.0,37700.0,2191000,829000.0,69300,19,1,4,RARELY,MEDIUM,WEALTH_CREATION,57.0,HIGH,0.6497627520759194,0.6192170818505338,0.24661921708185053,0.2458481613285884
44,54000.0,28700.0,19500.0,1005000,309000.0,5800,9,5,2,MONTHLY,LOW,TAX_SAVING,85.0,HIGH,1.5509259259259258,0.5314814814814814,0.10740740740740741,0.47685185185185186
63,87000.0,49300.0,2200.0,372000,23000.0,35500,19,1,2,MONTHLY,LOW,RETIREMENT,46.0,MEDIUM,0.3563218390804598,0.5666666666666667,0.40804597701149425,0.022030651340996167
39,42000.0,26800.0,4500.0,380000,67000.0,10700,6,5,3,MONTHLY,LOW,EMERGENCY_FUND,99.0,HIGH,0.753968253968254,0.638095238095238,0.25476190476190474,0.13293650793650794
48,36000.0,16500.0,16500.0,500000,142000.0,3000,1,1,2,RARELY,HIGH,RETIREMENT,23.0,HIGH,1.1574074074074074,0.4583333333333333,0.08333333333333333,0.3287037037037037
53,159000.0,49600.0,86700.0,307000,20000.0,22700,7,2,1,MONTHLY,LOW,TAX_SAVING,60.0,HIGH,0.1609014675052411,0.3119496855345912,0.14276729559748427,0.010482180293501049
28,137000.0,40700.0,54400.0,1832000,220000.0,41900,6,4,3,RARELY,HIGH,WEALTH_CREATION,63.0,HIGH,1.1143552311435523,0.29708029197080293,0.30583941605839415,0.13381995133819952
24,65000.0,34900.0,7500.0,1702000,775000.0,22600,18,4,2,RARELY,HIGH,RETIREMENT,75.0,HIGH,2.182051282051282,0.536923076923077,0.3476923076923077,0.9935897435897436
55,37000.0,27300.0,0.0,1606000,874000.0,20300,4,4,1,MONTHLY,HIGH,SHORT_TERM_GOAL,54.0,HIGH,3.6171171171171173,0.7378378378378379,0.5486486486486486,1.9684684684684686
44,46000.0,41700.0,0.0,601000,171000.0,7500,2,1,3,LUMP_SUM,MEDIUM,SHORT_TERM_GOAL,59.0,LOW,1.088768115942029,0.9065217391304348,0.16304347826086957,0.30978260869565216
63,262000.0,175000.0,55900.0,542000,7000.0,31100,1,1,2,MONTHLY,MEDIUM,WEALTH_CREATION,52.0,LOW,0.17239185750636132,0.6679389312977099,0.11870229007633588,0.0022264631043256997
33,90000.0,51900.0,24500.0,1130000,823000.0,13600,7,4,3,MONTHLY,LOW,WEALTH_CREATION,86.0,HIGH,1.0462962962962963,0.5766666666666667,0.1511111111111111,0.7620370370370371
52,41000.0,18800.0,18300.0,278000,63000.0,3900,9,1,5,MONTHLY,MEDIUM,SHORT_TERM_GOAL,52.0,HIGH,0.5650406504065041,0.4585365853658537,0.0951219512195122,0.12804878048780488
55,216000.0,110200.0,98000.0,3104000,1433000.0,7800,11,4,3,MONTHLY,LOW,WEALTH_CREATION,86.0,HIGH,1.1975308641975309,0.5101851851851852,0.03611111111111111,0.5528549382716049
60,56000.0,24000.0,20600.0,795000,335000.0,11400,3,1,2,RARELY,LOW,SHORT_TERM_GOAL,52.0,MEDIUM,1.1830357142857142,0.42857142857142855,0.20357142857142857,0.49851190476190477
42,47000.0,43200.0,100.0,1339000,795000.0,3700,19,3,4,LUMP_SUM,MEDIUM,WEALTH_CREATION,79.0,HIGH,2.374113475177305,0.9191489361702128,0.07872340425531915,1.4095744680851063
43,50000.0,36000.0,7900.0,1181000,217000.0,6100,17,1,2,RARELY,MEDIUM,WEALTH_CREATION,43.0,HIGH,1.9683333333333333,0.72,0.122,0.3616666666666667
31,25000.0,15900.0,0.0,125000,29000.0,13700,2,4,4,MONTHLY,HIGH,WEALTH_CREATION,82.0,MEDIUM,0.4166666666666667,0.636,0.548,0.09666666666666666
53,90000.0,72400.0,0.0,1547000,153000.0,21500,9,4,2,LUMP_SUM,HIGH,WEALTH_CREATION,70.0,HIGH,1.4324074074074074,0.8044444444444444,0.2388888888888889,0.14166666666666666
42,28000.0,20800.0,0.0,310000,6000.0,11500,4,1,3,MONTHLY,LOW,WEALTH_CREATION,54.0,HIGH,0.9226190476190477,0.7428571428571429,0.4107142857142857,0.017857142857142856
28,53000.0,26800.0,13200.0,621000,158000.0,13000,4,3,1,MONTHLY,MEDIUM,WEALTH_CREATION,43.0,HIGH,0.9764150943396226,0.5056603773584906,0.24528301886792453,0.24842767295597484
42,67000.0,49800.0,7400.0,846000,51000.0,9800,1,3,1,MONTHLY,MEDIUM,SHORT_TERM_GOAL,63.0,MEDIUM,1.0522388059701493,0.7432835820895523,0.14626865671641792,0.06343283582089553
39,32000.0,13000.0,16800.0,259000,69000.0,2200,4,1,1,RARELY,MEDIUM,RETIREMENT,29.0,MEDIUM,0.6744791666666666,0.40625,0.06875,0.1796875
32,145000.0,89600.0,13600.0,2701000,488000.0,41800,3,1,1,LUMP_SUM,LOW,RETIREMENT,36.0,MEDIUM,1.5522988505747126,0.6179310344827587,0.2882758620689655,0.28045977011494255
39,55000.0,28600.0,17300.0,719000,115000.0,9100,1,1,3,MONTHLY,MEDIUM,EMERGENCY_FUND,72.0,MEDIUM,1.0893939393939394,0.52,0.16545454545454547,0.17424242424242425
49,90000.0,57400.0,27600.0,819000,173000.0,5000,12,1,3,MONTHLY,MEDIUM,SHORT_TERM_GOAL,50.0,HIGH,0.7583333333333333,0.6377777777777778,0.05555555555555555,0.16018518518518518
25,151000.0,71800.0,36500.0,1810000,645000.0,42700,21,2,2,MONTHLY,HIGH,WEALTH_CREATION,57.0,HIGH,0.9988962472406181,0.47549668874172185,0.2827814569536424,0.35596026490066224
21,58000.0,45000.0,8800.0,915000,515000.0,4200,7,3,1,MONTHLY,LOW,RETIREMENT,71.0,HIGH,1.3146551724137931,0.7758620689655172,0.07241379310344828,0.7399425287356322
30,38000.0,30300.0,0.0,385000,55000.0,10100,3,3,4,MONTHLY,HIGH,TAX_SAVING,77.0,MEDIUM,0.8442982456140351,0.7973684210526316,0.2657894736842105,0.1206140350877193
51,136000.0,66800.0,11000.0,4379000,616000.0,58200,6,1,2,MONTHLY,MEDIUM,TAX_SAVING,38.0,HIGH,2.6832107843137254,0.49117647058823527,0.4279411764705882,0.37745098039215685
63,47000.0,25600.0,8200.0,245000,64000.0,13200,15,1,2,MONTHLY,LOW,WEALTH_CREATION,41.0,HIGH,0.43439716312056736,0.5446808510638298,0.28085106382978725,0.11347517730496454
40,31000.0,13100.0,12600.0,235000,38000.0,5300,6,1,2,MONTHLY,MEDIUM,RETIREMENT,60.0,HIGH,0.6317204301075269,0.42258064516129035,0.17096774193548386,0.10215053763440861
43,155000.0,118300.0,500.0,2450000,925000.0,36200,6,2,4,QUARTERLY,MEDIUM,SHORT_TERM_GOAL,81.0,HIGH,1.3172043010752688,0.7632258064516129,0.2335483870967742,0.49731182795698925
27,92000.0,77300.0,0.0,973000,616000.0,30400,8,1,5,MONTHLY,MEDIUM,EMERGENCY_FUND,62.0,MEDIUM,0.8813405797101449,0.8402173913043478,0.33043478260869563,0.5579710144927537
63,54000.0,44300.0,5300.0,173000,20000.0,4400,17,3,3,RARELY,MEDIUM,RETIREMENT,67.0,MEDIUM,0.26697530864197533,0.8203703703703704,0.08148148148148149,0.030864197530864196
21,55000.0,32200.0,8900.0,1520000,330000.0,13900,11,3,3,MONTHLY,MEDIUM,TAX_SAVING,77.0,HIGH,2.303030303030303,0.5854545454545454,0.25272727272727274,0.5
53,83000.0,75200.0,5900.0,1959000,946000.0,1900,11,3,3,RARELY,MEDIUM,EMERGENCY_FUND,49.0,HIGH,1.966867469879518,0.9060240963855422,0.02289156626506024,0.9497991967871486
48,129000.0,80200.0,19700.0,157000,29000.0,29100,4,3,2,QUARTERLY,HIGH,EMERGENCY_FUND,68.0,LOW,0.10142118863049096,0.6217054263565891,0.2255813953488372,0.018733850129198967
37,29000.0,24200.0,0.0,94000,32000.0,5200,6,4,4,MONTHLY,MEDIUM,WEALTH_CREATION,77.0,HIGH,0.27011494252873564,0.8344827586206897,0.1793103448275862,0.09195402298850575
56,86000.0,35300.0,40400.0,554000,125000.0,10300,8,4,2,RARELY,HIGH,WEALTH_CREATION,82.0,HIGH,0.5368217054263565,0.4104651162790698,0.11976744186046512,0.12112403100775193
53,31000.0,13900.0,10600.0,240000,86000.0,6500,15,2,1,MONTHLY,MEDIUM,SHORT_TERM_GOAL,49.0,MEDIUM,0.6451612903225806,0.4483870967741935,0.20967741935483872,0.23118279569892472
51,51000.0,46900.0,0.0,2288000,454000.0,11200,10,2,4,MONTHLY,HIGH,SHORT_TERM_GOAL,72.0,HIGH,3.738562091503268,0.9196078431372549,0.2196078431372549,0.7418300653594772
53,115000.0,40600.0,30900.0,730000,198000.0,43500,3,4,3,MONTHLY,LOW,EMERGENCY_FUND,98.0,MEDIUM,0.5289855072463768,0.35304347826086957,0.3782608695652174,0.14347826086956522
40,47000.0,22500.0,20400.0,1778000,145000.0,4100,3,1,1,LUMP_SUM,MEDIUM,WEALTH_CREATION,49.0,HIGH,3.152482269503546,0.4787234042553192,0.08723404255319149,0.2570921985815603
21,57000.0,45600.0,1400.0,1590000,659000.0,10000,5,2,2,MONTHLY,LOW,EMERGENCY_FUND,79.0,HIGH,2.324561403508772,0.8,0.17543859649122806,0.9634502923976608
38,67000.0,45500.0,10400.0,979000,726000.0,11100,6,1,3,MONTHLY,MEDIUM,RETIREMENT,77.0,HIGH,1.2176616915422886,0.6791044776119403,0.16567164179104477,0.9029850746268657
22,78000.0,58500.0,10400.0,1108000,528000.0,9100,8,1,4,MONTHLY,HIGH,WEALTH_CREATION,59.0,HIGH,1.1837606837606838,0.75,0.11666666666666667,0.5641025641025641
55,136000.0,65200.0,46000.0,1444000,626000.0,24800,7,3,1,MONTHLY,LOW,WEALTH_CREATION,74.0,HIGH,0.8848039215686274,0.47941176470588237,0.18235294117647058,0.38357843137254904
28,68000.0,51900.0,3400.0,568000,47000.0,12700,6,1,2,MONTHLY,MEDIUM,WEALTH_CREATION,45.0,HIGH,0.696078431372549,0.763235294117647,0.18676470588235294,0.05759803921568627
57,49000.0,34800.0,10800.0,355000,138000.0,3400,18,1,5,QUARTERLY,MEDIUM,SHORT_TERM_GOAL,74.0,HIGH,0.6037414965986394,0.710204081632653,0.06938775510204082,0.23469387755102042
33,36000.0,23500.0,0.0,869000,115000.0,18300,3,1,3,LUMP_SUM,HIGH,TAX_SAVING,47.0,MEDIUM,2.011574074074074,0.6527777777777778,0.5083333333333333,0.2662037037037037
62,66000.0,35400.0,14800.0,1026000,231000.0,15800,15,2,2,MONTHLY,LOW,RETIREMENT,59.0,HIGH,1.2954545454545454,0.5363636363636364,0.23939393939393938,0.2916666666666667
35,74000.0,68000.0,0.0,786000,163000.0,14400,18,1,2,MONTHLY,LOW,WEALTH_CREATION,60.0,HIGH,0.8851351351351351,0.918918918918919,0.1945945945945946,0.18355855855855857
44,116000.0,80500.0,24600.0,1924000,31000.0,10900,21,1,4,MONTHLY,HIGH,WEALTH_CREATION,46.0,HIGH,1.382183908045977,0.6939655172413793,0.0939655172413793,0.022270114942528736
61,57000.0,38200.0,15100.0,1532000,343000.0,3700,16,2,3,MONTHLY,LOW,TAX_SAVING,76.0,HIGH,2.239766081871345,0.6701754385964912,0.06491228070175438,0.5014619883040936
40,80000.0,52900.0,0.0,2817000,660000.0,34900,4,3,5,LUMP_SUM,MEDIUM,SHORT_TERM_GOAL,86.0,HIGH,2.934375,0.66125,0.43625,0.6875
50,112000.0,40600.0,57600.0,360000,38000.0,13800,1,2,5,LUMP_SUM,MEDIUM,SHORT_TERM_GOAL,78.0,HIGH,0.26785714285714285,0.3625,0.12321428571428572,0.028273809523809524
46,20000.0,10400.0,9400.0,85000,26000.0,200,16,1,4,RARELY,HIGH,EMERGENCY_FUND,43.0,LOW,0.3541666666666667,0.52,0.01,0.10833333333333334
44,52000.0,30500.0,11800.0,1227000,638000.0,9700,8,3,5,MONTHLY,MEDIUM,WEALTH_CREATION,84.0,HIGH,1.9663461538461537,0.5865384615384616,0.18653846153846154,1.0224358974358974
51,29000.0,11500.0,12600.0,114000,23000.0,4900,16,3,2,MONTHLY,MEDIUM,RETIREMENT,67.0,HIGH,0.3275862068965517,0.39655172413793105,0.16896551724137931,0.06609195402298851
57,50000.0,30700.0,12600.0,460000,114000.0,6700,6,1,3,LUMP_SUM,HIGH,WEALTH_CREATION,61.0,HIGH,0.7666666666666667,0.614,0.134,0.19
32,161000.0,116900.0,0.0,1770000,289000.0,63400,14,1,4,LUMP_SUM,MEDIUM,EMERGENCY_FUND,62.0,HIGH,0.9161490683229814,0.7260869565217392,0.3937888198757764,0.14958592132505175
44,96000.0,42000.0,22000.0,647000,123000.0,32000,11,1,2,RARELY,MEDIUM,SHORT_TERM_GOAL,31.0,LOW,0.5616319444444444,0.4375,0.3333333333333333,0.10677083333333333
60,57000.0,29300.0,23000.0,858000,291000.0,4700,3,3,5,RARELY,MEDIUM,RETIREMENT,66.0,HIGH,1.2543859649122806,0.5140350877192983,0.0824561403508772,0.42543859649122806
56,48000.0,37900.0,6400.0,595000,194000.0,3700,6,1,3,MONTHLY,LOW,WEALTH_CREATION,70.0,HIGH,1.0329861111111112,0.7895833333333333,0.07708333333333334,0.3368055555555556
48,25000.0,11600.0,5200.0,598000,27000.0,8200,14,2,4,LUMP_SUM,MEDIUM,SHORT_TERM_GOAL,69.0,HIGH,1.9933333333333334,0.464,0.328,0.09
29,87000.0,60300.0,19100.0,1494000,76000.0,7600,3,1,2,QUARTERLY,MEDIUM,EMERGENCY_FUND,31.0,MEDIUM,1.4310344827586208,0.6931034482758621,0.08735632183908046,0.07279693486590039
60,126000.0,63400.0,44500.0,729000,32000.0,18100,3,4,3,RARELY,MEDIUM,WEALTH_CREATION,76.0,HIGH,0.48214285714285715,0.5031746031746032,0.14365079365079364,0.021164021164021163
64,121000.0,93300.0,0.0,316000,94000.0,41900,6,1,3,LUMP_SUM,MEDIUM,RETIREMENT,55.0,LOW,0.21763085399449036,0.7710743801652893,0.34628099173553717,0.06473829201101929
50,69000.0,41700.0,0.0,486000,174000.0,37900,1,2,1,LUMP_SUM,LOW,TAX_SAVING,76.0,LOW,0.5869565217391305,0.6043478260869565,0.5492753623188406,0.21014492753623187
42,26000.0,13900.0,6400.0,784000,172000.0,5700,1,2,4,MONTHLY,HIGH,RETIREMENT,76.0,HIGH,2.5128205128205128,0.5346153846153846,0.21923076923076923,0.5512820512820513
24,165000.0,91000.0,60100.0,3170000,1258000.0,13900,9,1,3,RARELY,HIGH,TAX_SAVING,36.0,HIGH,1.601010101010101,0.5515151515151515,0.08424242424242424,0.6353535353535353
26,93000.0,70500.0,3700.0,218000,162000.0,18800,17,1,3,MONTHLY,LOW,EMERGENCY_FUND,54.0,HIGH,0.1953405017921147,0.7580645161290323,0.2021505376344086,0.14516129032258066
54,122000.0,99400.0,1600.0,741000,30000.0,21000,4,3,3,QUARTERLY,HIGH,TAX_SAVING,84.0,MEDIUM,0.5061475409836066,0.8147540983606557,0.1721311475409836,0.020491803278688523
50,64000.0,37400.0,8600.0,429000,78000.0,18000,2,3,5,MONTHLY,MEDIUM,RETIREMENT,87.0,HIGH,0.55859375,0.584375,0.28125,0.1015625
49,104000.0,37000.0,65300.0,409000,123000.0,1700,3,1,3,LUMP_SUM,LOW,EMERGENCY_FUND,60.0,LOW,0.327724358974359,0.3557692307692308,0.016346153846153847,0.0985576923076923
34,133000.0,68300.0,19600.0,1930000,646000.0,45100,16,1,4,QUARTERLY,MEDIUM,TAX_SAVING,43.0,HIGH,1.2092731829573935,0.5135338345864662,0.33909774436090223,0.40476190476190477
50,72000.0,26400.0,21900.0,129000,80000.0,23700,11,1,3,MONTHLY,MEDIUM,RETIREMENT,57.0,MEDIUM,0.14930555555555555,0.36666666666666664,0.32916666666666666,0.09259259259259259
63,55000.0,39000.0,12500.0,738000,61000.0,3500,17,3,1,MONTHLY,MEDIUM,WEALTH_CREATION,66.0,HIGH,1.1181818181818182,0.7090909090909091,0.06363636363636363,0.09242424242424242
55,62000.0,52000.0,2700.0,356000,159000.0,7300,6,2,3,LUMP_SUM,LOW,EMERGENCY_FUND,60.0,MEDIUM,0.478494623655914,0.8387096774193549,0.11774193548387096,0.21370967741935484
48,66000.0,40200.0,19100.0,251000,23000.0,6700,7,2,2,RARELY,MEDIUM,RETIREMENT,33.0,MEDIUM,0.31691919191919193,0.6090909090909091,0.10151515151515152,0.02904040404040404
37,229000.0,120100.0,66900.0,4177000,796000.0,42000,8,4,2,QUARTERLY,HIGH,SHORT_TERM_GOAL,65.0,HIGH,1.520014556040757,0.5244541484716158,0.18340611353711792,0.28966521106259097
30,20000.0,12700.0,300.0,101000,20000.0,7000,17,3,3,RARELY,HIGH,WEALTH_CREATION,50.0,MEDIUM,0.42083333333333334,0.635,0.35,0.08333333333333333
45,50000.0,45500.0,0.0,941000,420000.0,12000,9,2,2,QUARTERLY,MEDIUM,TAX_SAVING,63.0,HIGH,1.5683333333333334,0.91,0.24,0.7
29,74000.0,48800.0,0.0,1213000,155000.0,26500,9,2,4,MONTHLY,HIGH,EMERGENCY_FUND,47.0,MEDIUM,1.365990990990991,0.6594594594594595,0.3581081081081081,0.17454954954954954
65,65000.0,35100.0,20900.0,1217000,50000.0,9000,3,2,3,MONTHLY,LOW,WEALTH_CREATION,90.0,HIGH,1.5602564102564103,0.54,0.13846153846153847,0.0641025641025641
60,55000.0,43000.0,900.0,571000,328000.0,11100,15,3,4,QUARTERLY,MEDIUM,TAX_SAVING,68.0,HIGH,0.8651515151515151,0.7818181818181819,0.2018181818181818,0.49696969696969695
53,94000.0,48400.0,40900.0,467000,57000.0,4700,15,3,3,MONTHLY,HIGH,SHORT_TERM_GOAL,72.0,HIGH,0.41400709219858156,0.5148936170212766,0.05,0.05053191489361702
64,111000.0,83800.0,0.0,2495000,1207000.0,50600,4,4,2,MONTHLY,LOW,RETIREMENT,82.0,HIGH,1.8731231231231231,0.7549549549549549,0.45585585585585586,0.9061561561561562
39,108000.0,99300.0,0.0,3170000,995000.0,22500,5,1,4,QUARTERLY,MEDIUM,SHORT_TERM_GOAL,45.0,HIGH,2.4459876543209877,0.9194444444444444,0.20833333333333334,0.7677469135802469
45,135000.0,94400.0,29300.0,1393000,165000.0,11300,9,2,2,MONTHLY,MEDIUM,WEALTH_CREATION,74.0,HIGH,0.8598765432098765,0.6992592592592592,0.0837037037037037,0.10185185185185185
33,68000.0,62500.0,0.0,557000,10000.0,37400,2,5,2,RARELY,MEDIUM,WEALTH_CREATION,86.0,LOW,0.6825980392156863,0.9191176470588235,0.55,0.012254901960784314
61,41000.0,37500.0,0.0,148000,35000.0,11800,6,4,3,LUMP_SUM,LOW,EMERGENCY_FUND,85.0,MEDIUM,0.3008130081300813,0.9146341463414634,0.28780487804878047,0.07113821138211382
29,116000.0,97200.0,7700.0,2325000,732000.0,11100,20,5,1,LUMP_SUM,HIGH,SHORT_TERM_GOAL,62.0,HIGH,1.6702586206896552,0.8379310344827586,0.09568965517241379,0.5258620689655172
64,24000.0,14900.0,2300.0,152000,13000.0,6800,4,4,3,MONTHLY,MEDIUM,WEALTH_CREATION,87.0,HIGH,0.5277777777777778,0.6208333333333333,0.2833333333333333,0.04513888888888889
23,35000.0,13200.0,16700.0,432000,129000.0,5100,14,1,5,QUARTERLY,MEDIUM,WEALTH_CREATION,65.0,HIGH,1.0285714285714285,0.37714285714285717,0.1457142857142857,0.30714285714285716
25,85000.0,55800.0,800.0,633000,228000.0,28400,20,4,2,MONTHLY,HIGH,WEALTH_CREATION,66.0,MEDIUM,0.6205882352941177,0.6564705882352941,0.3341176470588235,0.2235294117647059
28,74000.0,37100.0,22500.0,1493000,134000.0,14400,10,4,1,LUMP_SUM,MEDIUM,TAX_SAVING,77.0,HIGH,1.6813063063063063,0.5013513513513513,0.1945945945945946,0.15090090090090091
32,51000.0,40400.0,0.0,119000,31000.0,19000,1,1,4,MONTHLY,MEDIUM,RETIREMENT,61.0,MEDIUM,0.19444444444444445,0.792156862745098,0.37254901960784315,0.05065359477124183
24,54000.0,41000.0,0.0,1837000,281000.0,28900,1,5,4,MONTHLY,HIGH,RETIREMENT,93.0,HIGH,2.8348765432098766,0.7592592592592593,0.5351851851851852,0.43364197530864196
42,20000.0,13100.0,0.0,728000,66000.0,9100,15,5,4,LUMP_SUM,MEDIUM,TAX_SAVING,95.0,HIGH,3.033333333333333,0.655,0.455,0.275
36,68000.0,47400.0,4600.0,327000,19000.0,16000,8,3,4,QUARTERLY,HIGH,RETIREMENT,75.0,MEDIUM,0.4007352941176471,0.6970588235294117,0.23529411764705882,0.023284313725490197
59,36000.0,20200.0,11500.0,35000,9000.0,4300,5,4,2,MONTHLY,MEDIUM,TAX_SAVING,70.0,MEDIUM,0.08101851851851852,0.5611111111111111,0.11944444444444445,0.020833333333333332
30,77000.0,46800.0,23100.0,718000,239000.0,7100,11,1,1,QUARTERLY,MEDIUM,WEALTH_CREATION,36.0,HIGH,0.7770562770562771,0.6077922077922078,0.09220779220779221,0.25865800865800864
43,41000.0,29800.0,2400.0,749000,245000.0,8800,13,2,1,MONTHLY,LOW,WEALTH_CREATION,38.0,HIGH,1.5223577235772359,0.7268292682926829,0.2146341463414634,0.49796747967479676
31,145000.0,90700.0,33700.0,4185000,925000.0,20600,9,5,2,QUARTERLY,LOW,TAX_SAVING,100.0,HIGH,2.4051724137931036,0.6255172413793103,0.14206896551724138,0.5316091954022989
51,170000.0,72600.0,56700.0,1846000,411000.0,40700,10,3,2,LUMP_SUM,MEDIUM,RETIREMENT,68.0,HIGH,0.9049019607843137,0.42705882352941177,0.23941176470588235,0.20147058823529412
50,195000.0,154000.0,29000.0,3344000,1300000.0,12000,1,1,4,MONTHLY,HIGH,WEALTH_CREATION,61.0,HIGH,1.429059829059829,0.7897435897435897,0.06153846153846154,0.5555555555555556
22,52000.0,46400.0,0.0,540000,293000.0,17800,1,2,3,QUARTERLY,LOW,WEALTH_CREATION,72.0,HIGH,0.8653846153846154,0.8923076923076924,0.3423076923076923,0.46955128205128205
56,96000.0,72800.0,4800.0,1497000,170000.0,18400,5,3,1,LUMP_SUM,MEDIUM,RETIREMENT,57.0,HIGH,1.2994791666666667,0.7583333333333333,0.19166666666666668,0.14756944444444445
47,121000.0,94400.0,9200.0,414000,113000.0,17400,10,1,3,LUMP_SUM,MEDIUM,SHORT_TERM_GOAL,51.0,LOW,0.28512396694214875,0.7801652892561983,0.14380165289256197,0.07782369146005509
61,38000.0,16400.0,18700.0,159000,28000.0,2900,2,1,2,MONTHLY,LOW,RETIREMENT,49.0,HIGH,0.34868421052631576,0.43157894736842106,0.07631578947368421,0.06140350877192982
36,71000.0,51500.0,0.0,946000,154000.0,37700,7,1,2,MONTHLY,HIGH,WEALTH_CREATION,41.0,MEDIUM,1.1103286384976525,0.7253521126760564,0.5309859154929577,0.1807511737089202
30,150000.0,61500.0,80500.0,2593000,479000.0,8000,2,1,1,LUMP_SUM,LOW,WEALTH_CREATION,55.0,HIGH,1.4405555555555556,0.41,0.05333333333333334,0.26611111111111113
61,87000.0,50500.0,0.0,2319000,1300000.0,42500,3,1,3,MONTHLY,MEDIUM,WEALTH_CREATION,73.0,HIGH,2.221264367816092,0.5804597701149425,0.4885057471264368,1.2452107279693487
56,85000.0,51300.0,29900.0,386000,122000.0,3800,4,4,2,RARELY,LOW,EMERGENCY_FUND,71.0,MEDIUM,0.3784313725490196,0.6035294117647059,0.04470588235294118,0.11960784313725491
46,23000.0,7100.0,9900.0,167000,29000.0,6000,17,4,3,MONTHLY,MEDIUM,RETIREMENT,88.0,HIGH,0.605072463768116,0.30869565217391304,0.2608695652173913,0.10507246376811594
37,111000.0,53500.0,43700.0,1047000,308000.0,13800,1,5,3,LUMP_SUM,MEDIUM,EMERGENCY_FUND,100.0,HIGH,0.786036036036036,0.481981981981982,0.12432432432432433,0.23123123123123124
38,92000.0,81600.0,4000.0,812000,57000.0,6400,1,4,2,MONTHLY,MEDIUM,SHORT_TERM_GOAL,87.0,MEDIUM,0.7355072463768116,0.8869565217391304,0.06956521739130435,0.051630434782608696
44,123000.0,78200.0,27200.0,1808000,616000.0,17600,13,2,3,QUARTERLY,MEDIUM,SHORT_TERM_GOAL,70.0,HIGH,1.2249322493224932,0.6357723577235772,0.14308943089430895,0.4173441734417344
37,48000.0,35200.0,5500.0,1768000,762000.0,7300,1,2,3,QUARTERLY,HIGH,RETIREMENT,54.0,HIGH,3.0694444444444446,0.7333333333333333,0.15208333333333332,1.3229166666666667
44,53000.0,26900.0,21500.0,510000,95000.0,4600,23,2,4,QUARTERLY,HIGH,RETIREMENT,64.0,HIGH,0.8018867924528302,0.5075471698113208,0.08679245283018867,0.14937106918238993
29,90000.0,60100.0,12500.0,2847000,267000.0,17400,10,1,1,QUARTERLY,HIGH,RETIREMENT,38.0,HIGH,2.636111111111111,0.6677777777777778,0.19333333333333333,0.24722222222222223
21,30000.0,24600.0,0.0,721000,107000.0,10400,7,1,4,MONTHLY,HIGH,WEALTH_CREATION,54.0,HIGH,2.0027777777777778,0.82,0.3466666666666667,0.2972222222222222
54,32000.0,23900.0,6700.0,553000,323000.0,1400,10,4,3,RARELY,MEDIUM,WEALTH_CREATION,89.0,HIGH,1.4401041666666667,0.746875,0.04375,0.8411458333333334
58,130000.0,77900.0,21700.0,2759000,622000.0,30400,2,3,3,MONTHLY,MEDIUM,RETIREMENT,73.0,HIGH,1.7685897435897435,0.5992307692307692,0.23384615384615384,0.39871794871794874
24,41000.0,13000.0,25600.0,11000,4000.0,2400,4,3,5,MONTHLY,MEDIUM,WEALTH_CREATION,89.0,HIGH,0.022357723577235773,0.3170731707317073,0.05853658536585366,0.008130081300813009
44,97000.0,57800.0,10600.0,1105000,330000.0,28600,20,1,3,MONTHLY,MEDIUM,TAX_SAVING,61.0,HIGH,0.9493127147766323,0.5958762886597938,0.2948453608247423,0.28350515463917525
54,87000.0,74100.0,6600.0,1163000,204000.0,6300,7,3,5,RARELY,HIGH,WEALTH_CREATION,74.0,HIGH,1.1139846743295019,0.8517241379310345,0.07241379310344828,0.19540229885057472
26,42000.0,21300.0,11300.0,253000,59000.0,9400,3,2,2,MONTHLY,MEDIUM,RETIREMENT,58.0,HIGH,0.501984126984127,0.5071428571428571,0.22380952380952382,0.11706349206349206
24,145000.0,89600.0,12100.0,1043000,204000.0,43300,5,4,3,MONTHLY,LOW,WEALTH_CREATION,99.0,HIGH,0.5994252873563218,0.6179310344827587,0.2986206896551724,0.11724137931034483
21,88000.0,62000.0,500.0,2651000,921000.0,25500,19,4,2,MONTHLY,HIGH,TAX_SAVING,77.0,HIGH,2.5104166666666665,0.7045454545454546,0.2897727272727273,0.8721590909090909
54,79000.0,49200.0,20900.0,758000,399000.0,8900,1,5,5,MONTHLY,HIGH,EMERGENCY_FUND,100.0,HIGH,0.79957805907173,0.6227848101265823,0.11265822784810127,0.4208860759493671
49,146000.0,89300.0,43900.0,836000,144000.0,12800,10,1,5,LUMP_SUM,MEDIUM,TAX_SAVING,79.0,HIGH,0.4771689497716895,0.6116438356164383,0.08767123287671233,0.0821917808219178
62,90000.0,73500.0,0.0,1644000,54000.0,20700,1,1,3,MONTHLY,HIGH,WEALTH_CREATION,58.0,HIGH,1.5222222222222221,0.8166666666666667,0.23,0.05
63,113000.0,66000.0,42100.0,425000,133000.0,4900,13,1,1,LUMP_SUM,MEDIUM,WEALTH_CREATION,40.0,HIGH,0.3134218289085546,0.584070796460177,0.04336283185840708,0.09808259587020648
21,57000.0,49200.0,0.0,499000,83000.0,12500,10,3,3,MONTHLY,MEDIUM,WEALTH_CREATION,89.0,HIGH,0.72953216374269,0.8631578947368421,0.21929824561403508,0.12134502923976608
42,53000.0,23000.0,12900.0,1084000,306000.0,17100,13,1,4,MONTHLY,MEDIUM,RETIREMENT,73.0,HIGH,1.7044025157232705,0.4339622641509434,0.32264150943396225,0.4811320754716981
54,31000.0,28500.0,0.0,323000,13000.0,4100,13,2,2,MONTHLY,MEDIUM,WEALTH_CREATION,65.0,HIGH,0.8682795698924731,0.9193548387096774,0.13225806451612904,0.03494623655913978
51,52000.0,47800.0,600.0,249000,24000.0,3600,13,2,5,RARELY,MEDIUM,RETIREMENT,62.0,HIGH,0.39903846153846156,0.9192307692307692,0.06923076923076923,0.038461538461538464
25,37000.0,16400.0,10600.0,126000,46000.0,10000,9,4,1,LUMP_SUM,MEDIUM,EMERGENCY_FUND,68.0,LOW,0.28378378378378377,0.44324324324324327,0.2702702702702703,0.1036036036036036
60,96000.0,80800.0,6600.0,1863000,488000.0,8600,20,3,1,MONTHLY,MEDIUM,WEALTH_CREATION,43.0,HIGH,1.6171875,0.8416666666666667,0.08958333333333333,0.4236111111111111
25,63000.0,45100.0,2100.0,1218000,89000.0,15800,7,4,4,MONTHLY,MEDIUM,EMERGENCY_FUND,82.0,HIGH,1.6111111111111112,0.7158730158730159,0.2507936507936508,0.11772486772486772
21,52000.0,31200.0,17300.0,388000,20000.0,3500,15,1,4,RARELY,HIGH,SHORT_TERM_GOAL,46.0,MEDIUM,0.6217948717948718,0.6,0.0673076923076923,0.03205128205128205
22,56000.0,27900.0,4700.0,379000,53000.0,23400,9,1,3,RARELY,LOW,RETIREMENT,49.0,MEDIUM,0.5639880952380952,0.4982142857142857,0.41785714285714287,0.07886904761904762
52,122000.0,51600.0,51000.0,2004000,218000.0,19400,8,1,5,RARELY,HIGH,WEALTH_CREATION,62.0,HIGH,1.3688524590163935,0.42295081967213116,0.15901639344262294,0.1489071038251366
22,125000.0,72500.0,0.0,894000,262000.0,68000,2,3,1,LUMP_SUM,MEDIUM,SHORT_TERM_GOAL,65.0,LOW,0.596,0.58,0.544,0.17466666666666666
29,67000.0,26900.0,34900.0,132000,5000.0,5200,2,4,3,RARELY,HIGH,RETIREMENT,65.0,MEDIUM,0.16417910447761194,0.4014925373134328,0.07761194029850746,0.006218905472636816
33,80000.0,57500.0,6600.0,286000,19000.0,15900,12,4,3,MONTHLY,LOW,RETIREMENT,91.0,HIGH,0.29791666666666666,0.71875,0.19875,0.019791666666666666
28,251000.0,201000.0,0.0,2922000,1670000.0,52500,5,3,1,LUMP_SUM,HIGH,RETIREMENT,46.0,MEDIUM,0.9701195219123506,0.8007968127490039,0.20916334661354583,0.5544488711819389
48,71000.0,26100.0,34800.0,739000,171000.0,10100,4,2,2,LUMP_SUM,LOW,EMERGENCY_FUND,70.0,HIGH,0.8673708920187794,0.3676056338028169,0.14225352112676057,0.2007042253521127
54,68000.0,32800.0,6100.0,220000,78000.0,29100,21,1,3,LUMP_SUM,LOW,TAX_SAVING,52.0,MEDIUM,0.2696078431372549,0.4823529411764706,0.4279411764705882,0.09558823529411764
38,103000.0,66000.0,18700.0,785000,44000.0,18300,14,1,1,QUARTERLY,HIGH,EMERGENCY_FUND,41.0,LOW,0.6351132686084142,0.6407766990291263,0.17766990291262136,0.03559870550161812
29,84000.0,47200.0,24400.0,1010000,137000.0,12400,4,1,5,MONTHLY,MEDIUM,TAX_SAVING,58.0,HIGH,1.001984126984127,0.5619047619047619,0.14761904761904762,0.1359126984126984
50,72000.0,18800.0,39700.0,189000,52000.0,13500,13,3,2,RARELY,MEDIUM,RETIREMENT,44.0,HIGH,0.21875,0.2611111111111111,0.1875,0.06018518518518518
46,89000.0,81800.0,3600.0,2781000,855000.0,3600,8,1,3,LUMP_SUM,MEDIUM,EMERGENCY_FUND,59.0,HIGH,2.603932584269663,0.9191011235955057,0.04044943820224719,0.800561797752809
43,79000.0,49300.0,14400.0,1785000,454000.0,15300,7,1,1,LUMP_SUM,HIGH,WEALTH_CREATION,36.0,HIGH,1.8829113924050633,0.6240506329113924,0.19367088607594937,0.47890295358649787
43,79000.0,48900.0,21800.0,905000,228000.0,8300,10,3,3,MONTHLY,LOW,WEALTH_CREATION,64.0,HIGH,0.9546413502109705,0.6189873417721519,0.10506329113924051,0.24050632911392406
35,148000.0,63600.0,80200.0,1235000,503000.0,4200,11,3,4,QUARTERLY,LOW,SHORT_TERM_GOAL,93.0,HIGH,0.6953828828828829,0.4297297297297297,0.02837837837837838,0.28322072072072074
24,104000.0,38500.0,36500.0,2475000,371000.0,29000,4,4,5,MONTHLY,HIGH,RETIREMENT,100.0,HIGH,1.9831730769230769,0.3701923076923077,0.27884615384615385,0.297275641025641
58,37000.0,26400.0,0.0,189000,58000.0,13500,8,4,3,MONTHLY,LOW,SHORT_TERM_GOAL,92.0,MEDIUM,0.42567567567567566,0.7135135135135136,0.36486486486486486,0.13063063063063063
52,146000.0,61000.0,60400.0,1364000,165000.0,24600,2,3,4,LUMP_SUM,HIGH,SHORT_TERM_GOAL,69.0,MEDIUM,0.7785388127853882,0.4178082191780822,0.1684931506849315,0.09417808219178082
47,88000.0,80900.0,0.0,3156000,2260000.0,33800,6,1,4,RARELY,HIGH,WEALTH_CREATION,52.0,HIGH,2.9886363636363638,0.9193181818181818,0.3840909090909091,2.140151515151515
54,43000.0,11100.0,22600.0,69000,6000.0,9300,15,1,1,MONTHLY,HIGH,WEALTH_CREATION,31.0,MEDIUM,0.13372093023255813,0.25813953488372093,0.21627906976744185,0.011627906976744186
56,67000.0,40400.0,18800.0,1259000,109000.0,7800,5,2,5,MONTHLY,MEDIUM,EMERGENCY_FUND,78.0,HIGH,1.5659203980099503,0.6029850746268657,0.11641791044776119,0.13557213930348258
64,38000.0,17300.0,11400.0,36000,11000.0,9300,13,3,1,LUMP_SUM,HIGH,TAX_SAVING,48.0,LOW,0.07894736842105263,0.45526315789473687,0.24473684210526317,0.02412280701754386
59,20000.0,14100.0,4000.0,144000,42000.0,1900,6,1,4,QUARTERLY,HIGH,RETIREMENT,51.0,MEDIUM,0.6,0.705,0.095,0.175
45,53000.0,38300.0,3600.0,514000,18000.0,11100,11,2,2,MONTHLY,LOW,SHORT_TERM_GOAL,50.0,HIGH,0.8081761006289309,0.7226415094339622,0.20943396226415095,0.02830188679245283
48,44000.0,36600.0,0.0,663000,92000.0,9500,1,2,1,LUMP_SUM,MEDIUM,TAX_SAVING,38.0,MEDIUM,1.2556818181818181,0.8318181818181818,0.2159090909090909,0.17424242424242425
40,46000.0,27800.0,13000.0,475000,51000.0,5200,1,3,1,MONTHLY,HIGH,TAX_SAVING,40.0,MEDIUM,0.8605072463768116,0.6043478260869565,0.11304347826086956,0.09239130434782608
32,38000.0,12000.0,21200.0,263000,130000.0,4800,6,2,1,MONTHLY,MEDIUM,SHORT_TERM_GOAL,46.0,MEDIUM,0.5767543859649122,0.3157894736842105,0.12631578947368421,0.2850877192982456
31,82000.0,63400.0,15000.0,1095000,369000.0,3600,2,1,4,MONTHLY,HIGH,WEALTH_CREATION,62.0,HIGH,1.1128048780487805,0.7731707317073171,0.04390243902439024,0.375
59,66000.0,52200.0,0.0,559000,62000.0,16000,17,1,4,MONTHLY,MEDIUM,WEALTH_CREATION,74.0,HIGH,0.7058080808080808,0.7909090909090909,0.24242424242424243,0.07828282828282829
60,61000.0,29900.0,26000.0,312000,52000.0,5100,1,3,3,QUARTERLY,MEDIUM,WEALTH_CREATION,85.0,HIGH,0.4262295081967213,0.4901639344262295,0.08360655737704918,0.07103825136612021
65,81000.0,43500.0,21800.0,1291000,112000.0,15700,10,3,3,RARELY,LOW,RETIREMENT,61.0,HIGH,1.3281893004115226,0.5370370370370371,0.19382716049382717,0.11522633744855967
52,50000.0,31200.0,0.0,1082000,625000.0,27000,10,2,3,RARELY,MEDIUM,WEALTH_CREATION,78.0,HIGH,1.8033333333333332,0.624,0.54,1.0416666666666667
51,36000.0,18400.0,9700.0,497000,34000.0,7900,1,2,1,QUARTERLY,LOW,WEALTH_CREATION,60.0,HIGH,1.150462962962963,0.5111111111111111,0.21944444444444444,0.0787037037037037
21,36000.0,26500.0,0.0,560000,288000.0,14100,2,2,1,LUMP_SUM,MEDIUM,WEALTH_CREATION,50.0,HIGH,1.2962962962962963,0.7361111111111112,0.39166666666666666,0.6666666666666666
36,27000.0,21300.0,0.0,164000,17000.0,10700,4,2,3,MONTHLY,HIGH,RETIREMENT,60.0,LOW,0.5061728395061729,0.7888888888888889,0.3962962962962963,0.05246913580246913
53,63000.0,37500.0,3300.0,275000,88000.0,22200,12,4,3,MONTHLY,MEDIUM,RETIREMENT,76.0,MEDIUM,0.3637566137566138,0.5952380952380952,0.3523809523809524,0.1164021164021164
64,37000.0,18900.0,8100.0,1068000,59000.0,10000,8,2,3,RARELY,MEDIUM,EMERGENCY_FUND,52.0,HIGH,2.4054054054054053,0.5108108108108108,0.2702702702702703,0.13288288288288289
56,194000.0,76900.0,80000.0,480000,93000.0,37100,17,1,3,MONTHLY,HIGH,RETIREMENT,44.0,HIGH,0.20618556701030927,0.39639175257731957,0.19123711340206184,0.03994845360824742
44,64000.0,42500.0,16000.0,2035000,548000.0,5500,14,1,4,MONTHLY,HIGH,SHORT_TERM_GOAL,56.0,HIGH,2.6497395833333335,0.6640625,0.0859375,0.7135416666666666
28,20000.0,11100.0,6500.0,47000,7000.0,2400,13,1,3,LUMP_SUM,HIGH,WEALTH_CREATION,33.0,MEDIUM,0.19583333333333333,0.555,0.12,0.029166666666666667
39,87000.0,63900.0,18600.0,1600000,511000.0,4500,12,1,4,QUARTERLY,HIGH,SHORT_TERM_GOAL,49.0,HIGH,1.5325670498084292,0.7344827586206897,0.05172413793103448,0.48946360153256707
31,66000.0,39100.0,5800.0,621000,90000.0,21100,11,2,1,QUARTERLY,HIGH,RETIREMENT,39.0,LOW,0.7840909090909091,0.5924242424242424,0.3196969696969697,0.11363636363636363
41,20000.0,6400.0,12600.0,55000,6000.0,1000,10,2,4,MONTHLY,MEDIUM,WEALTH_CREATION,81.0,HIGH,0.22916666666666666,0.32,0.05,0.025
25,100000.0,44400.0,53200.0,644000,50000.0,2400,7,3,5,MONTHLY,MEDIUM,WEALTH_CREATION,93.0,HIGH,0.5366666666666666,0.444,0.024,0.041666666666666664
45,51000.0,36400.0,9500.0,807000,164000.0,5100,12,3,3,LUMP_SUM,MEDIUM,WEALTH_CREATION,90.0,HIGH,1.3186274509803921,0.7137254901960784,0.1,0.2679738562091503
40,400000.0,277200.0,96100.0,1364000,496000.0,26700,5,2,4,RARELY,HIGH,WEALTH_CREATION,68.0,MEDIUM,0.2841666666666667,0.693,0.06675,0.10333333333333333
21,192000.0,94800.0,67300.0,2627000,107000.0,29900,5,5,3,MONTHLY,MEDIUM,EMERGENCY_FUND,84.0,HIGH,1.1401909722222223,0.49375,0.15572916666666667,0.046440972222222224
50,65000.0,46700.0,9800.0,1071000,299000.0,8500,2,2,3,MONTHLY,MEDIUM,SHORT_TERM_GOAL,65.0,HIGH,1.373076923076923,0.7184615384615385,0.13076923076923078,0.38333333333333336
32,96000.0,50100.0,39100.0,290000,21000.0,6800,14,1,3,MONTHLY,LOW,TAX_SAVING,67.0,HIGH,0.2517361111111111,0.521875,0.07083333333333333,0.018229166666666668
27,51000.0,39300.0,0.0,848000,237000.0,28000,8,5,1,RARELY,HIGH,WEALTH_CREATION,56.0,MEDIUM,1.3856209150326797,0.7705882352941177,0.5490196078431373,0.3872549019607843
64,34000.0,16900.0,13200.0,108000,27000.0,3900,12,1,2,LUMP_SUM,HIGH,WEALTH_CREATION,56.0,HIGH,0.2647058823529412,0.4970588235294118,0.11470588235294117,0.0661764705882353
44,55000.0,35600.0,8500.0,544000,78000.0,10900,3,1,1,RARELY,MEDIUM,WEALTH_CREATION,36.0,LOW,0.8242424242424242,0.6472727272727272,0.19818181818181818,0.11818181818181818
53,33000.0,19400.0,12200.0,442000,145000.0,1400,1,3,3,LUMP_SUM,HIGH,TAX_SAVING,74.0,HIGH,1.1161616161616161,0.5878787878787879,0.04242424242424243,0.3661616161616162
31,139000.0,47000.0,15600.0,370000,44000.0,76400,4,1,2,RARELY,MEDIUM,WEALTH_CREATION,37.0,LOW,0.22182254196642687,0.3381294964028777,0.5496402877697841,0.026378896882494004
27,169000.0,148100.0,0.0,4792000,1891000.0,36500,16,3,1,LUMP_SUM,HIGH,SHORT_TERM_GOAL,62.0,HIGH,2.3629191321499015,0.8763313609467456,0.21597633136094674,0.9324457593688363
32,42000.0,20000.0,8900.0,702000,402000.0,13100,5,1,2,MONTHLY,MEDIUM,RETIREMENT,57.0,HIGH,1.3928571428571428,0.47619047619047616,0.3119047619047619,0.7976190476190477
30,193000.0,68600.0,94500.0,867000,132000.0,29900,12,4,4,MONTHLY,HIGH,TAX_SAVING,80.0,HIGH,0.3743523316062176,0.35544041450777203,0.15492227979274611,0.05699481865284974
47,39000.0,28400.0,0.0,800000,151000.0,13500,6,3,5,LUMP_SUM,MEDIUM,EMERGENCY_FUND,93.0,HIGH,1.7094017094017093,0.7282051282051282,0.34615384615384615,0.32264957264957267
41,74000.0,39100.0,15500.0,1238000,366000.0,19400,23,3,1,RARELY,LOW,EMERGENCY_FUND,62.0,HIGH,1.3941441441441442,0.5283783783783784,0.26216216216216215,0.41216216216216217
61,63000.0,39400.0,0.0,507000,168000.0,25300,17,2,3,LUMP_SUM,LOW,RETIREMENT,82.0,HIGH,0.6706349206349206,0.6253968253968254,0.4015873015873016,0.2222222222222222
30,35000.0,25000.0,6600.0,337000,98000.0,3400,3,2,4,LUMP_SUM,LOW,SHORT_TERM_GOAL,75.0,HIGH,0.8023809523809524,0.7142857142857143,0.09714285714285714,0.23333333333333334
65,78000.0,15600.0,43600.0,409000,123000.0,18800,21,2,3,RARELY,MEDIUM,TAX_SAVING,58.0,HIGH,0.43696581196581197,0.2,0.24102564102564103,0.13141025641025642
21,48000.0,17600.0,8300.0,530000,108000.0,22100,1,1,2,RARELY,MEDIUM,RETIREMENT,48.0,LOW,0.9201388888888888,0.36666666666666664,0.46041666666666664,0.1875
36,76000.0,41700.0,21900.0,904000,297000.0,12400,1,2,4,MONTHLY,LOW,WEALTH_CREATION,82.0,HIGH,0.9912280701754386,0.5486842105263158,0.1631578947368421,0.3256578947368421
55,44000.0,24800.0,17800.0,195000,25000.0,1400,12,3,3,LUMP_SUM,HIGH,WEALTH_CREATION,68.0,HIGH,0.3693181818181818,0.5636363636363636,0.031818181818181815,0.04734848484848485
52,116000.0,106700.0,0.0,3273000,1335000.0,26900,10,4,3,MONTHLY,MEDIUM,WEALTH_CREATION,87.0,HIGH,2.351293103448276,0.9198275862068965,0.23189655172413792,0.959051724137931
62,159000.0,97600.0,37800.0,2059000,615000.0,23600,10,1,3,LUMP_SUM,MEDIUM,EMERGENCY_FUND,45.0,HIGH,1.079140461215933,0.6138364779874214,0.14842767295597484,0.3223270440251572
59,89000.0,54500.0,24000.0,1363000,372000.0,10500,15,5,4,MONTHLY,HIGH,RETIREMENT,87.0,HIGH,1.2762172284644195,0.6123595505617978,0.11797752808988764,0.34831460674157305
61,264000.0,148100.0,97800.0,3205000,238000.0,18100,14,3,3,RARELY,HIGH,WEALTH_CREATION,55.0,HIGH,1.011679292929293,0.5609848484848485,0.06856060606060606,0.07512626262626262
60,44000.0,20600.0,23000.0,91000,13000.0,400,6,2,3,MONTHLY,MEDIUM,EMERGENCY_FUND,71.0,MEDIUM,0.17234848484848486,0.4681818181818182,0.00909090909090909,0.02462121212121212
46,37000.0,23300.0,8800.0,584000,131000.0,4900,10,1,5,MONTHLY,MEDIUM,WEALTH_CREATION,69.0,HIGH,1.3153153153153154,0.6297297297297297,0.13243243243243244,0.29504504504504503
54,45000.0,34200.0,8200.0,805000,90000.0,2600,7,4,4,LUMP_SUM,LOW,TAX_SAVING,95.0,HIGH,1.4907407407407407,0.76,0.057777777777777775,0.16666666666666666
64,90000.0,63800.0,21000.0,877000,145000.0,5200,2,1,4,LUMP_SUM,MEDIUM,EMERGENCY_FUND,51.0,LOW,0.812037037037037,0.7088888888888889,0.057777777777777775,0.13425925925925927
24,81000.0,63300.0,11400.0,1176000,230000.0,6300,2,2,3,MONTHLY,MEDIUM,TAX_SAVING,88.0,HIGH,1.2098765432098766,0.7814814814814814,0.07777777777777778,0.2366255144032922
48,113000.0,92700.0,100.0,1672000,490000.0,20200,15,2,5,MONTHLY,HIGH,EMERGENCY_FUND,74.0,HIGH,1.233038348082596,0.820353982300885,0.17876106194690267,0.3613569321533923
33,57000.0,25400.0,27900.0,636000,238000.0,3700,10,1,1,MONTHLY,MEDIUM,TAX_SAVING,50.0,HIGH,0.9298245614035088,0.4456140350877193,0.06491228070175438,0.347953216374269
36,114000.0,80000.0,27500.0,271000,82000.0,6500,16,4,1,MONTHLY,LOW,TAX_SAVING,83.0,HIGH,0.19809941520467836,0.7017543859649122,0.05701754385964912,0.059941520467836254
46,197000.0,157000.0,0.0,2394000,736000.0,58500,10,3,2,MONTHLY,MEDIUM,EMERGENCY_FUND,70.0,HIGH,1.0126903553299493,0.7969543147208121,0.2969543147208122,0.311336717428088
54,34000.0,28700.0,0.0,119000,34000.0,7700,7,1,3,LUMP_SUM,LOW,RETIREMENT,66.0,MEDIUM,0.2916666666666667,0.8441176470588235,0.22647058823529412,0.08333333333333333
41,54000.0,31800.0,17800.0,374000,79000.0,4400,7,2,2,MONTHLY,LOW,RETIREMENT,56.0,HIGH,0.5771604938271605,0.5888888888888889,0.08148148148148149,0.12191358024691358
62,29000.0,17100.0,11600.0,498000,182000.0,300,3,3,2,MONTHLY,LOW,TAX_SAVING,71.0,HIGH,1.4310344827586208,0.5896551724137931,0.010344827586206896,0.5229885057471264
54,33000.0,14800.0,17900.0,375000,282000.0,300,2,4,5,LUMP_SUM,MEDIUM,RETIREMENT,95.0,HIGH,0.946969696969697,0.4484848484848485,0.00909090909090909,0.7121212121212122
25,60000.0,48700.0,0.0,1692000,498000.0,23000,2,1,2,MONTHLY,MEDIUM,TAX_SAVING,49.0,HIGH,2.35,0.8116666666666666,0.38333333333333336,0.6916666666666667
64,48000.0,28600.0,9300.0,712000,5000.0,10100,5,2,4,MONTHLY,MEDIUM,WEALTH_CREATION,92.0,HIGH,1.2361111111111112,0.5958333333333333,0.21041666666666667,0.008680555555555556
59,49000.0,45000.0,0.0,987000,336000.0,13100,7,1,4,MONTHLY,MEDIUM,EMERGENCY_FUND,44.0,HIGH,1.6785714285714286,0.9183673469387755,0.2673469387755102,0.5714285714285714
28,47000.0,27200.0,9200.0,405000,47000.0,10600,20,2,3,MONTHLY,LOW,TAX_SAVING,58.0,HIGH,0.7180851063829787,0.5787234042553191,0.225531914893617,0.08333333333333333
26,48000.0,44100.0,0.0,492000,136000.0,23600,13,2,3,MONTHLY,MEDIUM,TAX_SAVING,57.0,MEDIUM,0.8541666666666666,0.91875,0.49166666666666664,0.2361111111111111
28,35000.0,22400.0,9200.0,502000,98000.0,3400,8,5,1,MONTHLY,LOW,RETIREMENT,92.0,HIGH,1.1952380952380952,0.64,0.09714285714285714,0.23333333333333334
63,100000.0,69900.0,18500.0,2828000,1315000.0,11600,19,3,5,MONTHLY,HIGH,WEALTH_CREATION,76.0,HIGH,2.3566666666666665,0.699,0.116,1.0958333333333334
30,130000.0,105200.0,12200.0,2397000,382000.0,12600,3,1,3,MONTHLY,MEDIUM,RETIREMENT,60.0,HIGH,1.5365384615384616,0.8092307692307692,0.09692307692307692,0.24487179487179486
62,75000.0,50300.0,19700.0,725000,28000.0,5000,12,1,1,MONTHLY,MEDIUM,WEALTH_CREATION,36.0,HIGH,0.8055555555555556,0.6706666666666666,0.06666666666666667,0.03111111111111111
32,47000.0,24800.0,19600.0,199000,51000.0,2600,6,1,1,MONTHLY,HIGH,RETIREMENT,23.0,MEDIUM,0.3528368794326241,0.5276595744680851,0.05531914893617021,0.09042553191489362
28,67000.0,45600.0,0.0,252000,196000.0,27600,4,2,2,LUMP_SUM,LOW,RETIREMENT,67.0,LOW,0.31343283582089554,0.6805970149253732,0.41194029850746267,0.24378109452736318
22,90000.0,49800.0,32100.0,941000,429000.0,8100,1,5,5,MONTHLY,MEDIUM,WEALTH_CREATION,91.0,HIGH,0.8712962962962963,0.5533333333333333,0.09,0.3972222222222222
52,114000.0,53400.0,47300.0,188000,18000.0,13300,3,2,2,LUMP_SUM,HIGH,WEALTH_CREATION,56.0,MEDIUM,0.13742690058479531,0.46842105263157896,0.11666666666666667,0.013157894736842105
39,86000.0,60000.0,0.0,1136000,356000.0,35800,2,1,1,RARELY,MEDIUM,TAX_SAVING,37.0,LOW,1.1007751937984496,0.6976744186046512,0.41627906976744183,0.3449612403100775
22,193000.0,156600.0,32900.0,1759000,141000.0,3500,15,2,5,MONTHLY,LOW,RETIREMENT,87.0,HIGH,0.7594991364421416,0.81139896373057,0.018134715025906734,0.06088082901554404
42,50000.0,37300.0,11000.0,578000,37000.0,1700,6,3,4,MONTHLY,MEDIUM,WEALTH_CREATION,86.0,HIGH,0.9633333333333334,0.746,0.034,0.06166666666666667
46,75000.0,24100.0,19300.0,972000,134000.0,31600,17,1,5,MONTHLY,MEDIUM,RETIREMENT,83.0,HIGH,1.08,0.32133333333333336,0.42133333333333334,0.14888888888888888
25,88000.0,58300.0,9600.0,1423000,495000.0,20100,17,5,3,MONTHLY,MEDIUM,WEALTH_CREATION,89.0,HIGH,1.347537878787879,0.6625,0.22840909090909092,0.46875
46,46000.0,24800.0,2600.0,285000,144000.0,18600,3,3,3,MONTHLY,LOW,WEALTH_CREATION,87.0,MEDIUM,0.5163043478260869,0.5391304347826087,0.4043478260869565,0.2608695652173913
50,49000.0,43400.0,0.0,1059000,72000.0,6700,8,2,3,MONTHLY,LOW,TAX_SAVING,76.0,HIGH,1.8010204081632653,0.8857142857142857,0.13673469387755102,0.12244897959183673
59,44000.0,29000.0,5100.0,247000,40000.0,9900,3,1,5,RARELY,LOW,WEALTH_CREATION,66.0,HIGH,0.4678030303030303,0.6590909090909091,0.225,0.07575757575757576
21,28000.0,21800.0,0.0,256000,19000.0,14000,11,1,1,RARELY,HIGH,SHORT_TERM_GOAL,24.0,LOW,0.7619047619047619,0.7785714285714286,0.5,0.05654761904761905
29,52000.0,36000.0,8800.0,298000,158000.0,7200,2,1,1,QUARTERLY,MEDIUM,WEALTH_CREATION,32.0,MEDIUM,0.4775641025641026,0.6923076923076923,0.13846153846153847,0.2532051282051282
23,79000.0,40200.0,33400.0,189000,68000.0,5400,2,4,3,MONTHLY,HIGH,RETIREMENT,86.0,HIGH,0.19936708860759494,0.5088607594936709,0.06835443037974684,0.07172995780590717
45,57000.0,29400.0,25700.0,282000,31000.0,1900,5,1,5,MONTHLY,LOW,SHORT_TERM_GOAL,86.0,MEDIUM,0.41228070175438597,0.5157894736842106,0.03333333333333333,0.04532163742690058
25,82000.0,70900.0,0.0,533000,102000.0,23000,4,1,3,MONTHLY,MEDIUM,EMERGENCY_FUND,63.0,MEDIUM,0.5416666666666666,0.8646341463414634,0.2804878048780488,0.10365853658536585
23,75000.0,61600.0,0.0,918000,311000.0,22500,13,2,2,MONTHLY,MEDIUM,SHORT_TERM_GOAL,37.0,MEDIUM,1.02,0.8213333333333334,0.3,0.34555555555555556
56,64000.0,38500.0,10400.0,747000,62000.0,15100,12,3,5,QUARTERLY,HIGH,TAX_SAVING,68.0,HIGH,0.97265625,0.6015625,0.2359375,0.08072916666666667
21,103000.0,58600.0,40900.0,1168000,46000.0,3500,4,2,2,MONTHLY,HIGH,SHORT_TERM_GOAL,46.0,MEDIUM,0.9449838187702265,0.5689320388349515,0.03398058252427184,0.0372168284789644
35,45000.0,28600.0,0.0,268000,86000.0,17500,20,1,4,QUARTERLY,LOW,RETIREMENT,67.0,HIGH,0.4962962962962963,0.6355555555555555,0.3888888888888889,0.15925925925925927
39,42000.0,17600.0,19300.0,204000,62000.0,5100,23,1,3,MONTHLY,MEDIUM,RETIREMENT,63.0,HIGH,0.40476190476190477,0.41904761904761906,0.12142857142857143,0.12301587301587301
52,90000.0,62900.0,9300.0,1082000,639000.0,17800,19,3,2,MONTHLY,LOW,WEALTH_CREATION,88.0,HIGH,1.0018518518518518,0.6988888888888889,0.19777777777777777,0.5916666666666667
27,110000.0,54700.0,9100.0,2899000,1084000.0,46200,13,3,1,LUMP_SUM,MEDIUM,TAX_SAVING,56.0,HIGH,2.1962121212121213,0.49727272727272726,0.42,0.8212121212121212
64,151000.0,91300.0,6400.0,1248000,316000.0,53300,7,3,3,MONTHLY,HIGH,WEALTH_CREATION,69.0,MEDIUM,0.6887417218543046,0.604635761589404,0.3529801324503311,0.17439293598233996
24,48000.0,26900.0,16400.0,287000,135000.0,4700,12,5,2,MONTHLY,LOW,TAX_SAVING,95.0,HIGH,0.4982638888888889,0.5604166666666667,0.09791666666666667,0.234375
31,128000.0,92400.0,30000.0,59000,19000.0,5600,14,4,1,LUMP_SUM,MEDIUM,RETIREMENT,60.0,HIGH,0.038411458333333336,0.721875,0.04375,0.012369791666666666
23,67000.0,30800.0,31600.0,256000,178000.0,4600,9,2,5,QUARTERLY,MEDIUM,SHORT_TERM_GOAL,76.0,HIGH,0.31840796019900497,0.4597014925373134,0.06865671641791045,0.22139303482587064
21,51000.0,25100.0,8300.0,1049000,366000.0,17600,16,4,1,MONTHLY,HIGH,SHORT_TERM_GOAL,71.0,HIGH,1.7140522875816993,0.492156862745098,0.34509803921568627,0.5980392156862745
60,132000.0,78100.0,23400.0,2997000,1612000.0,30500,17,2,4,QUARTERLY,LOW,WEALTH_CREATION,89.0,HIGH,1.8920454545454546,0.5916666666666667,0.23106060606060605,1.0176767676767677
32,76000.0,53900.0,6300.0,930000,380000.0,15800,14,1,2,MONTHLY,MEDIUM,WEALTH_CREATION,51.0,HIGH,1.019736842105263,0.7092105263157895,0.20789473684210527,0.4166666666666667
54,64000.0,55400.0,0.0,2053000,87000.0,21600,1,2,2,RARELY,HIGH,TAX_SAVING,47.0,HIGH,2.6731770833333335,0.865625,0.3375,0.11328125
31,29000.0,21700.0,3900.0,106000,19000.0,3400,13,4,5,MONTHLY,MEDIUM,WEALTH_CREATION,91.0,HIGH,0.3045977011494253,0.7482758620689656,0.11724137931034483,0.05459770114942529
53,102000.0,62800.0,18600.0,1189000,521000.0,20600,3,1,4,MONTHLY,MEDIUM,TAX_SAVING,66.0,HIGH,0.9714052287581699,0.615686274509804,0.2019607843137255,0.4256535947712418
62,91000.0,61300.0,0.0,497000,280000.0,32300,9,2,1,MONTHLY,MEDIUM,WEALTH_CREATION,47.0,LOW,0.4551282051282051,0.6736263736263737,0.35494505494505496,0.2564102564102564
37,55000.0,35900.0,6800.0,6000,0.0,12300,20,1,2,LUMP_SUM,MEDIUM,SHORT_TERM_GOAL,44.0,LOW,0.00909090909090909,0.6527272727272727,0.22363636363636363,0.0
51,113000.0,78400.0,15500.0,720000,431000.0,19100,3,2,4,LUMP_SUM,LOW,WEALTH_CREATION,73.0,HIGH,0.5309734513274337,0.6938053097345133,0.16902654867256636,0.31784660766961653
35,103000.0,47800.0,1400.0,1652000,141000.0,53800,14,2,1,MONTHLY,LOW,TAX_SAVING,73.0,HIGH,1.3365695792880259,0.4640776699029126,0.5223300970873787,0.11407766990291263
31,77000.0,32600.0,38000.0,315000,60000.0,6400,1,1,3,LUMP_SUM,MEDIUM,WEALTH_CREATION,71.0,HIGH,0.3409090909090909,0.42337662337662335,0.08311688311688312,0.06493506493506493
57,99000.0,49400.0,41100.0,319000,73000.0,8500,18,2,2,RARELY,LOW,TAX_SAVING,62.0,HIGH,0.26851851851851855,0.498989898989899,0.08585858585858586,0.061447811447811446
28,64000.0,41400.0,17900.0,805000,77000.0,4700,11,1,1,QUARTERLY,HIGH,EMERGENCY_FUND,44.0,MEDIUM,1.0481770833333333,0.646875,0.0734375,0.10026041666666667
29,38000.0,21400.0,10600.0,434000,74000.0,6000,8,4,3,MONTHLY,MEDIUM,WEALTH_CREATION,81.0,HIGH,0.9517543859649122,0.5631578947368421,0.15789473684210525,0.16228070175438597
35,53000.0,42700.0,0.0,611000,126000.0,10300,12,2,2,MONTHLY,MEDIUM,TAX_SAVING,54.0,MEDIUM,0.960691823899371,0.8056603773584906,0.19433962264150945,0.19811320754716982
56,84000.0,45400.0,16600.0,736000,224000.0,22000,14,3,4,MONTHLY,MEDIUM,EMERGENCY_FUND,85.0,HIGH,0.7301587301587301,0.5404761904761904,0.2619047619047619,0.2222222222222222
46,60000.0,24400.0,12200.0,500000,20000.0,23400,15,3,3,LUMP_SUM,MEDIUM,EMERGENCY_FUND,62.0,MEDIUM,0.6944444444444444,0.4066666666666667,0.39,0.027777777777777776
33,128000.0,50500.0,32000.0,1511000,239000.0,45500,5,2,3,MONTHLY,MEDIUM,WEALTH_CREATION,74.0,HIGH,0.9837239583333334,0.39453125,0.35546875,0.15559895833333334
60,42000.0,34500.0,0.0,263000,72000.0,11200,18,3,3,LUMP_SUM,LOW,SHORT_TERM_GOAL,74.0,MEDIUM,0.5218253968253969,0.8214285714285714,0.26666666666666666,0.14285714285714285
23,51000.0,36900.0,0.0,1514000,511000.0,21200,4,3,3,RARELY,MEDIUM,RETIREMENT,55.0,HIGH,2.473856209150327,0.7235294117647059,0.41568627450980394,0.8349673202614379
21,32000.0,13600.0,4000.0,799000,30000.0,14400,6,1,2,MONTHLY,MEDIUM,RETIREMENT,74.0,HIGH,2.0807291666666665,0.425,0.45,0.078125
49,57000.0,35400.0,10600.0,41000,10000.0,11000,2,1,3,MONTHLY,MEDIUM,TAX_SAVING,59.0,LOW,0.059941520467836254,0.6210526315789474,0.19298245614035087,0.014619883040935672
55,52000.0,29400.0,21700.0,1378000,129000.0,900,5,1,2,LUMP_SUM,MEDIUM,SHORT_TERM_GOAL,61.0,HIGH,2.2083333333333335,0.5653846153846154,0.01730769230769231,0.20673076923076922
34,89000.0,58700.0,23200.0,60000,7000.0,7100,13,2,3,MONTHLY,MEDIUM,RETIREMENT,56.0,HIGH,0.056179775280898875,0.6595505617977528,0.07977528089887641,0.006554307116104869
58,65000.0,31200.0,10800.0,1793000,325000.0,23000,4,1,5,RARELY,HIGH,WEALTH_CREATION,62.0,HIGH,2.2987179487179485,0.48,0.35384615384615387,0.4166666666666667
51,184000.0,110100.0,43800.0,1151000,506000.0,30100,7,3,1,MONTHLY,HIGH,SHORT_TERM_GOAL,66.0,HIGH,0.521286231884058,0.5983695652173913,0.16358695652173913,0.22916666666666666
47,31000.0,24200.0,4900.0,165000,110000.0,1900,3,3,4,QUARTERLY,MEDIUM,SHORT_TERM_GOAL,89.0,HIGH,0.4435483870967742,0.7806451612903226,0.06129032258064516,0.2956989247311828
32,102000.0,76600.0,13100.0,821000,71000.0,12300,5,3,3,MONTHLY,LOW,RETIREMENT,86.0,HIGH,0.670751633986928,0.7509803921568627,0.12058823529411765,0.05800653594771242
30,58000.0,44500.0,0.0,494000,147000.0,13900,4,2,4,RARELY,MEDIUM,WEALTH_CREATION,60.0,MEDIUM,0.7097701149425287,0.7672413793103449,0.2396551724137931,0.21120689655172414
46,321000.0,295300.0,0.0,2682000,52000.0,42100,6,1,1,MONTHLY,LOW,SHORT_TERM_GOAL,52.0,LOW,0.6962616822429907,0.9199376947040498,0.1311526479750779,0.013499480789200415
44,66000.0,35700.0,26800.0,526000,33000.0,3500,22,3,1,MONTHLY,MEDIUM,SHORT_TERM_GOAL,65.0,HIGH,0.6641414141414141,0.5409090909090909,0.05303030303030303,0.041666666666666664
64,60000.0,23700.0,22600.0,134000,20000.0,13700,5,2,3,MONTHLY,LOW,RETIREMENT,81.0,HIGH,0.18611111111111112,0.395,0.22833333333333333,0.027777777777777776
49,109000.0,88200.0,0.0,669000,102000.0,38300,9,3,1,RARELY,LOW,EMERGENCY_FUND,50.0,LOW,0.5114678899082569,0.8091743119266055,0.3513761467889908,0.0779816513761468
62,49000.0,41100.0,2900.0,252000,53000.0,5000,6,4,4,RARELY,HIGH,RETIREMENT,69.0,MEDIUM,0.42857142857142855,0.8387755102040816,0.10204081632653061,0.09013605442176871
61,47000.0,39700.0,0.0,227000,54000.0,9900,6,3,4,MONTHLY,HIGH,RETIREMENT,68.0,MEDIUM,0.4024822695035461,0.8446808510638298,0.21063829787234042,0.09574468085106383
62,123000.0,108400.0,0.0,1345000,515000.0,35100,1,1,4,MONTHLY,HIGH,SHORT_TERM_GOAL,59.0,LOW,0.9112466124661247,0.8813008130081301,0.28536585365853656,0.3489159891598916
64,118000.0,54900.0,35800.0,1419000,372000.0,27300,7,2,3,RARELY,HIGH,EMERGENCY_FUND,61.0,MEDIUM,1.0021186440677967,0.4652542372881356,0.23135593220338982,0.2627118644067797
37,99000.0,35900.0,38900.0,933000,279000.0,24200,6,2,5,QUARTERLY,HIGH,WEALTH_CREATION,68.0,HIGH,0.7853535353535354,0.36262626262626263,0.24444444444444444,0.23484848484848486
34,273000.0,111900.0,114500.0,2313000,306000.0,46600,9,3,5,LUMP_SUM,MEDIUM,WEALTH_CREATION,74.0,HIGH,0.7060439560439561,0.4098901098901099,0.1706959706959707,0.09340659340659341
63,230000.0,106500.0,95700.0,1067000,281000.0,27800,23,4,4,MONTHLY,HIGH,SHORT_TERM_GOAL,76.0,HIGH,0.38659420289855073,0.46304347826086956,0.1208695652173913,0.10181159420289855
64,34000.0,16900.0,14500.0,452000,164000.0,2600,1,3,1,RARELY,HIGH,SHORT_TERM_GOAL,27.0,MEDIUM,1.107843137254902,0.4970588235294118,0.07647058823529412,0.4019607843137255
44,117000.0,107600.0,0.0,1671000,530000.0,16300,4,1,1,LUMP_SUM,MEDIUM,WEALTH_CREATION,40.0,HIGH,1.1901709401709402,0.9196581196581196,0.13931623931623932,0.37749287749287747
64,62000.0,43700.0,0.0,430000,92000.0,25100,2,3,4,LUMP_SUM,HIGH,WEALTH_CREATION,73.0,MEDIUM,0.5779569892473119,0.7048387096774194,0.40483870967741936,0.12365591397849462
33,23000.0,14000.0,8000.0,167000,8000.0,1000,2,3,5,MONTHLY,MEDIUM,SHORT_TERM_GOAL,94.0,HIGH,0.605072463768116,0.6086956521739131,0.043478260869565216,0.028985507246376812
23,123000.0,74700.0,39400.0,354000,112000.0,8900,15,3,5,LUMP_SUM,MEDIUM,WEALTH_CREATION,89.0,HIGH,0.23983739837398374,0.6073170731707317,0.07235772357723577,0.07588075880758807
28,67000.0,34800.0,0.0,421000,30000.0,36800,21,2,4,MONTHLY,MEDIUM,SHORT_TERM_GOAL,76.0,LOW,0.5236318407960199,0.5194029850746269,0.5492537313432836,0.03731343283582089
43,120000.0,81900.0,0.0,1956000,597000.0,55000,17,1,3,LUMP_SUM,HIGH,EMERGENCY_FUND,55.0,LOW,1.3583333333333334,0.6825,0.4583333333333333,0.41458333333333336
23,42000.0,30600.0,3800.0,426000,31000.0,7600,15,2,1,RARELY,MEDIUM,TAX_SAVING,26.0,MEDIUM,0.8452380952380952,0.7285714285714285,0.18095238095238095,0.061507936507936505
49,132000.0,56500.0,66600.0,2409000,730000.0,8900,19,1,1,RARELY,MEDIUM,WEALTH_CREATION,31.0,HIGH,1.5208333333333333,0.42803030303030304,0.06742424242424243,0.46085858585858586
31,111000.0,68700.0,8300.0,1741000,135000.0,34000,1,1,2,MONTHLY,MEDIUM,WEALTH_CREATION,47.0,MEDIUM,1.307057057057057,0.6189189189189189,0.3063063063063063,0.10135135135135136
43,86000.0,57500.0,5200.0,831000,155000.0,23300,6,3,5,MONTHLY,MEDIUM,RETIREMENT,97.0,HIGH,0.8052325581395349,0.6686046511627907,0.2709302325581395,0.1501937984496124
34,30000.0,9200.0,12800.0,144000,61000.0,8000,5,1,4,MONTHLY,MEDIUM,WEALTH_CREATION,76.0,HIGH,0.4,0.30666666666666664,0.26666666666666666,0.16944444444444445
26,36000.0,27300.0,0.0,1226000,475000.0,11900,1,2,3,MONTHLY,LOW,WEALTH_CREATION,80.0,HIGH,2.837962962962963,0.7583333333333333,0.33055555555555555,1.099537037037037
26,126000.0,81000.0,24200.0,1733000,616000.0,20800,6,1,4,LUMP_SUM,LOW,WEALTH_CREATION,52.0,HIGH,1.1461640211640212,0.6428571428571429,0.16507936507936508,0.4074074074074074
65,66000.0,54400.0,1400.0,1653000,595000.0,10200,19,1,2,LUMP_SUM,LOW,WEALTH_CREATION,51.0,HIGH,2.087121212121212,0.8242424242424242,0.15454545454545454,0.7512626262626263
49,161000.0,108200.0,37900.0,888000,392000.0,14900,10,2,4,LUMP_SUM,MEDIUM,WEALTH_CREATION,62.0,HIGH,0.45962732919254656,0.6720496894409937,0.09254658385093167,0.2028985507246377
23,119000.0,76900.0,16400.0,466000,103000.0,25700,14,1,3,RARELY,HIGH,RETIREMENT,43.0,LOW,0.32633053221288516,0.646218487394958,0.21596638655462186,0.07212885154061624
57,87000.0,47600.0,24700.0,317000,38000.0,14700,7,1,2,MONTHLY,LOW,TAX_SAVING,58.0,MEDIUM,0.303639846743295,0.5471264367816092,0.16896551724137931,0.03639846743295019
53,104000.0,77000.0,4300.0,2457000,774000.0,22700,18,4,4,QUARTERLY,LOW,EMERGENCY_FUND,87.0,HIGH,1.96875,0.7403846153846154,0.21826923076923077,0.6201923076923077
27,54000.0,13200.0,35600.0,235000,2000.0,5200,1,1,3,MONTHLY,LOW,SHORT_TERM_GOAL,76.0,HIGH,0.3626543209876543,0.24444444444444444,0.0962962962962963,0.0030864197530864196
44,82000.0,43100.0,1200.0,1194000,648000.0,37700,2,4,4,QUARTERLY,MEDIUM,WEALTH_CREATION,93.0,HIGH,1.2134146341463414,0.525609756097561,0.45975609756097563,0.6585365853658537
40,119000.0,97500.0,0.0,4739000,776000.0,25000,3,1,3,QUARTERLY,LOW,WEALTH_CREATION,58.0,HIGH,3.3186274509803924,0.819327731092437,0.21008403361344538,0.5434173669467787
35,66000.0,38300.0,12800.0,516000,181000.0,14900,3,2,2,LUMP_SUM,LOW,TAX_SAVING,53.0,MEDIUM,0.6515151515151515,0.5803030303030303,0.22575757575757577,0.22853535353535354
50,72000.0,36700.0,16200.0,333000,128000.0,19100,7,1,5,QUARTERLY,HIGH,EMERGENCY_FUND,61.0,LOW,0.3854166666666667,0.5097222222222222,0.2652777777777778,0.14814814814814814
53,35000.0,25300.0,2800.0,840000,168000.0,6900,13,5,1,MONTHLY,MEDIUM,EMERGENCY_FUND,75.0,HIGH,2.0,0.7228571428571429,0.19714285714285715,0.4
22,56000.0,43500.0,7900.0,1797000,398000.0,4600,11,4,3,RARELY,LOW,WEALTH_CREATION,82.0,HIGH,2.674107142857143,0.7767857142857143,0.08214285714285714,0.5922619047619048
61,206000.0,165900.0,1600.0,414000,61000.0,38500,12,5,1,RARELY,LOW,WEALTH_CREATION,80.0,HIGH,0.16747572815533981,0.8053398058252427,0.18689320388349515,0.024676375404530743
24,60000.0,48200.0,0.0,1210000,135000.0,15300,2,2,3,RARELY,MEDIUM,WEALTH_CREATION,52.0,HIGH,1.6805555555555556,0.8033333333333333,0.255,0.1875
48,102000.0,90500.0,0.0,669000,271000.0,36400,5,2,3,RARELY,HIGH,WEALTH_CREATION,48.0,LOW,0.5465686274509803,0.8872549019607843,0.3568627450980392,0.22140522875816993
28,119000.0,61200.0,21500.0,2427000,766000.0,36300,12,2,4,MONTHLY,MEDIUM,TAX_SAVING,77.0,HIGH,1.699579831932773,0.5142857142857142,0.3050420168067227,0.5364145658263305
50,77000.0,44800.0,28800.0,162000,25000.0,3400,10,2,5,MONTHLY,HIGH,WEALTH_CREATION,74.0,HIGH,0.17532467532467533,0.5818181818181818,0.04415584415584416,0.027056277056277056
39,54000.0,30700.0,12200.0,302000,163000.0,11100,15,4,2,QUARTERLY,MEDIUM,WEALTH_CREATION,75.0,HIGH,0.4660493827160494,0.5685185185185185,0.20555555555555555,0.2515432098765432
60,20000.0,14900.0,2300.0,134000,12000.0,2800,20,1,1,QUARTERLY,MEDIUM,WEALTH_CREATION,49.0,HIGH,0.5583333333333333,0.745,0.14,0.05
37,25000.0,15500.0,7400.0,462000,14000.0,2100,6,1,1,RARELY,HIGH,TAX_SAVING,25.0,MEDIUM,1.54,0.62,0.084,0.04666666666666667
60,144000.0,108400.0,21700.0,2909000,354000.0,13900,5,1,2,LUMP_SUM,LOW,SHORT_TERM_GOAL,48.0,HIGH,1.6834490740740742,0.7527777777777778,0.09652777777777778,0.2048611111111111
26,34000.0,13500.0,8000.0,302000,93000.0,12500,5,1,2,MONTHLY,LOW,RETIREMENT,60.0,HIGH,0.7401960784313726,0.39705882352941174,0.36764705882352944,0.22794117647058823
32,56000.0,44200.0,2400.0,254000,37000.0,9400,10,2,3,QUARTERLY,MEDIUM,TAX_SAVING,54.0,MEDIUM,0.37797619047619047,0.7892857142857143,0.16785714285714284,0.05505952380952381
26,82000.0,36600.0,41100.0,156000,26000.0,4300,3,2,4,RARELY,HIGH,EMERGENCY_FUND,54.0,LOW,0.15853658536585366,0.44634146341463415,0.0524390243902439,0.026422764227642278
48,108000.0,58200.0,35500.0,661000,311000.0,14300,21,2,2,MONTHLY,HIGH,TAX_SAVING,50.0,HIGH,0.5100308641975309,0.5388888888888889,0.13240740740740742,0.23996913580246915
36,35000.0,25000.0,6300.0,212000,1000.0,3700,5,1,4,MONTHLY,MEDIUM,WEALTH_CREATION,76.0,HIGH,0.5047619047619047,0.7142857142857143,0.10571428571428572,0.002380952380952381
44,46000.0,30600.0,0.0,267000,40000.0,22600,2,4,5,MONTHLY,MEDIUM,WEALTH_CREATION,100.0,HIGH,0.483695652173913,0.6652173913043479,0.49130434782608695,0.07246376811594203
36,33000.0,13600.0,10300.0,889000,58000.0,9100,15,2,2,MONTHLY,LOW,WEALTH_CREATION,65.0,HIGH,2.244949494949495,0.4121212121212121,0.27575757575757576,0.14646464646464646
59,68000.0,38000.0,26100.0,706000,188000.0,3900,2,2,1,MONTHLY,MEDIUM,WEALTH_CREATION,56.0,HIGH,0.8651960784313726,0.5588235294117647,0.057352941176470586,0.23039215686274508
53,65000.0,50400.0,4700.0,674000,122000.0,9900,4,3,4,RARELY,MEDIUM,EMERGENCY_FUND,59.0,MEDIUM,0.8641025641025641,0.7753846153846153,0.1523076923076923,0.1564102564102564
27,74000.0,50200.0,20800.0,264000,21000.0,3000,1,1,1,MONTHLY,HIGH,RETIREMENT,39.0,LOW,0.2972972972972973,0.6783783783783783,0.04054054054054054,0.02364864864864865
33,90000.0,61800.0,5500.0,423000,48000.0,22700,2,2,2,MONTHLY,LOW,WEALTH_CREATION,89.0,HIGH,0.39166666666666666,0.6866666666666666,0.25222222222222224,0.044444444444444446
62,156000.0,89000.0,35300.0,256000,152000.0,31700,3,3,1,QUARTERLY,MEDIUM,RETIREMENT,48.0,LOW,0.13675213675213677,0.5705128205128205,0.2032051282051282,0.0811965811965812
32,56000.0,33300.0,13500.0,995000,128000.0,9200,11,1,2,RARELY,MEDIUM,RETIREMENT,38.0,HIGH,1.4806547619047619,0.5946428571428571,0.16428571428571428,0.19047619047619047
39,79000.0,29300.0,27600.0,1538000,1018000.0,22100,5,1,4,LUMP_SUM,MEDIUM,SHORT_TERM_GOAL,67.0,HIGH,1.6223628691983123,0.37088607594936707,0.27974683544303797,1.0738396624472575
21,51000.0,32500.0,2200.0,581000,26000.0,16300,3,2,2,MONTHLY,LOW,WEALTH_CREATION,78.0,MEDIUM,0.9493464052287581,0.6372549019607843,0.3196078431372549,0.042483660130718956
58,80000.0,58800.0,19300.0,370000,8000.0,1900,9,4,2,RARELY,MEDIUM,WEALTH_CREATION,41.0,HIGH,0.3854166666666667,0.735,0.02375,0.008333333333333333
39,44000.0,20700.0,17200.0,618000,105000.0,6100,12,1,2,QUARTERLY,HIGH,TAX_SAVING,39.0,HIGH,1.1704545454545454,0.47045454545454546,0.13863636363636364,0.19886363636363635
59,91000.0,32700.0,17900.0,719000,134000.0,40400,12,2,1,MONTHLY,LOW,RETIREMENT,80.0,HIGH,0.6584249084249084,0.35934065934065934,0.44395604395604393,0.1227106227106227
54,78000.0,51600.0,13800.0,680000,107000.0,12600,1,2,1,MONTHLY,HIGH,RETIREMENT,45.0,MEDIUM,0.7264957264957265,0.6615384615384615,0.16153846153846155,0.11431623931623931
43,43000.0,27900.0,2400.0,395000,54000.0,12700,1,3,1,MONTHLY,MEDIUM,TAX_SAVING,65.0,MEDIUM,0.7655038759689923,0.6488372093023256,0.29534883720930233,0.10465116279069768
62,70000.0,44600.0,17100.0,2334000,771000.0,8300,23,2,5,MONTHLY,LOW,RETIREMENT,76.0,HIGH,2.7785714285714285,0.6371428571428571,0.11857142857142858,0.9178571428571428
52,85000.0,55100.0,20300.0,569000,96000.0,9600,8,1,5,MONTHLY,HIGH,RETIREMENT,76.0,HIGH,0.557843137254902,0.648235294117647,0.11294117647058824,0.09411764705882353
24,30000.0,18500.0,5800.0,673000,169000.0,5700,1,4,4,QUARTERLY,MEDIUM,WEALTH_CREATION,91.0,HIGH,1.8694444444444445,0.6166666666666667,0.19,0.46944444444444444
57,134000.0,48800.0,74800.0,356000,187000.0,10400,10,1,3,RARELY,HIGH,WEALTH_CREATION,43.0,MEDIUM,0.22139303482587064,0.3641791044776119,0.07761194029850746,0.11629353233830846
36,62000.0,42700.0,9700.0,987000,252000.0,9600,5,4,5,MONTHLY,MEDIUM,WEALTH_CREATION,91.0,HIGH,1.3266129032258065,0.6887096774193548,0.15483870967741936,0.3387096774193548
24,48000.0,18200.0,16100.0,808000,75000.0,13700,3,1,2,MONTHLY,LOW,WEALTH_CREATION,70.0,HIGH,1.4027777777777777,0.37916666666666665,0.28541666666666665,0.13020833333333334
44,113000.0,83900.0,20000.0,611000,225000.0,9100,11,2,5,MONTHLY,HIGH,WEALTH_CREATION,77.0,HIGH,0.4505899705014749,0.7424778761061946,0.08053097345132744,0.16592920353982302
58,58000.0,53300.0,0.0,1516000,622000.0,14800,22,1,3,LUMP_SUM,MEDIUM,RETIREMENT,60.0,HIGH,2.17816091954023,0.9189655172413793,0.25517241379310346,0.8936781609195402
48,76000.0,47600.0,14300.0,1197000,353000.0,14100,2,1,3,QUARTERLY,LOW,EMERGENCY_FUND,70.0,HIGH,1.3125,0.6263157894736842,0.18552631578947368,0.38706140350877194
59,58000.0,37200.0,3500.0,1010000,161000.0,17300,7,2,1,MONTHLY,MEDIUM,RETIREMENT,57.0,HIGH,1.4511494252873562,0.6413793103448275,0.2982758620689655,0.23132183908045978
23,111000.0,78400.0,19200.0,1694000,372000.0,13400,4,3,2,MONTHLY,LOW,WEALTH_CREATION,70.0,HIGH,1.2717717717717718,0.7063063063063063,0.12072072072072072,0.27927927927927926
51,62000.0,51700.0,0.0,1063000,97000.0,29600,13,4,2,RARELY,HIGH,WEALTH_CREATION,57.0,HIGH,1.428763440860215,0.8338709677419355,0.4774193548387097,0.1303763440860215
33,65000.0,52900.0,4200.0,1004000,18000.0,7900,22,2,5,MONTHLY,MEDIUM,RETIREMENT,61.0,HIGH,1.2871794871794873,0.8138461538461539,0.12153846153846154,0.023076923076923078
36,48000.0,22500.0,23000.0,805000,353000.0,2500,19,3,5,LUMP_SUM,LOW,TAX_SAVING,98.0,HIGH,1.3975694444444444,0.46875,0.052083333333333336,0.6128472222222222
32,64000.0,53600.0,0.0,3108000,1745000.0,25500,7,1,4,LUMP_SUM,MEDIUM,WEALTH_CREATION,54.0,HIGH,4.046875,0.8375,0.3984375,2.2721354166666665
37,55000.0,21700.0,30600.0,480000,182000.0,2700,16,2,5,MONTHLY,MEDIUM,RETIREMENT,89.0,HIGH,0.7272727272727273,0.39454545454545453,0.04909090909090909,0.27575757575757576
54,74000.0,33000.0,37700.0,500000,43000.0,3300,5,3,2,QUARTERLY,LOW,RETIREMENT,72.0,HIGH,0.5630630630630631,0.44594594594594594,0.0445945945945946,0.04842342342342342
26,34000.0,14400.0,12700.0,399000,125000.0,6900,1,2,5,MONTHLY,MEDIUM,WEALTH_CREATION,83.0,HIGH,0.9779411764705882,0.4235294117647059,0.20294117647058824,0.30637254901960786
44,31000.0,18100.0,9500.0,109000,34000.0,3400,1,4,4,MONTHLY,HIGH,WEALTH_CREATION,91.0,HIGH,0.29301075268817206,0.5838709677419355,0.10967741935483871,0.0913978494623656
57,156000.0,102400.0,29800.0,950000,487000.0,23800,3,1,4,QUARTERLY,MEDIUM,RETIREMENT,63.0,MEDIUM,0.5074786324786325,0.6564102564102564,0.15256410256410258,0.26014957264957267
45,34000.0,14500.0,7600.0,141000,82000.0,11900,13,3,3,MONTHLY,MEDIUM,RETIREMENT,63.0,HIGH,0.34558823529411764,0.4264705882352941,0.35,0.20098039215686275
42,41000.0,30200.0,0.0,416000,46000.0,11200,10,1,3,RARELY,HIGH,EMERGENCY_FUND,26.0,LOW,0.8455284552845529,0.7365853658536585,0.2731707317073171,0.09349593495934959
64,73000.0,43900.0,17600.0,125000,10000.0,11500,3,2,2,MONTHLY,MEDIUM,RETIREMENT,41.0,MEDIUM,0.14269406392694065,0.6013698630136987,0.15753424657534246,0.01141552511415525
57,37000.0,15600.0,8800.0,327000,68000.0,12600,21,3,1,LUMP_SUM,HIGH,SHORT_TERM_GOAL,62.0,MEDIUM,0.7364864864864865,0.42162162162162165,0.34054054054054056,0.15315315315315314
50,30000.0,23400.0,5500.0,72000,5000.0,1100,13,3,3,LUMP_SUM,MEDIUM,SHORT_TERM_GOAL,80.0,HIGH,0.2,0.78,0.03666666666666667,0.013888888888888888
34,109000.0,81800.0,7500.0,1224000,118000.0,19700,4,2,2,MONTHLY,MEDIUM,EMERGENCY_FUND,52.0,LOW,0.9357798165137615,0.7504587155963303,0.18073394495412845,0.09021406727828746
63,62000.0,30700.0,29300.0,213000,61000.0,2000,8,4,4,RARELY,MEDIUM,WEALTH_CREATION,93.0,HIGH,0.2862903225806452,0.49516129032258066,0.03225806451612903,0.08198924731182795
45,78000.0,52300.0,21300.0,1125000,479000.0,4400,6,2,2,RARELY,LOW,SHORT_TERM_GOAL,52.0,HIGH,1.2019230769230769,0.6705128205128205,0.05641025641025641,0.5117521367521367
40,154000.0,122400.0,0.0,48000,6000.0,59000,23,2,3,MONTHLY,LOW,SHORT_TERM_GOAL,75.0,LOW,0.025974025974025976,0.7948051948051948,0.38311688311688313,0.003246753246753247
26,59000.0,35800.0,500.0,1429000,841000.0,22700,5,1,1,RARELY,MEDIUM,WEALTH_CREATION,34.0,HIGH,2.018361581920904,0.6067796610169491,0.3847457627118644,1.1878531073446328
56,97000.0,76800.0,0.0,851000,203000.0,32700,6,3,1,RARELY,MEDIUM,WEALTH_CREATION,43.0,LOW,0.7310996563573883,0.7917525773195876,0.3371134020618557,0.17439862542955326
62,36000.0,23400.0,0.0,549000,97000.0,15900,9,2,1,LUMP_SUM,LOW,RETIREMENT,60.0,MEDIUM,1.2708333333333333,0.65,0.44166666666666665,0.22453703703703703
59,20000.0,10300.0,0.0,196000,56000.0,10800,7,2,2,MONTHLY,HIGH,WEALTH_CREATION,68.0,LOW,0.8166666666666667,0.515,0.54,0.23333333333333334
58,35000.0,23300.0,8800.0,90000,27000.0,2900,2,2,4,RARELY,HIGH,TAX_SAVING,75.0,LOW,0.21428571428571427,0.6657142857142857,0.08285714285714285,0.06428571428571428
55,86000.0,41700.0,25900.0,1882000,679000.0,18400,5,2,1,QUARTERLY,LOW,WEALTH_CREATION,46.0,HIGH,1.823643410852713,0.4848837209302326,0.21395348837209302,0.6579457364341085
51,43000.0,25500.0,8400.0,1305000,602000.0,9100,7,4,5,RARELY,MEDIUM,WEALTH_CREATION,84.0,HIGH,2.5290697674418605,0.5930232558139535,0.2116279069767442,1.1666666666666667
22,37000.0,22200.0,2600.0,492000,21000.0,12200,5,1,2,RARELY,MEDIUM,SHORT_TERM_GOAL,42.0,LOW,1.1081081081081081,0.6,0.32972972972972975,0.0472972972972973
52,83000.0,41200.0,9700.0,2350000,692000.0,32100,25,1,4,MONTHLY,LOW,SHORT_TERM_GOAL,69.0,HIGH,2.359437751004016,0.4963855421686747,0.38674698795180723,0.6947791164658634
38,153000.0,107700.0,0.0,6450000,1989000.0,84100,3,1,5,LUMP_SUM,LOW,RETIREMENT,69.0,HIGH,3.5130718954248366,0.703921568627451,0.5496732026143791,1.0833333333333333
57,89000.0,54800.0,7200.0,913000,586000.0,27000,5,1,4,LUMP_SUM,MEDIUM,WEALTH_CREATION,63.0,HIGH,0.8548689138576779,0.6157303370786517,0.30337078651685395,0.548689138576779
29,144000.0,83600.0,52300.0,2973000,305000.0,8100,15,2,1,RARELY,LOW,TAX_SAVING,40.0,HIGH,1.7204861111111112,0.5805555555555556,0.05625,0.17650462962962962
58,38000.0,23700.0,400.0,937000,136000.0,13900,12,1,1,LUMP_SUM,MEDIUM,RETIREMENT,51.0,HIGH,2.0548245614035086,0.6236842105263158,0.36578947368421055,0.2982456140350877
49,82000.0,48800.0,8700.0,1689000,212000.0,24500,1,1,4,LUMP_SUM,LOW,WEALTH_CREATION,65.0,HIGH,1.7164634146341464,0.5951219512195122,0.29878048780487804,0.21544715447154472
57,164000.0,101600.0,5100.0,5511000,586000.0,57300,6,1,3,QUARTERLY,MEDIUM,RETIREMENT,46.0,HIGH,2.8003048780487805,0.6195121951219512,0.349390243902439,0.29776422764227645
33,87000.0,72900.0,4800.0,874000,92000.0,9300,10,1,2,QUARTERLY,LOW,EMERGENCY_FUND,57.0,MEDIUM,0.8371647509578544,0.8379310344827586,0.10689655172413794,0.08812260536398467
56,58000.0,32100.0,9300.0,580000,87000.0,16600,6,2,2,RARELY,HIGH,WEALTH_CREATION,46.0,HIGH,0.8333333333333334,0.553448275862069,0.28620689655172415,0.125
41,36000.0,27000.0,2900.0,133000,68000.0,6100,1,2,4,RARELY,LOW,EMERGENCY_FUND,76.0,LOW,0.30787037037037035,0.75,0.16944444444444445,0.1574074074074074
62,54000.0,38400.0,10800.0,1461000,207000.0,4800,1,2,2,MONTHLY,MEDIUM,SHORT_TERM_GOAL,60.0,HIGH,2.2546296296296298,0.7111111111111111,0.08888888888888889,0.3194444444444444
56,92000.0,39000.0,13800.0,870000,220000.0,39200,1,4,2,LUMP_SUM,HIGH,RETIREMENT,64.0,MEDIUM,0.7880434782608695,0.42391304347826086,0.4260869565217391,0.19927536231884058
64,125000.0,95500.0,0.0,1558000,881000.0,31700,17,4,3,LUMP_SUM,MEDIUM,SHORT_TERM_GOAL,100.0,HIGH,1.0386666666666666,0.764,0.2536,0.5873333333333334
65,100000.0,51500.0,34600.0,2437000,490000.0,13900,10,1,3,MONTHLY,HIGH,RETIREMENT,65.0,HIGH,2.0308333333333333,0.515,0.139,0.4083333333333333
39,42000.0,34700.0,0.0,178000,83000.0,7400,5,1,4,MONTHLY,MEDIUM,WEALTH_CREATION,56.0,MEDIUM,0.3531746031746032,0.8261904761904761,0.1761904761904762,0.16468253968253968
21,26000.0,17900.0,3000.0,113000,22000.0,5100,1,1,2,QUARTERLY,MEDIUM,EMERGENCY_FUND,43.0,LOW,0.36217948717948717,0.6884615384615385,0.19615384615384615,0.07051282051282051
63,20000.0,15000.0,0.0,419000,145000.0,7900,3,2,3,MONTHLY,MEDIUM,WEALTH_CREATION,75.0,HIGH,1.7458333333333333,0.75,0.395,0.6041666666666666
32,67000.0,52200.0,5500.0,851000,621000.0,9300,1,2,1,QUARTERLY,MEDIUM,WEALTH_CREATION,43.0,HIGH,1.058457711442786,0.7791044776119403,0.13880597014925372,0.7723880597014925
61,70000.0,52100.0,12900.0,1310000,268000.0,5000,18,4,3,MONTHLY,HIGH,WEALTH_CREATION,72.0,HIGH,1.5595238095238095,0.7442857142857143,0.07142857142857142,0.319047619047619
64,115000.0,55400.0,22400.0,4447000,626000.0,37200,12,1,3,QUARTERLY,LOW,TAX_SAVING,68.0,HIGH,3.222463768115942,0.4817391304347826,0.3234782608695652,0.45362318840579713
40,37000.0,21900.0,12100.0,107000,5000.0,3000,9,3,3,LUMP_SUM,MEDIUM,RETIREMENT,74.0,HIGH,0.240990990990991,0.5918918918918918,0.08108108108108109,0.01126126126126126
44,60000.0,37900.0,3800.0,474000,119000.0,18300,16,1,3,RARELY,MEDIUM,RETIREMENT,52.0,MEDIUM,0.6583333333333333,0.6316666666666667,0.305,0.16527777777777777
60,65000.0,38300.0,11200.0,423000,42000.0,15500,9,1,2,MONTHLY,LOW,WEALTH_CREATION,53.0,HIGH,0.5423076923076923,0.5892307692307692,0.23846153846153847,0.05384615384615385
58,104000.0,66000.0,33000.0,1192000,217000.0,5000,11,2,2,QUARTERLY,HIGH,WEALTH_CREATION,43.0,HIGH,0.9551282051282052,0.6346153846153846,0.04807692307692308,0.17387820512820512
47,51000.0,30900.0,400.0,666000,353000.0,19700,4,5,1,MONTHLY,LOW,EMERGENCY_FUND,100.0,HIGH,1.088235294117647,0.6058823529411764,0.3862745098039216,0.576797385620915
41,42000.0,27000.0,3700.0,658000,72000.0,11300,4,5,3,MONTHLY,MEDIUM,SHORT_TERM_GOAL,82.0,HIGH,1.3055555555555556,0.6428571428571429,0.26904761904761904,0.14285714285714285
48,192000.0,169200.0,0.0,1226000,517000.0,32000,6,3,4,MONTHLY,HIGH,WEALTH_CREATION,73.0,HIGH,0.5321180555555556,0.88125,0.16666666666666666,0.2243923611111111
38,90000.0,55600.0,0.0,1884000,170000.0,43000,11,3,4,MONTHLY,LOW,WEALTH_CREATION,84.0,HIGH,1.7444444444444445,0.6177777777777778,0.4777777777777778,0.1574074074074074
37,132000.0,62900.0,25400.0,1786000,192000.0,43700,19,5,4,LUMP_SUM,HIGH,TAX_SAVING,75.0,HIGH,1.1275252525252526,0.4765151515151515,0.33106060606060606,0.12121212121212122
52,69000.0,63400.0,0.0,734000,324000.0,11300,14,1,4,MONTHLY,MEDIUM,WEALTH_CREATION,73.0,HIGH,0.8864734299516909,0.9188405797101449,0.16376811594202897,0.391304347826087
42,39000.0,33500.0,0.0,558000,50000.0,14400,6,3,4,MONTHLY,LOW,WEALTH_CREATION,83.0,HIGH,1.1923076923076923,0.8589743589743589,0.36923076923076925,0.10683760683760683
31,32000.0,12300.0,17200.0,152000,34000.0,2500,5,2,2,MONTHLY,HIGH,TAX_SAVING,75.0,HIGH,0.3958333333333333,0.384375,0.078125,0.08854166666666667
36,83000.0,44800.0,16200.0,564000,172000.0,22000,18,2,4,MONTHLY,LOW,RETIREMENT,84.0,HIGH,0.5662650602409639,0.5397590361445783,0.26506024096385544,0.17269076305220885
31,39000.0,29800.0,5200.0,488000,327000.0,4000,6,1,2,QUARTERLY,MEDIUM,SHORT_TERM_GOAL,70.0,HIGH,1.0427350427350428,0.764102564102564,0.10256410256410256,0.6987179487179487
40,78000.0,71700.0,0.0,1122000,319000.0,23800,9,1,2,MONTHLY,MEDIUM,RETIREMENT,51.0,HIGH,1.1987179487179487,0.9192307692307692,0.30512820512820515,0.3408119658119658
42,23000.0,21100.0,0.0,380000,95000.0,6300,19,1,2,QUARTERLY,LOW,WEALTH_CREATION,46.0,HIGH,1.3768115942028984,0.9173913043478261,0.27391304347826084,0.3442028985507246
62,35000.0,15300.0,8100.0,119000,54000.0,11600,11,2,1,LUMP_SUM,MEDIUM,RETIREMENT,54.0,MEDIUM,0.2833333333333333,0.43714285714285717,0.3314285714285714,0.12857142857142856
59,183000.0,69800.0,89700.0,1478000,194000.0,23500,9,2,5,RARELY,HIGH,WEALTH_CREATION,64.0,HIGH,0.6730418943533698,0.3814207650273224,0.1284153005464481,0.0883424408014572
31,50000.0,37600.0,11300.0,1174000,231000.0,1100,17,1,3,LUMP_SUM,MEDIUM,TAX_SAVING,45.0,HIGH,1.9566666666666668,0.752,0.022,0.385
56,64000.0,24700.0,32900.0,258000,184000.0,6400,15,4,1,RARELY,MEDIUM,TAX_SAVING,57.0,HIGH,0.3359375,0.3859375,0.1,0.23958333333333334
65,56000.0,38900.0,8000.0,1155000,537000.0,9100,18,2,5,QUARTERLY,MEDIUM,EMERGENCY_FUND,88.0,HIGH,1.71875,0.6946428571428571,0.1625,0.7991071428571429
63,50000.0,30600.0,4200.0,1427000,277000.0,15200,1,3,3,RARELY,HIGH,WEALTH_CREATION,59.0,HIGH,2.3783333333333334,0.612,0.304,0.46166666666666667
38,184000.0,100100.0,33800.0,346000,120000.0,50100,15,5,5,RARELY,HIGH,RETIREMENT,78.0,HIGH,0.15670289855072464,0.5440217391304348,0.2722826086956522,0.05434782608695652
56,35000.0,15800.0,15400.0,225000,63000.0,3800,8,2,2,LUMP_SUM,HIGH,WEALTH_CREATION,71.0,HIGH,0.5357142857142857,0.4514285714285714,0.10857142857142857,0.15
62,22000.0,17000.0,4600.0,84000,27000.0,400,15,1,4,MONTHLY,MEDIUM,WEALTH_CREATION,73.0,HIGH,0.3181818181818182,0.7727272727272727,0.01818181818181818,0.10227272727272728
39,60000.0,42400.0,0.0,1244000,494000.0,17900,5,1,1,MONTHLY,LOW,TAX_SAVING,58.0,HIGH,1.7277777777777779,0.7066666666666667,0.29833333333333334,0.6861111111111111
38,92000.0,67500.0,15400.0,1874000,233000.0,9100,4,5,3,MONTHLY,MEDIUM,WEALTH_CREATION,100.0,HIGH,1.6974637681159421,0.7336956521739131,0.09891304347826087,0.21105072463768115
65,66000.0,54900.0,5000.0,850000,161000.0,6100,1,1,2,LUMP_SUM,MEDIUM,WEALTH_CREATION,56.0,HIGH,1.0732323232323233,0.8318181818181818,0.09242424242424242,0.2032828282828283
29,80000.0,66700.0,6400.0,1349000,370000.0,6900,17,3,5,LUMP_SUM,HIGH,WEALTH_CREATION,56.0,HIGH,1.4052083333333334,0.83375,0.08625,0.3854166666666667
63,41000.0,25700.0,0.0,363000,89000.0,16500,6,1,3,LUMP_SUM,LOW,WEALTH_CREATION,44.0,MEDIUM,0.7378048780487805,0.6268292682926829,0.4024390243902439,0.18089430894308944
47,76000.0,54700.0,0.0,795000,396000.0,22400,4,2,3,MONTHLY,HIGH,TAX_SAVING,75.0,MEDIUM,0.8717105263157895,0.7197368421052631,0.29473684210526313,0.4342105263157895
54,40000.0,25900.0,11300.0,349000,65000.0,2800,19,1,4,MONTHLY,MEDIUM,EMERGENCY_FUND,75.0,HIGH,0.7270833333333333,0.6475,0.07,0.13541666666666666
47,118000.0,83100.0,29200.0,733000,231000.0,5700,5,4,4,LUMP_SUM,HIGH,WEALTH_CREATION,87.0,HIGH,0.5176553672316384,0.7042372881355933,0.048305084745762714,0.163135593220339
62,93000.0,60100.0,9100.0,786000,505000.0,23800,3,3,4,LUMP_SUM,MEDIUM,WEALTH_CREATION,75.0,HIGH,0.7043010752688172,0.646236559139785,0.25591397849462366,0.4525089605734767
57,99000.0,45500.0,16100.0,1357000,474000.0,37400,15,3,1,QUARTERLY,HIGH,WEALTH_CREATION,43.0,HIGH,1.1422558922558923,0.4595959595959596,0.37777777777777777,0.398989898989899
29,34000.0,28200.0,3600.0,454000,108000.0,2200,20,1,1,MONTHLY,MEDIUM,TAX_SAVING,51.0,HIGH,1.1127450980392157,0.8294117647058824,0.06470588235294118,0.2647058823529412
63,38000.0,19200.0,17400.0,87000,41000.0,1400,10,3,3,RARELY,MEDIUM,WEALTH_CREATION,51.0,MEDIUM,0.19078947368421054,0.5052631578947369,0.03684210526315789,0.08991228070175439
64,116000.0,57000.0,14500.0,2257000,694000.0,44500,13,4,2,MONTHLY,LOW,WEALTH_CREATION,77.0,HIGH,1.6214080459770115,0.49137931034482757,0.38362068965517243,0.4985632183908046
62,124000.0,79700.0,18500.0,2990000,651000.0,25800,1,1,1,MONTHLY,MEDIUM,EMERGENCY_FUND,58.0,HIGH,2.0094086021505375,0.6427419354838709,0.20806451612903226,0.4375
27,192000.0,145900.0,12600.0,4901000,1382000.0,33500,1,2,4,LUMP_SUM,HIGH,TAX_SAVING,41.0,HIGH,2.127170138888889,0.7598958333333333,0.17447916666666666,0.5998263888888888
29,114000.0,68900.0,25700.0,325000,57000.0,19400,4,4,1,LUMP_SUM,HIGH,WEALTH_CREATION,55.0,LOW,0.23757309941520469,0.6043859649122807,0.17017543859649123,0.041666666666666664
27,114000.0,29500.0,77900.0,86000,18000.0,6600,16,4,2,MONTHLY,MEDIUM,WEALTH_CREATION,86.0,HIGH,0.06286549707602339,0.25877192982456143,0.05789473684210526,0.013157894736842105
63,38000.0,23900.0,0.0,948000,319000.0,14300,13,4,1,LUMP_SUM,MEDIUM,TAX_SAVING,62.0,HIGH,2.0789473684210527,0.6289473684210526,0.3763157894736842,0.6995614035087719
49,175000.0,124400.0,23000.0,1768000,110000.0,27600,9,2,1,LUMP_SUM,LOW,WEALTH_CREATION,44.0,HIGH,0.8419047619047619,0.7108571428571429,0.15771428571428572,0.05238095238095238
25,104000.0,80200.0,0.0,1463000,403000.0,29100,3,4,2,MONTHLY,LOW,EMERGENCY_FUND,74.0,MEDIUM,1.172275641025641,0.7711538461538462,0.2798076923076923,0.3229166666666667
47,83000.0,57000.0,0.0,696000,127000.0,27900,4,3,4,LUMP_SUM,MEDIUM,SHORT_TERM_GOAL,87.0,HIGH,0.6987951807228916,0.6867469879518072,0.336144578313253,0.12751004016064257
27,74000.0,47300.0,0.0,612000,105000.0,31400,4,2,4,MONTHLY,LOW,SHORT_TERM_GOAL,86.0,HIGH,0.6891891891891891,0.6391891891891892,0.4243243243243243,0.11824324324324324
34,60000.0,54800.0,0.0,338000,8000.0,27200,4,1,3,LUMP_SUM,HIGH,EMERGENCY_FUND,51.0,LOW,0.46944444444444444,0.9133333333333333,0.4533333333333333,0.011111111111111112
57,121000.0,81200.0,0.0,939000,546000.0,64300,12,1,1,MONTHLY,HIGH,TAX_SAVING,55.0,LOW,0.6466942148760331,0.6710743801652893,0.531404958677686,0.3760330578512397
23,60000.0,34300.0,4600.0,958000,170000.0,21100,4,2,3,MONTHLY,HIGH,TAX_SAVING,72.0,MEDIUM,1.3305555555555555,0.5716666666666667,0.3516666666666667,0.2361111111111111
29,127000.0,72300.0,47900.0,1847000,585000.0,6800,20,3,1,LUMP_SUM,HIGH,WEALTH_CREATION,45.0,HIGH,1.2119422572178478,0.5692913385826772,0.05354330708661417,0.3838582677165354
64,121000.0,93800.0,2200.0,696000,230000.0,25000,3,1,3,MONTHLY,MEDIUM,RETIREMENT,60.0,MEDIUM,0.4793388429752066,0.775206611570248,0.2066115702479339,0.1584022038567493
64,72000.0,66200.0,0.0,445000,11000.0,13600,9,1,3,QUARTERLY,LOW,RETIREMENT,75.0,HIGH,0.5150462962962963,0.9194444444444444,0.18888888888888888,0.01273148148148148
30,37000.0,25300.0,7300.0,576000,111000.0,4400,20,4,1,QUARTERLY,LOW,WEALTH_CREATION,75.0,HIGH,1.2972972972972974,0.6837837837837838,0.11891891891891893,0.25
54,20000.0,16200.0,0.0,233000,35000.0,5100,1,1,4,MONTHLY,LOW,RETIREMENT,68.0,MEDIUM,0.9708333333333333,0.81,0.255,0.14583333333333334
48,120000.0,81500.0,26800.0,452000,244000.0,11700,5,4,2,MONTHLY,MEDIUM,WEALTH_CREATION,81.0,MEDIUM,0.3138888888888889,0.6791666666666667,0.0975,0.16944444444444445
41,105000.0,86500.0,0.0,5247000,1119000.0,19500,15,1,3,QUARTERLY,LOW,SHORT_TERM_GOAL,72.0,HIGH,4.164285714285715,0.8238095238095238,0.18571428571428572,0.888095238095238
29,48000.0,34400.0,9900.0,790000,386000.0,3700,8,1,1,RARELY,MEDIUM,SHORT_TERM_GOAL,37.0,MEDIUM,1.3715277777777777,0.7166666666666667,0.07708333333333334,0.6701388888888888
27,75000.0,52000.0,13700.0,433000,42000.0,9300,12,1,3,RARELY,LOW,WEALTH_CREATION,52.0,HIGH,0.4811111111111111,0.6933333333333334,0.124,0.04666666666666667
39,87000.0,67700.0,1700.0,493000,99000.0,17600,23,2,3,MONTHLY,HIGH,WEALTH_CREATION,61.0,HIGH,0.4722222222222222,0.7781609195402299,0.20229885057471264,0.09482758620689655
53,51000.0,21000.0,25600.0,366000,28000.0,4400,13,3,3,LUMP_SUM,HIGH,RETIREMENT,48.0,HIGH,0.5980392156862745,0.4117647058823529,0.08627450980392157,0.0457516339869281
38,54000.0,36100.0,0.0,309000,46000.0,29700,1,1,4,LUMP_SUM,MEDIUM,SHORT_TERM_GOAL,40.0,LOW,0.47685185185185186,0.6685185185185185,0.55,0.07098765432098765
23,75000.0,22700.0,39200.0,158000,56000.0,13100,6,2,2,MONTHLY,MEDIUM,RETIREMENT,59.0,MEDIUM,0.17555555555555555,0.30266666666666664,0.17466666666666666,0.06222222222222222
56,40000.0,21600.0,13000.0,759000,60000.0,5400,7,1,1,MONTHLY,LOW,EMERGENCY_FUND,44.0,HIGH,1.58125,0.54,0.135,0.125
35,152000.0,69500.0,76800.0,556000,171000.0,5700,9,3,2,RARELY,LOW,WEALTH_CREATION,73.0,HIGH,0.3048245614035088,0.45723684210526316,0.0375,0.09375
55,83000.0,44800.0,19900.0,1934000,493000.0,18300,12,1,2,MONTHLY,HIGH,SHORT_TERM_GOAL,45.0,HIGH,1.9417670682730923,0.5397590361445783,0.22048192771084338,0.49497991967871485
35,47000.0,28400.0,12400.0,574000,56000.0,6200,2,1,4,RARELY,HIGH,TAX_SAVING,42.0,MEDIUM,1.0177304964539007,0.6042553191489362,0.13191489361702127,0.09929078014184398
50,29000.0,19600.0,7600.0,625000,164000.0,1800,10,5,2,MONTHLY,LOW,RETIREMENT,86.0,HIGH,1.7959770114942528,0.6758620689655173,0.06206896551724138,0.47126436781609193
21,43000.0,24200.0,13200.0,328000,55000.0,5600,4,3,1,MONTHLY,LOW,RETIREMENT,68.0,HIGH,0.6356589147286822,0.5627906976744186,0.13023255813953488,0.1065891472868217
59,50000.0,27200.0,13100.0,402000,138000.0,9700,3,4,5,RARELY,MEDIUM,TAX_SAVING,100.0,HIGH,0.67,0.544,0.194,0.23
44,20000.0,12500.0,7000.0,66000,23000.0,500,24,2,4,MONTHLY,LOW,EMERGENCY_FUND,76.0,HIGH,0.275,0.625,0.025,0.09583333333333334
34,25000.0,19600.0,800.0,482000,52000.0,4600,4,3,4,RARELY,MEDIUM,RETIREMENT,66.0,HIGH,1.6066666666666667,0.784,0.184,0.17333333333333334
44,70000.0,43500.0,20500.0,678000,329000.0,6000,13,2,4,MONTHLY,MEDIUM,WEALTH_CREATION,80.0,HIGH,0.8071428571428572,0.6214285714285714,0.08571428571428572,0.39166666666666666
26,108000.0,94500.0,100.0,4613000,2641000.0,13400,15,3,1,LUMP_SUM,LOW,SHORT_TERM_GOAL,64.0,HIGH,3.559413580246914,0.875,0.12407407407407407,2.0378086419753085
43,71000.0,39100.0,19800.0,158000,75000.0,12100,16,2,2,RARELY,LOW,TAX_SAVING,60.0,MEDIUM,0.18544600938967137,0.5507042253521127,0.1704225352112676,0.0880281690140845
29,29000.0,18700.0,900.0,1431000,457000.0,9400,11,3,2,RARELY,HIGH,WEALTH_CREATION,40.0,HIGH,4.112068965517241,0.6448275862068965,0.32413793103448274,1.3132183908045978
39,130000.0,67100.0,44900.0,923000,161000.0,18000,2,1,4,QUARTERLY,HIGH,SHORT_TERM_GOAL,52.0,HIGH,0.5916666666666667,0.5161538461538462,0.13846153846153847,0.1032051282051282
57,123000.0,93700.0,20700.0,2862000,682000.0,8600,3,1,2,MONTHLY,LOW,WEALTH_CREATION,61.0,HIGH,1.9390243902439024,0.7617886178861789,0.06991869918699187,0.462059620596206
21,66000.0,33600.0,16300.0,347000,128000.0,16100,17,4,2,MONTHLY,MEDIUM,TAX_SAVING,89.0,HIGH,0.43813131313131315,0.509090909090909,0.24393939393939393,0.16161616161616163
50,29000.0,21000.0,0.0,1586000,375000.0,13900,11,1,5,MONTHLY,LOW,WEALTH_CREATION,66.0,HIGH,4.557471264367816,0.7241379310344828,0.4793103448275862,1.0775862068965518
53,59000.0,45600.0,7700.0,536000,323000.0,5700,14,1,5,LUMP_SUM,MEDIUM,SHORT_TERM_GOAL,69.0,HIGH,0.7570621468926554,0.7728813559322034,0.09661016949152543,0.4562146892655367
63,20000.0,8700.0,6100.0,147000,32000.0,5200,5,1,4,MONTHLY,MEDIUM,WEALTH_CREATION,63.0,HIGH,0.6125,0.435,0.26,0.13333333333333333
39,164000.0,120900.0,27200.0,6327000,1670000.0,15900,5,1,3,LUMP_SUM,LOW,WEALTH_CREATION,46.0,HIGH,3.214939024390244,0.7371951219512195,0.09695121951219512,0.8485772357723578
64,91000.0,65700.0,16700.0,1350000,8000.0,8600,13,4,2,MONTHLY,MEDIUM,WEALTH_CREATION,76.0,HIGH,1.2362637362637363,0.721978021978022,0.0945054945054945,0.007326007326007326
21,47000.0,30000.0,1600.0,573000,230000.0,15400,13,4,3,RARELY,LOW,TAX_SAVING,85.0,HIGH,1.0159574468085106,0.6382978723404256,0.3276595744680851,0.4078014184397163
56,42000.0,24900.0,0.0,267000,12000.0,18300,11,3,2,MONTHLY,MEDIUM,RETIREMENT,74.0,HIGH,0.5297619047619048,0.5928571428571429,0.4357142857142857,0.023809523809523808
53,54000.0,23100.0,29400.0,174000,60000.0,1500,11,2,4,RARELY,HIGH,RETIREMENT,42.0,HIGH,0.26851851851851855,0.42777777777777776,0.027777777777777776,0.09259259259259259
32,34000.0,21600.0,0.0,2664000,1614000.0,15400,17,2,2,MONTHLY,MEDIUM,RETIREMENT,72.0,HIGH,6.529411764705882,0.6352941176470588,0.45294117647058824,3.9558823529411766
24,34000.0,18100.0,13400.0,349000,86000.0,2500,12,3,4,RARELY,HIGH,TAX_SAVING,64.0,HIGH,0.8553921568627451,0.5323529411764706,0.07352941176470588,0.2107843137254902
26,181000.0,125200.0,26300.0,2085000,492000.0,29500,2,3,1,MONTHLY,HIGH,TAX_SAVING,69.0,HIGH,0.9599447513812155,0.6917127071823205,0.16298342541436464,0.2265193370165746
36,47000.0,33000.0,8400.0,578000,2000.0,5600,18,3,1,MONTHLY,HIGH,EMERGENCY_FUND,58.0,MEDIUM,1.024822695035461,0.7021276595744681,0.11914893617021277,0.0035460992907801418
33,183000.0,126100.0,16300.0,4461000,1032000.0,40600,9,3,2,QUARTERLY,MEDIUM,EMERGENCY_FUND,55.0,HIGH,2.0314207650273226,0.6890710382513662,0.22185792349726777,0.46994535519125685
55,60000.0,33800.0,0.0,1155000,267000.0,29200,21,4,3,RARELY,MEDIUM,WEALTH_CREATION,61.0,HIGH,1.6041666666666667,0.5633333333333334,0.4866666666666667,0.37083333333333335
46,146000.0,107500.0,11800.0,3053000,253000.0,26700,15,1,1,MONTHLY,LOW,RETIREMENT,70.0,HIGH,1.7425799086757991,0.7363013698630136,0.18287671232876712,0.14440639269406394
21,99000.0,79100.0,0.0,1991000,1188000.0,32000,3,2,4,RARELY,HIGH,EMERGENCY_FUND,42.0,HIGH,1.6759259259259258,0.798989898989899,0.32323232323232326,1.0
39,67000.0,56700.0,6800.0,1203000,459000.0,3500,4,3,3,RARELY,MEDIUM,TAX_SAVING,70.0,HIGH,1.4962686567164178,0.8462686567164179,0.05223880597014925,0.5708955223880597
65,30000.0,12100.0,11800.0,234000,59000.0,6100,3,5,3,MONTHLY,HIGH,WEALTH_CREATION,77.0,HIGH,0.65,0.4033333333333333,0.20333333333333334,0.1638888888888889
25,104000.0,71900.0,8700.0,535000,120000.0,23400,8,2,3,MONTHLY,MEDIUM,TAX_SAVING,82.0,MEDIUM,0.4286858974358974,0.6913461538461538,0.225,0.09615384615384616
44,85000.0,58000.0,16000.0,827000,196000.0,11000,8,1,3,LUMP_SUM,MEDIUM,SHORT_TERM_GOAL,62.0,MEDIUM,0.8107843137254902,0.6823529411764706,0.12941176470588237,0.19215686274509805
48,46000.0,40600.0,0.0,653000,252000.0,7400,10,5,1,LUMP_SUM,MEDIUM,TAX_SAVING,72.0,HIGH,1.1829710144927537,0.8826086956521739,0.1608695652173913,0.45652173913043476
22,47000.0,34300.0,3200.0,436000,65000.0,9500,17,2,1,MONTHLY,LOW,TAX_SAVING,61.0,HIGH,0.7730496453900709,0.7297872340425532,0.20212765957446807,0.11524822695035461
55,60000.0,29200.0,16100.0,1318000,125000.0,14700,2,5,2,RARELY,LOW,RETIREMENT,89.0,HIGH,1.8305555555555555,0.4866666666666667,0.245,0.1736111111111111
60,38000.0,20400.0,10000.0,578000,319000.0,7600,2,2,3,MONTHLY,HIGH,WEALTH_CREATION,64.0,HIGH,1.2675438596491229,0.5368421052631579,0.2,0.6995614035087719
36,105000.0,89900.0,7800.0,709000,363000.0,7300,3,4,2,MONTHLY,MEDIUM,WEALTH_CREATION,61.0,HIGH,0.5626984126984127,0.8561904761904762,0.06952380952380953,0.28809523809523807
21,57000.0,24800.0,25800.0,726000,151000.0,6400,1,5,1,LUMP_SUM,HIGH,WEALTH_CREATION,70.0,HIGH,1.0614035087719298,0.43508771929824563,0.11228070175438597,0.22076023391812866
29,81000.0,61900.0,8900.0,760000,326000.0,10200,4,1,5,QUARTERLY,HIGH,TAX_SAVING,62.0,HIGH,0.7818930041152263,0.7641975308641975,0.1259259259259259,0.33539094650205764
58,40000.0,30700.0,0.0,1360000,910000.0,11000,11,2,4,MONTHLY,HIGH,TAX_SAVING,73.0,HIGH,2.8333333333333335,0.7675,0.275,1.8958333333333333
21,40000.0,34200.0,3800.0,259000,116000.0,2000,10,1,4,QUARTERLY,MEDIUM,WEALTH_CREATION,58.0,HIGH,0.5395833333333333,0.855,0.05,0.24166666666666667
39,100000.0,62200.0,16600.0,512000,130000.0,21200,8,5,3,MONTHLY,LOW,TAX_SAVING,100.0,HIGH,0.4266666666666667,0.622,0.212,0.10833333333333334
33,33000.0,23100.0,5700.0,562000,45000.0,4200,4,4,2,RARELY,LOW,WEALTH_CREATION,86.0,HIGH,1.4191919191919191,0.7,0.12727272727272726,0.11363636363636363
45,235000.0,161800.0,0.0,3388000,730000.0,129200,1,1,4,MONTHLY,MEDIUM,TAX_SAVING,59.0,MEDIUM,1.2014184397163121,0.6885106382978723,0.5497872340425531,0.25886524822695034
62,55000.0,12100.0,41800.0,183000,84000.0,1100,16,3,4,QUARTERLY,MEDIUM,WEALTH_CREATION,44.0,HIGH,0.2772727272727273,0.22,0.02,0.12727272727272726
44,49000.0,36200.0,6300.0,262000,98000.0,6500,7,1,2,MONTHLY,MEDIUM,SHORT_TERM_GOAL,50.0,MEDIUM,0.445578231292517,0.7387755102040816,0.1326530612244898,0.16666666666666666
36,72000.0,32400.0,33900.0,269000,53000.0,5700,12,1,4,RARELY,MEDIUM,EMERGENCY_FUND,49.0,MEDIUM,0.3113425925925926,0.45,0.07916666666666666,0.061342592592592594
35,25000.0,19400.0,2900.0,261000,23000.0,2700,15,1,3,MONTHLY,HIGH,SHORT_TERM_GOAL,39.0,MEDIUM,0.87,0.776,0.108,0.07666666666666666
29,20000.0,15500.0,0.0,108000,12000.0,6100,4,1,2,MONTHLY,MEDIUM,WEALTH_CREATION,59.0,MEDIUM,0.45,0.775,0.305,0.05
37,140000.0,66100.0,17600.0,2748000,220000.0,56300,4,1,3,QUARTERLY,MEDIUM,WEALTH_CREATION,55.0,HIGH,1.6357142857142857,0.47214285714285714,0.40214285714285714,0.13095238095238096
38,100000.0,31400.0,63400.0,239000,54000.0,5200,1,2,3,MONTHLY,LOW,WEALTH_CREATION,83.0,HIGH,0.19916666666666666,0.314,0.052,0.045
42,64000.0,30700.0,8700.0,2311000,1255000.0,24600,8,2,2,LUMP_SUM,HIGH,TAX_SAVING,47.0,HIGH,3.0091145833333335,0.4796875,0.384375,1.6341145833333333
63,182000.0,73800.0,32300.0,2518000,1476000.0,75900,7,2,3,LUMP_SUM,MEDIUM,WEALTH_CREATION,63.0,HIGH,1.1529304029304028,0.4054945054945055,0.41703296703296705,0.6758241758241759
60,78000.0,49300.0,21200.0,1362000,250000.0,7500,6,2,4,MONTHLY,MEDIUM,WEALTH_CREATION,74.0,HIGH,1.455128205128205,0.632051282051282,0.09615384615384616,0.2670940170940171
64,107000.0,76300.0,0.0,1124000,93000.0,48900,11,1,3,MONTHLY,HIGH,TAX_SAVING,54.0,MEDIUM,0.8753894080996885,0.7130841121495327,0.4570093457943925,0.07242990654205607
22,44000.0,32400.0,5000.0,840000,69000.0,6600,14,1,5,MONTHLY,LOW,TAX_SAVING,89.0,HIGH,1.5909090909090908,0.7363636363636363,0.15,0.13068181818181818
56,67000.0,38700.0,7800.0,42000,24000.0,20500,1,4,5,MONTHLY,LOW,WEALTH_CREATION,97.0,MEDIUM,0.05223880597014925,0.5776119402985075,0.30597014925373134,0.029850746268656716
24,191000.0,143800.0,4400.0,2763000,1107000.0,42800,3,3,5,LUMP_SUM,MEDIUM,EMERGENCY_FUND,70.0,HIGH,1.205497382198953,0.7528795811518325,0.22408376963350785,0.4829842931937173
33,79000.0,65700.0,10000.0,1581000,349000.0,3300,6,1,2,RARELY,LOW,EMERGENCY_FUND,55.0,HIGH,1.6677215189873418,0.8316455696202532,0.04177215189873418,0.3681434599156118
45,68000.0,40300.0,17800.0,861000,262000.0,9900,1,1,3,MONTHLY,MEDIUM,TAX_SAVING,62.0,MEDIUM,1.0551470588235294,0.5926470588235294,0.14558823529411766,0.32107843137254904
24,241000.0,143200.0,51100.0,3792000,1185000.0,46700,4,2,4,LUMP_SUM,MEDIUM,WEALTH_CREATION,78.0,HIGH,1.3112033195020747,0.5941908713692946,0.1937759336099585,0.40975103734439833
48,127000.0,59300.0,56500.0,651000,102000.0,11200,13,3,4,RARELY,HIGH,SHORT_TERM_GOAL,46.0,MEDIUM,0.4271653543307087,0.46692913385826773,0.08818897637795275,0.06692913385826772
34,59000.0,22000.0,12700.0,1954000,31000.0,24300,5,4,3,MONTHLY,MEDIUM,WEALTH_CREATION,89.0,HIGH,2.7598870056497176,0.3728813559322034,0.411864406779661,0.043785310734463276
26,178000.0,129400.0,0.0,3636000,639000.0,52800,5,2,4,QUARTERLY,MEDIUM,WEALTH_CREATION,60.0,HIGH,1.702247191011236,0.7269662921348314,0.2966292134831461,0.2991573033707865
61,22000.0,16600.0,4400.0,73000,16000.0,1000,4,4,3,QUARTERLY,MEDIUM,EMERGENCY_FUND,75.0,MEDIUM,0.2765151515151515,0.7545454545454545,0.045454545454545456,0.06060606060606061
27,69000.0,55300.0,300.0,1703000,1089000.0,13400,11,1,1,RARELY,MEDIUM,RETIREMENT,32.0,HIGH,2.0567632850241546,0.8014492753623188,0.19420289855072465,1.315217391304348
27,37000.0,26600.0,6000.0,173000,78000.0,4400,1,2,4,LUMP_SUM,MEDIUM,WEALTH_CREATION,47.0,MEDIUM,0.38963963963963966,0.7189189189189189,0.11891891891891893,0.17567567567567569
59,37000.0,21000.0,11400.0,279000,9000.0,4600,9,1,3,QUARTERLY,MEDIUM,SHORT_TERM_GOAL,58.0,HIGH,0.6283783783783784,0.5675675675675675,0.12432432432432433,0.02027027027027027
29,59000.0,41100.0,8300.0,1681000,702000.0,9600,5,3,3,MONTHLY,HIGH,WEALTH_CREATION,87.0,HIGH,2.3742937853107344,0.6966101694915254,0.16271186440677965,0.9915254237288136
23,72000.0,31100.0,32800.0,52000,13000.0,8100,2,2,1,QUARTERLY,MEDIUM,WEALTH_CREATION,40.0,MEDIUM,0.06018518518518518,0.43194444444444446,0.1125,0.015046296296296295
58,50000.0,37000.0,11900.0,460000,95000.0,1100,6,1,2,QUARTERLY,LOW,WEALTH_CREATION,46.0,HIGH,0.7666666666666667,0.74,0.022,0.15833333333333333
37,33000.0,21200.0,5000.0,434000,65000.0,6800,10,1,3,LUMP_SUM,MEDIUM,EMERGENCY_FUND,43.0,MEDIUM,1.095959595959596,0.6424242424242425,0.20606060606060606,0.16414141414141414
63,122000.0,60000.0,31700.0,805000,221000.0,30300,11,1,4,LUMP_SUM,LOW,RETIREMENT,63.0,HIGH,0.549863387978142,0.4918032786885246,0.2483606557377049,0.15095628415300547
25,189000.0,144000.0,0.0,2990000,1769000.0,53600,9,5,4,MONTHLY,MEDIUM,EMERGENCY_FUND,100.0,HIGH,1.318342151675485,0.7619047619047619,0.28359788359788357,0.7799823633156967
43,55000.0,23300.0,27000.0,686000,26000.0,4700,10,5,2,MONTHLY,MEDIUM,RETIREMENT,98.0,HIGH,1.0393939393939393,0.42363636363636364,0.08545454545454545,0.03939393939393939
56,140000.0,99100.0,4800.0,6946000,2686000.0,36100,4,3,1,MONTHLY,HIGH,WEALTH_CREATION,48.0,HIGH,4.1345238095238095,0.7078571428571429,0.25785714285714284,1.598809523809524
28,25000.0,9000.0,13000.0,104000,0.0,3000,16,2,2,MONTHLY,MEDIUM,SHORT_TERM_GOAL,59.0,HIGH,0.3466666666666667,0.36,0.12,0.0
36,42000.0,37900.0,0.0,354000,125000.0,5400,6,3,2,MONTHLY,HIGH,SHORT_TERM_GOAL,50.0,LOW,0.7023809523809523,0.9023809523809524,0.12857142857142856,0.24801587301587302
57,20000.0,9500.0,4400.0,64000,8000.0,6100,1,1,3,RARELY,HIGH,RETIREMENT,32.0,LOW,0.26666666666666666,0.475,0.305,0.03333333333333333
65,66000.0,31700.0,13400.0,1498000,686000.0,20900,5,1,1,LUMP_SUM,MEDIUM,TAX_SAVING,43.0,HIGH,1.8914141414141414,0.4803030303030303,0.31666666666666665,0.8661616161616161
52,97000.0,53800.0,24900.0,2283000,117000.0,18300,15,2,1,LUMP_SUM,MEDIUM,WEALTH_CREATION,45.0,HIGH,1.961340206185567,0.554639175257732,0.18865979381443299,0.10051546391752578
42,174000.0,123200.0,41700.0,946000,773000.0,9100,13,2,1,MONTHLY,MEDIUM,TAX_SAVING,60.0,HIGH,0.45306513409961685,0.7080459770114943,0.052298850574712646,0.3702107279693487
39,80000.0,73600.0,0.0,1445000,250000.0,10900,13,2,1,QUARTERLY,MEDIUM,SHORT_TERM_GOAL,66.0,HIGH,1.5052083333333333,0.92,0.13625,0.2604166666666667
34,95000.0,49800.0,0.0,447000,196000.0,52200,6,2,1,MONTHLY,MEDIUM,RETIREMENT,67.0,LOW,0.39210526315789473,0.5242105263157895,0.5494736842105263,0.17192982456140352
59,49000.0,22300.0,18100.0,329000,195000.0,8600,8,1,1,MONTHLY,HIGH,TAX_SAVING,41.0,MEDIUM,0.5595238095238095,0.45510204081632655,0.17551020408163265,0.33163265306122447
41,113000.0,82400.0,0.0,1860000,511000.0,47400,7,4,4,RARELY,HIGH,WEALTH_CREATION,71.0,HIGH,1.3716814159292035,0.7292035398230089,0.4194690265486726,0.37684365781710916
52,29000.0,11300.0,10300.0,442000,71000.0,7400,6,3,1,QUARTERLY,MEDIUM,SHORT_TERM_GOAL,59.0,HIGH,1.2701149425287357,0.3896551724137931,0.25517241379310346,0.20402298850574713
31,56000.0,41300.0,0.0,1040000,397000.0,22000,7,1,2,LUMP_SUM,MEDIUM,TAX_SAVING,61.0,MEDIUM,1.5476190476190477,0.7375,0.39285714285714285,0.5907738095238095
41,78000.0,35800.0,35400.0,1100000,86000.0,6800,13,2,1,LUMP_SUM,HIGH,EMERGENCY_FUND,48.0,MEDIUM,1.1752136752136753,0.45897435897435895,0.08717948717948718,0.09188034188034189
44,42000.0,38600.0,0.0,750000,266000.0,19900,6,1,3,QUARTERLY,MEDIUM,RETIREMENT,56.0,MEDIUM,1.4880952380952381,0.919047619047619,0.4738095238095238,0.5277777777777778
63,96000.0,88300.0,0.0,577000,226000.0,9800,16,1,5,MONTHLY,LOW,RETIREMENT,77.0,HIGH,0.5008680555555556,0.9197916666666667,0.10208333333333333,0.19618055555555555
55,79000.0,47600.0,30800.0,437000,37000.0,600,1,4,3,QUARTERLY,LOW,WEALTH_CREATION,80.0,HIGH,0.4609704641350211,0.6025316455696202,0.007594936708860759,0.039029535864978905
32,20000.0,9600.0,0.0,215000,78000.0,11000,1,2,2,RARELY,MEDIUM,SHORT_TERM_GOAL,46.0,LOW,0.8958333333333334,0.48,0.55,0.325
39,125000.0,96500.0,0.0,1523000,249000.0,48200,12,1,4,MONTHLY,HIGH,RETIREMENT,50.0,MEDIUM,1.0153333333333334,0.772,0.3856,0.166
38,85000.0,39500.0,32600.0,266000,68000.0,12900,13,1,2,QUARTERLY,LOW,WEALTH_CREATION,63.0,HIGH,0.2607843137254902,0.4647058823529412,0.15176470588235294,0.06666666666666667
27,60000.0,38900.0,14400.0,282000,244000.0,6700,14,4,1,QUARTERLY,LOW,WEALTH_CREATION,86.0,HIGH,0.39166666666666666,0.6483333333333333,0.11166666666666666,0.3388888888888889
61,88000.0,56000.0,16800.0,1064000,278000.0,15200,12,2,5,MONTHLY,LOW,TAX_SAVING,97.0,HIGH,1.0075757575757576,0.6363636363636364,0.17272727272727273,0.26325757575757575
42,30000.0,17800.0,8700.0,96000,48000.0,3500,18,2,5,RARELY,MEDIUM,SHORT_TERM_GOAL,65.0,HIGH,0.26666666666666666,0.5933333333333334,0.11666666666666667,0.13333333333333333
57,57000.0,44500.0,0.0,831000,378000.0,15900,6,3,3,MONTHLY,MEDIUM,WEALTH_CREATION,88.0,HIGH,1.2149122807017543,0.7807017543859649,0.2789473684210526,0.5526315789473685
64,21000.0,16300.0,1500.0,317000,35000.0,3200,1,2,4,RARELY,MEDIUM,WEALTH_CREATION,60.0,HIGH,1.257936507936508,0.7761904761904762,0.1523809523809524,0.1388888888888889
57,49000.0,20800.0,21000.0,65000,21000.0,7200,3,1,5,MONTHLY,HIGH,TAX_SAVING,68.0,HIGH,0.11054421768707483,0.42448979591836733,0.1469387755102041,0.03571428571428571
45,163000.0,122000.0,8200.0,442000,34000.0,32800,4,2,2,RARELY,HIGH,WEALTH_CREATION,52.0,LOW,0.22597137014314927,0.7484662576687117,0.20122699386503068,0.017382413087934562
30,45000.0,17800.0,25400.0,489000,126000.0,1800,4,1,3,RARELY,LOW,WEALTH_CREATION,52.0,HIGH,0.9055555555555556,0.39555555555555555,0.04,0.23333333333333334
48,65000.0,38300.0,0.0,680000,113000.0,28700,3,1,4,MONTHLY,LOW,EMERGENCY_FUND,77.0,MEDIUM,0.8717948717948718,0.5892307692307692,0.44153846153846155,0.14487179487179488
49,73000.0,41200.0,22000.0,1037000,42000.0,9800,5,2,2,MONTHLY,HIGH,WEALTH_CREATION,49.0,MEDIUM,1.1837899543378996,0.5643835616438356,0.13424657534246576,0.04794520547945205
51,80000.0,48100.0,14300.0,1346000,432000.0,17600,3,2,1,QUARTERLY,HIGH,RETIREMENT,33.0,MEDIUM,1.4020833333333333,0.60125,0.22,0.45
40,161000.0,94900.0,34800.0,1225000,431000.0,31300,9,3,5,LUMP_SUM,HIGH,EMERGENCY_FUND,81.0,MEDIUM,0.6340579710144928,0.5894409937888199,0.19440993788819877,0.22308488612836438
52,37000.0,34000.0,1200.0,327000,42000.0,1800,3,1,4,QUARTERLY,HIGH,EMERGENCY_FUND,76.0,LOW,0.7364864864864865,0.918918918918919,0.04864864864864865,0.0945945945945946
64,129000.0,93300.0,18600.0,2516000,967000.0,17100,22,1,2,RARELY,LOW,RETIREMENT,57.0,HIGH,1.6253229974160206,0.7232558139534884,0.1325581395348837,0.6246770025839793
44,49000.0,29100.0,12500.0,1203000,17000.0,7400,8,3,3,MONTHLY,MEDIUM,SHORT_TERM_GOAL,75.0,HIGH,2.045918367346939,0.5938775510204082,0.1510204081632653,0.02891156462585034
41,36000.0,20800.0,1100.0,605000,169000.0,14100,7,4,4,MONTHLY,MEDIUM,RETIREMENT,97.0,HIGH,1.400462962962963,0.5777777777777777,0.39166666666666666,0.3912037037037037
64,81000.0,51100.0,9400.0,244000,169000.0,20500,4,4,3,LUMP_SUM,MEDIUM,WEALTH_CREATION,79.0,HIGH,0.25102880658436216,0.6308641975308642,0.25308641975308643,0.17386831275720166
61,37000.0,13400.0,22200.0,248000,111000.0,1400,21,2,3,MONTHLY,HIGH,TAX_SAVING,56.0,HIGH,0.5585585585585585,0.3621621621621622,0.03783783783783784,0.25
60,75000.0,59400.0,0.0,1050000,402000.0,26600,1,1,2,LUMP_SUM,MEDIUM,RETIREMENT,54.0,MEDIUM,1.1666666666666667,0.792,0.3546666666666667,0.44666666666666666
40,27000.0,17500.0,7600.0,120000,26000.0,1900,12,3,2,RARELY,LOW,EMERGENCY_FUND,75.0,MEDIUM,0.37037037037037035,0.6481481481481481,0.07037037037037037,0.08024691358024691
45,53000.0,25800.0,0.0,546000,13000.0,27600,12,3,2,RARELY,HIGH,RETIREMENT,43.0,LOW,0.8584905660377359,0.4867924528301887,0.5207547169811321,0.020440251572327043
63,102000.0,54300.0,24100.0,333000,181000.0,23600,4,3,1,QUARTERLY,MEDIUM,WEALTH_CREATION,67.0,MEDIUM,0.27205882352941174,0.5323529411764706,0.23137254901960785,0.14787581699346405
64,59000.0,48300.0,0.0,3172000,226000.0,16100,4,1,1,MONTHLY,LOW,WEALTH_CREATION,50.0,HIGH,4.480225988700565,0.8186440677966101,0.27288135593220336,0.3192090395480226
21,95000.0,52100.0,41000.0,428000,88000.0,1900,7,1,5,MONTHLY,MEDIUM,SHORT_TERM_GOAL,73.0,HIGH,0.37543859649122807,0.5484210526315789,0.02,0.07719298245614035
21,43000.0,22900.0,14800.0,165000,30000.0,5300,16,2,1,MONTHLY,MEDIUM,RETIREMENT,46.0,HIGH,0.31976744186046513,0.5325581395348837,0.12325581395348838,0.05813953488372093
56,60000.0,32600.0,20000.0,709000,58000.0,7400,16,1,2,LUMP_SUM,HIGH,WEALTH_CREATION,26.0,HIGH,0.9847222222222223,0.5433333333333333,0.12333333333333334,0.08055555555555556
27,46000.0,18000.0,15500.0,544000,326000.0,12500,8,2,3,QUARTERLY,LOW,RETIREMENT,80.0,HIGH,0.9855072463768116,0.391304347826087,0.2717391304347826,0.5905797101449275
48,124000.0,98600.0,0.0,2224000,303000.0,31500,3,1,3,MONTHLY,LOW,SHORT_TERM_GOAL,80.0,MEDIUM,1.4946236559139785,0.7951612903225806,0.2540322580645161,0.20362903225806453
23,45000.0,23300.0,20000.0,723000,138000.0,1700,7,4,2,LUMP_SUM,MEDIUM,WEALTH_CREATION,78.0,HIGH,1.3388888888888888,0.5177777777777778,0.03777777777777778,0.25555555555555554
40,77000.0,55000.0,5200.0,709000,81000.0,16800,18,2,3,QUARTERLY,LOW,WEALTH_CREATION,69.0,HIGH,0.7673160173160173,0.7142857142857143,0.21818181818181817,0.08766233766233766
36,60000.0,45800.0,0.0,713000,477000.0,15100,1,2,4,QUARTERLY,LOW,WEALTH_CREATION,85.0,HIGH,0.9902777777777778,0.7633333333333333,0.25166666666666665,0.6625
58,78000.0,49000.0,20000.0,840000,373000.0,9000,2,5,2,RARELY,LOW,WEALTH_CREATION,56.0,HIGH,0.8974358974358975,0.6282051282051282,0.11538461538461539,0.39850427350427353
33,64000.0,35900.0,12900.0,1167000,73000.0,15200,1,2,3,RARELY,MEDIUM,WEALTH_CREATION,64.0,HIGH,1.51953125,0.5609375,0.2375,0.09505208333333333
33,77000.0,39900.0,11100.0,19000,2000.0,26000,4,1,1,MONTHLY,LOW,TAX_SAVING,48.0,LOW,0.020562770562770564,0.5181818181818182,0.33766233766233766,0.0021645021645021645
21,126000.0,100900.0,0.0,4901000,1323000.0,54200,2,1,3,MONTHLY,MEDIUM,SHORT_TERM_GOAL,66.0,HIGH,3.2414021164021163,0.8007936507936508,0.4301587301587302,0.875
35,34000.0,23800.0,6100.0,660000,179000.0,4100,13,1,4,MONTHLY,MEDIUM,EMERGENCY_FUND,73.0,HIGH,1.6176470588235294,0.7,0.12058823529411765,0.4387254901960784
50,39000.0,12400.0,17800.0,659000,391000.0,8800,20,1,2,LUMP_SUM,HIGH,EMERGENCY_FUND,48.0,HIGH,1.4081196581196582,0.31794871794871793,0.22564102564102564,0.8354700854700855
58,94000.0,66800.0,0.0,1118000,168000.0,37900,3,4,1,QUARTERLY,HIGH,EMERGENCY_FUND,51.0,LOW,0.9911347517730497,0.7106382978723405,0.4031914893617021,0.14893617021276595
63,119000.0,80800.0,20300.0,1173000,140000.0,17900,21,2,1,LUMP_SUM,HIGH,SHORT_TERM_GOAL,20.0,MEDIUM,0.8214285714285714,0.6789915966386555,0.15042016806722688,0.09803921568627451
57,151000.0,130900.0,0.0,1034000,555000.0,43100,9,1,2,QUARTERLY,MEDIUM,EMERGENCY_FUND,36.0,MEDIUM,0.5706401766004415,0.866887417218543,0.2854304635761589,0.30629139072847683
49,56000.0,44200.0,9900.0,1409000,507000.0,1900,24,3,3,MONTHLY,LOW,WEALTH_CREATION,77.0,HIGH,2.0967261904761907,0.7892857142857143,0.033928571428571426,0.7544642857142857
55,55000.0,39400.0,9700.0,253000,75000.0,5900,2,2,2,RARELY,HIGH,TAX_SAVING,45.0,LOW,0.38333333333333336,0.7163636363636363,0.10727272727272727,0.11363636363636363
24,68000.0,39200.0,14600.0,366000,22000.0,14200,1,1,1,MONTHLY,MEDIUM,RETIREMENT,44.0,LOW,0.4485294117647059,0.5764705882352941,0.2088235294117647,0.02696078431372549
35,64000.0,23100.0,11800.0,773000,144000.0,29100,19,1,2,MONTHLY,HIGH,EMERGENCY_FUND,48.0,MEDIUM,1.0065104166666667,0.3609375,0.4546875,0.1875
59,40000.0,24400.0,3100.0,788000,269000.0,12500,4,1,1,QUARTERLY,HIGH,WEALTH_CREATION,39.0,MEDIUM,1.6416666666666666,0.61,0.3125,0.5604166666666667
49,47000.0,43200.0,1400.0,840000,219000.0,2400,5,2,5,MONTHLY,MEDIUM,WEALTH_CREATION,78.0,HIGH,1.4893617021276595,0.9191489361702128,0.05106382978723404,0.3882978723404255
63,83000.0,45600.0,31300.0,131000,24000.0,6100,18,2,5,MONTHLY,HIGH,WEALTH_CREATION,67.0,HIGH,0.13152610441767068,0.5493975903614458,0.07349397590361446,0.024096385542168676
37,76000.0,54300.0,17600.0,250000,95000.0,4100,13,1,3,MONTHLY,MEDIUM,WEALTH_CREATION,45.0,HIGH,0.2741228070175439,0.7144736842105263,0.05394736842105263,0.10416666666666667
57,103000.0,80300.0,0.0,1452000,226000.0,28900,8,5,4,QUARTERLY,MEDIUM,EMERGENCY_FUND,88.0,HIGH,1.174757281553398,0.7796116504854369,0.28058252427184466,0.18284789644012944
44,94000.0,46800.0,11000.0,782000,171000.0,36200,9,4,2,MONTHLY,MEDIUM,RETIREMENT,64.0,HIGH,0.6932624113475178,0.4978723404255319,0.3851063829787234,0.15159574468085107
59,86000.0,49000.0,28700.0,1571000,9000.0,8300,2,2,4,MONTHLY,LOW,EMERGENCY_FUND,79.0,HIGH,1.5222868217054264,0.5697674418604651,0.09651162790697675,0.00872093023255814
26,60000.0,32600.0,24900.0,1073000,721000.0,2500,2,1,3,MONTHLY,HIGH,SHORT_TERM_GOAL,47.0,HIGH,1.4902777777777778,0.5433333333333333,0.041666666666666664,1.0013888888888889
54,62000.0,24600.0,3300.0,1465000,530000.0,34100,5,4,2,MONTHLY,LOW,SHORT_TERM_GOAL,60.0,HIGH,1.9690860215053763,0.3967741935483871,0.55,0.7123655913978495
36,92000.0,64200.0,2100.0,2538000,144000.0,25700,19,2,3,LUMP_SUM,MEDIUM,EMERGENCY_FUND,51.0,HIGH,2.2989130434782608,0.6978260869565217,0.2793478260869565,0.13043478260869565
55,93000.0,70500.0,15600.0,304000,55000.0,6900,1,2,2,MONTHLY,MEDIUM,WEALTH_CREATION,66.0,MEDIUM,0.2724014336917563,0.7580645161290323,0.07419354838709677,0.0492831541218638
45,125000.0,66900.0,51800.0,983000,780000.0,6300,25,3,1,QUARTERLY,MEDIUM,WEALTH_CREATION,75.0,HIGH,0.6553333333333333,0.5352,0.0504,0.52
58,94000.0,44400.0,40700.0,1332000,293000.0,8900,19,5,2,MONTHLY,MEDIUM,RETIREMENT,83.0,HIGH,1.1808510638297873,0.4723404255319149,0.09468085106382979,0.25975177304964536
35,204000.0,144100.0,29000.0,5987000,961000.0,30900,20,4,2,MONTHLY,LOW,SHORT_TERM_GOAL,85.0,HIGH,2.445669934640523,0.7063725490196079,0.1514705882352941,0.3925653594771242
59,72000.0,37900.0,21600.0,1013000,323000.0,12500,8,1,4,MONTHLY,HIGH,TAX_SAVING,66.0,HIGH,1.1724537037037037,0.5263888888888889,0.1736111111111111,0.3738425925925926
22,117000.0,99500.0,0.0,1624000,727000.0,21400,4,3,3,MONTHLY,MEDIUM,SHORT_TERM_GOAL,64.0,HIGH,1.1566951566951567,0.8504273504273504,0.1829059829059829,0.5178062678062678
43,91000.0,56600.0,33000.0,1414000,629000.0,1400,4,3,4,MONTHLY,MEDIUM,EMERGENCY_FUND,84.0,HIGH,1.294871794871795,0.621978021978022,0.015384615384615385,0.576007326007326
41,26000.0,17900.0,1100.0,185000,29000.0,7000,5,1,1,MONTHLY,LOW,TAX_SAVING,63.0,LOW,0.592948717948718,0.6884615384615385,0.2692307692307692,0.09294871794871795
60,41000.0,14100.0,25200.0,145000,12000.0,1700,7,5,5,RARELY,HIGH,TAX_SAVING,89.0,HIGH,0.29471544715447157,0.3439024390243902,0.041463414634146344,0.024390243902439025
28,73000.0,53600.0,4400.0,1053000,375000.0,15000,10,1,5,QUARTERLY,LOW,WEALTH_CREATION,79.0,HIGH,1.202054794520548,0.7342465753424657,0.2054794520547945,0.4280821917808219
22,74000.0,26400.0,38900.0,1453000,216000.0,8700,3,3,1,QUARTERLY,LOW,WEALTH_CREATION,56.0,HIGH,1.6362612612612613,0.3567567567567568,0.11756756756756757,0.24324324324324326
40,66000.0,46900.0,15300.0,440000,69000.0,3800,7,1,5,LUMP_SUM,LOW,RETIREMENT,62.0,HIGH,0.5555555555555556,0.7106060606060606,0.05757575757575758,0.08712121212121213
49,91000.0,64500.0,21300.0,908000,568000.0,5200,4,1,4,RARELY,LOW,WEALTH_CREATION,53.0,HIGH,0.8315018315018315,0.7087912087912088,0.05714285714285714,0.5201465201465202
27,40000.0,21400.0,16600.0,747000,403000.0,2000,7,2,1,LUMP_SUM,MEDIUM,SHORT_TERM_GOAL,66.0,HIGH,1.55625,0.535,0.05,0.8395833333333333
62,186000.0,99400.0,66300.0,747000,386000.0,20300,12,4,2,LUMP_SUM,HIGH,WEALTH_CREATION,80.0,HIGH,0.3346774193548387,0.5344086021505376,0.10913978494623656,0.17293906810035842
65,43000.0,22300.0,10200.0,312000,47000.0,10500,5,4,4,RARELY,MEDIUM,SHORT_TERM_GOAL,74.0,MEDIUM,0.6046511627906976,0.5186046511627908,0.2441860465116279,0.09108527131782945
25,163000.0,70700.0,51500.0,1108000,465000.0,40800,13,3,3,MONTHLY,HIGH,WEALTH_CREATION,79.0,HIGH,0.5664621676891616,0.43374233128834355,0.25030674846625767,0.23773006134969324
25,112000.0,63100.0,33000.0,1241000,29000.0,15900,13,2,2,LUMP_SUM,LOW,EMERGENCY_FUND,52.0,HIGH,0.9233630952380952,0.5633928571428571,0.1419642857142857,0.021577380952380952
54,97000.0,45900.0,33300.0,341000,86000.0,17800,7,3,5,MONTHLY,MEDIUM,WEALTH_CREATION,89.0,HIGH,0.2929553264604811,0.4731958762886598,0.18350515463917524,0.07388316151202749
61,21000.0,13500.0,6300.0,159000,85000.0,1200,4,4,3,MONTHLY,MEDIUM,WEALTH_CREATION,69.0,HIGH,0.6309523809523809,0.6428571428571429,0.05714285714285714,0.3373015873015873
51,75000.0,36500.0,30100.0,1121000,232000.0,8400,4,3,1,RARELY,MEDIUM,RETIREMENT,51.0,HIGH,1.2455555555555555,0.4866666666666667,0.112,0.2577777777777778
21,164000.0,111700.0,9300.0,3203000,31000.0,43000,18,3,4,LUMP_SUM,MEDIUM,EMERGENCY_FUND,76.0,HIGH,1.627540650406504,0.6810975609756098,0.2621951219512195,0.015752032520325202
31,145000.0,89300.0,14700.0,6043000,1916000.0,41000,13,2,3,MONTHLY,MEDIUM,SHORT_TERM_GOAL,72.0,HIGH,3.4729885057471264,0.6158620689655172,0.2827586206896552,1.1011494252873564
51,41000.0,16500.0,11700.0,467000,101000.0,12800,1,3,2,MONTHLY,HIGH,WEALTH_CREATION,55.0,HIGH,0.9491869918699187,0.4024390243902439,0.3121951219512195,0.20528455284552846
25,88000.0,56000.0,23300.0,1922000,275000.0,8700,23,2,1,RARELY,MEDIUM,SHORT_TERM_GOAL,28.0,HIGH,1.8200757575757576,0.6363636363636364,0.09886363636363636,0.2604166666666667
38,113000.0,59100.0,29500.0,1684000,131000.0,24400,7,1,2,RARELY,MEDIUM,TAX_SAVING,29.0,MEDIUM,1.2418879056047198,0.5230088495575221,0.215929203539823,0.09660766961651918
47,85000.0,58300.0,9700.0,934000,274000.0,17000,19,4,4,LUMP_SUM,LOW,WEALTH_CREATION,77.0,HIGH,0.9156862745098039,0.6858823529411765,0.2,0.26862745098039215
31,75000.0,40700.0,11300.0,590000,241000.0,23000,16,3,2,MONTHLY,HIGH,WEALTH_CREATION,57.0,HIGH,0.6555555555555556,0.5426666666666666,0.30666666666666664,0.2677777777777778
30,69000.0,63400.0,0.0,650000,455000.0,18400,3,2,2,RARELY,MEDIUM,WEALTH_CREATION,43.0,LOW,0.785024154589372,0.9188405797101449,0.26666666666666666,0.5495169082125604
36,138000.0,67400.0,24900.0,644000,147000.0,45700,21,2,4,QUARTERLY,LOW,SHORT_TERM_GOAL,86.0,HIGH,0.3888888888888889,0.48840579710144927,0.33115942028985507,0.08876811594202899
33,50000.0,37300.0,8000.0,225000,28000.0,4700,17,5,1,LUMP_SUM,HIGH,WEALTH_CREATION,78.0,HIGH,0.375,0.746,0.094,0.04666666666666667
21,71000.0,55700.0,4900.0,1460000,90000.0,10400,5,4,1,RARELY,MEDIUM,SHORT_TERM_GOAL,58.0,HIGH,1.7136150234741785,0.7845070422535211,0.14647887323943662,0.1056338028169014
65,46000.0,36500.0,0.0,528000,213000.0,10100,4,3,1,MONTHLY,MEDIUM,TAX_SAVING,71.0,HIGH,0.9565217391304348,0.7934782608695652,0.21956521739130436,0.3858695652173913
38,60000.0,29900.0,28600.0,958000,185000.0,1500,8,4,5,LUMP_SUM,MEDIUM,WEALTH_CREATION,95.0,HIGH,1.3305555555555555,0.49833333333333335,0.025,0.2569444444444444
22,65000.0,28000.0,23700.0,325000,49000.0,13300,18,3,1,MONTHLY,MEDIUM,EMERGENCY_FUND,59.0,HIGH,0.4166666666666667,0.4307692307692308,0.20461538461538462,0.06282051282051282
42,96000.0,67400.0,0.0,687000,258000.0,43100,2,1,3,MONTHLY,MEDIUM,TAX_SAVING,58.0,LOW,0.5963541666666666,0.7020833333333333,0.44895833333333335,0.22395833333333334
21,72000.0,34800.0,21400.0,828000,111000.0,15800,11,2,3,LUMP_SUM,MEDIUM,RETIREMENT,59.0,HIGH,0.9583333333333334,0.48333333333333334,0.21944444444444444,0.1284722222222222
49,59000.0,35800.0,13700.0,563000,19000.0,9500,24,2,2,MONTHLY,LOW,WEALTH_CREATION,56.0,HIGH,0.7951977401129944,0.6067796610169491,0.16101694915254236,0.026836158192090395
51,26000.0,15900.0,6700.0,169000,17000.0,3400,13,3,1,MONTHLY,HIGH,RETIREMENT,46.0,MEDIUM,0.5416666666666666,0.6115384615384616,0.13076923076923078,0.05448717948717949
64,153000.0,90600.0,33400.0,2153000,92000.0,29000,16,3,2,RARELY,LOW,TAX_SAVING,68.0,HIGH,1.1726579520697167,0.592156862745098,0.1895424836601307,0.05010893246187364
24,61000.0,47000.0,0.0,1500000,415000.0,14700,15,2,4,RARELY,MEDIUM,TAX_SAVING,59.0,HIGH,2.0491803278688523,0.7704918032786885,0.24098360655737705,0.5669398907103825
57,122000.0,58300.0,40100.0,1733000,180000.0,23600,5,2,2,MONTHLY,LOW,EMERGENCY_FUND,55.0,MEDIUM,1.1837431693989071,0.4778688524590164,0.19344262295081968,0.12295081967213115
30,65000.0,42000.0,2900.0,1809000,169000.0,20100,3,3,3,MONTHLY,MEDIUM,RETIREMENT,69.0,HIGH,2.3192307692307694,0.6461538461538462,0.30923076923076925,0.21666666666666667
52,87000.0,78300.0,0.0,1512000,595000.0,9600,18,2,5,MONTHLY,MEDIUM,WEALTH_CREATION,83.0,HIGH,1.4482758620689655,0.9,0.1103448275862069,0.5699233716475096
65,193000.0,110900.0,33000.0,1354000,378000.0,49100,16,3,1,MONTHLY,HIGH,EMERGENCY_FUND,71.0,LOW,0.5846286701208981,0.5746113989637306,0.2544041450777202,0.16321243523316062
27,82000.0,30900.0,34800.0,209000,27000.0,16300,11,2,4,MONTHLY,LOW,EMERGENCY_FUND,85.0,HIGH,0.21239837398373984,0.37682926829268293,0.19878048780487806,0.027439024390243903
45,93000.0,58300.0,4000.0,640000,303000.0,30700,16,3,1,MONTHLY,LOW,WEALTH_CREATION,66.0,HIGH,0.5734767025089605,0.6268817204301075,0.3301075268817204,0.271505376344086
27,207000.0,117200.0,23000.0,1322000,371000.0,66800,7,1,2,LUMP_SUM,HIGH,EMERGENCY_FUND,42.0,LOW,0.5322061191626409,0.5661835748792271,0.32270531400966185,0.14935587761674718
23,32000.0,18100.0,3200.0,494000,100000.0,10700,2,3,4,MONTHLY,HIGH,EMERGENCY_FUND,64.0,MEDIUM,1.2864583333333333,0.565625,0.334375,0.2604166666666667
39,92000.0,72600.0,14700.0,4276000,2877000.0,4700,15,5,3,MONTHLY,LOW,SHORT_TERM_GOAL,92.0,HIGH,3.8731884057971016,0.7891304347826087,0.051086956521739134,2.6059782608695654
57,123000.0,70200.0,35100.0,2973000,545000.0,17700,6,1,1,RARELY,MEDIUM,RETIREMENT,32.0,HIGH,2.0142276422764227,0.5707317073170731,0.14390243902439023,0.3692411924119241
45,24000.0,22000.0,0.0,1427000,149000.0,3100,8,2,4,MONTHLY,HIGH,WEALTH_CREATION,62.0,HIGH,4.954861111111111,0.9166666666666666,0.12916666666666668,0.5173611111111112
61,78000.0,54400.0,0.0,464000,111000.0,32800,7,1,1,RARELY,MEDIUM,WEALTH_CREATION,38.0,LOW,0.49572649572649574,0.6974358974358974,0.4205128205128205,0.11858974358974358
30,51000.0,35800.0,6300.0,953000,381000.0,8900,13,4,3,MONTHLY,HIGH,RETIREMENT,78.0,HIGH,1.5571895424836601,0.7019607843137254,0.17450980392156862,0.6225490196078431
58,60000.0,35900.0,18900.0,406000,23000.0,5200,15,2,2,MONTHLY,LOW,EMERGENCY_FUND,60.0,HIGH,0.5638888888888889,0.5983333333333334,0.08666666666666667,0.03194444444444444
50,78000.0,33200.0,32900.0,411000,25000.0,11900,18,2,5,MONTHLY,MEDIUM,SHORT_TERM_GOAL,83.0,HIGH,0.4391025641025641,0.4256410256410256,0.15256410256410258,0.026709401709401708
41,64000.0,31300.0,27900.0,614000,102000.0,4800,2,3,1,MONTHLY,MEDIUM,EMERGENCY_FUND,56.0,MEDIUM,0.7994791666666666,0.4890625,0.075,0.1328125
59,38000.0,25200.0,8000.0,414000,173000.0,4800,9,1,3,QUARTERLY,HIGH,WEALTH_CREATION,62.0,HIGH,0.9078947368421053,0.6631578947368421,0.12631578947368421,0.3793859649122807
65,34000.0,21200.0,3900.0,572000,120000.0,8900,14,1,2,LUMP_SUM,HIGH,EMERGENCY_FUND,37.0,LOW,1.4019607843137254,0.6235294117647059,0.26176470588235295,0.29411764705882354
60,89000.0,81800.0,0.0,1224000,460000.0,15400,11,1,1,RARELY,HIGH,RETIREMENT,34.0,LOW,1.146067415730337,0.9191011235955057,0.17303370786516853,0.4307116104868914
31,57000.0,21700.0,27100.0,367000,10000.0,8200,2,2,5,MONTHLY,MEDIUM,WEALTH_CREATION,84.0,HIGH,0.5365497076023392,0.38070175438596493,0.14385964912280702,0.014619883040935672
25,85000.0,37100.0,29100.0,424000,35000.0,18800,15,1,2,RARELY,MEDIUM,WEALTH_CREATION,34.0,MEDIUM,0.41568627450980394,0.4364705882352941,0.2211764705882353,0.03431372549019608
43,40000.0,11000.0,22200.0,807000,225000.0,6800,9,2,5,RARELY,HIGH,WEALTH_CREATION,60.0,HIGH,1.68125,0.275,0.17,0.46875
30,106000.0,68600.0,1400.0,1202000,339000.0,36000,12,1,2,MONTHLY,MEDIUM,TAX_SAVING,43.0,MEDIUM,0.9449685534591195,0.6471698113207547,0.33962264150943394,0.2665094339622642
27,22000.0,12200.0,5300.0,488000,7000.0,4500,15,2,5,QUARTERLY,HIGH,TAX_SAVING,63.0,HIGH,1.8484848484848484,0.5545454545454546,0.20454545454545456,0.026515151515151516
62,32000.0,12800.0,16900.0,395000,85000.0,2300,7,1,3,MONTHLY,LOW,RETIREMENT,56.0,HIGH,1.0286458333333333,0.4,0.071875,0.22135416666666666
53,53000.0,21300.0,21300.0,442000,126000.0,10400,21,1,1,RARELY,MEDIUM,WEALTH_CREATION,18.0,MEDIUM,0.6949685534591195,0.4018867924528302,0.19622641509433963,0.19811320754716982
39,56000.0,31500.0,13100.0,1114000,464000.0,11400,2,1,2,LUMP_SUM,LOW,WEALTH_CREATION,42.0,HIGH,1.6577380952380953,0.5625,0.20357142857142857,0.6904761904761905
52,44000.0,11600.0,14200.0,757000,359000.0,18200,9,1,3,LUMP_SUM,MEDIUM,RETIREMENT,55.0,HIGH,1.433712121212121,0.2636363636363636,0.41363636363636364,0.6799242424242424
65,126000.0,50500.0,51100.0,1649000,1356000.0,24400,3,2,4,MONTHLY,MEDIUM,SHORT_TERM_GOAL,75.0,HIGH,1.0906084656084656,0.4007936507936508,0.19365079365079366,0.8968253968253969
61,165000.0,96800.0,60700.0,2283000,569000.0,7500,8,4,3,QUARTERLY,LOW,RETIREMENT,85.0,HIGH,1.153030303030303,0.5866666666666667,0.045454545454545456,0.2873737373737374
29,95000.0,37200.0,35200.0,364000,28000.0,22600,6,5,3,QUARTERLY,LOW,EMERGENCY_FUND,93.0,HIGH,0.3192982456140351,0.391578947368421,0.23789473684210527,0.02456140350877193
46,101000.0,72700.0,22800.0,559000,31000.0,5500,11,1,4,QUARTERLY,HIGH,WEALTH_CREATION,75.0,HIGH,0.4612211221122112,0.7198019801980198,0.054455445544554455,0.02557755775577558
64,124000.0,76200.0,29900.0,228000,36000.0,17900,11,2,5,RARELY,HIGH,WEALTH_CREATION,64.0,MEDIUM,0.1532258064516129,0.614516129032258,0.1443548387096774,0.024193548387096774
52,42000.0,30400.0,4700.0,601000,135000.0,6900,24,4,4,QUARTERLY,LOW,SHORT_TERM_GOAL,91.0,HIGH,1.1924603174603174,0.7238095238095238,0.16428571428571428,0.26785714285714285
47,72000.0,45000.0,1200.0,453000,67000.0,25800,1,4,4,RARELY,MEDIUM,WEALTH_CREATION,70.0,MEDIUM,0.5243055555555556,0.625,0.35833333333333334,0.0775462962962963
24,59000.0,37500.0,9000.0,1179000,73000.0,12500,2,2,3,LUMP_SUM,HIGH,WEALTH_CREATION,56.0,HIGH,1.6652542372881356,0.635593220338983,0.211864406779661,0.10310734463276836
31,101000.0,66900.0,7700.0,2062000,1362000.0,26400,18,1,2,MONTHLY,LOW,WEALTH_CREATION,52.0,HIGH,1.7013201320132014,0.6623762376237624,0.2613861386138614,1.1237623762376239
35,80000.0,26200.0,11600.0,2994000,208000.0,42200,21,3,4,RARELY,HIGH,RETIREMENT,61.0,HIGH,3.11875,0.3275,0.5275,0.21666666666666667
41,150000.0,97000.0,11900.0,2034000,565000.0,41100,12,3,3,RARELY,HIGH,RETIREMENT,50.0,HIGH,1.13,0.6466666666666666,0.274,0.3138888888888889
40,68000.0,47200.0,11200.0,473000,42000.0,9600,8,1,4,RARELY,LOW,WEALTH_CREATION,70.0,HIGH,0.5796568627450981,0.6941176470588235,0.1411764705882353,0.051470588235294115
41,127000.0,83600.0,32700.0,836000,50000.0,10700,13,2,3,RARELY,HIGH,RETIREMENT,50.0,HIGH,0.5485564304461942,0.658267716535433,0.08425196850393701,0.03280839895013123
52,38000.0,32400.0,0.0,1596000,215000.0,6400,8,1,4,LUMP_SUM,LOW,EMERGENCY_FUND,79.0,HIGH,3.5,0.8526315789473684,0.16842105263157894,0.47149122807017546
23,61000.0,28500.0,25800.0,162000,3000.0,6700,10,3,2,MONTHLY,MEDIUM,WEALTH_CREATION,86.0,HIGH,0.22131147540983606,0.4672131147540984,0.10983606557377049,0.004098360655737705
34,44000.0,33000.0,4400.0,707000,219000.0,6600,4,2,2,MONTHLY,MEDIUM,WEALTH_CREATION,61.0,HIGH,1.3390151515151516,0.75,0.15,0.4147727272727273
55,84000.0,40500.0,40500.0,428000,174000.0,3000,9,2,2,MONTHLY,MEDIUM,TAX_SAVING,55.0,HIGH,0.4246031746031746,0.48214285714285715,0.03571428571428571,0.17261904761904762
47,64000.0,54400.0,0.0,1047000,122000.0,24400,5,2,4,MONTHLY,MEDIUM,WEALTH_CREATION,70.0,HIGH,1.36328125,0.85,0.38125,0.15885416666666666
24,88000.0,51700.0,18500.0,345000,84000.0,17800,8,1,1,MONTHLY,LOW,WEALTH_CREATION,55.0,MEDIUM,0.32670454545454547,0.5875,0.20227272727272727,0.07954545454545454
24,93000.0,59400.0,30600.0,287000,58000.0,3000,5,2,2,MONTHLY,MEDIUM,WEALTH_CREATION,49.0,HIGH,0.257168458781362,0.6387096774193548,0.03225806451612903,0.05197132616487455
39,54000.0,36800.0,16200.0,307000,43000.0,1000,7,1,5,QUARTERLY,MEDIUM,EMERGENCY_FUND,74.0,HIGH,0.4737654320987654,0.6814814814814815,0.018518518518518517,0.06635802469135803
60,63000.0,30900.0,29200.0,530000,225000.0,2900,8,2,5,RARELY,HIGH,WEALTH_CREATION,54.0,HIGH,0.701058201058201,0.49047619047619045,0.046031746031746035,0.2976190476190476
22,25000.0,12400.0,4800.0,813000,255000.0,7800,7,4,2,MONTHLY,LOW,RETIREMENT,69.0,HIGH,2.71,0.496,0.312,0.85
63,42000.0,26700.0,1900.0,620000,117000.0,13400,17,5,1,MONTHLY,MEDIUM,RETIREMENT,64.0,HIGH,1.2301587301587302,0.6357142857142857,0.319047619047619,0.23214285714285715
57,64000.0,58800.0,0.0,870000,159000.0,13700,12,2,1,QUARTERLY,LOW,WEALTH_CREATION,56.0,HIGH,1.1328125,0.91875,0.2140625,0.20703125
65,20000.0,11900.0,5800.0,248000,19000.0,2300,10,2,2,QUARTERLY,MEDIUM,TAX_SAVING,78.0,HIGH,1.0333333333333334,0.595,0.115,0.07916666666666666
51,37000.0,24600.0,0.0,523000,131000.0,15500,6,1,3,QUARTERLY,HIGH,WEALTH_CREATION,39.0,MEDIUM,1.177927927927928,0.6648648648648648,0.4189189189189189,0.29504504504504503
54,55000.0,20000.0,25300.0,396000,149000.0,9700,2,2,4,MONTHLY,HIGH,RETIREMENT,56.0,MEDIUM,0.6,0.36363636363636365,0.17636363636363636,0.22575757575757577
35,40000.0,14200.0,20600.0,435000,259000.0,5200,19,2,1,QUARTERLY,MEDIUM,TAX_SAVING,52.0,HIGH,0.90625,0.355,0.13,0.5395833333333333
42,85000.0,61300.0,1200.0,2566000,1081000.0,22500,5,4,4,MONTHLY,MEDIUM,TAX_SAVING,96.0,HIGH,2.515686274509804,0.7211764705882353,0.2647058823529412,1.0598039215686275
63,74000.0,37100.0,31600.0,1052000,478000.0,5300,2,3,3,QUARTERLY,LOW,EMERGENCY_FUND,74.0,HIGH,1.1846846846846846,0.5013513513513513,0.07162162162162163,0.5382882882882883
24,71000.0,53000.0,7100.0,915000,267000.0,10900,14,1,4,MONTHLY,LOW,WEALTH_CREATION,84.0,HIGH,1.073943661971831,0.7464788732394366,0.15352112676056337,0.31338028169014087
56,55000.0,30100.0,18900.0,1377000,238000.0,6000,3,2,4,QUARTERLY,HIGH,WEALTH_CREATION,66.0,HIGH,2.0863636363636364,0.5472727272727272,0.10909090909090909,0.3606060606060606
58,63000.0,45200.0,11100.0,771000,20000.0,6700,4,4,5,MONTHLY,MEDIUM,EMERGENCY_FUND,86.0,HIGH,1.0198412698412698,0.7174603174603175,0.10634920634920635,0.026455026455026454
22,130000.0,92700.0,22700.0,783000,148000.0,14600,23,5,4,MONTHLY,MEDIUM,WEALTH_CREATION,98.0,HIGH,0.5019230769230769,0.713076923076923,0.1123076923076923,0.09487179487179487
29,101000.0,74100.0,0.0,746000,107000.0,55500,16,1,5,LUMP_SUM,MEDIUM,WEALTH_CREATION,69.0,MEDIUM,0.6155115511551155,0.7336633663366336,0.5495049504950495,0.08828382838283828
51,20000.0,14300.0,1300.0,386000,123000.0,4400,2,1,3,MONTHLY,MEDIUM,TAX_SAVING,44.0,HIGH,1.6083333333333334,0.715,0.22,0.5125
53,39000.0,7800.0,13400.0,689000,254000.0,17800,1,4,3,MONTHLY,MEDIUM,SHORT_TERM_GOAL,88.0,HIGH,1.4722222222222223,0.2,0.4564102564102564,0.5427350427350427
43,29000.0,15100.0,8300.0,1140000,604000.0,5600,10,1,3,LUMP_SUM,MEDIUM,WEALTH_CREATION,70.0,HIGH,3.2758620689655173,0.5206896551724138,0.19310344827586207,1.735632183908046
61,49000.0,34600.0,5500.0,1030000,220000.0,8900,3,3,3,MONTHLY,HIGH,TAX_SAVING,91.0,HIGH,1.751700680272109,0.7061224489795919,0.1816326530612245,0.3741496598639456
60,100000.0,76700.0,15300.0,699000,168000.0,8000,21,1,3,RARELY,MEDIUM,RETIREMENT,46.0,MEDIUM,0.5825,0.767,0.08,0.14
47,60000.0,33900.0,19100.0,856000,57000.0,7000,17,2,3,RARELY,MEDIUM,RETIREMENT,60.0,HIGH,1.1888888888888889,0.565,0.11666666666666667,0.07916666666666666
34,53000.0,27800.0,15100.0,609000,253000.0,10100,1,2,5,RARELY,MEDIUM,WEALTH_CREATION,71.0,HIGH,0.9575471698113207,0.5245283018867924,0.19056603773584907,0.3977987421383648
40,74000.0,62100.0,0.0,1461000,77000.0,27700,8,3,4,MONTHLY,LOW,RETIREMENT,92.0,HIGH,1.6452702702702702,0.8391891891891892,0.37432432432432433,0.08671171171171171
56,30000.0,27100.0,0.0,576000,130000.0,5400,11,1,3,MONTHLY,HIGH,SHORT_TERM_GOAL,42.0,HIGH,1.6,0.9033333333333333,0.18,0.3611111111111111
36,52000.0,47800.0,0.0,1112000,72000.0,13800,3,1,4,RARELY,HIGH,WEALTH_CREATION,39.0,HIGH,1.7820512820512822,0.9192307692307692,0.2653846153846154,0.11538461538461539
39,111000.0,70900.0,13400.0,2099000,110000.0,26700,2,3,2,LUMP_SUM,HIGH,WEALTH_CREATION,63.0,MEDIUM,1.5758258258258258,0.6387387387387388,0.24054054054054055,0.08258258258258258
21,20000.0,14500.0,200.0,595000,430000.0,5300,4,3,2,RARELY,LOW,EMERGENCY_FUND,58.0,HIGH,2.4791666666666665,0.725,0.265,1.7916666666666667
62,57000.0,37300.0,0.0,685000,80000.0,21400,7,1,5,RARELY,HIGH,WEALTH_CREATION,64.0,MEDIUM,1.0014619883040936,0.6543859649122807,0.37543859649122807,0.11695906432748537
36,47000.0,28500.0,12700.0,355000,93000.0,5800,3,1,1,QUARTERLY,LOW,RETIREMENT,57.0,HIGH,0.6294326241134752,0.6063829787234043,0.12340425531914893,0.16489361702127658
62,81000.0,19000.0,50400.0,951000,168000.0,11600,11,4,2,RARELY,HIGH,EMERGENCY_FUND,69.0,MEDIUM,0.9783950617283951,0.2345679012345679,0.14320987654320988,0.1728395061728395
63,191000.0,82500.0,79000.0,360000,54000.0,29500,14,2,1,MONTHLY,LOW,WEALTH_CREATION,45.0,HIGH,0.15706806282722513,0.4319371727748691,0.1544502617801047,0.02356020942408377
60,33000.0,30300.0,0.0,160000,40000.0,3900,1,2,1,MONTHLY,MEDIUM,EMERGENCY_FUND,49.0,LOW,0.40404040404040403,0.9181818181818182,0.11818181818181818,0.10101010101010101
51,58000.0,39500.0,4000.0,775000,76000.0,14500,14,2,3,QUARTERLY,LOW,RETIREMENT,67.0,HIGH,1.1135057471264367,0.6810344827586207,0.25,0.10919540229885058
43,294000.0,117900.0,129500.0,4097000,1625000.0,46600,19,3,4,MONTHLY,LOW,SHORT_TERM_GOAL,90.0,HIGH,1.161281179138322,0.4010204081632653,0.15850340136054422,0.4606009070294785
28,93000.0,37200.0,24400.0,858000,135000.0,31400,12,1,1,MONTHLY,MEDIUM,RETIREMENT,49.0,HIGH,0.7688172043010753,0.4,0.33763440860215055,0.12096774193548387
22,117000.0,80600.0,4200.0,1997000,537000.0,32200,8,1,3,MONTHLY,HIGH,WEALTH_CREATION,46.0,HIGH,1.4223646723646723,0.6888888888888889,0.27521367521367524,0.38247863247863245
36,76000.0,27900.0,41900.0,164000,62000.0,6200,3,4,5,MONTHLY,LOW,SHORT_TERM_GOAL,96.0,HIGH,0.17982456140350878,0.3671052631578947,0.08157894736842106,0.06798245614035088
45,30000.0,23700.0,100.0,409000,195000.0,6200,3,2,1,RARELY,HIGH,RETIREMENT,25.0,LOW,1.136111111111111,0.79,0.20666666666666667,0.5416666666666666
61,146000.0,61800.0,78800.0,552000,66000.0,5400,2,4,3,MONTHLY,MEDIUM,TAX_SAVING,80.0,HIGH,0.3150684931506849,0.4232876712328767,0.036986301369863014,0.03767123287671233
25,178000.0,80100.0,78800.0,1025000,244000.0,19100,3,4,2,QUARTERLY,MEDIUM,TAX_SAVING,70.0,HIGH,0.4798689138576779,0.45,0.10730337078651686,0.11423220973782772
53,34000.0,30800.0,0.0,189000,10000.0,12200,6,2,4,MONTHLY,MEDIUM,SHORT_TERM_GOAL,68.0,LOW,0.4632352941176471,0.9058823529411765,0.3588235294117647,0.024509803921568627
45,48000.0,28300.0,500.0,1330000,200000.0,19200,18,2,2,MONTHLY,HIGH,SHORT_TERM_GOAL,60.0,HIGH,2.3090277777777777,0.5895833333333333,0.4,0.3472222222222222
56,72000.0,38400.0,23400.0,1032000,200000.0,10200,12,4,4,MONTHLY,LOW,SHORT_TERM_GOAL,87.0,HIGH,1.1944444444444444,0.5333333333333333,0.14166666666666666,0.23148148148148148
58,55000.0,35600.0,7100.0,626000,83000.0,12300,2,1,3,MONTHLY,HIGH,TAX_SAVING,52.0,MEDIUM,0.9484848484848485,0.6472727272727272,0.22363636363636363,0.12575757575757576
44,24000.0,15100.0,5300.0,386000,134000.0,3600,10,2,3,MONTHLY,HIGH,TAX_SAVING,67.0,HIGH,1.3402777777777777,0.6291666666666667,0.15,0.4652777777777778
29,111000.0,56900.0,26900.0,365000,46000.0,27200,6,1,1,QUARTERLY,MEDIUM,WEALTH_CREATION,23.0,MEDIUM,0.27402402402402404,0.5126126126126126,0.24504504504504504,0.03453453453453453
35,60000.0,41800.0,0.0,1851000,456000.0,31000,12,1,3,MONTHLY,MEDIUM,WEALTH_CREATION,51.0,HIGH,2.5708333333333333,0.6966666666666667,0.5166666666666667,0.6333333333333333
24,166000.0,118600.0,0.0,2022000,774000.0,52700,1,3,1,MONTHLY,HIGH,WEALTH_CREATION,53.0,MEDIUM,1.0150602409638554,0.7144578313253012,0.31746987951807226,0.3885542168674699
50,62000.0,39100.0,14800.0,358000,166000.0,8100,12,2,2,MONTHLY,HIGH,WEALTH_CREATION,51.0,MEDIUM,0.48118279569892475,0.6306451612903226,0.13064516129032258,0.22311827956989247
60,104000.0,90300.0,0.0,3623000,1475000.0,15300,18,1,2,RARELY,HIGH,EMERGENCY_FUND,30.0,HIGH,2.903044871794872,0.8682692307692308,0.14711538461538462,1.1818910256410255
30,89000.0,49900.0,600.0,776000,141000.0,38500,12,4,4,MONTHLY,MEDIUM,WEALTH_CREATION,94.0,HIGH,0.7265917602996255,0.5606741573033708,0.43258426966292135,0.13202247191011235
41,45000.0,27700.0,9400.0,1127000,30000.0,7900,4,1,1,MONTHLY,HIGH,RETIREMENT,36.0,HIGH,2.087037037037037,0.6155555555555555,0.17555555555555555,0.05555555555555555
28,59000.0,36200.0,10900.0,1018000,426000.0,11900,3,1,1,QUARTERLY,MEDIUM,RETIREMENT,49.0,HIGH,1.4378531073446328,0.6135593220338983,0.2016949152542373,0.6016949152542372
62,74000.0,53200.0,900.0,2153000,986000.0,19900,13,1,3,MONTHLY,MEDIUM,EMERGENCY_FUND,66.0,HIGH,2.4245495495495497,0.7189189189189189,0.2689189189189189,1.1103603603603605
30,40000.0,15300.0,20300.0,258000,56000.0,4400,2,1,3,RARELY,MEDIUM,WEALTH_CREATION,50.0,MEDIUM,0.5375,0.3825,0.11,0.11666666666666667
43,26000.0,16800.0,1800.0,323000,138000.0,7400,22,1,5,MONTHLY,MEDIUM,WEALTH_CREATION,74.0,HIGH,1.0352564102564104,0.6461538461538462,0.2846153846153846,0.4423076923076923
50,175000.0,107900.0,63200.0,2191000,126000.0,3900,10,3,4,QUARTERLY,HIGH,SHORT_TERM_GOAL,58.0,HIGH,1.0433333333333332,0.6165714285714285,0.022285714285714287,0.06
37,64000.0,41100.0,15400.0,243000,95000.0,7500,7,3,1,QUARTERLY,HIGH,EMERGENCY_FUND,54.0,LOW,0.31640625,0.6421875,0.1171875,0.12369791666666667
23,77000.0,30700.0,20700.0,190000,87000.0,25600,6,1,5,MONTHLY,HIGH,WEALTH_CREATION,67.0,MEDIUM,0.20562770562770563,0.3987012987012987,0.33246753246753247,0.09415584415584416
23,68000.0,47000.0,12500.0,611000,26000.0,8500,5,1,3,MONTHLY,MEDIUM,TAX_SAVING,54.0,HIGH,0.7487745098039216,0.6911764705882353,0.125,0.031862745098039214
63,49000.0,24300.0,16200.0,347000,262000.0,8500,7,2,2,MONTHLY,HIGH,WEALTH_CREATION,37.0,MEDIUM,0.5901360544217688,0.4959183673469388,0.17346938775510204,0.445578231292517
48,88000.0,57500.0,23200.0,1241000,427000.0,7300,10,1,2,RARELY,HIGH,WEALTH_CREATION,44.0,MEDIUM,1.175189393939394,0.6534090909090909,0.08295454545454546,0.4043560606060606
63,53000.0,32900.0,8300.0,607000,106000.0,11800,10,2,4,MONTHLY,MEDIUM,WEALTH_CREATION,70.0,HIGH,0.9544025157232704,0.620754716981132,0.22264150943396227,0.16666666666666666
45,66000.0,32100.0,18300.0,502000,81000.0,15600,14,1,2,MONTHLY,LOW,TAX_SAVING,58.0,HIGH,0.6338383838383839,0.4863636363636364,0.23636363636363636,0.10227272727272728
27,64000.0,13500.0,36700.0,516000,92000.0,13800,3,3,2,MONTHLY,HIGH,TAX_SAVING,71.0,MEDIUM,0.671875,0.2109375,0.215625,0.11979166666666667
48,67000.0,50700.0,0.0,1639000,403000.0,16600,9,3,2,MONTHLY,MEDIUM,WEALTH_CREATION,72.0,HIGH,2.038557213930348,0.7567164179104477,0.24776119402985075,0.5012437810945274
62,173000.0,102500.0,36100.0,3109000,568000.0,34400,15,2,3,MONTHLY,MEDIUM,SHORT_TERM_GOAL,69.0,HIGH,1.497591522157996,0.5924855491329479,0.19884393063583816,0.27360308285163776
53,59000.0,36400.0,18500.0,363000,21000.0,4100,12,2,2,LUMP_SUM,LOW,RETIREMENT,83.0,HIGH,0.5127118644067796,0.6169491525423729,0.06949152542372881,0.029661016949152543
59,91000.0,45800.0,39500.0,563000,83000.0,5700,7,1,4,RARELY,HIGH,RETIREMENT,55.0,HIGH,0.5155677655677655,0.5032967032967033,0.06263736263736264,0.076007326007326
28,115000.0,81500.0,25000.0,2478000,1588000.0,8500,1,2,3,MONTHLY,HIGH,WEALTH_CREATION,53.0,HIGH,1.7956521739130435,0.7086956521739131,0.07391304347826087,1.1507246376811595
62,20000.0,12000.0,5900.0,111000,1000.0,2100,11,1,5,LUMP_SUM,MEDIUM,EMERGENCY_FUND,83.0,MEDIUM,0.4625,0.6,0.105,0.004166666666666667
59,79000.0,46800.0,5900.0,2315000,618000.0,26300,2,1,1,RARELY,HIGH,RETIREMENT,12.0,HIGH,2.441983122362869,0.5924050632911393,0.3329113924050633,0.6518987341772152
55,38000.0,28400.0,2500.0,193000,19000.0,7100,16,1,2,RARELY,HIGH,TAX_SAVING,53.0,LOW,0.4232456140350877,0.7473684210526316,0.1868421052631579,0.041666666666666664
29,69000.0,31900.0,24800.0,254000,78000.0,12300,14,5,5,LUMP_SUM,LOW,EMERGENCY_FUND,100.0,HIGH,0.30676328502415456,0.4623188405797101,0.1782608695652174,0.09420289855072464
58,50000.0,25700.0,11800.0,1143000,159000.0,12500,11,1,2,MONTHLY,HIGH,EMERGENCY_FUND,39.0,HIGH,1.905,0.514,0.25,0.265
55,103000.0,57000.0,35800.0,1579000,304000.0,10200,16,5,3,MONTHLY,MEDIUM,RETIREMENT,92.0,HIGH,1.2775080906148868,0.5533980582524272,0.09902912621359224,0.2459546925566343
59,37000.0,33200.0,0.0,99000,15000.0,4600,6,3,5,QUARTERLY,MEDIUM,RETIREMENT,82.0,MEDIUM,0.22297297297297297,0.8972972972972973,0.12432432432432433,0.033783783783783786
60,45000.0,20500.0,18200.0,681000,266000.0,6300,15,2,2,QUARTERLY,MEDIUM,RETIREMENT,56.0,HIGH,1.261111111111111,0.45555555555555555,0.14,0.4925925925925926
28,54000.0,44700.0,7200.0,1627000,292000.0,2100,10,2,4,LUMP_SUM,HIGH,EMERGENCY_FUND,51.0,HIGH,2.5108024691358026,0.8277777777777777,0.03888888888888889,0.4506172839506173
55,33000.0,17900.0,2500.0,525000,398000.0,12600,17,3,2,MONTHLY,MEDIUM,TAX_SAVING,67.0,HIGH,1.3257575757575757,0.5424242424242425,0.38181818181818183,1.005050505050505
49,44000.0,30100.0,10600.0,1895000,639000.0,3300,18,2,2,MONTHLY,HIGH,WEALTH_CREATION,62.0,HIGH,3.5890151515151514,0.6840909090909091,0.075,1.2102272727272727
28,32000.0,20600.0,9200.0,46000,28000.0,2200,5,1,3,QUARTERLY,LOW,WEALTH_CREATION,69.0,HIGH,0.11979166666666667,0.64375,0.06875,0.07291666666666667
34,55000.0,50600.0,2700.0,178000,24000.0,1700,11,1,3,MONTHLY,HIGH,EMERGENCY_FUND,51.0,LOW,0.2696969696969697,0.92,0.03090909090909091,0.03636363636363636
56,32000.0,22800.0,3300.0,251000,77000.0,5900,5,4,1,MONTHLY,MEDIUM,EMERGENCY_FUND,57.0,LOW,0.6536458333333334,0.7125,0.184375,0.20052083333333334
41,141000.0,96500.0,34700.0,1075000,624000.0,9800,14,2,3,MONTHLY,HIGH,WEALTH_CREATION,62.0,HIGH,0.6353427895981087,0.6843971631205674,0.06950354609929078,0.36879432624113473
43,74000.0,37400.0,33700.0,725000,284000.0,2900,15,2,3,MONTHLY,MEDIUM,EMERGENCY_FUND,63.0,HIGH,0.8164414414414415,0.5054054054054054,0.03918918918918919,0.31981981981981983
49,49000.0,23200.0,15800.0,452000,61000.0,10000,4,1,1,LUMP_SUM,LOW,TAX_SAVING,53.0,HIGH,0.7687074829931972,0.47346938775510206,0.20408163265306123,0.10374149659863946
46,51000.0,32200.0,0.0,383000,141000.0,20600,2,1,3,QUARTERLY,LOW,SHORT_TERM_GOAL,63.0,LOW,0.6258169934640523,0.6313725490196078,0.403921568627451,0.23039215686274508
48,52000.0,33700.0,1800.0,574000,325000.0,16500,1,3,2,MONTHLY,HIGH,RETIREMENT,57.0,MEDIUM,0.9198717948717948,0.6480769230769231,0.3173076923076923,0.5208333333333334
38,71000.0,38600.0,28400.0,1174000,228000.0,4000,12,1,1,MONTHLY,HIGH,WEALTH_CREATION,35.0,HIGH,1.3779342723004695,0.543661971830986,0.056338028169014086,0.2676056338028169
47,114000.0,66700.0,13200.0,1152000,416000.0,34100,2,1,4,RARELY,MEDIUM,RETIREMENT,63.0,HIGH,0.8421052631578947,0.5850877192982457,0.29912280701754385,0.30409356725146197
59,46000.0,24700.0,11900.0,360000,16000.0,9400,9,4,4,QUARTERLY,LOW,WEALTH_CREATION,100.0,HIGH,0.6521739130434783,0.5369565217391304,0.20434782608695654,0.028985507246376812
44,61000.0,39700.0,8000.0,793000,362000.0,13300,9,4,5,RARELY,HIGH,WEALTH_CREATION,94.0,HIGH,1.0833333333333333,0.6508196721311476,0.2180327868852459,0.49453551912568305
23,60000.0,30900.0,17700.0,334000,157000.0,11400,15,3,1,RARELY,HIGH,RETIREMENT,44.0,MEDIUM,0.4638888888888889,0.515,0.19,0.21805555555555556
50,77000.0,47500.0,13700.0,1962000,39000.0,15800,8,2,3,QUARTERLY,MEDIUM,EMERGENCY_FUND,85.0,HIGH,2.1233766233766236,0.6168831168831169,0.2051948051948052,0.04220779220779221
24,90000.0,51300.0,7900.0,1406000,279000.0,30800,14,2,3,MONTHLY,MEDIUM,SHORT_TERM_GOAL,72.0,HIGH,1.3018518518518518,0.57,0.3422222222222222,0.25833333333333336
64,98000.0,61700.0,0.0,2966000,1129000.0,53900,1,2,3,LUMP_SUM,LOW,TAX_SAVING,74.0,HIGH,2.522108843537415,0.6295918367346939,0.55,0.9600340136054422
28,57000.0,42400.0,0.0,1474000,328000.0,23800,14,1,2,RARELY,MEDIUM,WEALTH_CREATION,43.0,HIGH,2.154970760233918,0.743859649122807,0.41754385964912283,0.47953216374269003
28,99000.0,73500.0,24400.0,904000,221000.0,1100,21,1,1,MONTHLY,MEDIUM,SHORT_TERM_GOAL,58.0,MEDIUM,0.7609427609427609,0.7424242424242424,0.011111111111111112,0.18602693602693604
29,106000.0,41100.0,52000.0,333000,82000.0,12900,4,1,2,MONTHLY,MEDIUM,WEALTH_CREATION,66.0,MEDIUM,0.2617924528301887,0.3877358490566038,0.12169811320754717,0.06446540880503145
44,69000.0,54700.0,0.0,1471000,961000.0,14400,5,2,2,LUMP_SUM,HIGH,RETIREMENT,47.0,HIGH,1.7765700483091786,0.7927536231884058,0.20869565217391303,1.1606280193236715
65,67000.0,61600.0,0.0,291000,114000.0,12800,1,4,2,RARELY,MEDIUM,WEALTH_CREATION,91.0,MEDIUM,0.3619402985074627,0.9194029850746268,0.191044776119403,0.1417910447761194
22,79000.0,38100.0,19500.0,244000,61000.0,21400,8,1,1,LUMP_SUM,HIGH,RETIREMENT,32.0,LOW,0.25738396624472576,0.48227848101265824,0.2708860759493671,0.06434599156118144
35,82000.0,48300.0,0.0,2119000,1092000.0,34100,6,2,3,MONTHLY,MEDIUM,RETIREMENT,59.0,HIGH,2.1534552845528454,0.5890243902439024,0.41585365853658535,1.1097560975609757
37,49000.0,28900.0,2800.0,307000,144000.0,17300,5,1,2,MONTHLY,LOW,TAX_SAVING,45.0,MEDIUM,0.5221088435374149,0.5897959183673469,0.35306122448979593,0.24489795918367346
59,146000.0,122600.0,0.0,928000,147000.0,42600,15,1,3,LUMP_SUM,LOW,SHORT_TERM_GOAL,73.0,HIGH,0.5296803652968036,0.8397260273972603,0.29178082191780824,0.0839041095890411
21,82000.0,75400.0,0.0,302000,12000.0,6700,13,1,3,MONTHLY,HIGH,RETIREMENT,58.0,MEDIUM,0.30691056910569103,0.9195121951219513,0.08170731707317073,0.012195121951219513
41,94000.0,62900.0,18000.0,630000,188000.0,13100,3,2,4,QUARTERLY,LOW,WEALTH_CREATION,73.0,HIGH,0.5585106382978723,0.6691489361702128,0.13936170212765958,0.16666666666666666
56,65000.0,47400.0,6400.0,137000,37000.0,11200,13,3,3,LUMP_SUM,MEDIUM,RETIREMENT,56.0,HIGH,0.17564102564102563,0.7292307692307692,0.1723076923076923,0.047435897435897434
55,35000.0,26400.0,6400.0,1321000,241000.0,2200,19,1,5,MONTHLY,HIGH,RETIREMENT,63.0,HIGH,3.145238095238095,0.7542857142857143,0.06285714285714286,0.5738095238095238
40,172000.0,87900.0,70500.0,812000,105000.0,13600,8,3,1,RARELY,MEDIUM,TAX_SAVING,45.0,HIGH,0.39341085271317827,0.5110465116279069,0.07906976744186046,0.050872093023255814
61,185000.0,105800.0,59300.0,2136000,1067000.0,19900,9,1,1,QUARTERLY,LOW,RETIREMENT,53.0,HIGH,0.9621621621621622,0.5718918918918919,0.10756756756756757,0.4806306306306306
42,63000.0,53800.0,300.0,337000,97000.0,8900,2,1,4,LUMP_SUM,MEDIUM,WEALTH_CREATION,68.0,MEDIUM,0.44576719576719576,0.8539682539682539,0.14126984126984127,0.1283068783068783
63,21000.0,14000.0,1900.0,676000,408000.0,5100,7,4,4,MONTHLY,MEDIUM,WEALTH_CREATION,92.0,HIGH,2.6825396825396823,0.6666666666666666,0.24285714285714285,1.619047619047619
33,47000.0,36800.0,2900.0,1214000,98000.0,7300,2,1,1,MONTHLY,LOW,SHORT_TERM_GOAL,58.0,HIGH,2.152482269503546,0.7829787234042553,0.15531914893617021,0.17375886524822695
64,122000.0,80500.0,31900.0,1687000,47000.0,9600,11,2,2,QUARTERLY,MEDIUM,SHORT_TERM_GOAL,54.0,MEDIUM,1.1523224043715847,0.6598360655737705,0.07868852459016394,0.03210382513661202
28,124000.0,82600.0,29800.0,2948000,155000.0,11600,7,1,4,MONTHLY,HIGH,WEALTH_CREATION,55.0,HIGH,1.9811827956989247,0.6661290322580645,0.0935483870967742,0.10416666666666667
55,185000.0,128800.0,33300.0,2379000,375000.0,22900,16,2,1,QUARTERLY,HIGH,WEALTH_CREATION,41.0,HIGH,1.0716216216216217,0.6962162162162162,0.12378378378378378,0.16891891891891891
38,150000.0,122800.0,0.0,4564000,2059000.0,82500,4,1,5,MONTHLY,MEDIUM,TAX_SAVING,73.0,HIGH,2.5355555555555553,0.8186666666666667,0.55,1.143888888888889
55,87000.0,58900.0,11100.0,830000,159000.0,17000,1,5,2,MONTHLY,MEDIUM,WEALTH_CREATION,82.0,HIGH,0.7950191570881227,0.6770114942528735,0.19540229885057472,0.15229885057471265
29,55000.0,31600.0,19200.0,275000,129000.0,4200,5,3,3,QUARTERLY,HIGH,SHORT_TERM_GOAL,72.0,MEDIUM,0.4166666666666667,0.5745454545454546,0.07636363636363637,0.19545454545454546
65,35000.0,15100.0,19000.0,326000,76000.0,900,16,3,2,MONTHLY,HIGH,SHORT_TERM_GOAL,71.0,HIGH,0.7761904761904762,0.43142857142857144,0.025714285714285714,0.18095238095238095
21,64000.0,51300.0,6200.0,722000,219000.0,6500,11,4,1,QUARTERLY,LOW,EMERGENCY_FUND,68.0,HIGH,0.9401041666666666,0.8015625,0.1015625,0.28515625
47,111000.0,40000.0,64000.0,424000,165000.0,7000,10,1,4,LUMP_SUM,MEDIUM,TAX_SAVING,64.0,HIGH,0.3183183183183183,0.36036036036036034,0.06306306306306306,0.12387387387387387
39,69000.0,63400.0,0.0,1435000,405000.0,10900,20,4,3,MONTHLY,MEDIUM,WEALTH_CREATION,85.0,HIGH,1.7330917874396135,0.9188405797101449,0.15797101449275364,0.4891304347826087
53,41000.0,25700.0,10000.0,565000,322000.0,5300,7,3,3,MONTHLY,MEDIUM,WEALTH_CREATION,79.0,HIGH,1.1483739837398375,0.6268292682926829,0.12926829268292683,0.6544715447154471
36,58000.0,50100.0,500.0,792000,21000.0,7400,15,4,1,QUARTERLY,HIGH,TAX_SAVING,58.0,HIGH,1.1379310344827587,0.8637931034482759,0.12758620689655173,0.03017241379310345
25,56000.0,24300.0,900.0,260000,77000.0,30800,8,2,2,LUMP_SUM,HIGH,WEALTH_CREATION,39.0,LOW,0.3869047619047619,0.43392857142857144,0.55,0.11458333333333333
43,41000.0,32000.0,7200.0,427000,99000.0,1800,12,2,2,QUARTERLY,HIGH,TAX_SAVING,55.0,HIGH,0.8678861788617886,0.7804878048780488,0.04390243902439024,0.20121951219512196
46,185000.0,143100.0,1500.0,4850000,2834000.0,40400,15,1,4,RARELY,HIGH,WEALTH_CREATION,66.0,HIGH,2.184684684684685,0.7735135135135135,0.21837837837837837,1.2765765765765766
57,33000.0,18600.0,9700.0,371000,146000.0,4700,23,4,3,MONTHLY,MEDIUM,WEALTH_CREATION,74.0,HIGH,0.9368686868686869,0.5636363636363636,0.14242424242424243,0.3686868686868687
56,46000.0,36700.0,0.0,543000,262000.0,14000,8,1,1,RARELY,LOW,WEALTH_CREATION,53.0,MEDIUM,0.9836956521739131,0.7978260869565217,0.30434782608695654,0.4746376811594203
44,93000.0,77900.0,0.0,810000,244000.0,24500,1,3,3,RARELY,LOW,SHORT_TERM_GOAL,65.0,LOW,0.7258064516129032,0.8376344086021505,0.26344086021505375,0.21863799283154123
25,41000.0,17400.0,1700.0,762000,259000.0,21900,10,3,2,LUMP_SUM,HIGH,WEALTH_CREATION,48.0,HIGH,1.548780487804878,0.424390243902439,0.5341463414634147,0.5264227642276422
25,46000.0,30000.0,14800.0,103000,22000.0,1200,10,3,2,RARELY,MEDIUM,EMERGENCY_FUND,57.0,LOW,0.18659420289855072,0.6521739130434783,0.02608695652173913,0.03985507246376811
46,39000.0,25100.0,0.0,401000,57000.0,17700,4,2,2,LUMP_SUM,MEDIUM,WEALTH_CREATION,60.0,MEDIUM,0.8568376068376068,0.6435897435897436,0.45384615384615384,0.12179487179487179
53,131000.0,110500.0,0.0,1026000,253000.0,33900,9,3,5,MONTHLY,LOW,TAX_SAVING,87.0,HIGH,0.6526717557251909,0.8435114503816794,0.2587786259541985,0.16094147582697202
40,115000.0,70200.0,27500.0,1786000,25000.0,17300,7,1,5,QUARTERLY,HIGH,SHORT_TERM_GOAL,58.0,MEDIUM,1.2942028985507246,0.6104347826086957,0.15043478260869564,0.018115942028985508
45,75000.0,46600.0,25100.0,1068000,138000.0,3300,14,2,4,MONTHLY,MEDIUM,TAX_SAVING,74.0,HIGH,1.1866666666666668,0.6213333333333333,0.044,0.15333333333333332
51,22000.0,20200.0,0.0,340000,154000.0,10900,7,2,1,MONTHLY,LOW,TAX_SAVING,57.0,HIGH,1.2878787878787878,0.9181818181818182,0.4954545454545455,0.5833333333333334
56,117000.0,70900.0,45300.0,1496000,212000.0,800,10,1,3,QUARTERLY,MEDIUM,SHORT_TERM_GOAL,54.0,HIGH,1.0655270655270654,0.6059829059829059,0.006837606837606838,0.150997150997151
25,156000.0,115100.0,39500.0,2843000,795000.0,1400,13,1,3,RARELY,HIGH,SHORT_TERM_GOAL,25.0,HIGH,1.5186965811965811,0.7378205128205129,0.008974358974358974,0.42467948717948717
58,43000.0,25200.0,6000.0,233000,85000.0,11800,16,3,2,QUARTERLY,MEDIUM,RETIREMENT,60.0,HIGH,0.45155038759689925,0.586046511627907,0.2744186046511628,0.16472868217054262
42,58000.0,32200.0,17100.0,319000,76000.0,8700,8,2,1,QUARTERLY,HIGH,TAX_SAVING,45.0,MEDIUM,0.4583333333333333,0.5551724137931034,0.15,0.10919540229885058
59,69000.0,36800.0,16000.0,147000,72000.0,16200,1,1,1,LUMP_SUM,MEDIUM,EMERGENCY_FUND,31.0,LOW,0.17753623188405798,0.5333333333333333,0.23478260869565218,0.08695652173913043
26,92000.0,44500.0,14200.0,698000,303000.0,33300,2,2,5,RARELY,MEDIUM,SHORT_TERM_GOAL,53.0,LOW,0.6322463768115942,0.483695652173913,0.36195652173913045,0.27445652173913043
22,67000.0,33600.0,18600.0,496000,58000.0,14800,12,3,4,LUMP_SUM,LOW,WEALTH_CREATION,89.0,HIGH,0.6169154228855721,0.5014925373134328,0.2208955223880597,0.07213930348258707
25,73000.0,55100.0,3400.0,761000,298000.0,14500,19,4,1,MONTHLY,HIGH,WEALTH_CREATION,63.0,HIGH,0.8687214611872146,0.7547945205479452,0.19863013698630136,0.3401826484018265
26,127000.0,98700.0,0.0,1323000,39000.0,37200,20,3,4,MONTHLY,HIGH,RETIREMENT,61.0,HIGH,0.8681102362204725,0.7771653543307087,0.2929133858267717,0.025590551181102362
64,61000.0,42600.0,15300.0,1181000,411000.0,3100,12,1,3,MONTHLY,LOW,EMERGENCY_FUND,60.0,HIGH,1.6133879781420766,0.6983606557377049,0.05081967213114754,0.5614754098360656
29,59000.0,34000.0,19500.0,1159000,608000.0,5500,14,2,3,RARELY,MEDIUM,TAX_SAVING,59.0,HIGH,1.637005649717514,0.576271186440678,0.09322033898305085,0.8587570621468926
36,120000.0,73500.0,36300.0,769000,144000.0,10200,11,4,5,MONTHLY,LOW,SHORT_TERM_GOAL,100.0,HIGH,0.5340277777777778,0.6125,0.085,0.1
59,43000.0,16300.0,22700.0,364000,75000.0,4000,13,1,3,MONTHLY,HIGH,EMERGENCY_FUND,55.0,HIGH,0.7054263565891473,0.37906976744186044,0.09302325581395349,0.14534883720930233
23,55000.0,33200.0,13100.0,909000,257000.0,8700,13,2,3,MONTHLY,HIGH,RETIREMENT,56.0,HIGH,1.3772727272727272,0.6036363636363636,0.15818181818181817,0.3893939393939394
32,77000.0,68700.0,0.0,1315000,311000.0,13200,1,5,1,MONTHLY,HIGH,WEALTH_CREATION,65.0,HIGH,1.423160173160173,0.8922077922077922,0.17142857142857143,0.3365800865800866
38,128000.0,63600.0,23200.0,2000000,432000.0,41200,14,4,5,MONTHLY,MEDIUM,EMERGENCY_FUND,84.0,HIGH,1.3020833333333333,0.496875,0.321875,0.28125
60,49000.0,32800.0,6000.0,1606000,338000.0,10200,3,3,2,RARELY,MEDIUM,SHORT_TERM_GOAL,50.0,HIGH,2.7312925170068025,0.6693877551020408,0.20816326530612245,0.5748299319727891
43,35000.0,21300.0,10300.0,861000,537000.0,3400,5,3,2,LUMP_SUM,MEDIUM,TAX_SAVING,80.0,HIGH,2.05,0.6085714285714285,0.09714285714285714,1.2785714285714285
43,46000.0,35600.0,0.0,1972000,850000.0,14000,21,1,3,RARELY,LOW,WEALTH_CREATION,51.0,HIGH,3.572463768115942,0.7739130434782608,0.30434782608695654,1.539855072463768
32,49000.0,30700.0,15000.0,166000,31000.0,3300,1,4,2,MONTHLY,HIGH,EMERGENCY_FUND,66.0,LOW,0.282312925170068,0.6265306122448979,0.0673469387755102,0.05272108843537415
49,71000.0,62800.0,0.0,1624000,894000.0,32300,11,1,3,MONTHLY,HIGH,RETIREMENT,49.0,HIGH,1.9061032863849765,0.8845070422535212,0.45492957746478874,1.0492957746478873
38,54000.0,33500.0,17900.0,208000,95000.0,2600,12,2,3,MONTHLY,MEDIUM,WEALTH_CREATION,72.0,HIGH,0.32098765432098764,0.6203703703703703,0.04814814814814815,0.14660493827160495
22,68000.0,42000.0,10100.0,149000,65000.0,15900,1,2,3,MONTHLY,HIGH,WEALTH_CREATION,63.0,MEDIUM,0.18259803921568626,0.6176470588235294,0.2338235294117647,0.07965686274509803
44,34000.0,28100.0,0.0,663000,99000.0,11100,10,2,3,MONTHLY,MEDIUM,WEALTH_CREATION,81.0,HIGH,1.625,0.8264705882352941,0.3264705882352941,0.2426470588235294
52,109000.0,86700.0,8800.0,338000,171000.0,13500,15,2,3,MONTHLY,HIGH,WEALTH_CREATION,52.0,HIGH,0.25840978593272174,0.7954128440366972,0.12385321100917432,0.13073394495412843
32,69000.0,52100.0,14300.0,815000,300000.0,2600,7,1,4,MONTHLY,HIGH,WEALTH_CREATION,65.0,HIGH,0.9842995169082126,0.755072463768116,0.03768115942028986,0.36231884057971014
64,58000.0,28000.0,5000.0,268000,38000.0,25000,3,2,3,MONTHLY,LOW,RETIREMENT,70.0,MEDIUM,0.3850574712643678,0.4827586206896552,0.43103448275862066,0.05459770114942529
21,51000.0,38200.0,4200.0,299000,14000.0,8600,14,3,3,LUMP_SUM,HIGH,SHORT_TERM_GOAL,57.0,MEDIUM,0.48856209150326796,0.7490196078431373,0.16862745098039217,0.02287581699346405
33,94000.0,67500.0,8500.0,2628000,317000.0,18000,6,2,4,MONTHLY,MEDIUM,EMERGENCY_FUND,61.0,HIGH,2.3297872340425534,0.7180851063829787,0.19148936170212766,0.28102836879432624
30,42000.0,38300.0,0.0,52000,5000.0,9800,5,2,3,MONTHLY,HIGH,WEALTH_CREATION,68.0,LOW,0.10317460317460317,0.9119047619047619,0.23333333333333334,0.00992063492063492
37,75000.0,50700.0,11900.0,912000,382000.0,12400,16,1,5,RARELY,MEDIUM,WEALTH_CREATION,67.0,HIGH,1.0133333333333334,0.676,0.16533333333333333,0.42444444444444446
21,29000.0,20800.0,0.0,286000,45000.0,8900,1,3,2,MONTHLY,LOW,WEALTH_CREATION,72.0,HIGH,0.8218390804597702,0.7172413793103448,0.30689655172413793,0.12931034482758622
21,106000.0,85800.0,0.0,688000,317000.0,24300,11,4,3,MONTHLY,MEDIUM,WEALTH_CREATION,87.0,HIGH,0.5408805031446541,0.809433962264151,0.22924528301886793,0.24921383647798742
44,94000.0,86400.0,0.0,1370000,548000.0,39300,18,4,4,MONTHLY,LOW,TAX_SAVING,90.0,HIGH,1.2145390070921986,0.9191489361702128,0.41808510638297874,0.4858156028368794
57,71000.0,54500.0,100.0,497000,77000.0,16400,11,2,4,MONTHLY,HIGH,TAX_SAVING,58.0,HIGH,0.5833333333333334,0.7676056338028169,0.23098591549295774,0.0903755868544601
58,46000.0,27900.0,13900.0,827000,172000.0,4200,6,3,2,MONTHLY,HIGH,TAX_SAVING,68.0,HIGH,1.4981884057971016,0.6065217391304348,0.09130434782608696,0.3115942028985507
39,66000.0,47800.0,0.0,401000,168000.0,20100,1,1,3,MONTHLY,MEDIUM,RETIREMENT,54.0,LOW,0.5063131313131313,0.7242424242424242,0.30454545454545456,0.21212121212121213
36,39000.0,33600.0,2500.0,1152000,224000.0,2900,5,4,1,MONTHLY,HIGH,RETIREMENT,63.0,HIGH,2.4615384615384617,0.8615384615384616,0.07435897435897436,0.47863247863247865
51,44000.0,31500.0,1800.0,1690000,115000.0,10700,6,1,2,MONTHLY,HIGH,SHORT_TERM_GOAL,45.0,HIGH,3.2007575757575757,0.7159090909090909,0.2431818181818182,0.2178030303030303
44,98000.0,81300.0,0.0,3417000,353000.0,20500,11,2,1,MONTHLY,MEDIUM,WEALTH_CREATION,62.0,HIGH,2.9056122448979593,0.8295918367346938,0.20918367346938777,0.30017006802721086
45,63000.0,54300.0,5900.0,327000,94000.0,2800,18,3,5,MONTHLY,MEDIUM,TAX_SAVING,91.0,HIGH,0.43253968253968256,0.861904761904762,0.044444444444444446,0.12433862433862433
37,46000.0,24700.0,20300.0,301000,186000.0,1000,9,2,1,LUMP_SUM,LOW,RETIREMENT,55.0,HIGH,0.5452898550724637,0.5369565217391304,0.021739130434782608,0.33695652173913043
64,49000.0,27800.0,19000.0,239000,51000.0,2200,9,2,5,MONTHLY,HIGH,EMERGENCY_FUND,83.0,MEDIUM,0.4064625850340136,0.5673469387755102,0.044897959183673466,0.08673469387755102
25,42000.0,20800.0,14600.0,81000,13000.0,6600,3,3,3,MONTHLY,MEDIUM,WEALTH_CREATION,80.0,HIGH,0.16071428571428573,0.49523809523809526,0.15714285714285714,0.025793650793650792
60,155000.0,70300.0,65900.0,2937000,1091000.0,18800,8,1,1,MONTHLY,HIGH,RETIREMENT,35.0,HIGH,1.5790322580645162,0.4535483870967742,0.12129032258064516,0.5865591397849462
63,91000.0,41200.0,2800.0,1606000,774000.0,47000,18,2,3,LUMP_SUM,LOW,SHORT_TERM_GOAL,71.0,HIGH,1.4706959706959708,0.45274725274725275,0.5164835164835165,0.7087912087912088
51,147000.0,84800.0,37800.0,1400000,367000.0,24400,14,3,1,RARELY,LOW,WEALTH_CREATION,60.0,HIGH,0.7936507936507936,0.5768707482993197,0.16598639455782313,0.20804988662131518
50,30000.0,24700.0,0.0,1021000,116000.0,15300,19,4,5,QUARTERLY,MEDIUM,SHORT_TERM_GOAL,94.0,HIGH,2.8361111111111112,0.8233333333333334,0.51,0.32222222222222224
21,49000.0,32500.0,0.0,1483000,128000.0,19200,5,2,2,RARELY,MEDIUM,EMERGENCY_FUND,53.0,MEDIUM,2.522108843537415,0.6632653061224489,0.39183673469387753,0.21768707482993196
56,36000.0,31800.0,0.0,178000,4000.0,5700,10,4,4,MONTHLY,LOW,EMERGENCY_FUND,83.0,HIGH,0.41203703703703703,0.8833333333333333,0.15833333333333333,0.009259259259259259
37,76000.0,43000.0,15800.0,1120000,147000.0,17200,6,4,3,LUMP_SUM,LOW,EMERGENCY_FUND,91.0,HIGH,1.2280701754385965,0.5657894736842105,0.22631578947368422,0.1611842105263158
25,142000.0,98100.0,29600.0,2422000,1339000.0,14300,5,4,3,MONTHLY,MEDIUM,SHORT_TERM_GOAL,90.0,HIGH,1.4213615023474178,0.6908450704225352,0.10070422535211268,0.7857981220657277
43,57000.0,28100.0,9200.0,1270000,198000.0,19700,2,3,3,MONTHLY,HIGH,SHORT_TERM_GOAL,62.0,HIGH,1.8567251461988303,0.49298245614035086,0.3456140350877193,0.2894736842105263
28,59000.0,48300.0,8700.0,969000,144000.0,2000,8,1,2,RARELY,MEDIUM,WEALTH_CREATION,41.0,HIGH,1.36864406779661,0.8186440677966101,0.03389830508474576,0.2033898305084746
46,84000.0,58300.0,0.0,1142000,556000.0,35200,6,4,5,LUMP_SUM,MEDIUM,TAX_SAVING,100.0,HIGH,1.132936507936508,0.694047619047619,0.41904761904761906,0.5515873015873016
44,94000.0,68100.0,300.0,757000,269000.0,25600,7,1,3,RARELY,HIGH,TAX_SAVING,46.0,LOW,0.6710992907801419,0.7244680851063829,0.2723404255319149,0.23847517730496454
58,67000.0,35100.0,28400.0,448000,168000.0,3500,4,4,2,MONTHLY,MEDIUM,SHORT_TERM_GOAL,74.0,HIGH,0.5572139303482587,0.5238805970149254,0.05223880597014925,0.208955223880597
47,69000.0,56100.0,0.0,497000,89000.0,14000,13,4,4,QUARTERLY,HIGH,WEALTH_CREATION,74.0,MEDIUM,0.6002415458937198,0.8130434782608695,0.2028985507246377,0.10748792270531402
47,48000.0,21000.0,22700.0,88000,3000.0,4300,13,1,2,RARELY,MEDIUM,WEALTH_CREATION,34.0,HIGH,0.1527777777777778,0.4375,0.08958333333333333,0.005208333333333333
52,61000.0,34600.0,18500.0,565000,32000.0,7900,15,3,3,RARELY,HIGH,TAX_SAVING,60.0,HIGH,0.7718579234972678,0.5672131147540984,0.12950819672131147,0.04371584699453552
50,98000.0,76400.0,18500.0,2142000,23000.0,3100,7,1,3,QUARTERLY,HIGH,WEALTH_CREATION,62.0,HIGH,1.8214285714285714,0.7795918367346939,0.03163265306122449,0.0195578231292517
46,106000.0,75400.0,12700.0,1945000,574000.0,17900,1,1,1,MONTHLY,MEDIUM,RETIREMENT,46.0,HIGH,1.5290880503144655,0.7113207547169811,0.16886792452830188,0.45125786163522014
37,46000.0,31100.0,200.0,591000,73000.0,14700,8,3,3,MONTHLY,HIGH,TAX_SAVING,63.0,HIGH,1.0706521739130435,0.6760869565217391,0.31956521739130433,0.1322463768115942
40,24000.0,18700.0,1800.0,170000,52000.0,3500,9,1,2,MONTHLY,LOW,RETIREMENT,66.0,MEDIUM,0.5902777777777778,0.7791666666666667,0.14583333333333334,0.18055555555555555
22,60000.0,40800.0,17200.0,501000,126000.0,2000,2,3,2,LUMP_SUM,MEDIUM,TAX_SAVING,51.0,HIGH,0.6958333333333333,0.68,0.03333333333333333,0.175
25,36000.0,14700.0,15600.0,567000,82000.0,5700,4,1,1,MONTHLY,MEDIUM,RETIREMENT,40.0,HIGH,1.3125,0.4083333333333333,0.15833333333333333,0.18981481481481483
35,42000.0,14500.0,17500.0,258000,26000.0,10000,19,1,1,QUARTERLY,LOW,RETIREMENT,69.0,HIGH,0.5119047619047619,0.34523809523809523,0.23809523809523808,0.051587301587301584
27,62000.0,52500.0,0.0,875000,213000.0,19200,6,1,4,QUARTERLY,LOW,WEALTH_CREATION,72.0,HIGH,1.1760752688172043,0.8467741935483871,0.3096774193548387,0.2862903225806452
36,96000.0,64200.0,25400.0,1250000,405000.0,6400,3,3,2,MONTHLY,MEDIUM,WEALTH_CREATION,73.0,HIGH,1.0850694444444444,0.66875,0.06666666666666667,0.3515625
57,85000.0,76500.0,0.0,456000,31000.0,21700,9,2,3,RARELY,HIGH,WEALTH_CREATION,41.0,LOW,0.4470588235294118,0.9,0.25529411764705884,0.030392156862745098
28,135000.0,71000.0,59300.0,301000,114000.0,4700,18,2,1,MONTHLY,HIGH,WEALTH_CREATION,40.0,MEDIUM,0.18580246913580248,0.5259259259259259,0.03481481481481481,0.07037037037037037
39,44000.0,38200.0,0.0,595000,195000.0,9900,1,1,1,QUARTERLY,MEDIUM,TAX_SAVING,56.0,MEDIUM,1.1268939393939394,0.8681818181818182,0.225,0.3693181818181818
39,93000.0,51200.0,23600.0,1009000,222000.0,18200,17,3,3,QUARTERLY,MEDIUM,WEALTH_CREATION,72.0,HIGH,0.9041218637992832,0.5505376344086022,0.1956989247311828,0.1989247311827957
28,109000.0,87000.0,16700.0,711000,143000.0,5300,6,3,2,RARELY,LOW,SHORT_TERM_GOAL,75.0,LOW,0.5435779816513762,0.7981651376146789,0.04862385321100918,0.10932721712538226
52,59000.0,53500.0,0.0,922000,293000.0,11600,2,3,2,RARELY,LOW,TAX_SAVING,69.0,HIGH,1.3022598870056497,0.9067796610169492,0.19661016949152543,0.4138418079096045
34,104000.0,72900.0,0.0,1731000,356000.0,49800,4,1,3,RARELY,LOW,SHORT_TERM_GOAL,65.0,LOW,1.3870192307692308,0.7009615384615384,0.47884615384615387,0.28525641025641024
42,162000.0,110700.0,0.0,3874000,485000.0,87200,2,3,3,MONTHLY,MEDIUM,EMERGENCY_FUND,75.0,MEDIUM,1.992798353909465,0.6833333333333333,0.5382716049382716,0.24948559670781892
62,37000.0,33200.0,0.0,332000,85000.0,8400,2,1,5,MONTHLY,MEDIUM,EMERGENCY_FUND,65.0,MEDIUM,0.7477477477477478,0.8972972972972973,0.22702702702702704,0.19144144144144143
59,118000.0,43800.0,64600.0,884000,450000.0,9600,5,5,1,MONTHLY,HIGH,RETIREMENT,81.0,HIGH,0.6242937853107344,0.3711864406779661,0.08135593220338982,0.3177966101694915
58,159000.0,127200.0,13100.0,964000,253000.0,18700,4,2,4,MONTHLY,HIGH,SHORT_TERM_GOAL,62.0,LOW,0.5052410901467506,0.8,0.11761006289308176,0.13259958071278827
55,66000.0,29300.0,12600.0,1009000,303000.0,24100,10,1,4,LUMP_SUM,MEDIUM,WEALTH_CREATION,77.0,HIGH,1.273989898989899,0.44393939393939397,0.36515151515151517,0.38257575757575757
47,52000.0,22400.0,13500.0,194000,89000.0,16100,2,1,2,MONTHLY,MEDIUM,WEALTH_CREATION,46.0,LOW,0.3108974358974359,0.4307692307692308,0.3096153846153846,0.14262820512820512
51,57000.0,38900.0,0.0,2068000,495000.0,30400,5,4,2,RARELY,HIGH,WEALTH_CREATION,48.0,HIGH,3.0233918128654973,0.6824561403508772,0.5333333333333333,0.7236842105263158
62,146000.0,129700.0,0.0,3997000,1081000.0,27000,3,1,3,MONTHLY,LOW,TAX_SAVING,78.0,HIGH,2.281392694063927,0.8883561643835617,0.18493150684931506,0.6170091324200914
51,37000.0,26500.0,0.0,138000,41000.0,12400,1,2,1,RARELY,MEDIUM,WEALTH_CREATION,49.0,LOW,0.3108108108108108,0.7162162162162162,0.33513513513513515,0.09234234234234234
21,134000.0,81000.0,24700.0,884000,282000.0,28300,15,1,5,RARELY,LOW,SHORT_TERM_GOAL,76.0,HIGH,0.5497512437810945,0.6044776119402985,0.21119402985074626,0.17537313432835822
42,93000.0,60400.0,22200.0,1807000,154000.0,10400,3,1,2,QUARTERLY,LOW,SHORT_TERM_GOAL,64.0,HIGH,1.6191756272401434,0.6494623655913978,0.11182795698924732,0.13799283154121864
61,42000.0,13300.0,17200.0,111000,28000.0,11500,9,2,1,RARELY,MEDIUM,WEALTH_CREATION,48.0,LOW,0.22023809523809523,0.31666666666666665,0.27380952380952384,0.05555555555555555
26,174000.0,112400.0,40000.0,2518000,799000.0,21600,4,1,4,MONTHLY,MEDIUM,TAX_SAVING,68.0,HIGH,1.2059386973180077,0.6459770114942529,0.12413793103448276,0.38266283524904215
40,88000.0,79400.0,0.0,6218000,1197000.0,23100,16,2,1,MONTHLY,HIGH,SHORT_TERM_GOAL,41.0,HIGH,5.888257575757576,0.9022727272727272,0.2625,1.1335227272727273
25,125000.0,44400.0,70600.0,942000,203000.0,10000,10,5,1,MONTHLY,HIGH,RETIREMENT,79.0,HIGH,0.628,0.3552,0.08,0.13533333333333333
58,88000.0,46100.0,23400.0,392000,71000.0,18500,5,1,5,LUMP_SUM,MEDIUM,EMERGENCY_FUND,75.0,MEDIUM,0.3712121212121212,0.5238636363636363,0.21022727272727273,0.06723484848484848
29,125000.0,105500.0,13200.0,1213000,731000.0,6300,10,3,3,RARELY,HIGH,SHORT_TERM_GOAL,34.0,LOW,0.8086666666666666,0.844,0.0504,0.48733333333333334
62,54000.0,17300.0,26200.0,411000,39000.0,10500,16,3,3,RARELY,LOW,SHORT_TERM_GOAL,76.0,HIGH,0.6342592592592593,0.32037037037037036,0.19444444444444445,0.06018518518518518
58,170000.0,94400.0,70400.0,1993000,105000.0,5200,12,1,2,MONTHLY,MEDIUM,WEALTH_CREATION,57.0,HIGH,0.9769607843137255,0.5552941176470588,0.03058823529411765,0.051470588235294115
24,59000.0,18500.0,33900.0,522000,163000.0,6600,3,2,1,MONTHLY,MEDIUM,WEALTH_CREATION,60.0,HIGH,0.7372881355932204,0.3135593220338983,0.11186440677966102,0.23022598870056496
58,66000.0,60700.0,0.0,486000,303000.0,11800,10,1,2,RARELY,MEDIUM,EMERGENCY_FUND,40.0,LOW,0.6136363636363636,0.9196969696969697,0.1787878787878788,0.38257575757575757
38,39000.0,29300.0,6200.0,371000,97000.0,3500,19,2,1,MONTHLY,MEDIUM,EMERGENCY_FUND,59.0,HIGH,0.7927350427350427,0.7512820512820513,0.08974358974358974,0.20726495726495728
44,54000.0,36700.0,5700.0,310000,28000.0,11600,3,4,3,MONTHLY,LOW,EMERGENCY_FUND,96.0,MEDIUM,0.4783950617283951,0.6796296296296296,0.21481481481481482,0.043209876543209874
23,48000.0,40600.0,0.0,989000,137000.0,8800,6,2,4,RARELY,HIGH,WEALTH_CREATION,47.0,HIGH,1.7170138888888888,0.8458333333333333,0.18333333333333332,0.2378472222222222
54,59000.0,15200.0,40800.0,198000,43000.0,3000,12,2,4,MONTHLY,LOW,EMERGENCY_FUND,93.0,HIGH,0.2796610169491525,0.2576271186440678,0.05084745762711865,0.06073446327683616
54,39000.0,19000.0,17600.0,149000,54000.0,2400,7,1,2,MONTHLY,HIGH,WEALTH_CREATION,21.0,MEDIUM,0.31837606837606836,0.48717948717948717,0.06153846153846154,0.11538461538461539
31,103000.0,67700.0,8800.0,365000,66000.0,26500,12,4,3,RARELY,MEDIUM,EMERGENCY_FUND,65.0,LOW,0.2953074433656958,0.6572815533980583,0.25728155339805825,0.05339805825242718
49,173000.0,108400.0,0.0,1342000,919000.0,74400,18,2,2,LUMP_SUM,MEDIUM,RETIREMENT,43.0,MEDIUM,0.6464354527938343,0.6265895953757226,0.4300578034682081,0.44267822736030826
34,156000.0,110400.0,0.0,758000,20000.0,74300,18,4,4,LUMP_SUM,MEDIUM,SHORT_TERM_GOAL,79.0,MEDIUM,0.4049145299145299,0.7076923076923077,0.47628205128205126,0.010683760683760684
47,88000.0,80900.0,0.0,1082000,140000.0,28500,17,4,2,MONTHLY,HIGH,RETIREMENT,59.0,HIGH,1.0246212121212122,0.9193181818181818,0.32386363636363635,0.13257575757575757
55,121000.0,47900.0,48100.0,725000,258000.0,25000,8,1,2,MONTHLY,HIGH,WEALTH_CREATION,31.0,MEDIUM,0.49931129476584024,0.3958677685950413,0.2066115702479339,0.17768595041322313
52,72000.0,25700.0,39000.0,648000,175000.0,7300,15,1,5,RARELY,LOW,TAX_SAVING,64.0,HIGH,0.75,0.35694444444444445,0.10138888888888889,0.2025462962962963
63,119000.0,61700.0,39200.0,935000,574000.0,18100,9,1,4,QUARTERLY,MEDIUM,TAX_SAVING,63.0,HIGH,0.6547619047619048,0.5184873949579832,0.15210084033613444,0.4019607843137255
26,86000.0,40400.0,39700.0,654000,75000.0,5900,1,1,4,QUARTERLY,MEDIUM,TAX_SAVING,66.0,HIGH,0.6337209302325582,0.4697674418604651,0.0686046511627907,0.07267441860465117
64,84000.0,45200.0,6800.0,368000,13000.0,32000,1,5,3,MONTHLY,HIGH,SHORT_TERM_GOAL,83.0,LOW,0.36507936507936506,0.5380952380952381,0.38095238095238093,0.012896825396825396
32,86000.0,46900.0,20800.0,656000,389000.0,18300,22,2,4,RARELY,MEDIUM,RETIREMENT,73.0,HIGH,0.6356589147286822,0.5453488372093023,0.2127906976744186,0.37693798449612403
48,48000.0,30100.0,15200.0,1145000,366000.0,2700,13,1,2,LUMP_SUM,MEDIUM,SHORT_TERM_GOAL,47.0,HIGH,1.9878472222222223,0.6270833333333333,0.05625,0.6354166666666666
36,174000.0,114800.0,1200.0,3019000,773000.0,58000,4,1,3,MONTHLY,MEDIUM,SHORT_TERM_GOAL,75.0,HIGH,1.4458812260536398,0.6597701149425287,0.3333333333333333,0.3702107279693487
24,63000.0,34200.0,5900.0,1079000,301000.0,22900,3,1,3,MONTHLY,MEDIUM,TAX_SAVING,50.0,HIGH,1.4272486772486772,0.5428571428571428,0.3634920634920635,0.39814814814814814
43,52000.0,27700.0,19500.0,1199000,68000.0,4800,13,4,2,LUMP_SUM,MEDIUM,RETIREMENT,64.0,HIGH,1.921474358974359,0.5326923076923077,0.09230769230769231,0.10897435897435898
50,158000.0,90700.0,17800.0,4925000,1852000.0,49500,13,3,3,MONTHLY,LOW,EMERGENCY_FUND,78.0,HIGH,2.5975738396624473,0.5740506329113924,0.31329113924050633,0.9767932489451476
39,57000.0,41800.0,0.0,249000,66000.0,19700,2,3,1,QUARTERLY,MEDIUM,WEALTH_CREATION,71.0,LOW,0.36403508771929827,0.7333333333333333,0.3456140350877193,0.09649122807017543
47,130000.0,66000.0,17600.0,377000,97000.0,46400,5,1,4,MONTHLY,LOW,SHORT_TERM_GOAL,68.0,LOW,0.24166666666666667,0.5076923076923077,0.3569230769230769,0.06217948717948718
57,29000.0,14600.0,11400.0,241000,175000.0,3000,16,1,3,QUARTERLY,HIGH,WEALTH_CREATION,56.0,HIGH,0.6925287356321839,0.503448275862069,0.10344827586206896,0.5028735632183908
40,23000.0,10000.0,5600.0,367000,55000.0,7400,2,1,2,QUARTERLY,HIGH,WEALTH_CREATION,55.0,MEDIUM,1.3297101449275361,0.43478260869565216,0.3217391304347826,0.19927536231884058
38,57000.0,50900.0,0.0,592000,96000.0,6400,5,3,2,LUMP_SUM,MEDIUM,SHORT_TERM_GOAL,69.0,MEDIUM,0.8654970760233918,0.8929824561403509,0.11228070175438597,0.14035087719298245
33,99000.0,35200.0,45800.0,1231000,467000.0,18000,9,2,4,RARELY,HIGH,WEALTH_CREATION,51.0,HIGH,1.0361952861952861,0.35555555555555557,0.18181818181818182,0.3930976430976431
27,159000.0,108900.0,0.0,1142000,384000.0,59800,4,3,3,RARELY,LOW,WEALTH_CREATION,76.0,MEDIUM,0.5985324947589099,0.6849056603773584,0.37610062893081764,0.20125786163522014
22,135000.0,78400.0,36300.0,2996000,59000.0,20300,12,2,4,MONTHLY,MEDIUM,RETIREMENT,78.0,HIGH,1.8493827160493828,0.5807407407407408,0.15037037037037038,0.03641975308641975
56,25000.0,19200.0,100.0,249000,91000.0,5700,2,2,4,LUMP_SUM,MEDIUM,SHORT_TERM_GOAL,78.0,MEDIUM,0.83,0.768,0.228,0.30333333333333334
37,53000.0,28200.0,18700.0,1559000,159000.0,6100,5,1,5,MONTHLY,LOW,WEALTH_CREATION,82.0,HIGH,2.45125786163522,0.5320754716981132,0.11509433962264151,0.25
28,46000.0,35200.0,5300.0,643000,4000.0,5500,8,1,2,QUARTERLY,MEDIUM,RETIREMENT,46.0,MEDIUM,1.164855072463768,0.7652173913043478,0.11956521739130435,0.007246376811594203
33,49000.0,22000.0,21400.0,100000,8000.0,5600,1,5,4,MONTHLY,LOW,EMERGENCY_FUND,100.0,HIGH,0.17006802721088435,0.4489795918367347,0.11428571428571428,0.013605442176870748
65,42000.0,33300.0,0.0,682000,38000.0,8900,16,3,1,MONTHLY,HIGH,RETIREMENT,59.0,HIGH,1.3531746031746033,0.7928571428571428,0.2119047619047619,0.07539682539682539
65,76000.0,26700.0,42000.0,660000,281000.0,7300,10,5,5,LUMP_SUM,MEDIUM,RETIREMENT,79.0,HIGH,0.7236842105263158,0.3513157894736842,0.09605263157894736,0.3081140350877193
42,292000.0,177400.0,60000.0,7322000,994000.0,54600,6,2,2,QUARTERLY,MEDIUM,WEALTH_CREATION,57.0,HIGH,2.0896118721461185,0.6075342465753425,0.18698630136986302,0.283675799086758
23,70000.0,31200.0,29800.0,714000,43000.0,9000,3,2,1,LUMP_SUM,LOW,WEALTH_CREATION,57.0,HIGH,0.85,0.44571428571428573,0.12857142857142856,0.05119047619047619
65,194000.0,113700.0,12400.0,1328000,376000.0,67900,11,1,2,MONTHLY,HIGH,SHORT_TERM_GOAL,48.0,LOW,0.570446735395189,0.5860824742268042,0.35,0.16151202749140894
61,36000.0,17100.0,16700.0,121000,44000.0,2200,6,1,1,MONTHLY,MEDIUM,EMERGENCY_FUND,48.0,LOW,0.2800925925925926,0.475,0.06111111111111111,0.10185185185185185
54,73000.0,43600.0,0.0,1230000,433000.0,29700,1,4,5,LUMP_SUM,MEDIUM,WEALTH_CREATION,82.0,HIGH,1.404109589041096,0.5972602739726027,0.40684931506849314,0.4942922374429224
41,55000.0,43200.0,2000.0,1206000,381000.0,9800,7,2,3,RARELY,MEDIUM,WEALTH_CREATION,54.0,HIGH,1.8272727272727274,0.7854545454545454,0.1781818181818182,0.5772727272727273
52,27000.0,23900.0,1100.0,1025000,483000.0,2000,22,1,2,RARELY,HIGH,RETIREMENT,42.0,HIGH,3.1635802469135803,0.8851851851851852,0.07407407407407407,1.4907407407407407
52,46000.0,17100.0,15500.0,316000,53000.0,13400,6,1,3,RARELY,LOW,TAX_SAVING,73.0,LOW,0.572463768115942,0.3717391304347826,0.29130434782608694,0.09601449275362318
41,52000.0,18300.0,8400.0,297000,100000.0,25300,1,1,3,MONTHLY,LOW,EMERGENCY_FUND,56.0,LOW,0.47596153846153844,0.35192307692307695,0.48653846153846153,0.16025641025641027
39,32000.0,29400.0,0.0,606000,60000.0,3700,8,3,2,MONTHLY,HIGH,SHORT_TERM_GOAL,68.0,HIGH,1.578125,0.91875,0.115625,0.15625
35,97000.0,78800.0,0.0,1057000,506000.0,24300,18,3,5,QUARTERLY,MEDIUM,RETIREMENT,84.0,HIGH,0.9080756013745704,0.8123711340206186,0.25051546391752577,0.43470790378006874
22,59000.0,34300.0,5500.0,1275000,132000.0,19200,4,1,1,MONTHLY,LOW,RETIREMENT,34.0,HIGH,1.8008474576271187,0.5813559322033899,0.3254237288135593,0.1864406779661017
55,94000.0,46800.0,10200.0,542000,296000.0,37000,19,2,4,MONTHLY,MEDIUM,RETIREMENT,93.0,HIGH,0.4804964539007092,0.4978723404255319,0.39361702127659576,0.2624113475177305
49,53000.0,42500.0,4000.0,589000,320000.0,6500,7,2,4,MONTHLY,HIGH,TAX_SAVING,59.0,MEDIUM,0.9261006289308176,0.8018867924528302,0.12264150943396226,0.5031446540880503
54,48000.0,23600.0,16300.0,890000,396000.0,8100,6,3,2,LUMP_SUM,MEDIUM,SHORT_TERM_GOAL,69.0,HIGH,1.5451388888888888,0.49166666666666664,0.16875,0.6875
29,52000.0,30300.0,1100.0,1263000,307000.0,20600,15,3,1,LUMP_SUM,HIGH,SHORT_TERM_GOAL,59.0,HIGH,2.0240384615384617,0.5826923076923077,0.39615384615384613,0.49198717948717946
64,54000.0,42800.0,300.0,1328000,278000.0,10900,9,2,2,MONTHLY,MEDIUM,WEALTH_CREATION,48.0,HIGH,2.049382716049383,0.7925925925925926,0.20185185185185187,0.42901234567901236
46,38000.0,22800.0,0.0,198000,15000.0,15800,13,3,4,MONTHLY,MEDIUM,WEALTH_CREATION,91.0,HIGH,0.4342105263157895,0.6,0.41578947368421054,0.03289473684210526
35,74000.0,65500.0,0.0,1783000,276000.0,12900,4,1,1,RARELY,MEDIUM,RETIREMENT,37.0,MEDIUM,2.0078828828828827,0.8851351351351351,0.17432432432432432,0.3108108108108108
27,21000.0,13400.0,5100.0,166000,18000.0,2500,13,2,2,MONTHLY,MEDIUM,EMERGENCY_FUND,56.0,HIGH,0.6587301587301587,0.638095238095238,0.11904761904761904,0.07142857142857142
42,93000.0,66400.0,0.0,708000,182000.0,26700,7,1,3,RARELY,MEDIUM,TAX_SAVING,47.0,LOW,0.6344086021505376,0.7139784946236559,0.2870967741935484,0.16308243727598568
34,41000.0,19900.0,2500.0,239000,110000.0,18600,4,3,5,RARELY,LOW,WEALTH_CREATION,86.0,LOW,0.48577235772357724,0.4853658536585366,0.45365853658536587,0.22357723577235772
58,95000.0,37200.0,53100.0,88000,23000.0,4700,19,2,1,LUMP_SUM,MEDIUM,RETIREMENT,61.0,HIGH,0.07719298245614035,0.391578947368421,0.049473684210526316,0.02017543859649123
27,57000.0,21100.0,28900.0,447000,57000.0,7000,1,3,3,RARELY,LOW,SHORT_TERM_GOAL,72.0,MEDIUM,0.6535087719298246,0.3701754385964912,0.12280701754385964,0.08333333333333333
49,87000.0,58700.0,2600.0,889000,397000.0,25700,2,1,4,LUMP_SUM,MEDIUM,EMERGENCY_FUND,68.0,LOW,0.8515325670498084,0.674712643678161,0.29540229885057473,0.38026819923371646
24,72000.0,53300.0,9500.0,2106000,1003000.0,9200,2,2,2,MONTHLY,MEDIUM,EMERGENCY_FUND,50.0,HIGH,2.4375,0.7402777777777778,0.12777777777777777,1.1608796296296295
30,82000.0,57400.0,11100.0,518000,160000.0,13500,7,1,3,QUARTERLY,LOW,EMERGENCY_FUND,55.0,MEDIUM,0.5264227642276422,0.7,0.16463414634146342,0.16260162601626016
37,78000.0,48800.0,2700.0,2660000,927000.0,26500,2,3,1,MONTHLY,LOW,WEALTH_CREATION,60.0,HIGH,2.841880341880342,0.6256410256410256,0.33974358974358976,0.9903846153846154
35,80000.0,41900.0,28000.0,865000,215000.0,10100,12,3,2,MONTHLY,MEDIUM,WEALTH_CREATION,70.0,HIGH,0.9010416666666666,0.52375,0.12625,0.22395833333333334
40,62000.0,44100.0,14600.0,1583000,463000.0,3300,10,2,5,LUMP_SUM,MEDIUM,RETIREMENT,64.0,HIGH,2.127688172043011,0.7112903225806452,0.0532258064516129,0.6223118279569892
49,41000.0,17900.0,17800.0,153000,83000.0,5300,6,3,3,RARELY,MEDIUM,EMERGENCY_FUND,70.0,MEDIUM,0.31097560975609756,0.43658536585365854,0.12926829268292683,0.16869918699186992
25,74000.0,48400.0,23100.0,635000,264000.0,2500,7,4,5,MONTHLY,HIGH,RETIREMENT,100.0,HIGH,0.7150900900900901,0.654054054054054,0.033783783783783786,0.2972972972972973
56,67000.0,29000.0,17300.0,935000,120000.0,20700,11,4,5,LUMP_SUM,MEDIUM,WEALTH_CREATION,88.0,HIGH,1.1629353233830846,0.43283582089552236,0.30895522388059704,0.14925373134328357
59,81000.0,52900.0,20300.0,1713000,399000.0,7800,17,1,4,MONTHLY,LOW,EMERGENCY_FUND,81.0,HIGH,1.7623456790123457,0.6530864197530865,0.0962962962962963,0.4104938271604938
25,40000.0,21400.0,7000.0,467000,90000.0,11600,10,2,1,LUMP_SUM,MEDIUM,EMERGENCY_FUND,48.0,LOW,0.9729166666666667,0.535,0.29,0.1875
30,88000.0,80900.0,0.0,749000,300000.0,34400,1,3,5,MONTHLY,MEDIUM,WEALTH_CREATION,100.0,HIGH,0.709280303030303,0.9193181818181818,0.39090909090909093,0.2840909090909091
36,53000.0,31400.0,14500.0,303000,63000.0,7100,1,4,2,QUARTERLY,MEDIUM,SHORT_TERM_GOAL,88.0,MEDIUM,0.47641509433962265,0.5924528301886792,0.1339622641509434,0.09905660377358491
40,73000.0,61300.0,0.0,1002000,354000.0,23300,14,1,3,RARELY,MEDIUM,RETIREMENT,44.0,HIGH,1.143835616438356,0.8397260273972603,0.31917808219178084,0.4041095890410959
56,90000.0,62900.0,16000.0,354000,175000.0,11100,8,1,4,MONTHLY,MEDIUM,SHORT_TERM_GOAL,59.0,MEDIUM,0.3277777777777778,0.6988888888888889,0.12333333333333334,0.16203703703703703
26,69000.0,57900.0,0.0,1819000,75000.0,20600,11,4,1,MONTHLY,MEDIUM,RETIREMENT,60.0,HIGH,2.1968599033816427,0.8391304347826087,0.2985507246376812,0.09057971014492754
37,51000.0,27800.0,17000.0,701000,193000.0,6200,13,1,4,MONTHLY,MEDIUM,WEALTH_CREATION,69.0,HIGH,1.1454248366013071,0.5450980392156862,0.12156862745098039,0.315359477124183
53,37000.0,32500.0,0.0,537000,187000.0,9200,20,5,3,LUMP_SUM,LOW,EMERGENCY_FUND,92.0,HIGH,1.2094594594594594,0.8783783783783784,0.24864864864864866,0.42117117117117114
38,151000.0,123500.0,8900.0,1777000,137000.0,18600,19,1,3,MONTHLY,MEDIUM,WEALTH_CREATION,70.0,HIGH,0.9806843267108167,0.8178807947019867,0.12317880794701987,0.07560706401766004
36,61000.0,37300.0,12300.0,406000,52000.0,11400,15,5,3,RARELY,HIGH,EMERGENCY_FUND,65.0,HIGH,0.5546448087431693,0.6114754098360655,0.18688524590163935,0.07103825136612021
35,102000.0,69800.0,1700.0,2143000,360000.0,30500,9,1,3,MONTHLY,MEDIUM,WEALTH_CREATION,66.0,HIGH,1.7508169934640523,0.6843137254901961,0.29901960784313725,0.29411764705882354
58,60000.0,45300.0,1400.0,1354000,135000.0,13300,11,1,4,MONTHLY,MEDIUM,SHORT_TERM_GOAL,71.0,HIGH,1.8805555555555555,0.755,0.22166666666666668,0.1875
60,44000.0,17700.0,16400.0,622000,196000.0,9900,1,1,4,QUARTERLY,LOW,WEALTH_CREATION,60.0,HIGH,1.178030303030303,0.4022727272727273,0.225,0.3712121212121212
52,253000.0,141000.0,87500.0,2199000,236000.0,24500,11,1,3,MONTHLY,MEDIUM,RETIREMENT,40.0,HIGH,0.724308300395257,0.5573122529644269,0.09683794466403162,0.077733860342556
47,51000.0,23200.0,0.0,103000,9000.0,28000,15,3,3,MONTHLY,MEDIUM,RETIREMENT,72.0,MEDIUM,0.16830065359477125,0.4549019607843137,0.5490196078431373,0.014705882352941176
29,76000.0,47400.0,14100.0,211000,56000.0,14500,1,1,3,RARELY,MEDIUM,WEALTH_CREATION,52.0,LOW,0.23135964912280702,0.6236842105263158,0.19078947368421054,0.06140350877192982
61,266000.0,165500.0,48200.0,4815000,531000.0,52300,6,1,2,QUARTERLY,MEDIUM,SHORT_TERM_GOAL,50.0,HIGH,1.5084586466165413,0.6221804511278195,0.19661654135338347,0.16635338345864661
23,400000.0,240000.0,109400.0,2774000,232000.0,50600,14,3,1,MONTHLY,LOW,WEALTH_CREATION,64.0,HIGH,0.5779166666666666,0.6,0.1265,0.04833333333333333
60,56000.0,37600.0,15000.0,92000,4000.0,3400,12,1,2,MONTHLY,HIGH,SHORT_TERM_GOAL,44.0,LOW,0.13690476190476192,0.6714285714285714,0.060714285714285714,0.005952380952380952
35,35000.0,23300.0,9400.0,514000,144000.0,2300,16,4,5,RARELY,MEDIUM,RETIREMENT,74.0,HIGH,1.223809523809524,0.6657142857142857,0.06571428571428571,0.34285714285714286
49,35000.0,23400.0,6100.0,295000,27000.0,5500,23,2,3,MONTHLY,MEDIUM,SHORT_TERM_GOAL,56.0,HIGH,0.7023809523809523,0.6685714285714286,0.15714285714285714,0.06428571428571428
27,62000.0,43900.0,0.0,144000,71000.0,29900,10,3,1,QUARTERLY,MEDIUM,RETIREMENT,72.0,MEDIUM,0.1935483870967742,0.7080645161290322,0.482258064516129,0.09543010752688172
35,77000.0,58900.0,0.0,1782000,177000.0,25200,7,1,2,MONTHLY,MEDIUM,WEALTH_CREATION,50.0,MEDIUM,1.9285714285714286,0.7649350649350649,0.32727272727272727,0.19155844155844157
60,54000.0,47400.0,0.0,342000,43000.0,22100,2,1,5,MONTHLY,MEDIUM,WEALTH_CREATION,65.0,MEDIUM,0.5277777777777778,0.8777777777777778,0.40925925925925927,0.06635802469135803
38,145000.0,88800.0,31300.0,1921000,145000.0,24900,15,3,2,RARELY,MEDIUM,RETIREMENT,65.0,HIGH,1.104022988505747,0.6124137931034482,0.17172413793103447,0.08333333333333333
33,48000.0,29400.0,15200.0,371000,113000.0,3400,23,3,1,MONTHLY,MEDIUM,WEALTH_CREATION,66.0,HIGH,0.6440972222222222,0.6125,0.07083333333333333,0.19618055555555555
42,49000.0,43900.0,0.0,949000,252000.0,9100,12,5,5,MONTHLY,HIGH,WEALTH_CREATION,98.0,HIGH,1.6139455782312926,0.8959183673469387,0.18571428571428572,0.42857142857142855
56,32000.0,17600.0,10500.0,256000,37000.0,3900,17,1,4,MONTHLY,MEDIUM,EMERGENCY_FUND,74.0,HIGH,0.6666666666666666,0.55,0.121875,0.09635416666666667
24,52000.0,41300.0,0.0,464000,78000.0,11800,1,2,1,LUMP_SUM,HIGH,EMERGENCY_FUND,36.0,LOW,0.7435897435897436,0.7942307692307692,0.22692307692307692,0.125
28,33000.0,19500.0,2400.0,162000,75000.0,11100,14,1,4,MONTHLY,MEDIUM,EMERGENCY_FUND,78.0,MEDIUM,0.4090909090909091,0.5909090909090909,0.33636363636363636,0.1893939393939394
39,100000.0,57900.0,21900.0,1532000,477000.0,20200,2,1,4,QUARTERLY,MEDIUM,RETIREMENT,65.0,HIGH,1.2766666666666666,0.579,0.202,0.3975
23,102000.0,67800.0,14400.0,4156000,725000.0,19800,1,1,2,QUARTERLY,HIGH,RETIREMENT,39.0,HIGH,3.395424836601307,0.6647058823529411,0.19411764705882353,0.5923202614379085
54,94000.0,54000.0,23100.0,2614000,946000.0,16900,7,5,5,LUMP_SUM,HIGH,EMERGENCY_FUND,71.0,HIGH,2.3173758865248226,0.574468085106383,0.1797872340425532,0.8386524822695035
39,42000.0,25700.0,8000.0,939000,221000.0,8300,10,1,2,MONTHLY,MEDIUM,WEALTH_CREATION,48.0,HIGH,1.8630952380952381,0.611904761904762,0.1976190476190476,0.4384920634920635
46,117000.0,73200.0,29200.0,881000,121000.0,14600,3,2,2,LUMP_SUM,LOW,WEALTH_CREATION,63.0,HIGH,0.6274928774928775,0.6256410256410256,0.12478632478632479,0.08618233618233619
21,94000.0,21000.0,58500.0,556000,106000.0,14500,2,1,2,MONTHLY,MEDIUM,EMERGENCY_FUND,34.0,LOW,0.4929078014184397,0.22340425531914893,0.15425531914893617,0.09397163120567376
29,69000.0,49700.0,12900.0,999000,296000.0,6400,5,2,3,LUMP_SUM,HIGH,WEALTH_CREATION,71.0,HIGH,1.2065217391304348,0.7202898550724638,0.0927536231884058,0.357487922705314
49,40000.0,21600.0,9000.0,909000,451000.0,9400,7,1,5,MONTHLY,HIGH,WEALTH_CREATION,66.0,HIGH,1.89375,0.54,0.235,0.9395833333333333
42,52000.0,30000.0,11600.0,174000,38000.0,10400,25,3,2,MONTHLY,HIGH,WEALTH_CREATION,64.0,HIGH,0.27884615384615385,0.5769230769230769,0.2,0.060897435897435896
63,44000.0,17500.0,25000.0,594000,76000.0,1500,4,3,1,MONTHLY,MEDIUM,SHORT_TERM_GOAL,60.0,HIGH,1.125,0.3977272727272727,0.03409090909090909,0.14393939393939395
30,60000.0,55200.0,0.0,761000,94000.0,13500,15,1,3,QUARTERLY,HIGH,EMERGENCY_FUND,52.0,MEDIUM,1.0569444444444445,0.92,0.225,0.13055555555555556
57,46000.0,24200.0,19100.0,163000,11000.0,2700,20,3,1,MONTHLY,MEDIUM,RETIREMENT,63.0,HIGH,0.29528985507246375,0.5260869565217391,0.058695652173913045,0.019927536231884056
52,20000.0,17800.0,300.0,525000,311000.0,1900,7,1,4,MONTHLY,MEDIUM,TAX_SAVING,69.0,HIGH,2.1875,0.89,0.095,1.2958333333333334
53,68000.0,49400.0,9000.0,3086000,469000.0,9600,13,4,2,MONTHLY,HIGH,TAX_SAVING,77.0,HIGH,3.781862745098039,0.7264705882352941,0.1411764705882353,0.5747549019607843
27,38000.0,22700.0,10300.0,231000,84000.0,5000,4,4,1,QUARTERLY,MEDIUM,TAX_SAVING,62.0,MEDIUM,0.506578947368421,0.5973684210526315,0.13157894736842105,0.18421052631578946
22,39000.0,18900.0,16800.0,96000,27000.0,3300,10,1,1,MONTHLY,HIGH,WEALTH_CREATION,47.0,MEDIUM,0.20512820512820512,0.4846153846153846,0.08461538461538462,0.057692307692307696
38,56000.0,37500.0,11900.0,619000,252000.0,6600,6,2,3,MONTHLY,MEDIUM,SHORT_TERM_GOAL,62.0,HIGH,0.9211309523809523,0.6696428571428571,0.11785714285714285,0.375
42,69000.0,29100.0,32600.0,387000,131000.0,7300,3,2,3,MONTHLY,MEDIUM,RETIREMENT,62.0,HIGH,0.4673913043478261,0.4217391304347826,0.10579710144927536,0.15821256038647344
42,147000.0,107400.0,0.0,2127000,895000.0,42900,7,1,3,MONTHLY,HIGH,SHORT_TERM_GOAL,62.0,MEDIUM,1.2057823129251701,0.7306122448979592,0.29183673469387755,0.5073696145124716
34,48000.0,33000.0,5700.0,231000,20000.0,9300,15,5,4,RARELY,HIGH,EMERGENCY_FUND,83.0,MEDIUM,0.4010416666666667,0.6875,0.19375,0.034722222222222224
43,84000.0,38000.0,29300.0,263000,92000.0,16700,2,3,5,MONTHLY,HIGH,TAX_SAVING,99.0,MEDIUM,0.26091269841269843,0.4523809523809524,0.1988095238095238,0.09126984126984126
25,93000.0,61200.0,15700.0,1070000,326000.0,16100,3,1,4,RARELY,HIGH,WEALTH_CREATION,33.0,MEDIUM,0.9587813620071685,0.6580645161290323,0.17311827956989248,0.2921146953405018
41,60000.0,24700.0,16800.0,511000,278000.0,18500,6,3,1,MONTHLY,MEDIUM,WEALTH_CREATION,71.0,HIGH,0.7097222222222223,0.4116666666666667,0.30833333333333335,0.3861111111111111
65,84000.0,55900.0,19600.0,867000,226000.0,8500,11,2,5,MONTHLY,MEDIUM,TAX_SAVING,81.0,HIGH,0.8601190476190477,0.6654761904761904,0.10119047619047619,0.22420634920634921
32,123000.0,67900.0,42900.0,375000,123000.0,12200,1,1,5,LUMP_SUM,MEDIUM,WEALTH_CREATION,70.0,HIGH,0.2540650406504065,0.5520325203252032,0.0991869918699187,0.08333333333333333
27,199000.0,133500.0,18700.0,3127000,1289000.0,46800,8,5,5,RARELY,MEDIUM,EMERGENCY_FUND,88.0,HIGH,1.309463986599665,0.6708542713567839,0.23517587939698492,0.5397822445561139
22,117000.0,27500.0,79000.0,362000,79000.0,10500,6,5,2,RARELY,MEDIUM,EMERGENCY_FUND,67.0,MEDIUM,0.25783475783475784,0.23504273504273504,0.08974358974358974,0.05626780626780627
53,143000.0,126100.0,5200.0,610000,215000.0,11700,7,2,3,MONTHLY,MEDIUM,TAX_SAVING,75.0,HIGH,0.3554778554778555,0.8818181818181818,0.08181818181818182,0.1252913752913753
45,48000.0,21500.0,26000.0,506000,55000.0,500,3,1,2,QUARTERLY,HIGH,SHORT_TERM_GOAL,25.0,MEDIUM,0.8784722222222222,0.4479166666666667,0.010416666666666666,0.0954861111111111
23,51000.0,27500.0,20900.0,843000,349000.0,2600,5,3,2,MONTHLY,HIGH,TAX_SAVING,56.0,HIGH,1.3774509803921569,0.5392156862745098,0.050980392156862744,0.5702614379084967
27,67000.0,42200.0,20200.0,261000,71000.0,4600,2,5,3,RARELY,HIGH,RETIREMENT,73.0,HIGH,0.3246268656716418,0.6298507462686567,0.06865671641791045,0.08830845771144279
34,155000.0,83900.0,52400.0,1485000,166000.0,18700,6,5,5,LUMP_SUM,MEDIUM,WEALTH_CREATION,100.0,HIGH,0.7983870967741935,0.5412903225806451,0.12064516129032259,0.08924731182795699
32,171000.0,85600.0,32900.0,1629000,424000.0,52500,9,3,3,RARELY,MEDIUM,WEALTH_CREATION,53.0,HIGH,0.793859649122807,0.5005847953216375,0.30701754385964913,0.20662768031189083
26,47000.0,16800.0,25200.0,873000,82000.0,5000,13,1,4,RARELY,HIGH,TAX_SAVING,39.0,HIGH,1.547872340425532,0.3574468085106383,0.10638297872340426,0.1453900709219858
46,122000.0,77600.0,41800.0,2794000,461000.0,2600,1,2,3,RARELY,MEDIUM,EMERGENCY_FUND,65.0,HIGH,1.9084699453551912,0.6360655737704918,0.021311475409836064,0.31489071038251365
31,64000.0,29600.0,28100.0,12000,4000.0,6300,10,1,4,LUMP_SUM,LOW,SHORT_TERM_GOAL,68.0,MEDIUM,0.015625,0.4625,0.0984375,0.005208333333333333
21,44000.0,27900.0,0.0,1074000,161000.0,18200,4,3,3,RARELY,HIGH,WEALTH_CREATION,52.0,HIGH,2.034090909090909,0.634090909090909,0.41363636363636364,0.30492424242424243
29,75000.0,57900.0,0.0,1309000,160000.0,26700,11,1,5,LUMP_SUM,LOW,TAX_SAVING,87.0,HIGH,1.4544444444444444,0.772,0.356,0.17777777777777778
24,97000.0,63100.0,0.0,2676000,1207000.0,38500,5,2,2,QUARTERLY,LOW,SHORT_TERM_GOAL,59.0,HIGH,2.2989690721649483,0.6505154639175258,0.39690721649484534,1.0369415807560138
54,95000.0,62900.0,23600.0,472000,197000.0,8500,14,1,2,QUARTERLY,LOW,RETIREMENT,55.0,HIGH,0.41403508771929826,0.6621052631578948,0.08947368421052632,0.17280701754385966
35,76000.0,64600.0,0.0,1687000,822000.0,23400,12,3,1,MONTHLY,MEDIUM,TAX_SAVING,51.0,HIGH,1.849780701754386,0.85,0.3078947368421053,0.9013157894736842
21,87000.0,48800.0,11200.0,1214000,515000.0,27000,6,2,1,RARELY,MEDIUM,SHORT_TERM_GOAL,44.0,LOW,1.1628352490421456,0.5609195402298851,0.3103448275862069,0.4932950191570881
46,51000.0,38000.0,0.0,392000,155000.0,21700,4,4,1,LUMP_SUM,MEDIUM,RETIREMENT,57.0,MEDIUM,0.6405228758169934,0.7450980392156863,0.42549019607843136,0.25326797385620914
21,37000.0,31300.0,2700.0,409000,109000.0,3000,10,2,4,MONTHLY,HIGH,SHORT_TERM_GOAL,64.0,MEDIUM,0.9211711711711712,0.845945945945946,0.08108108108108109,0.24549549549549549
43,72000.0,39300.0,15300.0,339000,143000.0,17400,11,4,5,MONTHLY,LOW,WEALTH_CREATION,100.0,HIGH,0.3923611111111111,0.5458333333333333,0.24166666666666667,0.16550925925925927
61,90000.0,39800.0,25700.0,1060000,286000.0,24500,8,1,2,MONTHLY,MEDIUM,SHORT_TERM_GOAL,60.0,HIGH,0.9814814814814815,0.44222222222222224,0.2722222222222222,0.26481481481481484
53,54000.0,29200.0,23200.0,107000,29000.0,1600,20,3,4,MONTHLY,HIGH,EMERGENCY_FUND,92.0,HIGH,0.16512345679012347,0.5407407407407407,0.02962962962962963,0.044753086419753084
48,37000.0,23700.0,5000.0,139000,6000.0,8300,9,3,1,LUMP_SUM,HIGH,EMERGENCY_FUND,37.0,LOW,0.3130630630630631,0.6405405405405405,0.22432432432432434,0.013513513513513514
34,41000.0,21300.0,19300.0,198000,52000.0,400,22,3,4,RARELY,MEDIUM,RETIREMENT,80.0,HIGH,0.4024390243902439,0.5195121951219512,0.00975609756097561,0.10569105691056911
37,89000.0,70000.0,0.0,963000,263000.0,27200,3,2,2,MONTHLY,MEDIUM,TAX_SAVING,43.0,LOW,0.901685393258427,0.7865168539325843,0.3056179775280899,0.24625468164794007
52,31000.0,23500.0,4800.0,581000,181000.0,2700,9,4,4,MONTHLY,MEDIUM,RETIREMENT,95.0,HIGH,1.5618279569892473,0.7580645161290323,0.08709677419354839,0.48655913978494625
27,52000.0,43900.0,4000.0,1198000,152000.0,4100,2,1,3,MONTHLY,LOW,SHORT_TERM_GOAL,79.0,HIGH,1.919871794871795,0.8442307692307692,0.07884615384615384,0.24358974358974358
22,43000.0,14000.0,22900.0,292000,19000.0,6100,6,1,5,MONTHLY,LOW,RETIREMENT,81.0,HIGH,0.5658914728682171,0.32558139534883723,0.14186046511627906,0.03682170542635659
62,87000.0,44200.0,17100.0,1119000,733000.0,25700,4,2,1,MONTHLY,HIGH,SHORT_TERM_GOAL,49.0,MEDIUM,1.0718390804597702,0.5080459770114942,0.29540229885057473,0.7021072796934866
36,23000.0,14800.0,3000.0,430000,29000.0,5200,10,4,2,LUMP_SUM,HIGH,TAX_SAVING,56.0,HIGH,1.5579710144927537,0.6434782608695652,0.22608695652173913,0.10507246376811594
47,72000.0,66200.0,0.0,2432000,734000.0,21700,8,2,2,MONTHLY,LOW,RETIREMENT,62.0,HIGH,2.814814814814815,0.9194444444444444,0.3013888888888889,0.8495370370370371
51,36000.0,15600.0,7500.0,839000,43000.0,12900,4,3,2,MONTHLY,HIGH,WEALTH_CREATION,75.0,HIGH,1.9421296296296295,0.43333333333333335,0.35833333333333334,0.09953703703703703
31,95000.0,51400.0,30300.0,515000,261000.0,13300,16,1,5,LUMP_SUM,LOW,TAX_SAVING,79.0,HIGH,0.4517543859649123,0.5410526315789473,0.14,0.22894736842105262
45,81000.0,47900.0,23700.0,503000,211000.0,9400,15,5,3,QUARTERLY,MEDIUM,WEALTH_CREATION,93.0,HIGH,0.5174897119341564,0.591358024691358,0.11604938271604938,0.21707818930041153
62,58000.0,36400.0,0.0,1344000,57000.0,25300,1,1,4,LUMP_SUM,HIGH,WEALTH_CREATION,43.0,MEDIUM,1.9310344827586208,0.6275862068965518,0.4362068965517241,0.08189655172413793
23,170000.0,101300.0,25800.0,422000,221000.0,42900,6,1,5,MONTHLY,LOW,EMERGENCY_FUND,77.0,MEDIUM,0.2068627450980392,0.5958823529411764,0.2523529411764706,0.10833333333333334
27,234000.0,132700.0,50000.0,1129000,210000.0,51300,7,3,3,RARELY,HIGH,TAX_SAVING,50.0,MEDIUM,0.40206552706552706,0.5670940170940171,0.21923076923076923,0.07478632478632478
46,85000.0,39000.0,38100.0,631000,195000.0,7900,6,3,4,LUMP_SUM,MEDIUM,WEALTH_CREATION,75.0,HIGH,0.6186274509803922,0.4588235294117647,0.09294117647058824,0.19117647058823528
42,113000.0,65800.0,25600.0,1003000,298000.0,21600,3,1,3,MONTHLY,MEDIUM,WEALTH_CREATION,67.0,MEDIUM,0.7396755162241888,0.5823008849557522,0.1911504424778761,0.21976401179941002
35,151000.0,86000.0,33200.0,867000,193000.0,31800,8,3,5,MONTHLY,LOW,RETIREMENT,88.0,HIGH,0.478476821192053,0.5695364238410596,0.21059602649006623,0.1065121412803532
31,30000.0,21900.0,6500.0,359000,103000.0,1600,6,1,3,MONTHLY,MEDIUM,RETIREMENT,67.0,HIGH,0.9972222222222222,0.73,0.05333333333333334,0.2861111111111111
34,32000.0,16600.0,800.0,661000,143000.0,14600,2,4,2,QUARTERLY,HIGH,TAX_SAVING,49.0,HIGH,1.7213541666666667,0.51875,0.45625,0.3723958333333333
40,83000.0,69600.0,7500.0,707000,208000.0,5900,7,1,3,QUARTERLY,MEDIUM,EMERGENCY_FUND,40.0,MEDIUM,0.7098393574297188,0.8385542168674699,0.07108433734939759,0.20883534136546184
27,57000.0,29600.0,9600.0,103000,44000.0,17800,12,1,5,RARELY,LOW,SHORT_TERM_GOAL,77.0,LOW,0.15058479532163743,0.519298245614035,0.312280701754386,0.06432748538011696
32,31000.0,22200.0,6700.0,341000,76000.0,2100,12,1,4,MONTHLY,LOW,EMERGENCY_FUND,69.0,HIGH,0.9166666666666666,0.7161290322580646,0.06774193548387097,0.20430107526881722
40,26000.0,14900.0,8800.0,131000,73000.0,2300,8,2,3,MONTHLY,MEDIUM,SHORT_TERM_GOAL,63.0,HIGH,0.4198717948717949,0.573076923076923,0.08846153846153847,0.23397435897435898
41,76000.0,49000.0,20200.0,341000,95000.0,6800,9,1,2,MONTHLY,HIGH,SHORT_TERM_GOAL,57.0,LOW,0.37390350877192985,0.6447368421052632,0.08947368421052632,0.10416666666666667
37,68000.0,20400.0,31900.0,992000,149000.0,15700,13,1,5,MONTHLY,MEDIUM,SHORT_TERM_GOAL,75.0,HIGH,1.2156862745098038,0.3,0.23088235294117648,0.18259803921568626
52,45000.0,29100.0,13200.0,247000,76000.0,2700,3,3,2,MONTHLY,HIGH,RETIREMENT,63.0,HIGH,0.45740740740740743,0.6466666666666666,0.06,0.14074074074074075
50,65000.0,35100.0,5700.0,952000,131000.0,24200,17,2,4,MONTHLY,LOW,WEALTH_CREATION,72.0,HIGH,1.2205128205128206,0.54,0.3723076923076923,0.16794871794871793
64,30000.0,10500.0,14900.0,131000,27000.0,4600,12,4,3,MONTHLY,MEDIUM,WEALTH_CREATION,94.0,HIGH,0.3638888888888889,0.35,0.15333333333333332,0.075
31,95000.0,52500.0,3600.0,2237000,936000.0,38900,1,1,3,MONTHLY,MEDIUM,RETIREMENT,55.0,HIGH,1.962280701754386,0.5526315789473685,0.4094736842105263,0.8210526315789474
22,23000.0,17500.0,4500.0,140000,34000.0,1000,6,3,4,LUMP_SUM,HIGH,WEALTH_CREATION,81.0,HIGH,0.5072463768115942,0.7608695652173914,0.043478260869565216,0.12318840579710146
24,58000.0,23400.0,22000.0,580000,77000.0,12600,1,3,4,LUMP_SUM,MEDIUM,WEALTH_CREATION,81.0,HIGH,0.8333333333333334,0.40344827586206894,0.21724137931034482,0.11063218390804598
34,46000.0,21600.0,14400.0,438000,78000.0,10000,21,2,1,MONTHLY,MEDIUM,WEALTH_CREATION,40.0,HIGH,0.7934782608695652,0.46956521739130436,0.21739130434782608,0.14130434782608695
57,85000.0,54000.0,19700.0,394000,187000.0,11300,4,2,4,MONTHLY,MEDIUM,TAX_SAVING,63.0,MEDIUM,0.3862745098039216,0.6352941176470588,0.13294117647058823,0.18333333333333332
29,64000.0,43400.0,3100.0,2804000,208000.0,17500,11,4,1,MONTHLY,HIGH,RETIREMENT,46.0,HIGH,3.6510416666666665,0.678125,0.2734375,0.2708333333333333
38,98000.0,50000.0,35900.0,424000,76000.0,12100,17,1,1,MONTHLY,HIGH,WEALTH_CREATION,34.0,HIGH,0.36054421768707484,0.5102040816326531,0.12346938775510204,0.06462585034013606
63,37000.0,18100.0,14800.0,319000,48000.0,4100,18,1,3,MONTHLY,MEDIUM,RETIREMENT,59.0,HIGH,0.7184684684684685,0.4891891891891892,0.11081081081081082,0.10810810810810811
47,103000.0,61400.0,30900.0,700000,33000.0,10700,3,1,4,MONTHLY,LOW,EMERGENCY_FUND,76.0,MEDIUM,0.5663430420711975,0.596116504854369,0.10388349514563107,0.02669902912621359
26,61000.0,38900.0,14900.0,769000,183000.0,7200,20,4,3,QUARTERLY,LOW,WEALTH_CREATION,91.0,HIGH,1.0505464480874316,0.6377049180327868,0.1180327868852459,0.25
26,101000.0,64700.0,5000.0,2262000,501000.0,31300,4,3,1,RARELY,MEDIUM,WEALTH_CREATION,48.0,HIGH,1.8663366336633664,0.6405940594059406,0.3099009900990099,0.41336633663366334
40,51000.0,22900.0,25500.0,921000,517000.0,2600,2,4,3,MONTHLY,LOW,WEALTH_CREATION,88.0,HIGH,1.5049019607843137,0.44901960784313727,0.050980392156862744,0.8447712418300654
61,41000.0,31000.0,4700.0,825000,329000.0,5300,6,2,1,MONTHLY,LOW,SHORT_TERM_GOAL,80.0,HIGH,1.6768292682926829,0.7560975609756098,0.12926829268292683,0.6686991869918699
45,20000.0,7800.0,6200.0,441000,62000.0,6000,11,2,5,MONTHLY,MEDIUM,WEALTH_CREATION,86.0,HIGH,1.8375,0.39,0.3,0.25833333333333336
50,132000.0,96000.0,30800.0,2815000,1923000.0,5200,13,3,4,LUMP_SUM,MEDIUM,WEALTH_CREATION,78.0,HIGH,1.7771464646464648,0.7272727272727273,0.03939393939393939,1.2140151515151516
43,132000.0,94800.0,0.0,1155000,419000.0,47500,6,4,3,MONTHLY,LOW,TAX_SAVING,75.0,HIGH,0.7291666666666666,0.7181818181818181,0.35984848484848486,0.26452020202020204
30,37000.0,20300.0,12400.0,261000,17000.0,4300,15,1,1,MONTHLY,MEDIUM,SHORT_TERM_GOAL,42.0,MEDIUM,0.5878378378378378,0.5486486486486486,0.11621621621621622,0.038288288288288286
25,43000.0,25600.0,12200.0,868000,50000.0,5200,10,2,1,LUMP_SUM,LOW,SHORT_TERM_GOAL,51.0,HIGH,1.682170542635659,0.5953488372093023,0.12093023255813953,0.09689922480620156
22,44000.0,28800.0,9900.0,121000,13000.0,5300,22,2,1,MONTHLY,LOW,EMERGENCY_FUND,64.0,MEDIUM,0.22916666666666666,0.6545454545454545,0.12045454545454545,0.02462121212121212
56,75000.0,50900.0,7700.0,522000,177000.0,16400,2,1,4,MONTHLY,LOW,RETIREMENT,82.0,HIGH,0.58,0.6786666666666666,0.21866666666666668,0.19666666666666666
46,38000.0,27200.0,3100.0,744000,148000.0,7700,7,2,4,QUARTERLY,HIGH,RETIREMENT,66.0,HIGH,1.631578947368421,0.7157894736842105,0.2026315789473684,0.32456140350877194
54,107000.0,70200.0,28500.0,571000,62000.0,8300,10,1,2,MONTHLY,MEDIUM,TAX_SAVING,58.0,MEDIUM,0.4447040498442368,0.6560747663551402,0.07757009345794393,0.048286604361370715
35,43000.0,35400.0,2700.0,99000,33000.0,4900,6,3,3,MONTHLY,LOW,RETIREMENT,78.0,HIGH,0.19186046511627908,0.8232558139534883,0.11395348837209303,0.06395348837209303
55,122000.0,91300.0,2800.0,1090000,340000.0,27900,17,1,4,MONTHLY,LOW,WEALTH_CREATION,91.0,HIGH,0.744535519125683,0.7483606557377049,0.22868852459016392,0.23224043715846995
58,80000.0,43500.0,24600.0,792000,404000.0,11900,10,2,3,LUMP_SUM,LOW,SHORT_TERM_GOAL,60.0,HIGH,0.825,0.54375,0.14875,0.42083333333333334
35,79000.0,53600.0,10300.0,1473000,207000.0,15100,16,3,2,QUARTERLY,MEDIUM,EMERGENCY_FUND,73.0,HIGH,1.5537974683544304,0.6784810126582278,0.1911392405063291,0.21835443037974683
48,43000.0,28500.0,9700.0,290000,92000.0,4800,19,5,2,RARELY,MEDIUM,RETIREMENT,86.0,HIGH,0.562015503875969,0.6627906976744186,0.11162790697674418,0.17829457364341086
36,39000.0,21200.0,13700.0,190000,46000.0,4100,11,3,2,QUARTERLY,MEDIUM,RETIREMENT,77.0,HIGH,0.405982905982906,0.5435897435897435,0.10512820512820513,0.09829059829059829
34,85000.0,30900.0,39200.0,445000,228000.0,14900,6,2,3,RARELY,HIGH,WEALTH_CREATION,61.0,MEDIUM,0.4362745098039216,0.3635294117647059,0.17529411764705882,0.2235294117647059
43,96000.0,30400.0,33700.0,471000,144000.0,31900,4,3,3,RARELY,HIGH,EMERGENCY_FUND,51.0,LOW,0.4088541666666667,0.31666666666666665,0.33229166666666665,0.125
44,72000.0,50800.0,19900.0,1413000,500000.0,1300,7,4,4,MONTHLY,HIGH,TAX_SAVING,90.0,HIGH,1.6354166666666667,0.7055555555555556,0.018055555555555554,0.5787037037037037
26,106000.0,66900.0,0.0,2018000,504000.0,54000,4,4,2,LUMP_SUM,HIGH,RETIREMENT,61.0,MEDIUM,1.5864779874213837,0.6311320754716981,0.5094339622641509,0.39622641509433965
51,132000.0,64000.0,56900.0,715000,219000.0,11100,14,1,1,MONTHLY,MEDIUM,RETIREMENT,50.0,HIGH,0.4513888888888889,0.48484848484848486,0.08409090909090909,0.13825757575757575
58,108000.0,65900.0,5200.0,2240000,1358000.0,36900,6,2,4,MONTHLY,LOW,RETIREMENT,77.0,HIGH,1.728395061728395,0.6101851851851852,0.3416666666666667,1.0478395061728396
47,79000.0,49600.0,15600.0,1041000,222000.0,13800,9,2,4,MONTHLY,HIGH,WEALTH_CREATION,52.0,HIGH,1.0981012658227849,0.6278481012658228,0.17468354430379746,0.23417721518987342
41,84000.0,63800.0,6500.0,862000,295000.0,13700,4,4,3,RARELY,MEDIUM,WEALTH_CREATION,74.0,HIGH,0.8551587301587301,0.7595238095238095,0.1630952380952381,0.2926587301587302
24,49000.0,45000.0,1100.0,329000,139000.0,2900,6,1,3,RARELY,MEDIUM,RETIREMENT,63.0,HIGH,0.5595238095238095,0.9183673469387755,0.05918367346938776,0.23639455782312926
47,33000.0,14500.0,15300.0,245000,131000.0,3200,19,3,5,MONTHLY,HIGH,SHORT_TERM_GOAL,74.0,HIGH,0.6186868686868687,0.4393939393939394,0.09696969696969697,0.33080808080808083
38,71000.0,47300.0,13300.0,958000,300000.0,10400,6,3,3,RARELY,LOW,EMERGENCY_FUND,70.0,HIGH,1.124413145539906,0.6661971830985915,0.14647887323943662,0.352112676056338
50,73000.0,45400.0,15600.0,805000,305000.0,12000,9,4,5,QUARTERLY,HIGH,WEALTH_CREATION,93.0,HIGH,0.9189497716894978,0.6219178082191781,0.1643835616438356,0.3481735159817352
26,84000.0,39100.0,7700.0,1396000,221000.0,37200,2,1,1,QUARTERLY,MEDIUM,EMERGENCY_FUND,60.0,MEDIUM,1.3849206349206349,0.4654761904761905,0.44285714285714284,0.21924603174603174
44,20000.0,13000.0,3800.0,307000,23000.0,3200,18,2,2,MONTHLY,MEDIUM,TAX_SAVING,69.0,HIGH,1.2791666666666666,0.65,0.16,0.09583333333333334
30,29000.0,16800.0,5800.0,270000,7000.0,6400,8,1,2,QUARTERLY,MEDIUM,EMERGENCY_FUND,45.0,LOW,0.7758620689655172,0.5793103448275863,0.2206896551724138,0.020114942528735632
37,20000.0,14300.0,4000.0,372000,158000.0,1700,5,3,2,QUARTERLY,MEDIUM,WEALTH_CREATION,79.0,HIGH,1.55,0.715,0.085,0.6583333333333333
40,123000.0,56400.0,16700.0,182000,21000.0,49900,14,2,3,LUMP_SUM,HIGH,RETIREMENT,65.0,MEDIUM,0.12330623306233063,0.4585365853658537,0.4056910569105691,0.014227642276422764
39,199000.0,131100.0,25400.0,4351000,1405000.0,42500,3,2,1,MONTHLY,HIGH,RETIREMENT,41.0,HIGH,1.8220268006700167,0.6587939698492462,0.2135678391959799,0.588358458961474
36,110000.0,58600.0,20700.0,1939000,988000.0,30700,3,1,2,QUARTERLY,HIGH,EMERGENCY_FUND,42.0,LOW,1.468939393939394,0.5327272727272727,0.2790909090909091,0.7484848484848485
58,79000.0,56000.0,4500.0,706000,237000.0,18500,19,2,3,MONTHLY,LOW,TAX_SAVING,62.0,HIGH,0.7447257383966245,0.7088607594936709,0.23417721518987342,0.25
64,119000.0,54600.0,42100.0,2382000,1258000.0,22300,4,2,2,LUMP_SUM,MEDIUM,RETIREMENT,54.0,HIGH,1.6680672268907564,0.4588235294117647,0.18739495798319328,0.8809523809523809
47,28000.0,13900.0,13000.0,75000,30000.0,1100,14,1,5,MONTHLY,LOW,SHORT_TERM_GOAL,90.0,HIGH,0.22321428571428573,0.49642857142857144,0.039285714285714285,0.08928571428571429
51,30000.0,22200.0,4200.0,239000,16000.0,3600,9,2,1,QUARTERLY,HIGH,WEALTH_CREATION,45.0,MEDIUM,0.6638888888888889,0.74,0.12,0.044444444444444446
52,94000.0,50900.0,8400.0,3013000,714000.0,34700,2,4,3,RARELY,HIGH,TAX_SAVING,77.0,HIGH,2.6710992907801416,0.5414893617021277,0.36914893617021277,0.6329787234042553
28,88000.0,53300.0,29500.0,876000,74000.0,5200,3,4,4,MONTHLY,LOW,EMERGENCY_FUND,84.0,HIGH,0.8295454545454546,0.6056818181818182,0.05909090909090909,0.07007575757575757
43,62000.0,38700.0,15400.0,253000,28000.0,7900,15,2,3,MONTHLY,MEDIUM,SHORT_TERM_GOAL,82.0,MEDIUM,0.3400537634408602,0.6241935483870967,0.12741935483870967,0.03763440860215054
56,53000.0,37500.0,6700.0,557000,131000.0,8800,15,2,1,MONTHLY,LOW,WEALTH_CREATION,61.0,HIGH,0.8757861635220126,0.7075471698113207,0.1660377358490566,0.2059748427672956
38,107000.0,66800.0,13100.0,798000,110000.0,27100,2,2,3,MONTHLY,HIGH,RETIREMENT,57.0,MEDIUM,0.6214953271028038,0.6242990654205608,0.25327102803738316,0.08566978193146417
47,106000.0,84900.0,13000.0,763000,78000.0,8100,3,1,4,RARELY,MEDIUM,WEALTH_CREATION,50.0,MEDIUM,0.5998427672955975,0.8009433962264151,0.07641509433962264,0.06132075471698113
32,39000.0,21400.0,3300.0,290000,107000.0,14300,7,1,3,MONTHLY,MEDIUM,WEALTH_CREATION,49.0,MEDIUM,0.6196581196581197,0.5487179487179488,0.36666666666666664,0.22863247863247863
49,151000.0,55600.0,50500.0,3472000,431000.0,44900,20,2,1,RARELY,LOW,EMERGENCY_FUND,45.0,HIGH,1.9161147902869757,0.36821192052980134,0.29735099337748344,0.2378587196467991
38,36000.0,19900.0,8800.0,655000,8000.0,7300,2,1,4,QUARTERLY,HIGH,SHORT_TERM_GOAL,68.0,MEDIUM,1.5162037037037037,0.5527777777777778,0.20277777777777778,0.018518518518518517
29,38000.0,30500.0,5300.0,1264000,633000.0,2200,1,1,2,LUMP_SUM,HIGH,WEALTH_CREATION,27.0,HIGH,2.7719298245614037,0.8026315789473685,0.05789473684210526,1.388157894736842
51,86000.0,58300.0,7300.0,1534000,388000.0,20400,15,1,4,MONTHLY,HIGH,WEALTH_CREATION,68.0,HIGH,1.4864341085271318,0.6779069767441861,0.2372093023255814,0.375968992248062
36,46000.0,32600.0,200.0,329000,56000.0,13200,4,3,4,LUMP_SUM,HIGH,SHORT_TERM_GOAL,85.0,LOW,0.5960144927536232,0.7086956521739131,0.28695652173913044,0.10144927536231885
26,82000.0,66500.0,0.0,4468000,937000.0,26900,1,1,2,MONTHLY,LOW,SHORT_TERM_GOAL,50.0,HIGH,4.540650406504065,0.8109756097560976,0.3280487804878049,0.9522357723577236
50,28000.0,17200.0,3900.0,248000,34000.0,6900,10,1,5,LUMP_SUM,HIGH,WEALTH_CREATION,63.0,HIGH,0.7380952380952381,0.6142857142857143,0.24642857142857144,0.10119047619047619
25,44000.0,38400.0,0.0,220000,74000.0,6900,2,2,1,MONTHLY,HIGH,EMERGENCY_FUND,50.0,LOW,0.4166666666666667,0.8727272727272727,0.15681818181818183,0.14015151515151514
60,94000.0,38300.0,38000.0,442000,55000.0,17700,15,1,1,MONTHLY,MEDIUM,TAX_SAVING,57.0,HIGH,0.39184397163120566,0.4074468085106383,0.18829787234042553,0.04875886524822695
53,79000.0,46400.0,0.0,1582000,476000.0,38000,21,4,1,MONTHLY,HIGH,RETIREMENT,70.0,HIGH,1.6687763713080168,0.5873417721518988,0.4810126582278481,0.5021097046413502
27,91000.0,26100.0,62100.0,454000,97000.0,2800,4,2,4,MONTHLY,LOW,EMERGENCY_FUND,75.0,HIGH,0.4157509157509158,0.2868131868131868,0.03076923076923077,0.08882783882783883
60,55000.0,33300.0,9900.0,650000,59000.0,11800,18,3,4,QUARTERLY,MEDIUM,EMERGENCY_FUND,86.0,HIGH,0.9848484848484849,0.6054545454545455,0.21454545454545454,0.0893939393939394
54,37000.0,26500.0,0.0,103000,23000.0,15400,18,2,2,MONTHLY,HIGH,SHORT_TERM_GOAL,60.0,LOW,0.23198198198198197,0.7162162162162162,0.41621621621621624,0.0518018018018018
40,113000.0,57400.0,38100.0,451000,158000.0,17500,12,1,1,LUMP_SUM,MEDIUM,WEALTH_CREATION,38.0,MEDIUM,0.3325958702064897,0.5079646017699115,0.15486725663716813,0.11651917404129794
64,21000.0,19300.0,0.0,473000,226000.0,2200,13,5,4,QUARTERLY,MEDIUM,SHORT_TERM_GOAL,75.0,HIGH,1.876984126984127,0.919047619047619,0.10476190476190476,0.8968253968253969
27,39000.0,21500.0,13500.0,237000,49000.0,4000,10,1,2,RARELY,LOW,SHORT_TERM_GOAL,65.0,MEDIUM,0.5064102564102564,0.5512820512820513,0.10256410256410256,0.1047008547008547
48,144000.0,80600.0,44100.0,1405000,118000.0,19300,12,4,1,MONTHLY,MEDIUM,WEALTH_CREATION,68.0,HIGH,0.8130787037037037,0.5597222222222222,0.13402777777777777,0.06828703703703703
61,57000.0,26600.0,27600.0,72000,26000.0,2800,9,3,3,QUARTERLY,MEDIUM,RETIREMENT,84.0,HIGH,0.10526315789473684,0.4666666666666667,0.04912280701754386,0.038011695906432746
32,102000.0,80100.0,4500.0,1898000,423000.0,17400,1,1,1,RARELY,LOW,EMERGENCY_FUND,61.0,LOW,1.5506535947712419,0.7852941176470588,0.17058823529411765,0.34558823529411764
21,44000.0,24600.0,13700.0,98000,36000.0,5700,15,2,2,QUARTERLY,MEDIUM,RETIREMENT,60.0,HIGH,0.1856060606060606,0.5590909090909091,0.12954545454545455,0.06818181818181818
65,48000.0,24900.0,18300.0,968000,200000.0,4800,15,3,4,RARELY,HIGH,RETIREMENT,61.0,HIGH,1.6805555555555556,0.51875,0.1,0.3472222222222222
44,91000.0,48100.0,41300.0,1142000,161000.0,1600,15,3,3,LUMP_SUM,HIGH,RETIREMENT,49.0,HIGH,1.0457875457875458,0.5285714285714286,0.017582417582417582,0.14743589743589744
40,30000.0,15800.0,10400.0,375000,93000.0,3800,1,3,5,MONTHLY,MEDIUM,SHORT_TERM_GOAL,98.0,HIGH,1.0416666666666667,0.5266666666666666,0.12666666666666668,0.25833333333333336
53,33000.0,21600.0,9500.0,235000,17000.0,1900,5,3,1,LUMP_SUM,HIGH,SHORT_TERM_GOAL,69.0,LOW,0.5934343434343434,0.6545454545454545,0.05757575757575758,0.04292929292929293
45,29000.0,22200.0,4700.0,292000,40000.0,2100,18,2,2,LUMP_SUM,HIGH,WEALTH_CREATION,39.0,HIGH,0.8390804597701149,0.7655172413793103,0.07241379310344828,0.11494252873563218
24,49000.0,30000.0,16400.0,189000,4000.0,2600,3,2,4,QUARTERLY,MEDIUM,TAX_SAVING,64.0,HIGH,0.32142857142857145,0.6122448979591837,0.053061224489795916,0.006802721088435374
60,93000.0,53000.0,10200.0,398000,125000.0,29800,8,4,5,LUMP_SUM,LOW,SHORT_TERM_GOAL,99.0,MEDIUM,0.35663082437275984,0.5698924731182796,0.3204301075268817,0.11200716845878136
52,99000.0,60100.0,30400.0,739000,127000.0,8500,3,3,1,RARELY,MEDIUM,WEALTH_CREATION,65.0,MEDIUM,0.6220538720538721,0.6070707070707071,0.08585858585858586,0.1069023569023569
44,28000.0,21500.0,2300.0,694000,125000.0,4200,2,4,3,MONTHLY,MEDIUM,RETIREMENT,86.0,HIGH,2.0654761904761907,0.7678571428571429,0.15,0.37202380952380953
52,26000.0,16800.0,6600.0,730000,63000.0,2600,9,2,3,LUMP_SUM,HIGH,SHORT_TERM_GOAL,62.0,HIGH,2.33974358974359,0.6461538461538462,0.1,0.20192307692307693
33,43000.0,37600.0,0.0,1848000,862000.0,17300,9,3,5,MONTHLY,HIGH,RETIREMENT,91.0,HIGH,3.5813953488372094,0.8744186046511628,0.40232558139534885,1.6705426356589148
44,91000.0,83700.0,0.0,2856000,1105000.0,29400,1,2,1,LUMP_SUM,HIGH,WEALTH_CREATION,57.0,HIGH,2.6153846153846154,0.9197802197802197,0.3230769230769231,1.0119047619047619
30,78000.0,29300.0,29100.0,77000,23000.0,19600,10,3,3,MONTHLY,MEDIUM,RETIREMENT,75.0,HIGH,0.08226495726495726,0.37564102564102564,0.2512820512820513,0.024572649572649572
28,72000.0,49700.0,17600.0,615000,222000.0,4700,4,2,4,LUMP_SUM,MEDIUM,TAX_SAVING,85.0,HIGH,0.7118055555555556,0.6902777777777778,0.06527777777777778,0.2569444444444444
31,69000.0,55600.0,0.0,1660000,715000.0,15100,7,2,1,MONTHLY,MEDIUM,WEALTH_CREATION,50.0,HIGH,2.004830917874396,0.8057971014492754,0.21884057971014492,0.8635265700483091
55,124000.0,94700.0,4300.0,2467000,903000.0,25000,18,2,3,MONTHLY,LOW,WEALTH_CREATION,67.0,HIGH,1.6579301075268817,0.7637096774193548,0.20161290322580644,0.6068548387096774
35,39000.0,33500.0,300.0,139000,64000.0,5200,6,3,3,RARELY,MEDIUM,SHORT_TERM_GOAL,74.0,LOW,0.297008547008547,0.8589743589743589,0.13333333333333333,0.13675213675213677
65,80000.0,60600.0,3100.0,1692000,383000.0,16300,18,1,1,MONTHLY,MEDIUM,EMERGENCY_FUND,40.0,HIGH,1.7625,0.7575,0.20375,0.39895833333333336
57,81000.0,49400.0,20900.0,440000,290000.0,10700,4,1,1,LUMP_SUM,LOW,EMERGENCY_FUND,54.0,LOW,0.45267489711934156,0.6098765432098765,0.13209876543209875,0.29835390946502055
55,104000.0,61500.0,31300.0,464000,205000.0,11200,7,4,1,QUARTERLY,MEDIUM,EMERGENCY_FUND,74.0,MEDIUM,0.3717948717948718,0.5913461538461539,0.1076923076923077,0.1642628205128205
35,42000.0,21000.0,9200.0,1249000,104000.0,11800,1,1,4,LUMP_SUM,LOW,RETIREMENT,65.0,HIGH,2.4781746031746033,0.5,0.28095238095238095,0.20634920634920634
55,152000.0,90600.0,39200.0,375000,65000.0,22200,20,1,2,LUMP_SUM,LOW,WEALTH_CREATION,46.0,HIGH,0.20559210526315788,0.5960526315789474,0.14605263157894738,0.0356359649122807
48,54000.0,19900.0,10200.0,1171000,195000.0,23900,9,3,3,MONTHLY,MEDIUM,WEALTH_CREATION,74.0,HIGH,1.8070987654320987,0.3685185185185185,0.4425925925925926,0.30092592592592593
29,134000.0,84500.0,0.0,3369000,858000.0,51000,7,3,4,MONTHLY,HIGH,TAX_SAVING,65.0,HIGH,2.095149253731343,0.6305970149253731,0.3805970149253731,0.5335820895522388
51,52000.0,32800.0,6400.0,1180000,253000.0,12800,10,3,3,MONTHLY,LOW,WEALTH_CREATION,71.0,HIGH,1.891025641025641,0.6307692307692307,0.24615384615384617,0.40544871794871795
52,30000.0,18300.0,6800.0,86000,49000.0,4900,22,3,3,RARELY,MEDIUM,EMERGENCY_FUND,65.0,MEDIUM,0.2388888888888889,0.61,0.16333333333333333,0.1361111111111111
39,42000.0,32800.0,4400.0,1404000,186000.0,4800,10,3,2,MONTHLY,MEDIUM,WEALTH_CREATION,67.0,HIGH,2.7857142857142856,0.780952380952381,0.11428571428571428,0.36904761904761907
35,87000.0,36700.0,29300.0,487000,80000.0,21000,3,1,1,MONTHLY,LOW,EMERGENCY_FUND,56.0,LOW,0.4664750957854406,0.4218390804597701,0.2413793103448276,0.07662835249042145
54,51000.0,25100.0,14100.0,313000,49000.0,11800,9,4,3,MONTHLY,MEDIUM,WEALTH_CREATION,87.0,HIGH,0.511437908496732,0.492156862745098,0.23137254901960785,0.08006535947712418
30,82000.0,58000.0,14200.0,1095000,602000.0,9800,7,1,4,RARELY,LOW,WEALTH_CREATION,59.0,HIGH,1.1128048780487805,0.7073170731707317,0.11951219512195121,0.6117886178861789
60,125000.0,115000.0,0.0,1935000,119000.0,28600,15,4,5,RARELY,MEDIUM,WEALTH_CREATION,71.0,HIGH,1.29,0.92,0.2288,0.07933333333333334
25,160000.0,99700.0,34700.0,1760000,265000.0,25600,11,1,3,MONTHLY,LOW,WEALTH_CREATION,68.0,HIGH,0.9166666666666666,0.623125,0.16,0.13802083333333334
53,48000.0,32400.0,8500.0,164000,8000.0,7100,7,1,2,RARELY,MEDIUM,EMERGENCY_FUND,42.0,LOW,0.2847222222222222,0.675,0.14791666666666667,0.013888888888888888
25,83000.0,55500.0,16700.0,145000,6000.0,10800,16,3,1,LUMP_SUM,LOW,WEALTH_CREATION,53.0,HIGH,0.14558232931726908,0.6686746987951807,0.13012048192771083,0.006024096385542169
37,109000.0,70000.0,10900.0,4182000,2228000.0,28100,9,2,1,MONTHLY,LOW,RETIREMENT,65.0,HIGH,3.197247706422018,0.6422018348623854,0.25779816513761467,1.7033639143730888
59,97000.0,56400.0,37800.0,556000,148000.0,2800,10,1,1,MONTHLY,HIGH,WEALTH_CREATION,31.0,HIGH,0.47766323024054985,0.5814432989690722,0.0288659793814433,0.12714776632302405
52,53000.0,27100.0,9300.0,281000,142000.0,16600,22,3,2,RARELY,MEDIUM,SHORT_TERM_GOAL,41.0,MEDIUM,0.4418238993710692,0.5113207547169811,0.3132075471698113,0.22327044025157233
42,43000.0,18600.0,18200.0,627000,28000.0,6200,2,1,5,QUARTERLY,LOW,TAX_SAVING,85.0,HIGH,1.2151162790697674,0.4325581395348837,0.14418604651162792,0.05426356589147287
28,48000.0,35200.0,7000.0,78000,38000.0,5800,8,1,2,RARELY,HIGH,TAX_SAVING,23.0,LOW,0.13541666666666666,0.7333333333333333,0.12083333333333333,0.06597222222222222
22,49000.0,25900.0,18200.0,683000,164000.0,4900,12,1,1,MONTHLY,HIGH,EMERGENCY_FUND,42.0,MEDIUM,1.16156462585034,0.5285714285714286,0.1,0.2789115646258503
28,144000.0,83600.0,44300.0,788000,134000.0,16100,4,2,2,MONTHLY,MEDIUM,WEALTH_CREATION,61.0,HIGH,0.45601851851851855,0.5805555555555556,0.11180555555555556,0.0775462962962963
39,189000.0,106600.0,0.0,4535000,307000.0,103900,2,2,2,RARELY,HIGH,SHORT_TERM_GOAL,36.0,LOW,1.9995590828924161,0.564021164021164,0.5497354497354497,0.1353615520282187
29,90000.0,33100.0,55300.0,337000,87000.0,1600,8,2,1,MONTHLY,MEDIUM,EMERGENCY_FUND,61.0,MEDIUM,0.31203703703703706,0.36777777777777776,0.017777777777777778,0.08055555555555556
60,62000.0,24000.0,30500.0,206000,67000.0,7500,15,2,1,LUMP_SUM,LOW,RETIREMENT,62.0,HIGH,0.2768817204301075,0.3870967741935484,0.12096774193548387,0.09005376344086022
32,89000.0,78500.0,0.0,404000,95000.0,29000,1,1,3,MONTHLY,LOW,SHORT_TERM_GOAL,87.0,LOW,0.3782771535580524,0.8820224719101124,0.3258426966292135,0.08895131086142322
46,159000.0,110800.0,13500.0,2504000,313000.0,34700,2,2,2,MONTHLY,MEDIUM,WEALTH_CREATION,67.0,HIGH,1.3123689727463312,0.6968553459119496,0.21823899371069183,0.1640461215932914
59,78000.0,64800.0,0.0,1612000,297000.0,15400,7,1,3,MONTHLY,HIGH,EMERGENCY_FUND,72.0,HIGH,1.7222222222222223,0.8307692307692308,0.19743589743589743,0.3173076923076923
23,49000.0,44600.0,0.0,777000,218000.0,13500,20,2,1,MONTHLY,HIGH,RETIREMENT,35.0,HIGH,1.3214285714285714,0.9102040816326531,0.2755102040816326,0.3707482993197279
27,123000.0,76800.0,20100.0,742000,24000.0,26100,9,3,3,MONTHLY,LOW,SHORT_TERM_GOAL,87.0,HIGH,0.502710027100271,0.624390243902439,0.2121951219512195,0.016260162601626018
63,108000.0,90400.0,0.0,3627000,127000.0,23500,12,3,5,RARELY,MEDIUM,EMERGENCY_FUND,75.0,HIGH,2.798611111111111,0.837037037037037,0.2175925925925926,0.09799382716049383
39,97000.0,62700.0,0.0,2498000,957000.0,37600,10,1,2,RARELY,HIGH,WEALTH_CREATION,32.0,HIGH,2.1460481099656357,0.6463917525773196,0.38762886597938145,0.8221649484536082
57,232000.0,135700.0,18400.0,5912000,1193000.0,77900,10,1,5,MONTHLY,HIGH,SHORT_TERM_GOAL,66.0,HIGH,2.1235632183908044,0.5849137931034483,0.33577586206896554,0.42852011494252873
42,143000.0,78700.0,13500.0,774000,472000.0,50800,2,2,2,MONTHLY,MEDIUM,WEALTH_CREATION,59.0,MEDIUM,0.45104895104895104,0.5503496503496503,0.35524475524475524,0.27505827505827507
30,114000.0,83300.0,17000.0,4784000,1766000.0,13700,12,1,4,MONTHLY,MEDIUM,WEALTH_CREATION,67.0,HIGH,3.497076023391813,0.730701754385965,0.12017543859649123,1.29093567251462
54,76000.0,33500.0,700.0,1816000,303000.0,41800,15,1,4,MONTHLY,MEDIUM,WEALTH_CREATION,77.0,HIGH,1.9912280701754386,0.4407894736842105,0.55,0.33223684210526316
65,51000.0,42700.0,0.0,1023000,17000.0,17400,2,3,2,QUARTERLY,MEDIUM,WEALTH_CREATION,64.0,HIGH,1.6715686274509804,0.8372549019607843,0.3411764705882353,0.027777777777777776
21,70000.0,37900.0,29800.0,323000,138000.0,2300,18,1,3,RARELY,MEDIUM,EMERGENCY_FUND,54.0,HIGH,0.38452380952380955,0.5414285714285715,0.032857142857142856,0.16428571428571428
46,46000.0,29700.0,0.0,878000,123000.0,23800,20,3,2,QUARTERLY,MEDIUM,RETIREMENT,54.0,HIGH,1.5905797101449275,0.6456521739130435,0.5173913043478261,0.22282608695652173
57,34000.0,24400.0,4100.0,148000,22000.0,5500,5,2,3,MONTHLY,LOW,TAX_SAVING,61.0,MEDIUM,0.3627450980392157,0.7176470588235294,0.16176470588235295,0.05392156862745098
57,65000.0,33300.0,26900.0,469000,8000.0,4800,14,1,5,QUARTERLY,LOW,TAX_SAVING,84.0,HIGH,0.6012820512820513,0.5123076923076924,0.07384615384615385,0.010256410256410256
36,75000.0,23800.0,25400.0,1633000,289000.0,25800,1,1,4,MONTHLY,HIGH,RETIREMENT,73.0,HIGH,1.8144444444444445,0.31733333333333336,0.344,0.3211111111111111
42,72000.0,32600.0,10200.0,319000,137000.0,29200,4,3,1,MONTHLY,HIGH,WEALTH_CREATION,58.0,LOW,0.36921296296296297,0.4527777777777778,0.40555555555555556,0.15856481481481483
62,84000.0,44400.0,33400.0,683000,121000.0,6200,11,1,4,MONTHLY,HIGH,WEALTH_CREATION,43.0,HIGH,0.6775793650793651,0.5285714285714286,0.07380952380952381,0.12003968253968254
34,102000.0,58800.0,14100.0,4667000,1642000.0,29100,3,1,5,MONTHLY,HIGH,TAX_SAVING,60.0,HIGH,3.8129084967320264,0.5764705882352941,0.2852941176470588,1.341503267973856
22,114000.0,79800.0,400.0,1199000,40000.0,33800,13,1,5,RARELY,LOW,RETIREMENT,69.0,HIGH,0.8764619883040936,0.7,0.2964912280701754,0.029239766081871343
27,115000.0,63800.0,15800.0,505000,245000.0,35400,7,1,1,RARELY,MEDIUM,WEALTH_CREATION,30.0,LOW,0.36594202898550726,0.5547826086956522,0.30782608695652175,0.17753623188405798
39,48000.0,39700.0,0.0,570000,140000.0,10100,12,1,1,QUARTERLY,HIGH,WEALTH_CREATION,50.0,MEDIUM,0.9895833333333334,0.8270833333333333,0.21041666666666667,0.24305555555555555
25,48000.0,22100.0,9300.0,405000,12000.0,16600,15,1,1,MONTHLY,MEDIUM,WEALTH_CREATION,54.0,HIGH,0.703125,0.46041666666666664,0.3458333333333333,0.020833333333333332
52,181000.0,111600.0,37800.0,1735000,287000.0,31600,10,2,1,MONTHLY,HIGH,SHORT_TERM_GOAL,36.0,LOW,0.7988029465930019,0.6165745856353592,0.17458563535911603,0.13213627992633517
35,61000.0,44100.0,0.0,1369000,168000.0,17600,20,3,4,MONTHLY,LOW,WEALTH_CREATION,82.0,HIGH,1.8702185792349726,0.7229508196721312,0.28852459016393445,0.22950819672131148
44,54000.0,42200.0,8600.0,669000,143000.0,3200,10,3,2,QUARTERLY,LOW,TAX_SAVING,69.0,HIGH,1.0324074074074074,0.7814814814814814,0.05925925925925926,0.22067901234567902
29,44000.0,37300.0,0.0,735000,284000.0,23100,4,5,1,MONTHLY,LOW,RETIREMENT,82.0,HIGH,1.3920454545454546,0.8477272727272728,0.525,0.5378787878787878
29,77000.0,41400.0,8500.0,2217000,808000.0,27100,5,2,2,LUMP_SUM,LOW,WEALTH_CREATION,53.0,HIGH,2.3993506493506493,0.5376623376623376,0.35194805194805195,0.8744588744588745
45,74000.0,47000.0,17100.0,1092000,210000.0,9900,9,4,2,RARELY,MEDIUM,SHORT_TERM_GOAL,60.0,HIGH,1.2297297297297298,0.6351351351351351,0.13378378378378378,0.23648648648648649
33,167000.0,45000.0,88500.0,633000,17000.0,33500,8,2,3,MONTHLY,HIGH,EMERGENCY_FUND,58.0,LOW,0.3158682634730539,0.2694610778443114,0.20059880239520958,0.008483033932135729
21,108000.0,73700.0,32100.0,1906000,340000.0,2200,7,1,5,LUMP_SUM,LOW,EMERGENCY_FUND,68.0,HIGH,1.470679012345679,0.6824074074074075,0.020370370370370372,0.2623456790123457
44,81000.0,30500.0,45700.0,927000,215000.0,4800,17,1,5,MONTHLY,HIGH,EMERGENCY_FUND,73.0,HIGH,0.9537037037037037,0.3765432098765432,0.05925925925925926,0.22119341563786007
33,51000.0,15200.0,25700.0,356000,133000.0,10100,5,2,4,QUARTERLY,MEDIUM,EMERGENCY_FUND,74.0,HIGH,0.5816993464052288,0.2980392156862745,0.1980392156862745,0.2173202614379085
34,20000.0,14000.0,1900.0,444000,43000.0,4100,7,1,2,MONTHLY,MEDIUM,RETIREMENT,58.0,HIGH,1.85,0.7,0.205,0.17916666666666667
35,59000.0,35300.0,14900.0,1223000,234000.0,8800,4,4,2,MONTHLY,HIGH,EMERGENCY_FUND,60.0,HIGH,1.7274011299435028,0.5983050847457627,0.14915254237288136,0.3305084745762712
49,63000.0,20500.0,38200.0,534000,278000.0,4300,10,1,2,MONTHLY,HIGH,WEALTH_CREATION,37.0,HIGH,0.7063492063492064,0.3253968253968254,0.06825396825396825,0.36772486772486773
47,36000.0,25400.0,3700.0,384000,86000.0,6900,20,3,3,RARELY,LOW,WEALTH_CREATION,64.0,HIGH,0.8888888888888888,0.7055555555555556,0.19166666666666668,0.19907407407407407
58,71000.0,46600.0,0.0,1010000,51000.0,30600,15,2,2,MONTHLY,HIGH,SHORT_TERM_GOAL,56.0,MEDIUM,1.1854460093896713,0.6563380281690141,0.4309859154929577,0.05985915492957746
28,46000.0,14300.0,24700.0,1147000,201000.0,7000,1,5,2,RARELY,MEDIUM,TAX_SAVING,71.0,HIGH,2.0778985507246377,0.3108695652173913,0.15217391304347827,0.3641304347826087
48,51000.0,25800.0,19200.0,975000,398000.0,6000,6,3,5,MONTHLY,HIGH,RETIREMENT,73.0,HIGH,1.5931372549019607,0.5058823529411764,0.11764705882352941,0.6503267973856209
46,83000.0,44100.0,20500.0,870000,324000.0,18400,1,2,5,RARELY,LOW,WEALTH_CREATION,82.0,HIGH,0.8734939759036144,0.5313253012048192,0.2216867469879518,0.3253012048192771
30,107000.0,97500.0,1600.0,295000,46000.0,7900,16,4,1,MONTHLY,LOW,WEALTH_CREATION,74.0,HIGH,0.22975077881619937,0.9112149532710281,0.07383177570093458,0.03582554517133956
26,69000.0,48900.0,11700.0,1138000,128000.0,8400,1,3,1,MONTHLY,LOW,RETIREMENT,73.0,HIGH,1.3743961352657006,0.7086956521739131,0.12173913043478261,0.15458937198067632
31,274000.0,183900.0,0.0,2872000,927000.0,104900,8,4,2,RARELY,HIGH,WEALTH_CREATION,67.0,MEDIUM,0.8734793187347932,0.6711678832116789,0.38284671532846715,0.28193430656934304
63,136000.0,122900.0,0.0,1492000,1069000.0,17600,5,3,3,RARELY,HIGH,SHORT_TERM_GOAL,70.0,MEDIUM,0.9142156862745098,0.9036764705882353,0.12941176470588237,0.6550245098039216
41,119000.0,86900.0,12200.0,996000,613000.0,19900,1,2,4,MONTHLY,HIGH,RETIREMENT,70.0,HIGH,0.6974789915966386,0.7302521008403361,0.1672268907563025,0.42927170868347336
37,113000.0,69000.0,23200.0,265000,21000.0,20800,15,4,5,MONTHLY,MEDIUM,TAX_SAVING,89.0,HIGH,0.19542772861356933,0.6106194690265486,0.184070796460177,0.015486725663716814
33,129000.0,93900.0,13800.0,956000,78000.0,21300,20,4,2,MONTHLY,MEDIUM,WEALTH_CREATION,70.0,HIGH,0.6175710594315246,0.727906976744186,0.16511627906976745,0.050387596899224806
52,92000.0,70900.0,0.0,268000,97000.0,36800,4,3,4,QUARTERLY,MEDIUM,RETIREMENT,77.0,LOW,0.2427536231884058,0.7706521739130435,0.4,0.08786231884057971
56,20000.0,17200.0,0.0,337000,116000.0,4800,11,1,3,MONTHLY,HIGH,WEALTH_CREATION,45.0,HIGH,1.4041666666666666,0.86,0.24,0.48333333333333334
38,112000.0,65100.0,0.0,702000,235000.0,48300,16,1,2,RARELY,LOW,WEALTH_CREATION,52.0,MEDIUM,0.5223214285714286,0.58125,0.43125,0.17485119047619047
57,88000.0,49700.0,16300.0,1377000,258000.0,22000,10,2,1,MONTHLY,MEDIUM,SHORT_TERM_GOAL,43.0,HIGH,1.3039772727272727,0.5647727272727273,0.25,0.24431818181818182
54,71000.0,57100.0,1700.0,571000,180000.0,12200,13,1,5,MONTHLY,HIGH,SHORT_TERM_GOAL,78.0,HIGH,0.67018779342723,0.8042253521126761,0.17183098591549295,0.2112676056338028
44,68000.0,42800.0,0.0,245000,113000.0,32900,11,1,2,QUARTERLY,HIGH,RETIREMENT,33.0,LOW,0.3002450980392157,0.6294117647058823,0.4838235294117647,0.13848039215686275
50,43000.0,14700.0,13400.0,70000,26000.0,14900,2,3,1,QUARTERLY,MEDIUM,EMERGENCY_FUND,63.0,LOW,0.13565891472868216,0.34186046511627904,0.34651162790697676,0.050387596899224806
27,41000.0,23800.0,900.0,687000,116000.0,16300,1,3,2,RARELY,HIGH,RETIREMENT,48.0,LOW,1.396341463414634,0.5804878048780487,0.3975609756097561,0.23577235772357724
44,107000.0,78100.0,26600.0,2279000,1129000.0,2300,4,3,1,RARELY,MEDIUM,WEALTH_CREATION,53.0,HIGH,1.7749221183800623,0.7299065420560747,0.02149532710280374,0.8792834890965732
48,26000.0,18300.0,2800.0,146000,33000.0,4900,15,2,2,MONTHLY,MEDIUM,TAX_SAVING,71.0,MEDIUM,0.46794871794871795,0.7038461538461539,0.18846153846153846,0.10576923076923077
59,109000.0,79900.0,0.0,3415000,1066000.0,31900,4,4,4,QUARTERLY,MEDIUM,WEALTH_CREATION,96.0,HIGH,2.61085626911315,0.7330275229357798,0.2926605504587156,0.8149847094801224
43,42000.0,27300.0,8700.0,512000,45000.0,6000,10,2,3,MONTHLY,MEDIUM,EMERGENCY_FUND,66.0,MEDIUM,1.0158730158730158,0.65,0.14285714285714285,0.08928571428571429
50,45000.0,25700.0,5200.0,346000,8000.0,14100,17,2,2,MONTHLY,MEDIUM,RETIREMENT,53.0,HIGH,0.6407407407407407,0.5711111111111111,0.31333333333333335,0.014814814814814815
26,316000.0,247600.0,0.0,6311000,1839000.0,70500,5,1,2,MONTHLY,MEDIUM,WEALTH_CREATION,51.0,HIGH,1.6642932489451476,0.7835443037974683,0.2231012658227848,0.4849683544303797
63,37000.0,26800.0,0.0,398000,13000.0,10800,12,3,3,MONTHLY,LOW,EMERGENCY_FUND,54.0,MEDIUM,0.8963963963963963,0.7243243243243244,0.2918918918918919,0.02927927927927928
26,28000.0,13000.0,12600.0,90000,6000.0,2400,12,2,4,MONTHLY,HIGH,SHORT_TERM_GOAL,69.0,MEDIUM,0.26785714285714285,0.4642857142857143,0.08571428571428572,0.017857142857142856
60,50000.0,31300.0,13900.0,450000,315000.0,4800,13,2,1,QUARTERLY,HIGH,RETIREMENT,40.0,HIGH,0.75,0.626,0.096,0.525
55,43000.0,25400.0,11100.0,279000,30000.0,6500,1,5,1,QUARTERLY,MEDIUM,WEALTH_CREATION,76.0,HIGH,0.5406976744186046,0.5906976744186047,0.1511627906976744,0.05813953488372093
40,84000.0,44300.0,24200.0,655000,358000.0,15500,17,3,1,QUARTERLY,MEDIUM,WEALTH_CREATION,57.0,HIGH,0.6498015873015873,0.5273809523809524,0.18452380952380953,0.3551587301587302
27,51000.0,30700.0,16600.0,1726000,632000.0,3700,2,5,2,MONTHLY,MEDIUM,WEALTH_CREATION,87.0,HIGH,2.820261437908497,0.6019607843137255,0.07254901960784314,1.0326797385620916
30,108000.0,86400.0,19400.0,3672000,1151000.0,2200,3,1,4,QUARTERLY,HIGH,WEALTH_CREATION,61.0,HIGH,2.8333333333333335,0.8,0.020370370370370372,0.8881172839506173
44,117000.0,78200.0,7300.0,1573000,990000.0,31500,11,3,1,LUMP_SUM,HIGH,RETIREMENT,67.0,HIGH,1.1203703703703705,0.6683760683760683,0.2692307692307692,0.7051282051282052
28,20000.0,9700.0,7500.0,219000,109000.0,2800,7,2,5,MONTHLY,MEDIUM,TAX_SAVING,77.0,HIGH,0.9125,0.485,0.14,0.45416666666666666
33,64000.0,43200.0,14500.0,827000,162000.0,6300,16,2,3,MONTHLY,LOW,RETIREMENT,62.0,HIGH,1.0768229166666667,0.675,0.0984375,0.2109375
21,50000.0,25800.0,21500.0,247000,10000.0,2700,4,1,5,QUARTERLY,MEDIUM,WEALTH_CREATION,68.0,HIGH,0.4116666666666667,0.516,0.054,0.016666666666666666
46,68000.0,50400.0,12200.0,1690000,313000.0,5400,14,2,2,MONTHLY,LOW,TAX_SAVING,74.0,HIGH,2.071078431372549,0.7411764705882353,0.07941176470588235,0.38357843137254904
21,49000.0,34000.0,6200.0,960000,334000.0,8800,6,4,1,MONTHLY,LOW,TAX_SAVING,89.0,HIGH,1.6326530612244898,0.6938775510204082,0.17959183673469387,0.5680272108843537
52,279000.0,200600.0,57700.0,3503000,511000.0,20700,18,2,3,RARELY,HIGH,SHORT_TERM_GOAL,37.0,MEDIUM,1.0462962962962963,0.7189964157706094,0.07419354838709677,0.1526284348864994
62,78000.0,44900.0,9100.0,1658000,381000.0,24000,15,2,2,LUMP_SUM,MEDIUM,EMERGENCY_FUND,79.0,HIGH,1.7713675213675213,0.5756410256410256,0.3076923076923077,0.40705128205128205
28,93000.0,60200.0,7100.0,367000,62000.0,25700,15,1,5,MONTHLY,MEDIUM,WEALTH_CREATION,75.0,HIGH,0.3288530465949821,0.6473118279569893,0.2763440860215054,0.05555555555555555
48,195000.0,94500.0,20200.0,2934000,990000.0,80300,15,3,1,QUARTERLY,HIGH,WEALTH_CREATION,51.0,HIGH,1.2538461538461538,0.4846153846153846,0.4117948717948718,0.4230769230769231
24,43000.0,30300.0,6800.0,406000,77000.0,5900,9,3,3,MONTHLY,MEDIUM,TAX_SAVING,68.0,HIGH,0.7868217054263565,0.7046511627906977,0.1372093023255814,0.14922480620155038
25,46000.0,21500.0,23600.0,1087000,397000.0,900,10,2,1,MONTHLY,MEDIUM,WEALTH_CREATION,57.0,HIGH,1.9692028985507246,0.4673913043478261,0.01956521739130435,0.7192028985507246
55,74000.0,52700.0,6400.0,1241000,372000.0,14900,12,2,2,MONTHLY,LOW,RETIREMENT,65.0,HIGH,1.3975225225225225,0.7121621621621622,0.20135135135135135,0.4189189189189189
43,147000.0,56900.0,54300.0,2055000,525000.0,35800,14,5,3,RARELY,HIGH,TAX_SAVING,74.0,HIGH,1.1649659863945578,0.3870748299319728,0.24353741496598638,0.2976190476190476
45,117000.0,75600.0,26800.0,1300000,571000.0,14600,7,4,1,MONTHLY,MEDIUM,SHORT_TERM_GOAL,66.0,HIGH,0.9259259259259259,0.6461538461538462,0.12478632478632479,0.4066951566951567
23,51000.0,32700.0,10600.0,322000,86000.0,7700,7,1,5,MONTHLY,LOW,EMERGENCY_FUND,86.0,MEDIUM,0.5261437908496732,0.6411764705882353,0.15098039215686274,0.14052287581699346
64,35000.0,18600.0,6000.0,954000,20000.0,10400,8,2,1,LUMP_SUM,MEDIUM,WEALTH_CREATION,48.0,HIGH,2.2714285714285714,0.5314285714285715,0.29714285714285715,0.047619047619047616
29,57000.0,30400.0,18800.0,306000,173000.0,7800,12,1,2,RARELY,MEDIUM,TAX_SAVING,32.0,HIGH,0.4473684210526316,0.5333333333333333,0.1368421052631579,0.25292397660818716
61,161000.0,95900.0,17500.0,2075000,244000.0,47600,10,1,4,RARELY,LOW,RETIREMENT,69.0,HIGH,1.074016563146998,0.5956521739130435,0.2956521739130435,0.12629399585921325
59,61000.0,17500.0,27900.0,158000,55000.0,15600,6,1,4,MONTHLY,HIGH,TAX_SAVING,51.0,HIGH,0.21584699453551912,0.28688524590163933,0.25573770491803277,0.07513661202185792
47,62000.0,43700.0,800.0,744000,154000.0,17500,3,3,1,MONTHLY,HIGH,EMERGENCY_FUND,43.0,LOW,1.0,0.7048387096774194,0.28225806451612906,0.20698924731182797
38,46000.0,33400.0,3300.0,561000,286000.0,9300,18,2,4,MONTHLY,LOW,WEALTH_CREATION,64.0,HIGH,1.016304347826087,0.7260869565217392,0.20217391304347826,0.5181159420289855
50,20000.0,9200.0,0.0,252000,15000.0,11000,18,1,3,MONTHLY,HIGH,TAX_SAVING,54.0,MEDIUM,1.05,0.46,0.55,0.0625
42,35000.0,20100.0,12600.0,230000,48000.0,2300,3,3,3,LUMP_SUM,HIGH,WEALTH_CREATION,62.0,HIGH,0.5476190476190477,0.5742857142857143,0.06571428571428571,0.11428571428571428
58,46000.0,27400.0,12400.0,287000,53000.0,6200,5,2,1,RARELY,MEDIUM,SHORT_TERM_GOAL,33.0,MEDIUM,0.519927536231884,0.5956521739130435,0.13478260869565217,0.09601449275362318
34,84000.0,34200.0,35800.0,1626000,576000.0,14000,9,3,1,QUARTERLY,MEDIUM,EMERGENCY_FUND,54.0,HIGH,1.6130952380952381,0.40714285714285714,0.16666666666666666,0.5714285714285714
45,91000.0,59200.0,2600.0,612000,112000.0,29200,23,1,3,RARELY,HIGH,RETIREMENT,27.0,LOW,0.5604395604395604,0.6505494505494506,0.3208791208791209,0.10256410256410256
37,58000.0,43400.0,3500.0,1466000,369000.0,11100,9,4,2,MONTHLY,MEDIUM,WEALTH_CREATION,76.0,HIGH,2.1063218390804597,0.7482758620689656,0.19137931034482758,0.5301724137931034
46,28000.0,17600.0,0.0,390000,136000.0,12600,3,2,1,MONTHLY,MEDIUM,RETIREMENT,43.0,MEDIUM,1.1607142857142858,0.6285714285714286,0.45,0.40476190476190477
45,56000.0,37400.0,7900.0,482000,223000.0,10700,4,1,4,MONTHLY,MEDIUM,WEALTH_CREATION,68.0,HIGH,0.7172619047619048,0.6678571428571428,0.19107142857142856,0.3318452380952381
36,23000.0,15800.0,6800.0,230000,19000.0,400,7,2,4,QUARTERLY,MEDIUM,SHORT_TERM_GOAL,70.0,MEDIUM,0.8333333333333334,0.6869565217391305,0.017391304347826087,0.06884057971014493
21,81000.0,47400.0,27800.0,1171000,40000.0,5800,21,1,3,RARELY,LOW,RETIREMENT,51.0,HIGH,1.204732510288066,0.5851851851851851,0.07160493827160494,0.0411522633744856
45,20000.0,11800.0,2200.0,601000,249000.0,6000,3,1,4,QUARTERLY,MEDIUM,EMERGENCY_FUND,62.0,HIGH,2.504166666666667,0.59,0.3,1.0375
44,43000.0,26900.0,7600.0,555000,250000.0,8500,4,1,3,LUMP_SUM,LOW,SHORT_TERM_GOAL,52.0,HIGH,1.0755813953488371,0.6255813953488372,0.19767441860465115,0.4844961240310077
46,61000.0,36100.0,22300.0,616000,65000.0,2600,7,1,4,MONTHLY,HIGH,TAX_SAVING,61.0,HIGH,0.8415300546448088,0.5918032786885246,0.04262295081967213,0.08879781420765027
43,110000.0,61900.0,14600.0,2138000,1132000.0,33500,13,4,3,QUARTERLY,MEDIUM,WEALTH_CREATION,97.0,HIGH,1.6196969696969696,0.5627272727272727,0.30454545454545456,0.8575757575757575
28,60000.0,32300.0,7200.0,1483000,70000.0,20500,1,1,5,MONTHLY,HIGH,SHORT_TERM_GOAL,52.0,HIGH,2.0597222222222222,0.5383333333333333,0.3416666666666667,0.09722222222222222
65,67000.0,51100.0,0.0,2763000,816000.0,25300,22,1,3,RARELY,MEDIUM,TAX_SAVING,56.0,HIGH,3.4365671641791047,0.7626865671641792,0.3776119402985075,1.0149253731343284
28,38000.0,28500.0,0.0,1011000,212000.0,10400,16,1,5,MONTHLY,LOW,WEALTH_CREATION,90.0,HIGH,2.2171052631578947,0.75,0.2736842105263158,0.4649122807017544
33,69000.0,43600.0,19900.0,1371000,632000.0,5500,9,1,4,MONTHLY,LOW,WEALTH_CREATION,56.0,HIGH,1.6557971014492754,0.6318840579710145,0.07971014492753623,0.7632850241545893
43,37000.0,25500.0,1400.0,156000,29000.0,10100,14,4,3,MONTHLY,MEDIUM,WEALTH_CREATION,58.0,HIGH,0.35135135135135137,0.6891891891891891,0.27297297297297296,0.06531531531531531
57,40000.0,31600.0,6700.0,216000,29000.0,1700,4,4,3,MONTHLY,MEDIUM,RETIREMENT,84.0,HIGH,0.45,0.79,0.0425,0.06041666666666667
62,54000.0,34900.0,18500.0,1136000,47000.0,600,4,2,2,MONTHLY,MEDIUM,SHORT_TERM_GOAL,58.0,HIGH,1.7530864197530864,0.6462962962962963,0.011111111111111112,0.07253086419753087
55,115000.0,60600.0,19100.0,1716000,1335000.0,35300,10,2,4,RARELY,LOW,WEALTH_CREATION,73.0,HIGH,1.2434782608695651,0.5269565217391304,0.30695652173913046,0.967391304347826
64,58000.0,32900.0,17700.0,853000,64000.0,7400,18,1,2,RARELY,MEDIUM,WEALTH_CREATION,52.0,HIGH,1.2255747126436782,0.5672413793103448,0.12758620689655173,0.09195402298850575
39,57000.0,30100.0,15500.0,73000,10000.0,11400,11,5,3,MONTHLY,MEDIUM,RETIREMENT,83.0,HIGH,0.1067251461988304,0.5280701754385965,0.2,0.014619883040935672
53,35000.0,22200.0,2800.0,397000,66000.0,10000,7,3,1,LUMP_SUM,MEDIUM,WEALTH_CREATION,53.0,MEDIUM,0.9452380952380952,0.6342857142857142,0.2857142857142857,0.15714285714285714
21,121000.0,97000.0,21900.0,1589000,949000.0,2100,12,2,2,RARELY,LOW,WEALTH_CREATION,55.0,HIGH,1.0943526170798898,0.8016528925619835,0.017355371900826446,0.6535812672176309
59,35000.0,30400.0,2400.0,557000,366000.0,2200,20,5,4,MONTHLY,HIGH,WEALTH_CREATION,93.0,HIGH,1.3261904761904761,0.8685714285714285,0.06285714285714286,0.8714285714285714
28,70000.0,31600.0,29800.0,871000,224000.0,8600,7,2,1,MONTHLY,MEDIUM,RETIREMENT,62.0,HIGH,1.036904761904762,0.4514285714285714,0.12285714285714286,0.26666666666666666
53,130000.0,50000.0,70900.0,1903000,840000.0,9100,14,3,1,MONTHLY,MEDIUM,EMERGENCY_FUND,59.0,HIGH,1.219871794871795,0.38461538461538464,0.07,0.5384615384615384
33,63000.0,44500.0,16100.0,1001000,169000.0,2400,3,3,3,MONTHLY,MEDIUM,RETIREMENT,93.0,HIGH,1.3240740740740742,0.7063492063492064,0.0380952380952381,0.22354497354497355
60,124000.0,67800.0,0.0,1348000,401000.0,68200,1,2,4,MONTHLY,HIGH,WEALTH_CREATION,73.0,MEDIUM,0.9059139784946236,0.5467741935483871,0.55,0.26948924731182794
37,102000.0,67100.0,0.0,1306000,112000.0,56100,1,2,3,RARELY,LOW,EMERGENCY_FUND,57.0,LOW,1.0669934640522876,0.657843137254902,0.55,0.0915032679738562
62,193000.0,148000.0,0.0,3432000,1791000.0,48900,5,1,5,RARELY,HIGH,WEALTH_CREATION,51.0,HIGH,1.4818652849740932,0.7668393782383419,0.2533678756476684,0.7733160621761658
54,120000.0,99800.0,7300.0,930000,210000.0,12900,2,1,2,LUMP_SUM,HIGH,TAX_SAVING,35.0,LOW,0.6458333333333334,0.8316666666666667,0.1075,0.14583333333333334
22,46000.0,28900.0,13800.0,645000,100000.0,3300,20,3,3,MONTHLY,HIGH,WEALTH_CREATION,55.0,HIGH,1.1684782608695652,0.6282608695652174,0.07173913043478261,0.18115942028985507
63,138000.0,108100.0,15000.0,831000,202000.0,14900,5,4,1,QUARTERLY,HIGH,RETIREMENT,65.0,MEDIUM,0.5018115942028986,0.7833333333333333,0.10797101449275362,0.12198067632850242
36,38000.0,26800.0,9200.0,242000,17000.0,2000,1,1,2,LUMP_SUM,LOW,WEALTH_CREATION,70.0,HIGH,0.5307017543859649,0.7052631578947368,0.05263157894736842,0.03728070175438596
49,83000.0,44500.0,13800.0,2397000,971000.0,24700,6,1,4,LUMP_SUM,MEDIUM,WEALTH_CREATION,46.0,HIGH,2.4066265060240966,0.536144578313253,0.29759036144578316,0.9748995983935743
36,92000.0,57600.0,4400.0,686000,88000.0,30000,10,3,2,MONTHLY,MEDIUM,WEALTH_CREATION,76.0,HIGH,0.6213768115942029,0.6260869565217392,0.32608695652173914,0.07971014492753623
48,128000.0,87900.0,1900.0,961000,483000.0,38200,3,4,3,MONTHLY,HIGH,RETIREMENT,76.0,HIGH,0.6256510416666666,0.68671875,0.2984375,0.314453125
28,62000.0,40500.0,19700.0,273000,72000.0,1800,7,2,4,MONTHLY,HIGH,EMERGENCY_FUND,71.0,MEDIUM,0.36693548387096775,0.6532258064516129,0.02903225806451613,0.0967741935483871
33,80000.0,49300.0,12200.0,648000,93000.0,18500,3,1,2,LUMP_SUM,MEDIUM,SHORT_TERM_GOAL,57.0,LOW,0.675,0.61625,0.23125,0.096875
24,60000.0,40000.0,13600.0,295000,213000.0,6400,1,1,2,LUMP_SUM,HIGH,RETIREMENT,30.0,LOW,0.4097222222222222,0.6666666666666666,0.10666666666666667,0.29583333333333334
56,35000.0,22000.0,9900.0,925000,243000.0,3100,14,1,2,QUARTERLY,LOW,SHORT_TERM_GOAL,77.0,HIGH,2.2023809523809526,0.6285714285714286,0.08857142857142856,0.5785714285714286
64,31000.0,16800.0,4900.0,668000,25000.0,9300,7,1,1,MONTHLY,LOW,WEALTH_CREATION,50.0,HIGH,1.7956989247311828,0.5419354838709678,0.3,0.06720430107526881
55,61000.0,41500.0,1900.0,1985000,408000.0,17600,9,1,4,MONTHLY,LOW,TAX_SAVING,71.0,HIGH,2.7117486338797816,0.680327868852459,0.28852459016393445,0.5573770491803278
46,123000.0,36800.0,32200.0,147000,46000.0,54000,18,2,5,MONTHLY,MEDIUM,SHORT_TERM_GOAL,94.0,MEDIUM,0.09959349593495935,0.2991869918699187,0.43902439024390244,0.03116531165311653
60,51000.0,46900.0,0.0,217000,84000.0,8400,19,1,2,RARELY,MEDIUM,WEALTH_CREATION,61.0,MEDIUM,0.3545751633986928,0.9196078431372549,0.16470588235294117,0.13725490196078433
54,44000.0,38700.0,0.0,222000,128000.0,12100,19,4,3,QUARTERLY,LOW,TAX_SAVING,89.0,HIGH,0.42045454545454547,0.8795454545454545,0.275,0.24242424242424243
33,31000.0,13800.0,9600.0,234000,65000.0,7600,6,2,3,QUARTERLY,HIGH,WEALTH_CREATION,59.0,MEDIUM,0.6290322580645161,0.44516129032258067,0.24516129032258063,0.17473118279569894
45,40000.0,28900.0,0.0,535000,131000.0,19300,10,4,5,QUARTERLY,MEDIUM,WEALTH_CREATION,84.0,HIGH,1.1145833333333333,0.7225,0.4825,0.27291666666666664
54,34000.0,26700.0,6900.0,645000,249000.0,400,3,1,2,MONTHLY,MEDIUM,SHORT_TERM_GOAL,49.0,HIGH,1.5808823529411764,0.7852941176470588,0.011764705882352941,0.6102941176470589
64,39000.0,15900.0,17000.0,223000,168000.0,6100,3,1,3,QUARTERLY,LOW,RETIREMENT,68.0,HIGH,0.47649572649572647,0.4076923076923077,0.1564102564102564,0.358974358974359
55,101000.0,68700.0,18400.0,1059000,85000.0,13900,4,2,3,RARELY,HIGH,RETIREMENT,69.0,MEDIUM,0.8737623762376238,0.6801980198019802,0.13762376237623763,0.07013201320132013
21,66000.0,51600.0,5100.0,172000,33000.0,9300,12,1,1,MONTHLY,MEDIUM,WEALTH_CREATION,59.0,MEDIUM,0.21717171717171718,0.7818181818181819,0.1409090909090909,0.041666666666666664
32,126000.0,35900.0,50500.0,3068000,766000.0,39600,9,5,3,MONTHLY,MEDIUM,EMERGENCY_FUND,86.0,HIGH,2.0291005291005293,0.2849206349206349,0.3142857142857143,0.5066137566137566
30,23000.0,19500.0,1200.0,343000,92000.0,2300,7,4,1,MONTHLY,MEDIUM,SHORT_TERM_GOAL,70.0,HIGH,1.2427536231884058,0.8478260869565217,0.1,0.3333333333333333
34,45000.0,33200.0,9600.0,403000,183000.0,2200,18,4,4,QUARTERLY,MEDIUM,WEALTH_CREATION,83.0,HIGH,0.7462962962962963,0.7377777777777778,0.04888888888888889,0.3388888888888889
38,75000.0,53900.0,15600.0,986000,70000.0,5500,16,5,2,MONTHLY,MEDIUM,SHORT_TERM_GOAL,100.0,HIGH,1.0955555555555556,0.7186666666666667,0.07333333333333333,0.07777777777777778
56,60000.0,36300.0,16100.0,712000,314000.0,7600,21,4,1,MONTHLY,LOW,EMERGENCY_FUND,73.0,HIGH,0.9888888888888889,0.605,0.12666666666666668,0.4361111111111111
36,74000.0,39000.0,3100.0,844000,282000.0,31900,15,4,4,MONTHLY,HIGH,TAX_SAVING,72.0,HIGH,0.9504504504504504,0.527027027027027,0.43108108108108106,0.31756756756756754
65,81000.0,53200.0,5100.0,667000,55000.0,22700,13,5,4,MONTHLY,LOW,SHORT_TERM_GOAL,100.0,HIGH,0.6862139917695473,0.6567901234567901,0.2802469135802469,0.056584362139917695
65,37000.0,31000.0,2100.0,648000,174000.0,3900,4,2,5,MONTHLY,HIGH,RETIREMENT,81.0,HIGH,1.4594594594594594,0.8378378378378378,0.10540540540540541,0.3918918918918919
43,49000.0,23600.0,9000.0,93000,13000.0,16400,20,3,4,MONTHLY,MEDIUM,EMERGENCY_FUND,68.0,HIGH,0.15816326530612246,0.4816326530612245,0.3346938775510204,0.022108843537414966
32,70000.0,64400.0,0.0,544000,256000.0,27300,21,1,5,RARELY,MEDIUM,TAX_SAVING,54.0,HIGH,0.6476190476190476,0.92,0.39,0.3047619047619048
65,41000.0,22800.0,15600.0,208000,34000.0,2600,3,2,2,LUMP_SUM,LOW,WEALTH_CREATION,63.0,HIGH,0.42276422764227645,0.5560975609756098,0.06341463414634146,0.06910569105691057
37,118000.0,82300.0,21700.0,719000,255000.0,14000,1,1,3,MONTHLY,LOW,WEALTH_CREATION,62.0,MEDIUM,0.507768361581921,0.6974576271186441,0.11864406779661017,0.18008474576271186
21,30000.0,27600.0,0.0,1140000,464000.0,3400,6,1,2,QUARTERLY,MEDIUM,EMERGENCY_FUND,38.0,HIGH,3.1666666666666665,0.92,0.11333333333333333,1.288888888888889
21,48000.0,11100.0,19400.0,1048000,250000.0,17500,7,3,5,LUMP_SUM,HIGH,EMERGENCY_FUND,85.0,HIGH,1.8194444444444444,0.23125,0.3645833333333333,0.4340277777777778
47,88000.0,61600.0,23000.0,315000,105000.0,3400,2,1,2,LUMP_SUM,MEDIUM,WEALTH_CREATION,58.0,MEDIUM,0.29829545454545453,0.7,0.038636363636363635,0.09943181818181818
60,74000.0,52900.0,11900.0,263000,41000.0,9200,4,4,3,MONTHLY,LOW,WEALTH_CREATION,90.0,HIGH,0.29617117117117114,0.7148648648648649,0.12432432432432433,0.04617117117117117
31,77000.0,42800.0,20000.0,683000,131000.0,14200,6,2,1,LUMP_SUM,MEDIUM,WEALTH_CREATION,49.0,HIGH,0.7391774891774892,0.5558441558441558,0.18441558441558442,0.14177489177489178
34,37000.0,31100.0,3900.0,1846000,361000.0,2000,2,3,1,MONTHLY,MEDIUM,SHORT_TERM_GOAL,44.0,HIGH,4.157657657657658,0.8405405405405405,0.05405405405405406,0.8130630630630631
45,117000.0,94800.0,0.0,1246000,808000.0,28800,15,5,3,QUARTERLY,MEDIUM,RETIREMENT,67.0,HIGH,0.8874643874643875,0.8102564102564103,0.24615384615384617,0.5754985754985755
47,65000.0,38000.0,18200.0,343000,97000.0,8800,9,1,3,LUMP_SUM,LOW,SHORT_TERM_GOAL,64.0,HIGH,0.43974358974358974,0.5846153846153846,0.13538461538461538,0.12435897435897436
51,41000.0,37700.0,0.0,1228000,320000.0,12700,10,4,4,MONTHLY,MEDIUM,SHORT_TERM_GOAL,86.0,HIGH,2.4959349593495936,0.9195121951219513,0.3097560975609756,0.6504065040650406
62,72000.0,49700.0,10900.0,1785000,75000.0,11400,7,1,1,QUARTERLY,HIGH,WEALTH_CREATION,35.0,HIGH,2.0659722222222223,0.6902777777777778,0.15833333333333333,0.08680555555555555
61,86000.0,51100.0,4600.0,293000,76000.0,30300,20,2,3,QUARTERLY,LOW,WEALTH_CREATION,83.0,HIGH,0.28391472868217055,0.5941860465116279,0.35232558139534886,0.07364341085271318
23,20000.0,6400.0,12000.0,146000,24000.0,1600,14,1,4,MONTHLY,LOW,SHORT_TERM_GOAL,91.0,HIGH,0.6083333333333333,0.32,0.08,0.1
62,92000.0,69200.0,7200.0,214000,27000.0,15600,17,1,2,QUARTERLY,LOW,WEALTH_CREATION,51.0,HIGH,0.19384057971014493,0.7521739130434782,0.16956521739130434,0.024456521739130436
23,29000.0,20400.0,7100.0,42000,1000.0,1500,9,2,1,LUMP_SUM,MEDIUM,WEALTH_CREATION,44.0,MEDIUM,0.1206896551724138,0.7034482758620689,0.05172413793103448,0.0028735632183908046
60,65000.0,47900.0,13400.0,309000,109000.0,3700,15,2,3,MONTHLY,MEDIUM,WEALTH_CREATION,67.0,HIGH,0.39615384615384613,0.7369230769230769,0.05692307692307692,0.13974358974358975
52,70000.0,34700.0,20000.0,290000,72000.0,15300,10,2,3,QUARTERLY,MEDIUM,WEALTH_CREATION,66.0,HIGH,0.34523809523809523,0.4957142857142857,0.21857142857142858,0.08571428571428572
28,88000.0,52400.0,10900.0,380000,120000.0,24700,5,2,2,MONTHLY,LOW,SHORT_TERM_GOAL,67.0,MEDIUM,0.35984848484848486,0.5954545454545455,0.2806818181818182,0.11363636363636363
47,41000.0,27200.0,2000.0,823000,180000.0,11800,6,1,2,MONTHLY,HIGH,WEALTH_CREATION,32.0,HIGH,1.6727642276422765,0.6634146341463415,0.28780487804878047,0.36585365853658536
53,69000.0,54300.0,8200.0,444000,66000.0,6500,21,2,1,MONTHLY,HIGH,WEALTH_CREATION,28.0,MEDIUM,0.5362318840579711,0.7869565217391304,0.09420289855072464,0.07971014492753623
50,212000.0,135500.0,25300.0,2229000,453000.0,51200,14,4,3,RARELY,HIGH,WEALTH_CREATION,70.0,HIGH,0.8761792452830188,0.6391509433962265,0.24150943396226415,0.17806603773584906
55,82000.0,40100.0,100.0,261000,16000.0,41800,9,1,1,MONTHLY,MEDIUM,WEALTH_CREATION,38.0,LOW,0.2652439024390244,0.48902439024390243,0.5097560975609756,0.016260162601626018
40,89000.0,54500.0,25300.0,712000,319000.0,9200,5,5,4,MONTHLY,MEDIUM,WEALTH_CREATION,93.0,HIGH,0.6666666666666666,0.6123595505617978,0.10337078651685393,0.29868913857677903
35,73000.0,39800.0,21800.0,1336000,122000.0,11400,6,5,3,MONTHLY,LOW,TAX_SAVING,86.0,HIGH,1.5251141552511416,0.5452054794520548,0.15616438356164383,0.13926940639269406
21,119000.0,98500.0,2100.0,2858000,737000.0,18400,3,2,2,RARELY,HIGH,RETIREMENT,47.0,HIGH,2.0014005602240896,0.8277310924369747,0.1546218487394958,0.5161064425770309
38,130000.0,55700.0,54300.0,947000,72000.0,20000,5,1,2,MONTHLY,MEDIUM,EMERGENCY_FUND,55.0,LOW,0.607051282051282,0.42846153846153845,0.15384615384615385,0.046153846153846156
44,98000.0,64700.0,5500.0,692000,186000.0,27800,6,2,2,RARELY,MEDIUM,WEALTH_CREATION,50.0,LOW,0.5884353741496599,0.6602040816326531,0.2836734693877551,0.15816326530612246
57,140000.0,95700.0,800.0,1614000,792000.0,43500,11,1,2,MONTHLY,MEDIUM,RETIREMENT,47.0,MEDIUM,0.9607142857142857,0.6835714285714286,0.3107142857142857,0.4714285714285714
48,145000.0,96300.0,35700.0,696000,46000.0,13000,5,2,4,LUMP_SUM,MEDIUM,EMERGENCY_FUND,59.0,LOW,0.4,0.6641379310344827,0.0896551724137931,0.026436781609195402
46,45000.0,18500.0,24900.0,115000,64000.0,1600,3,2,5,MONTHLY,HIGH,RETIREMENT,75.0,HIGH,0.21296296296296297,0.4111111111111111,0.035555555555555556,0.11851851851851852
62,100000.0,49200.0,40000.0,818000,131000.0,10800,12,1,5,MONTHLY,MEDIUM,SHORT_TERM_GOAL,71.0,HIGH,0.6816666666666666,0.492,0.108,0.10916666666666666
35,20000.0,11800.0,5000.0,71000,3000.0,3200,14,2,4,MONTHLY,LOW,WEALTH_CREATION,87.0,HIGH,0.29583333333333334,0.59,0.16,0.0125
23,36000.0,23900.0,0.0,208000,73000.0,13100,14,2,5,LUMP_SUM,LOW,RETIREMENT,81.0,HIGH,0.48148148148148145,0.6638888888888889,0.3638888888888889,0.16898148148148148
32,84000.0,24800.0,55200.0,397000,159000.0,4000,14,2,4,RARELY,MEDIUM,WEALTH_CREATION,89.0,HIGH,0.39384920634920634,0.29523809523809524,0.047619047619047616,0.15773809523809523
36,83000.0,47300.0,28700.0,948000,121000.0,7000,2,5,1,MONTHLY,LOW,RETIREMENT,96.0,HIGH,0.9518072289156626,0.5698795180722892,0.08433734939759036,0.1214859437751004
36,32000.0,16900.0,300.0,1373000,456000.0,14800,16,3,5,MONTHLY,LOW,WEALTH_CREATION,92.0,HIGH,3.5755208333333335,0.528125,0.4625,1.1875
46,74000.0,44600.0,21800.0,990000,636000.0,7600,6,4,1,MONTHLY,LOW,TAX_SAVING,77.0,HIGH,1.114864864864865,0.6027027027027027,0.10270270270270271,0.7162162162162162
33,35000.0,13300.0,10300.0,344000,119000.0,11400,21,4,3,MONTHLY,MEDIUM,SHORT_TERM_GOAL,62.0,HIGH,0.819047619047619,0.38,0.32571428571428573,0.2833333333333333
63,31000.0,23300.0,0.0,1023000,403000.0,14300,5,2,3,LUMP_SUM,MEDIUM,SHORT_TERM_GOAL,52.0,HIGH,2.75,0.7516129032258064,0.4612903225806452,1.0833333333333333
24,142000.0,86900.0,12700.0,920000,41000.0,42400,16,2,3,MONTHLY,HIGH,EMERGENCY_FUND,61.0,LOW,0.539906103286385,0.6119718309859155,0.29859154929577464,0.024061032863849766
23,87000.0,72800.0,0.0,1224000,368000.0,20800,3,4,1,MONTHLY,MEDIUM,WEALTH_CREATION,65.0,HIGH,1.1724137931034482,0.8367816091954023,0.23908045977011494,0.3524904214559387
53,134000.0,98000.0,21300.0,3774000,144000.0,14700,6,3,1,RARELY,HIGH,RETIREMENT,40.0,HIGH,2.3470149253731343,0.7313432835820896,0.10970149253731343,0.08955223880597014
40,88000.0,17600.0,63400.0,72000,27000.0,7000,8,2,4,LUMP_SUM,LOW,WEALTH_CREATION,66.0,HIGH,0.06818181818181818,0.2,0.07954545454545454,0.02556818181818182
36,87000.0,54200.0,21700.0,415000,69000.0,11100,13,1,1,RARELY,MEDIUM,WEALTH_CREATION,29.0,MEDIUM,0.3975095785440613,0.6229885057471264,0.12758620689655173,0.06609195402298851
64,84000.0,42200.0,34600.0,512000,41000.0,7200,10,2,4,QUARTERLY,LOW,WEALTH_CREATION,91.0,HIGH,0.5079365079365079,0.5023809523809524,0.08571428571428572,0.040674603174603176
57,39000.0,17500.0,13900.0,1102000,763000.0,7600,25,1,4,MONTHLY,LOW,TAX_SAVING,73.0,HIGH,2.3547008547008548,0.44871794871794873,0.19487179487179487,1.6303418803418803
36,174000.0,123400.0,13800.0,1453000,45000.0,36800,4,2,5,MONTHLY,LOW,EMERGENCY_FUND,99.0,HIGH,0.6958812260536399,0.7091954022988506,0.21149425287356322,0.021551724137931036
65,44000.0,34400.0,3100.0,1114000,370000.0,6500,7,3,2,LUMP_SUM,MEDIUM,EMERGENCY_FUND,64.0,HIGH,2.109848484848485,0.7818181818181819,0.14772727272727273,0.7007575757575758
35,106000.0,63800.0,11300.0,315000,183000.0,30900,20,1,5,MONTHLY,HIGH,WEALTH_CREATION,69.0,HIGH,0.24764150943396226,0.6018867924528302,0.29150943396226414,0.14386792452830188
44,46000.0,24300.0,13300.0,279000,133000.0,8400,19,1,4,MONTHLY,LOW,EMERGENCY_FUND,69.0,HIGH,0.5054347826086957,0.5282608695652173,0.1826086956521739,0.24094202898550723
44,83000.0,54900.0,22300.0,654000,110000.0,5800,4,3,1,RARELY,MEDIUM,WEALTH_CREATION,40.0,MEDIUM,0.6566265060240963,0.6614457831325301,0.06987951807228916,0.11044176706827309
53,49000.0,29600.0,0.0,764000,91000.0,20700,8,5,1,QUARTERLY,MEDIUM,WEALTH_CREATION,73.0,HIGH,1.2993197278911566,0.6040816326530613,0.42244897959183675,0.15476190476190477
59,120000.0,80500.0,14600.0,1163000,760000.0,24900,3,3,3,MONTHLY,MEDIUM,WEALTH_CREATION,82.0,HIGH,0.8076388888888889,0.6708333333333333,0.2075,0.5277777777777778
46,121000.0,57600.0,36200.0,475000,63000.0,27200,11,2,1,MONTHLY,LOW,WEALTH_CREATION,57.0,HIGH,0.3271349862258953,0.47603305785123967,0.22479338842975208,0.04338842975206612
42,79000.0,56100.0,9000.0,752000,170000.0,13900,14,1,5,MONTHLY,LOW,WEALTH_CREATION,78.0,HIGH,0.7932489451476793,0.710126582278481,0.1759493670886076,0.17932489451476794
27,20000.0,13000.0,900.0,314000,168000.0,6100,3,4,3,QUARTERLY,LOW,WEALTH_CREATION,77.0,HIGH,1.3083333333333333,0.65,0.305,0.7
38,83000.0,39800.0,42700.0,1312000,108000.0,500,3,1,4,QUARTERLY,MEDIUM,EMERGENCY_FUND,78.0,HIGH,1.3172690763052208,0.4795180722891566,0.006024096385542169,0.10843373493975904
48,105000.0,58800.0,29100.0,671000,95000.0,17100,10,1,4,RARELY,HIGH,SHORT_TERM_GOAL,35.0,MEDIUM,0.5325396825396825,0.56,0.16285714285714287,0.07539682539682539
27,42000.0,34100.0,600.0,181000,88000.0,7300,6,1,3,MONTHLY,LOW,RETIREMENT,42.0,HIGH,0.35912698412698413,0.8119047619047619,0.1738095238095238,0.1746031746031746
53,49000.0,38100.0,0.0,1105000,256000.0,19500,10,1,3,RARELY,HIGH,SHORT_TERM_GOAL,36.0,LOW,1.879251700680272,0.7775510204081633,0.3979591836734694,0.43537414965986393
25,59000.0,37500.0,8200.0,1406000,518000.0,13300,2,1,5,MONTHLY,HIGH,WEALTH_CREATION,70.0,HIGH,1.9858757062146892,0.635593220338983,0.22542372881355932,0.731638418079096
22,55000.0,33800.0,8900.0,530000,54000.0,12300,12,4,1,MONTHLY,MEDIUM,WEALTH_CREATION,83.0,HIGH,0.803030303030303,0.6145454545454545,0.22363636363636363,0.08181818181818182
35,62000.0,46400.0,1000.0,1082000,337000.0,14600,15,2,5,QUARTERLY,LOW,WEALTH_CREATION,94.0,HIGH,1.4543010752688172,0.7483870967741936,0.23548387096774193,0.4529569892473118
21,43000.0,39500.0,1800.0,1634000,480000.0,1700,16,4,3,QUARTERLY,MEDIUM,EMERGENCY_FUND,84.0,HIGH,3.1666666666666665,0.9186046511627907,0.03953488372093023,0.9302325581395349
64,67000.0,32100.0,23100.0,450000,235000.0,11800,8,1,3,MONTHLY,HIGH,WEALTH_CREATION,50.0,HIGH,0.5597014925373134,0.4791044776119403,0.1761194029850746,0.2922885572139303
35,39000.0,19500.0,8800.0,392000,134000.0,10700,7,3,3,QUARTERLY,HIGH,WEALTH_CREATION,69.0,HIGH,0.8376068376068376,0.5,0.2743589743589744,0.2863247863247863
30,27000.0,12000.0,13900.0,154000,51000.0,1100,20,2,4,RARELY,MEDIUM,RETIREMENT,64.0,HIGH,0.47530864197530864,0.4444444444444444,0.040740740740740744,0.1574074074074074
35,189000.0,119500.0,0.0,10972000,1737000.0,69700,7,4,1,QUARTERLY,MEDIUM,EMERGENCY_FUND,57.0,HIGH,4.837742504409171,0.6322751322751323,0.36878306878306877,0.7658730158730159
44,44000.0,40400.0,0.0,1262000,200000.0,8600,2,3,2,MONTHLY,MEDIUM,TAX_SAVING,72.0,HIGH,2.390151515151515,0.9181818181818182,0.19545454545454546,0.3787878787878788
48,20000.0,17400.0,0.0,587000,65000.0,8700,4,2,3,MONTHLY,HIGH,WEALTH_CREATION,69.0,HIGH,2.4458333333333333,0.87,0.435,0.2708333333333333
51,70000.0,58800.0,3400.0,1188000,286000.0,7800,5,2,3,MONTHLY,HIGH,RETIREMENT,52.0,HIGH,1.4142857142857144,0.84,0.11142857142857143,0.3404761904761905
28,51000.0,13400.0,32500.0,236000,120000.0,5100,17,1,2,QUARTERLY,MEDIUM,WEALTH_CREATION,45.0,HIGH,0.38562091503267976,0.2627450980392157,0.1,0.19607843137254902
42,71000.0,58600.0,0.0,1390000,113000.0,18000,12,1,1,QUARTERLY,MEDIUM,RETIREMENT,33.0,HIGH,1.6314553990610328,0.8253521126760563,0.2535211267605634,0.13262910798122066
40,86000.0,34900.0,47200.0,148000,63000.0,3900,19,3,4,QUARTERLY,HIGH,EMERGENCY_FUND,79.0,HIGH,0.1434108527131783,0.40581395348837207,0.04534883720930233,0.061046511627906974
55,40000.0,17700.0,12500.0,286000,178000.0,9800,2,1,2,MONTHLY,HIGH,EMERGENCY_FUND,32.0,LOW,0.5958333333333333,0.4425,0.245,0.37083333333333335
38,72000.0,39300.0,27100.0,307000,66000.0,5600,14,1,5,QUARTERLY,MEDIUM,TAX_SAVING,64.0,HIGH,0.35532407407407407,0.5458333333333333,0.07777777777777778,0.0763888888888889
47,97000.0,67200.0,20400.0,791000,219000.0,9400,11,1,5,MONTHLY,MEDIUM,TAX_SAVING,68.0,HIGH,0.679553264604811,0.6927835051546392,0.09690721649484536,0.18814432989690721
34,225000.0,194900.0,11200.0,4445000,750000.0,18900,2,4,4,MONTHLY,MEDIUM,RETIREMENT,100.0,HIGH,1.6462962962962964,0.8662222222222222,0.084,0.2777777777777778
44,26000.0,13400.0,7000.0,315000,87000.0,5600,1,5,4,LUMP_SUM,HIGH,WEALTH_CREATION,90.0,HIGH,1.0096153846153846,0.5153846153846153,0.2153846153846154,0.27884615384615385
34,42000.0,34100.0,4100.0,437000,75000.0,3800,15,1,2,QUARTERLY,HIGH,SHORT_TERM_GOAL,26.0,MEDIUM,0.8670634920634921,0.8119047619047619,0.09047619047619047,0.1488095238095238
56,96000.0,51800.0,14700.0,711000,169000.0,29500,1,2,2,MONTHLY,MEDIUM,WEALTH_CREATION,50.0,MEDIUM,0.6171875,0.5395833333333333,0.3072916666666667,0.1467013888888889
48,84000.0,21000.0,32700.0,1188000,229000.0,30300,7,5,4,MONTHLY,LOW,RETIREMENT,100.0,HIGH,1.1785714285714286,0.25,0.3607142857142857,0.22718253968253968
23,70000.0,26400.0,29800.0,399000,171000.0,13800,14,2,2,MONTHLY,HIGH,EMERGENCY_FUND,49.0,HIGH,0.475,0.37714285714285717,0.19714285714285715,0.20357142857142857
29,43000.0,21900.0,13200.0,196000,43000.0,7900,8,1,3,LUMP_SUM,MEDIUM,SHORT_TERM_GOAL,62.0,LOW,0.3798449612403101,0.5093023255813953,0.18372093023255814,0.08333333333333333
49,71000.0,41100.0,16800.0,307000,31000.0,13100,5,2,2,MONTHLY,MEDIUM,TAX_SAVING,56.0,MEDIUM,0.36032863849765256,0.5788732394366197,0.18450704225352113,0.036384976525821594
40,44000.0,28700.0,8000.0,457000,75000.0,7300,8,1,1,LUMP_SUM,HIGH,WEALTH_CREATION,39.0,LOW,0.865530303030303,0.6522727272727272,0.16590909090909092,0.14204545454545456
33,45000.0,26400.0,700.0,1558000,159000.0,17900,8,1,2,MONTHLY,LOW,EMERGENCY_FUND,59.0,HIGH,2.8851851851851853,0.5866666666666667,0.3977777777777778,0.29444444444444445
23,20000.0,12600.0,5600.0,476000,62000.0,1800,3,2,3,QUARTERLY,MEDIUM,EMERGENCY_FUND,67.0,HIGH,1.9833333333333334,0.63,0.09,0.25833333333333336
57,51000.0,10900.0,37200.0,96000,42000.0,2900,1,1,5,RARELY,HIGH,RETIREMENT,48.0,HIGH,0.1568627450980392,0.21372549019607842,0.056862745098039215,0.06862745098039216
24,100000.0,75000.0,12500.0,499000,3000.0,12500,1,2,1,MONTHLY,MEDIUM,WEALTH_CREATION,54.0,MEDIUM,0.41583333333333333,0.75,0.125,0.0025
49,232000.0,213400.0,0.0,4507000,1594000.0,127600,17,1,3,RARELY,LOW,SHORT_TERM_GOAL,54.0,HIGH,1.6188936781609196,0.9198275862068965,0.55,0.5725574712643678
33,73000.0,24000.0,42300.0,478000,43000.0,6700,7,5,1,LUMP_SUM,LOW,RETIREMENT,91.0,HIGH,0.545662100456621,0.3287671232876712,0.09178082191780822,0.04908675799086758
47,20000.0,12300.0,4200.0,506000,245000.0,3500,2,2,4,MONTHLY,MEDIUM,WEALTH_CREATION,74.0,HIGH,2.1083333333333334,0.615,0.175,1.0208333333333333
58,47000.0,33100.0,0.0,1254000,276000.0,25800,7,3,1,MONTHLY,HIGH,WEALTH_CREATION,45.0,HIGH,2.223404255319149,0.7042553191489361,0.548936170212766,0.48936170212765956
54,29000.0,21700.0,6500.0,569000,266000.0,800,1,2,2,QUARTERLY,MEDIUM,WEALTH_CREATION,65.0,HIGH,1.6350574712643677,0.7482758620689656,0.027586206896551724,0.764367816091954
29,183000.0,56200.0,99800.0,549000,373000.0,27000,5,2,3,MONTHLY,LOW,SHORT_TERM_GOAL,78.0,MEDIUM,0.25,0.307103825136612,0.14754098360655737,0.16985428051001822
24,56000.0,23300.0,30400.0,447000,126000.0,2300,12,4,2,LUMP_SUM,MEDIUM,RETIREMENT,71.0,HIGH,0.6651785714285714,0.4160714285714286,0.04107142857142857,0.1875
50,68000.0,23700.0,27300.0,416000,170000.0,17000,12,1,3,MONTHLY,MEDIUM,WEALTH_CREATION,61.0,HIGH,0.5098039215686274,0.34852941176470587,0.25,0.20833333333333334
23,118000.0,94900.0,9900.0,972000,481000.0,13200,11,4,3,MONTHLY,MEDIUM,WEALTH_CREATION,68.0,HIGH,0.6864406779661016,0.8042372881355933,0.11186440677966102,0.3396892655367232
53,94000.0,32800.0,52300.0,1329000,152000.0,8900,16,1,3,RARELY,LOW,RETIREMENT,54.0,HIGH,1.178191489361702,0.34893617021276596,0.09468085106382979,0.1347517730496454
61,33000.0,28400.0,0.0,445000,189000.0,9100,16,3,4,LUMP_SUM,MEDIUM,WEALTH_CREATION,68.0,HIGH,1.1237373737373737,0.8606060606060606,0.27575757575757576,0.4772727272727273
35,82000.0,59900.0,10100.0,2494000,230000.0,12000,7,2,3,MONTHLY,MEDIUM,TAX_SAVING,69.0,HIGH,2.5345528455284554,0.7304878048780488,0.14634146341463414,0.23373983739837398
43,82000.0,28000.0,19200.0,1578000,188000.0,34800,7,3,1,RARELY,MEDIUM,TAX_SAVING,41.0,MEDIUM,1.603658536585366,0.34146341463414637,0.424390243902439,0.1910569105691057
48,126000.0,75400.0,0.0,1300000,659000.0,65700,1,2,5,MONTHLY,MEDIUM,TAX_SAVING,88.0,MEDIUM,0.8597883597883598,0.5984126984126984,0.5214285714285715,0.43584656084656087
37,72000.0,59000.0,10500.0,2165000,838000.0,2500,1,5,2,QUARTERLY,LOW,WEALTH_CREATION,77.0,HIGH,2.505787037037037,0.8194444444444444,0.034722222222222224,0.9699074074074074
47,144000.0,119700.0,0.0,1820000,713000.0,34000,14,4,3,MONTHLY,LOW,WEALTH_CREATION,78.0,HIGH,1.0532407407407407,0.83125,0.2361111111111111,0.41261574074074076
53,87000.0,50500.0,31400.0,863000,193000.0,5100,6,1,1,MONTHLY,LOW,RETIREMENT,58.0,HIGH,0.8266283524904214,0.5804597701149425,0.05862068965517241,0.18486590038314177
48,57000.0,52400.0,2600.0,285000,129000.0,2000,3,2,1,MONTHLY,MEDIUM,WEALTH_CREATION,46.0,LOW,0.4166666666666667,0.9192982456140351,0.03508771929824561,0.18859649122807018
61,110000.0,67000.0,19800.0,280000,50000.0,23200,15,2,1,MONTHLY,MEDIUM,WEALTH_CREATION,49.0,MEDIUM,0.21212121212121213,0.6090909090909091,0.2109090909090909,0.03787878787878788
56,46000.0,35600.0,9200.0,710000,69000.0,1200,1,2,4,QUARTERLY,HIGH,RETIREMENT,62.0,HIGH,1.286231884057971,0.7739130434782608,0.02608695652173913,0.125
22,39000.0,10900.0,25700.0,410000,152000.0,2400,3,2,5,MONTHLY,MEDIUM,EMERGENCY_FUND,91.0,HIGH,0.8760683760683761,0.2794871794871795,0.06153846153846154,0.3247863247863248
57,68000.0,33400.0,14600.0,1542000,408000.0,20000,18,1,5,LUMP_SUM,MEDIUM,RETIREMENT,83.0,HIGH,1.8897058823529411,0.49117647058823527,0.29411764705882354,0.5
38,100000.0,62400.0,24000.0,1526000,112000.0,13600,21,4,1,MONTHLY,LOW,WEALTH_CREATION,62.0,HIGH,1.2716666666666667,0.624,0.136,0.09333333333333334
61,44000.0,33100.0,0.0,253000,29000.0,13900,7,2,2,MONTHLY,HIGH,EMERGENCY_FUND,46.0,LOW,0.4791666666666667,0.7522727272727273,0.3159090909090909,0.054924242424242424
65,69000.0,41800.0,22000.0,201000,4000.0,5200,6,4,2,MONTHLY,MEDIUM,SHORT_TERM_GOAL,84.0,MEDIUM,0.2427536231884058,0.6057971014492753,0.07536231884057971,0.004830917874396135
44,45000.0,33400.0,0.0,1413000,362000.0,19200,1,2,2,RARELY,MEDIUM,RETIREMENT,39.0,HIGH,2.6166666666666667,0.7422222222222222,0.4266666666666667,0.6703703703703704
42,74000.0,34600.0,800.0,565000,233000.0,38600,3,2,1,MONTHLY,LOW,EMERGENCY_FUND,62.0,LOW,0.6362612612612613,0.46756756756756757,0.5216216216216216,0.26238738738738737
49,55000.0,38200.0,0.0,334000,57000.0,30200,22,3,1,MONTHLY,MEDIUM,SHORT_TERM_GOAL,67.0,MEDIUM,0.5060606060606061,0.6945454545454546,0.5490909090909091,0.08636363636363636
61,20000.0,17100.0,0.0,137000,45000.0,4600,11,1,4,RARELY,MEDIUM,RETIREMENT,51.0,HIGH,0.5708333333333333,0.855,0.23,0.1875
40,84000.0,62400.0,20000.0,1169000,361000.0,1600,4,1,3,LUMP_SUM,MEDIUM,TAX_SAVING,69.0,HIGH,1.1597222222222223,0.7428571428571429,0.01904761904761905,0.35813492063492064
53,65000.0,38200.0,23600.0,318000,38000.0,3200,4,1,4,MONTHLY,MEDIUM,WEALTH_CREATION,61.0,HIGH,0.4076923076923077,0.5876923076923077,0.04923076923076923,0.04871794871794872
50,72000.0,59300.0,0.0,1056000,705000.0,18100,11,4,5,LUMP_SUM,MEDIUM,EMERGENCY_FUND,87.0,HIGH,1.2222222222222223,0.8236111111111111,0.2513888888888889,0.8159722222222222
39,59000.0,28600.0,21100.0,278000,13000.0,9300,9,3,4,RARELY,MEDIUM,WEALTH_CREATION,83.0,HIGH,0.3926553672316384,0.4847457627118644,0.1576271186440678,0.018361581920903956
48,58000.0,44600.0,0.0,461000,98000.0,21500,15,2,3,MONTHLY,MEDIUM,WEALTH_CREATION,54.0,MEDIUM,0.6623563218390804,0.7689655172413793,0.3706896551724138,0.14080459770114942
33,31000.0,19200.0,10600.0,1467000,335000.0,1200,10,2,5,LUMP_SUM,LOW,EMERGENCY_FUND,83.0,HIGH,3.943548387096774,0.6193548387096774,0.03870967741935484,0.9005376344086021
63,54000.0,22800.0,27700.0,184000,40000.0,3500,2,3,3,MONTHLY,HIGH,TAX_SAVING,67.0,MEDIUM,0.2839506172839506,0.4222222222222222,0.06481481481481481,0.06172839506172839
46,60000.0,43500.0,11200.0,372000,47000.0,5300,13,3,2,MONTHLY,MEDIUM,EMERGENCY_FUND,71.0,HIGH,0.5166666666666667,0.725,0.08833333333333333,0.06527777777777778
35,66000.0,41600.0,4500.0,732000,413000.0,19900,12,3,2,LUMP_SUM,HIGH,WEALTH_CREATION,34.0,MEDIUM,0.9242424242424242,0.6303030303030303,0.3015151515151515,0.5214646464646465
65,20000.0,13200.0,1400.0,264000,129000.0,5400,5,2,2,RARELY,LOW,SHORT_TERM_GOAL,76.0,LOW,1.1,0.66,0.27,0.5375
61,33000.0,18900.0,0.0,460000,3000.0,14300,3,1,3,MONTHLY,MEDIUM,WEALTH_CREATION,60.0,MEDIUM,1.1616161616161615,0.5727272727272728,0.43333333333333335,0.007575757575757576
39,104000.0,61200.0,28200.0,4477000,436000.0,14600,6,1,4,RARELY,LOW,EMERGENCY_FUND,75.0,HIGH,3.5873397435897436,0.5884615384615385,0.14038461538461539,0.34935897435897434
25,129000.0,71000.0,19100.0,644000,41000.0,38900,5,4,1,RARELY,HIGH,WEALTH_CREATION,41.0,LOW,0.4160206718346253,0.5503875968992248,0.3015503875968992,0.02648578811369509
45,78000.0,49600.0,3200.0,746000,149000.0,25200,7,3,2,LUMP_SUM,MEDIUM,WEALTH_CREATION,52.0,HIGH,0.7970085470085471,0.6358974358974359,0.3230769230769231,0.15918803418803418
36,35000.0,29100.0,2800.0,466000,91000.0,3100,9,1,2,MONTHLY,LOW,EMERGENCY_FUND,62.0,HIGH,1.1095238095238096,0.8314285714285714,0.08857142857142856,0.21666666666666667
50,29000.0,8100.0,17500.0,336000,99000.0,3400,2,3,2,QUARTERLY,HIGH,WEALTH_CREATION,58.0,HIGH,0.9655172413793104,0.2793103448275862,0.11724137931034483,0.28448275862068967
53,105000.0,71900.0,13900.0,519000,32000.0,19200,3,2,4,QUARTERLY,HIGH,EMERGENCY_FUND,77.0,LOW,0.4119047619047619,0.6847619047619048,0.18285714285714286,0.025396825396825397
58,155000.0,86500.0,30600.0,766000,45000.0,37900,11,4,2,MONTHLY,MEDIUM,WEALTH_CREATION,78.0,HIGH,0.4118279569892473,0.5580645161290323,0.24451612903225806,0.024193548387096774
25,85000.0,57200.0,16100.0,887000,161000.0,11700,23,2,2,MONTHLY,HIGH,TAX_SAVING,52.0,HIGH,0.8696078431372549,0.6729411764705883,0.1376470588235294,0.15784313725490196
38,147000.0,62700.0,77100.0,564000,161000.0,7200,7,3,2,QUARTERLY,HIGH,WEALTH_CREATION,58.0,HIGH,0.3197278911564626,0.42653061224489797,0.04897959183673469,0.09126984126984126
27,163000.0,121500.0,12700.0,3100000,341000.0,28800,2,1,3,LUMP_SUM,HIGH,WEALTH_CREATION,52.0,MEDIUM,1.5848670756646217,0.745398773006135,0.17668711656441718,0.1743353783231084
53,87000.0,57600.0,10200.0,826000,267000.0,19200,8,1,2,MONTHLY,LOW,WEALTH_CREATION,52.0,HIGH,0.7911877394636015,0.6620689655172414,0.2206896551724138,0.2557471264367816
62,113000.0,62500.0,43500.0,2201000,778000.0,7000,7,5,5,MONTHLY,HIGH,EMERGENCY_FUND,81.0,HIGH,1.623156342182891,0.5530973451327433,0.061946902654867256,0.5737463126843658
33,131000.0,77200.0,43200.0,530000,128000.0,10600,19,5,1,MONTHLY,MEDIUM,SHORT_TERM_GOAL,68.0,HIGH,0.3371501272264631,0.5893129770992367,0.08091603053435115,0.08142493638676845
53,61000.0,39900.0,16500.0,1786000,545000.0,4600,1,1,5,LUMP_SUM,MEDIUM,RETIREMENT,56.0,HIGH,2.439890710382514,0.6540983606557377,0.07540983606557378,0.744535519125683
52,46000.0,36800.0,6800.0,362000,58000.0,2400,14,2,5,LUMP_SUM,MEDIUM,WEALTH_CREATION,77.0,HIGH,0.6557971014492754,0.8,0.05217391304347826,0.10507246376811594
28,61000.0,34700.0,6700.0,719000,104000.0,19600,2,3,2,LUMP_SUM,HIGH,WEALTH_CREATION,49.0,HIGH,0.98224043715847,0.5688524590163935,0.32131147540983607,0.14207650273224043
22,71000.0,45800.0,8700.0,957000,66000.0,16500,17,1,1,LUMP_SUM,MEDIUM,EMERGENCY_FUND,29.0,MEDIUM,1.1232394366197183,0.6450704225352113,0.2323943661971831,0.07746478873239436
56,51000.0,37400.0,0.0,112000,85000.0,17600,8,1,2,RARELY,MEDIUM,EMERGENCY_FUND,42.0,LOW,0.1830065359477124,0.7333333333333333,0.34509803921568627,0.1388888888888889
26,20000.0,7200.0,6100.0,402000,91000.0,6700,9,3,3,QUARTERLY,MEDIUM,EMERGENCY_FUND,85.0,HIGH,1.675,0.36,0.335,0.37916666666666665
26,75000.0,56600.0,9300.0,1431000,260000.0,9100,14,3,2,RARELY,HIGH,TAX_SAVING,39.0,HIGH,1.59,0.7546666666666667,0.12133333333333333,0.28888888888888886
60,149000.0,67600.0,63200.0,2129000,541000.0,18200,24,1,2,MONTHLY,HIGH,RETIREMENT,44.0,HIGH,1.1907158836689038,0.45369127516778524,0.1221476510067114,0.30257270693512306
31,33000.0,24600.0,5000.0,292000,65000.0,3400,25,3,1,MONTHLY,HIGH,EMERGENCY_FUND,43.0,MEDIUM,0.7373737373737373,0.7454545454545455,0.10303030303030303,0.16414141414141414
59,47000.0,25000.0,17300.0,370000,69000.0,4700,12,4,4,LUMP_SUM,HIGH,WEALTH_CREATION,81.0,HIGH,0.6560283687943262,0.5319148936170213,0.1,0.12234042553191489
58,143000.0,131500.0,0.0,2884000,1410000.0,30200,2,1,1,MONTHLY,HIGH,RETIREMENT,35.0,HIGH,1.6806526806526807,0.9195804195804196,0.2111888111888112,0.8216783216783217
62,96000.0,60300.0,0.0,2590000,116000.0,44000,11,3,3,LUMP_SUM,LOW,TAX_SAVING,75.0,HIGH,2.248263888888889,0.628125,0.4583333333333333,0.10069444444444445
43,44000.0,26400.0,10400.0,477000,90000.0,7200,6,2,2,QUARTERLY,MEDIUM,RETIREMENT,65.0,HIGH,0.9034090909090909,0.6,0.16363636363636364,0.17045454545454544
41,30000.0,18000.0,2600.0,477000,136000.0,9400,17,3,1,MONTHLY,LOW,SHORT_TERM_GOAL,76.0,HIGH,1.325,0.6,0.31333333333333335,0.37777777777777777
21,66000.0,47000.0,5700.0,131000,56000.0,13300,7,1,2,MONTHLY,HIGH,EMERGENCY_FUND,50.0,LOW,0.16540404040404041,0.7121212121212122,0.2015151515151515,0.0707070707070707
41,73000.0,37800.0,7000.0,1135000,92000.0,28200,5,2,3,MONTHLY,MEDIUM,SHORT_TERM_GOAL,70.0,MEDIUM,1.2956621004566211,0.5178082191780822,0.3863013698630137,0.1050228310502283
34,145000.0,126800.0,0.0,1977000,249000.0,28300,6,1,2,LUMP_SUM,MEDIUM,SHORT_TERM_GOAL,45.0,MEDIUM,1.1362068965517242,0.8744827586206897,0.19517241379310346,0.14310344827586208
33,215000.0,146200.0,0.0,2484000,823000.0,105400,9,1,2,RARELY,MEDIUM,WEALTH_CREATION,43.0,LOW,0.9627906976744186,0.68,0.49023255813953487,0.3189922480620155
36,20000.0,11100.0,5700.0,254000,177000.0,3200,6,3,4,RARELY,HIGH,TAX_SAVING,57.0,HIGH,1.0583333333333333,0.555,0.16,0.7375
58,99000.0,77900.0,0.0,2237000,510000.0,34400,14,2,1,QUARTERLY,LOW,TAX_SAVING,63.0,HIGH,1.882996632996633,0.7868686868686868,0.3474747474747475,0.4292929292929293
60,115000.0,46600.0,18900.0,1461000,753000.0,49500,3,1,3,LUMP_SUM,LOW,RETIREMENT,62.0,HIGH,1.058695652173913,0.4052173913043478,0.43043478260869567,0.5456521739130434
34,88000.0,52500.0,25900.0,206000,56000.0,9600,17,2,5,MONTHLY,HIGH,WEALTH_CREATION,85.0,HIGH,0.19507575757575757,0.5965909090909091,0.10909090909090909,0.05303030303030303
56,121000.0,77500.0,24800.0,3294000,1359000.0,18700,18,2,2,QUARTERLY,MEDIUM,WEALTH_CREATION,75.0,HIGH,2.268595041322314,0.640495867768595,0.15454545454545454,0.9359504132231405
41,32000.0,24700.0,0.0,103000,24000.0,8700,11,2,2,MONTHLY,MEDIUM,RETIREMENT,72.0,MEDIUM,0.2682291666666667,0.771875,0.271875,0.0625
25,161000.0,78400.0,66900.0,1027000,241000.0,15700,4,2,2,MONTHLY,MEDIUM,SHORT_TERM_GOAL,55.0,MEDIUM,0.5315734989648033,0.48695652173913045,0.09751552795031056,0.12474120082815734
55,75000.0,36200.0,4100.0,315000,2000.0,34700,8,2,2,LUMP_SUM,HIGH,WEALTH_CREATION,43.0,LOW,0.35,0.4826666666666667,0.46266666666666667,0.0022222222222222222
45,86000.0,60400.0,10200.0,617000,173000.0,15400,2,3,1,MONTHLY,HIGH,RETIREMENT,66.0,MEDIUM,0.5978682170542635,0.7023255813953488,0.17906976744186046,0.16763565891472867
41,122000.0,72200.0,34000.0,1107000,222000.0,15800,3,4,3,LUMP_SUM,LOW,RETIREMENT,99.0,HIGH,0.7561475409836066,0.5918032786885246,0.12950819672131147,0.15163934426229508
65,89000.0,63100.0,20100.0,1197000,572000.0,5800,11,3,4,RARELY,HIGH,EMERGENCY_FUND,66.0,MEDIUM,1.1207865168539326,0.7089887640449438,0.0651685393258427,0.5355805243445693
36,46000.0,30500.0,5100.0,318000,62000.0,10400,1,2,5,MONTHLY,HIGH,RETIREMENT,86.0,MEDIUM,0.5760869565217391,0.6630434782608695,0.22608695652173913,0.11231884057971014
42,60000.0,55200.0,0.0,477000,193000.0,22200,5,2,3,MONTHLY,LOW,TAX_SAVING,76.0,HIGH,0.6625,0.92,0.37,0.26805555555555555
28,71000.0,42800.0,21000.0,2496000,1188000.0,7200,13,2,4,RARELY,MEDIUM,WEALTH_CREATION,49.0,HIGH,2.9295774647887325,0.6028169014084507,0.10140845070422536,1.3943661971830985
50,32000.0,26700.0,0.0,482000,79000.0,6200,18,4,3,RARELY,MEDIUM,RETIREMENT,64.0,HIGH,1.2552083333333333,0.834375,0.19375,0.20572916666666666
47,36000.0,24900.0,6700.0,344000,68000.0,4400,1,2,4,QUARTERLY,HIGH,EMERGENCY_FUND,63.0,MEDIUM,0.7962962962962963,0.6916666666666667,0.12222222222222222,0.1574074074074074
57,36000.0,14000.0,13500.0,418000,36000.0,8500,3,1,1,MONTHLY,MEDIUM,TAX_SAVING,41.0,HIGH,0.9675925925925926,0.3888888888888889,0.2361111111111111,0.08333333333333333
28,102000.0,64400.0,35600.0,1704000,167000.0,2000,3,1,5,MONTHLY,MEDIUM,EMERGENCY_FUND,72.0,HIGH,1.392156862745098,0.6313725490196078,0.0196078431372549,0.136437908496732
43,232000.0,145400.0,74100.0,5898000,704000.0,12500,11,3,4,MONTHLY,HIGH,RETIREMENT,75.0,HIGH,2.1185344827586206,0.6267241379310344,0.05387931034482758,0.25287356321839083
56,135000.0,44700.0,64600.0,1840000,366000.0,25700,12,2,2,RARELY,MEDIUM,WEALTH_CREATION,60.0,HIGH,1.1358024691358024,0.33111111111111113,0.19037037037037038,0.22592592592592592
33,96000.0,67500.0,0.0,451000,73000.0,32200,16,1,5,MONTHLY,MEDIUM,TAX_SAVING,62.0,MEDIUM,0.3914930555555556,0.703125,0.33541666666666664,0.06336805555555555
65,191000.0,53700.0,86200.0,614000,273000.0,51100,11,4,3,QUARTERLY,MEDIUM,SHORT_TERM_GOAL,80.0,HIGH,0.26788830715532286,0.281151832460733,0.2675392670157068,0.11910994764397906
51,60000.0,43600.0,0.0,1498000,302000.0,16900,1,3,1,MONTHLY,LOW,WEALTH_CREATION,68.0,HIGH,2.0805555555555557,0.7266666666666667,0.2816666666666667,0.41944444444444445
54,65000.0,47400.0,3000.0,277000,36000.0,14600,4,1,2,MONTHLY,LOW,EMERGENCY_FUND,65.0,LOW,0.35512820512820514,0.7292307692307692,0.2246153846153846,0.046153846153846156
58,26000.0,12900.0,4500.0,126000,16000.0,8600,5,2,2,MONTHLY,MEDIUM,RETIREMENT,57.0,MEDIUM,0.40384615384615385,0.49615384615384617,0.33076923076923076,0.05128205128205128
54,103000.0,51100.0,40200.0,344000,45000.0,11700,4,1,3,MONTHLY,HIGH,SHORT_TERM_GOAL,46.0,LOW,0.2783171521035599,0.4961165048543689,0.11359223300970873,0.03640776699029126
32,70000.0,42300.0,0.0,947000,363000.0,31700,2,2,1,LUMP_SUM,MEDIUM,EMERGENCY_FUND,34.0,LOW,1.1273809523809524,0.6042857142857143,0.45285714285714285,0.43214285714285716
26,39000.0,23500.0,4100.0,274000,192000.0,11400,15,3,4,RARELY,MEDIUM,WEALTH_CREATION,71.0,HIGH,0.5854700854700855,0.6025641025641025,0.2923076923076923,0.41025641025641024
57,33000.0,18400.0,1800.0,469000,82000.0,12800,14,1,5,RARELY,LOW,SHORT_TERM_GOAL,69.0,MEDIUM,1.1843434343434343,0.5575757575757576,0.3878787878787879,0.20707070707070707
53,69000.0,43400.0,0.0,2744000,1171000.0,32700,12,1,3,MONTHLY,MEDIUM,RETIREMENT,62.0,HIGH,3.314009661835749,0.6289855072463768,0.47391304347826085,1.4142512077294687
26,54000.0,30500.0,12500.0,944000,258000.0,11000,22,1,2,LUMP_SUM,MEDIUM,WEALTH_CREATION,48.0,HIGH,1.4567901234567902,0.5648148148148148,0.2037037037037037,0.39814814814814814
60,60000.0,34000.0,12300.0,659000,33000.0,13700,3,2,4,RARELY,MEDIUM,RETIREMENT,60.0,HIGH,0.9152777777777777,0.5666666666666667,0.22833333333333333,0.04583333333333333
30,86000.0,64300.0,7500.0,178000,97000.0,14200,3,1,4,MONTHLY,LOW,SHORT_TERM_GOAL,88.0,LOW,0.17248062015503876,0.7476744186046511,0.16511627906976745,0.0939922480620155
43,83000.0,66400.0,6800.0,642000,178000.0,9800,18,5,3,RARELY,LOW,WEALTH_CREATION,81.0,HIGH,0.6445783132530121,0.8,0.1180722891566265,0.178714859437751
65,259000.0,143400.0,12300.0,1555000,476000.0,103300,13,2,2,MONTHLY,MEDIUM,SHORT_TERM_GOAL,62.0,LOW,0.5003217503217503,0.5536679536679536,0.39884169884169884,0.15315315315315314
52,124000.0,103200.0,0.0,781000,132000.0,25500,7,3,3,MONTHLY,MEDIUM,SHORT_TERM_GOAL,70.0,HIGH,0.5248655913978495,0.832258064516129,0.2056451612903226,0.08870967741935484
64,51000.0,35900.0,0.0,3071000,430000.0,25200,9,2,4,QUARTERLY,HIGH,TAX_SAVING,48.0,HIGH,5.01797385620915,0.703921568627451,0.49411764705882355,0.7026143790849673
24,110000.0,85400.0,0.0,1971000,293000.0,30500,10,2,4,RARELY,HIGH,TAX_SAVING,42.0,HIGH,1.4931818181818182,0.7763636363636364,0.2772727272727273,0.22196969696969698
49,94000.0,62700.0,15900.0,723000,29000.0,15400,3,4,4,MONTHLY,MEDIUM,RETIREMENT,85.0,HIGH,0.6409574468085106,0.6670212765957447,0.16382978723404254,0.025709219858156027
51,69000.0,50800.0,10800.0,603000,334000.0,7400,8,5,1,RARELY,MEDIUM,EMERGENCY_FUND,60.0,MEDIUM,0.7282608695652174,0.736231884057971,0.1072463768115942,0.4033816425120773
41,75000.0,43700.0,26800.0,580000,172000.0,4500,6,2,1,LUMP_SUM,HIGH,SHORT_TERM_GOAL,41.0,MEDIUM,0.6444444444444445,0.5826666666666667,0.06,0.19111111111111112
60,78000.0,59400.0,15800.0,1484000,983000.0,2800,5,1,2,MONTHLY,HIGH,WEALTH_CREATION,28.0,HIGH,1.5854700854700854,0.7615384615384615,0.035897435897435895,1.0502136752136753
51,111000.0,63400.0,36300.0,765000,270000.0,11300,12,2,3,MONTHLY,MEDIUM,WEALTH_CREATION,60.0,HIGH,0.5743243243243243,0.5711711711711712,0.1018018018018018,0.20270270270270271
55,22000.0,12800.0,0.0,220000,43000.0,9200,19,3,1,QUARTERLY,MEDIUM,RETIREMENT,57.0,MEDIUM,0.8333333333333334,0.5818181818181818,0.41818181818181815,0.16287878787878787
63,62000.0,13800.0,43500.0,205000,89000.0,4700,7,3,3,MONTHLY,MEDIUM,RETIREMENT,76.0,HIGH,0.27553763440860213,0.22258064516129034,0.07580645161290323,0.1196236559139785
36,76000.0,36300.0,18100.0,1357000,569000.0,21600,2,1,4,MONTHLY,HIGH,TAX_SAVING,60.0,HIGH,1.4879385964912282,0.4776315789473684,0.28421052631578947,0.6239035087719298
57,96000.0,51800.0,17800.0,1048000,262000.0,26400,16,2,2,RARELY,LOW,SHORT_TERM_GOAL,61.0,HIGH,0.9097222222222222,0.5395833333333333,0.275,0.22743055555555555
64,110000.0,101200.0,0.0,2187000,477000.0,11000,9,1,4,MONTHLY,MEDIUM,EMERGENCY_FUND,71.0,HIGH,1.6568181818181817,0.92,0.1,0.3613636363636364
56,53000.0,40200.0,0.0,314000,177000.0,27400,3,2,4,MONTHLY,MEDIUM,RETIREMENT,66.0,MEDIUM,0.4937106918238994,0.7584905660377359,0.5169811320754717,0.2783018867924528
40,33000.0,26500.0,0.0,51000,15000.0,11400,2,1,1,MONTHLY,LOW,TAX_SAVING,48.0,LOW,0.12878787878787878,0.803030303030303,0.34545454545454546,0.03787878787878788
