age,monthly_income,monthly_expenses,monthly_surplus,savings,existing_investments,monthly_emi,investment_horizon,investment_experience,reaction_to_market_loss,investment_frequency,liquidity_preference,investment_goal,risk_questionnaire_score,risk_profile
61,50000.0,41500.0,0.0,982000,405000.0,14300,17,3,1,MONTHLY,MEDIUM,WEALTH_CREATION,70.0,HIGH
45,109000.0,59500.0,15800.0,1865000,145000.0,33700,5,1,2,MONTHLY,MEDIUM,TAX_SAVING,47.0,HIGH
34,113000.0,67200.0,8400.0,939000,422000.0,37400,1,4,4,MONTHLY,LOW,SHORT_TERM_GOAL,94.0,MEDIUM
34,84000.0,43300.0,31300.0,976000,357000.0,9400,14,2,1,MONTHLY,HIGH,RETIREMENT,63.0,HIGH
21,80000.0,65500.0,0.0,67000,20000.0,32600,2,3,4,QUARTERLY,MEDIUM,RETIREMENT,77.0,MEDIUM
54,177000.0,40100.0,96900.0,1675000,58000.0,40000,9,1,3,RARELY,LOW,RETIREMENT,37.0,LOW
55,143000.0,83300.0,34100.0,918000,18000.0,25600,12,1,1,MONTHLY,MEDIUM,RETIREMENT,37.0,MEDIUM
55,75000.0,60100.0,0.0,1254000,250000.0,34600,2,2,2,RARELY,LOW,WEALTH_CREATION,48.0,MEDIUM
38,49000.0,43000.0,0.0,672000,409000.0,10600,14,1,3,LUMP_SUM,HIGH,TAX_SAVING,54.0,HIGH
34,66000.0,48400.0,14300.0,320000,16000.0,3300,4,1,5,MONTHLY,MEDIUM,TAX_SAVING,63.0,HIGH
54,52000.0,28700.0,17900.0,2118000,25000.0,5400,9,2,1,MONTHLY,LOW,WEALTH_CREATION,54.0,HIGH
55,108000.0,85000.0,21300.0,442000,115000.0,1700,3,3,2,QUARTERLY,HIGH,EMERGENCY_FUND,65.0,LOW
38,34000.0,31200.0,500.0,167000,113000.0,2300,9,2,1,MONTHLY,HIGH,SHORT_TERM_GOAL,64.0,MEDIUM
64,50000.0,32800.0,0.0,318000,138000.0,19200,1,3,2,RARELY,HIGH,SHORT_TERM_GOAL,52.0,LOW
65,102000.0,70600.0,13300.0,629000,410000.0,18100,6,5,3,RARELY,LOW,SHORT_TERM_GOAL,78.0,HIGH
37,33000.0,30300.0,0.0,527000,327000.0,9100,20,4,3,LUMP_SUM,LOW,SHORT_TERM_GOAL,72.0,HIGH
41,58000.0,42700.0,7100.0,1108000,265000.0,8200,14,1,1,QUARTERLY,MEDIUM,WEALTH_CREATION,49.0,HIGH
64,26000.0,9800.0,10200.0,404000,67000.0,6000,16,4,4,MONTHLY,HIGH,TAX_SAVING,71.0,HIGH
28,53000.0,20300.0,24600.0,728000,242000.0,8100,14,2,3,MONTHLY,LOW,WEALTH_CREATION,51.0,HIGH
55,58000.0,44000.0,7000.0,180000,19000.0,7000,8,5,2,MONTHLY,HIGH,EMERGENCY_FUND,62.0,LOW
59,137000.0,81300.0,39700.0,3690000,1240000.0,16000,5,2,2,RARELY,MEDIUM,SHORT_TERM_GOAL,60.0,HIGH
51,126000.0,96200.0,0.0,2579000,1390000.0,49500,13,1,4,RARELY,LOW,WEALTH_CREATION,57.0,HIGH
45,46000.0,38500.0,0.0,916000,199000.0,9200,5,4,4,MONTHLY,HIGH,TAX_SAVING,89.0,HIGH
48,34000.0,13500.0,15100.0,269000,111000.0,5400,4,2,4,QUARTERLY,MEDIUM,WEALTH_CREATION,64.0,HIGH
52,20000.0,8800.0,200.0,84000,17000.0,11000,8,3,1,MONTHLY,MEDIUM,WEALTH_CREATION,77.0,LOW
54,71000.0,37700.0,16100.0,555000,86000.0,17200,14,2,5,RARELY,MEDIUM,RETIREMENT,66.0,HIGH
29,78000.0,65900.0,0.0,1088000,48000.0,14600,6,1,3,MONTHLY,LOW,TAX_SAVING,79.0,HIGH
28,72000.0,66200.0,0.0,1490000,328000.0,13500,4,1,2,QUARTERLY,LOW,RETIREMENT,53.0,HIGH
23,27000.0,15300.0,5700.0,471000,88000.0,6000,15,1,1,MONTHLY,HIGH,TAX_SAVING,28.0,HIGH
65,48000.0,33600.0,8200.0,1898000,136000.0,6200,1,3,4,QUARTERLY,HIGH,WEALTH_CREATION,62.0,HIGH
38,32000.0,15800.0,14000.0,431000,152000.0,2200,22,2,3,RARELY,MEDIUM,RETIREMENT,49.0,HIGH
44,83000.0,55800.0,8400.0,703000,154000.0,18800,12,1,1,MONTHLY,LOW,EMERGENCY_FUND,69.0,HIGH
62,123000.0,71300.0,37400.0,3870000,658000.0,14300,8,4,2,MONTHLY,MEDIUM,SHORT_TERM_GOAL,66.0,HIGH
55,64000.0,40000.0,11000.0,630000,140000.0,13000,6,5,4,LUMP_SUM,LOW,SHORT_TERM_GOAL,100.0,HIGH
42,58000.0,21600.0,22100.0,859000,332000.0,14300,5,3,4,RARELY,LOW,WEALTH_CREATION,82.0,HIGH
35,99000.0,35100.0,60300.0,929000,50000.0,3600,2,2,3,LUMP_SUM,LOW,WEALTH_CREATION,78.0,HIGH
36,65000.0,41900.0,15800.0,463000,27000.0,7300,25,4,1,MONTHLY,MEDIUM,WEALTH_CREATION,82.0,HIGH
63,59000.0,34600.0,2200.0,2931000,572000.0,22200,4,3,4,LUMP_SUM,LOW,WEALTH_CREATION,83.0,HIGH
49,33000.0,28300.0,0.0,536000,20000.0,6400,5,4,4,MONTHLY,LOW,EMERGENCY_FUND,100.0,HIGH
64,104000.0,89100.0,0.0,2010000,115000.0,19400,20,1,3,MONTHLY,HIGH,WEALTH_CREATION,39.0,HIGH
65,136000.0,83700.0,28700.0,1239000,81000.0,23600,6,2,1,MONTHLY,HIGH,RETIREMENT,40.0,MEDIUM
59,93000.0,39400.0,17900.0,606000,341000.0,35700,23,2,4,MONTHLY,HIGH,WEALTH_CREATION,57.0,HIGH
58,54000.0,46900.0,0.0,930000,492000.0,11800,17,2,3,RARELY,LOW,RETIREMENT,68.0,HIGH
52,94000.0,71500.0,15900.0,1965000,626000.0,6600,14,1,3,RARELY,MEDIUM,SHORT_TERM_GOAL,31.0,HIGH
47,50000.0,27900.0,12200.0,173000,81000.0,9900,5,1,2,LUMP_SUM,HIGH,SHORT_TERM_GOAL,42.0,LOW
59,54000.0,11100.0,31600.0,246000,28000.0,11300,9,3,3,LUMP_SUM,MEDIUM,TAX_SAVING,63.0,HIGH
22,23000.0,13000.0,9800.0,76000,3000.0,200,5,2,4,LUMP_SUM,MEDIUM,WEALTH_CREATION,77.0,HIGH
60,60000.0,39000.0,1500.0,636000,233000.0,19500,3,5,1,MONTHLY,HIGH,EMERGENCY_FUND,70.0,LOW
28,40000.0,22600.0,0.0,2605000,630000.0,22000,2,1,2,RARELY,MEDIUM,EMERGENCY_FUND,31.0,HIGH
27,36000.0,21100.0,5800.0,319000,84000.0,9100,5,3,4,RARELY,LOW,WEALTH_CREATION,82.0,HIGH
62,82000.0,34900.0,25900.0,578000,102000.0,21200,14,2,2,MONTHLY,MEDIUM,WEALTH_CREATION,56.0,HIGH
62,82000.0,58700.0,11900.0,967000,353000.0,11400,1,1,5,MONTHLY,HIGH,RETIREMENT,69.0,HIGH
49,77000.0,58300.0,0.0,1067000,411000.0,42300,21,2,1,MONTHLY,MEDIUM,SHORT_TERM_GOAL,49.0,MEDIUM
63,51000.0,42600.0,2800.0,1747000,579000.0,5600,6,2,1,MONTHLY,HIGH,RETIREMENT,46.0,HIGH
25,26000.0,10900.0,7600.0,367000,27000.0,7500,18,3,1,MONTHLY,HIGH,SHORT_TERM_GOAL,53.0,MEDIUM
49,47000.0,21000.0,11800.0,1070000,342000.0,14200,17,1,3,MONTHLY,HIGH,EMERGENCY_FUND,47.0,HIGH
26,93000.0,64600.0,6400.0,952000,63000.0,22000,6,1,5,RARELY,MEDIUM,EMERGENCY_FUND,60.0,MEDIUM
51,82000.0,59000.0,0.0,1532000,536000.0,30500,1,2,4,MONTHLY,LOW,SHORT_TERM_GOAL,80.0,HIGH
53,85000.0,52500.0,14700.0,1139000,898000.0,17800,1,2,2,LUMP_SUM,MEDIUM,WEALTH_CREATION,56.0,HIGH
27,174000.0,148500.0,1700.0,1144000,239000.0,23800,1,3,3,MONTHLY,LOW,WEALTH_CREATION,100.0,HIGH
53,39000.0,22400.0,7400.0,1029000,324000.0,9200,6,3,2,MONTHLY,MEDIUM,RETIREMENT,69.0,HIGH
39,55000.0,33900.0,7000.0,1140000,53000.0,14100,4,5,5,MONTHLY,MEDIUM,RETIREMENT,100.0,HIGH
22,28000.0,17500.0,9000.0,338000,143000.0,1500,9,2,2,LUMP_SUM,LOW,WEALTH_CREATION,60.0,HIGH
45,158000.0,68300.0,76500.0,592000,24000.0,13200,15,5,5,LUMP_SUM,HIGH,RETIREMENT,91.0,HIGH
31,124000.0,66800.0,45700.0,2589000,1031000.0,11500,12,2,4,RARELY,LOW,SHORT_TERM_GOAL,70.0,HIGH
64,67000.0,32300.0,9100.0,316000,179000.0,25600,3,4,2,RARELY,MEDIUM,WEALTH_CREATION,71.0,MEDIUM
56,37000.0,20900.0,6800.0,612000,253000.0,9300,2,5,4,MONTHLY,LOW,TAX_SAVING,100.0,HIGH
61,74000.0,43800.0,23400.0,704000,72000.0,6800,2,4,2,RARELY,MEDIUM,RETIREMENT,66.0,MEDIUM
27,48000.0,29100.0,15700.0,272000,24000.0,3200,14,2,3,QUARTERLY,MEDIUM,WEALTH_CREATION,71.0,HIGH
36,43000.0,23900.0,18100.0,359000,174000.0,1000,3,2,1,QUARTERLY,HIGH,WEALTH_CREATION,56.0,HIGH
28,72000.0,54200.0,0.0,2575000,434000.0,23600,5,2,3,RARELY,MEDIUM,RETIREMENT,66.0,HIGH
57,23000.0,13900.0,6600.0,239000,105000.0,2500,10,1,3,QUARTERLY,HIGH,WEALTH_CREATION,48.0,HIGH
65,53000.0,29600.0,10500.0,150000,14000.0,12900,5,1,5,MONTHLY,MEDIUM,EMERGENCY_FUND,65.0,LOW
65,43000.0,16900.0,21600.0,321000,73000.0,4500,9,2,5,MONTHLY,MEDIUM,EMERGENCY_FUND,83.0,HIGH
26,51000.0,31200.0,17300.0,191000,49000.0,2500,11,1,2,LUMP_SUM,LOW,EMERGENCY_FUND,65.0,HIGH
31,20000.0,12500.0,5200.0,268000,59000.0,2300,6,2,5,RARELY,HIGH,SHORT_TERM_GOAL,74.0,HIGH
27,121000.0,48400.0,34600.0,781000,115000.0,38000,1,1,2,LUMP_SUM,LOW,TAX_SAVING,58.0,LOW
48,67000.0,33100.0,7400.0,502000,54000.0,26500,1,1,2,MONTHLY,MEDIUM,SHORT_TERM_GOAL,50.0,LOW
28,56000.0,44500.0,0.0,1848000,763000.0,11700,8,2,2,RARELY,LOW,EMERGENCY_FUND,54.0,HIGH
55,40000.0,22300.0,6500.0,148000,75000.0,11200,15,3,2,RARELY,HIGH,TAX_SAVING,57.0,MEDIUM
25,68000.0,62500.0,0.0,1701000,194000.0,18100,16,3,5,MONTHLY,HIGH,RETIREMENT,65.0,HIGH
50,54000.0,37700.0,12400.0,308000,6000.0,3900,4,1,4,MONTHLY,MEDIUM,WEALTH_CREATION,72.0,MEDIUM
41,91000.0,60800.0,0.0,932000,420000.0,41600,9,1,2,LUMP_SUM,MEDIUM,RETIREMENT,41.0,MEDIUM
40,41000.0,19000.0,12500.0,949000,267000.0,9500,4,1,3,RARELY,HIGH,WEALTH_CREATION,40.0,HIGH
38,49000.0,33300.0,0.0,371000,90000.0,16400,13,3,4,RARELY,MEDIUM,EMERGENCY_FUND,72.0,LOW
41,100000.0,69100.0,3800.0,1472000,858000.0,27100,9,1,1,MONTHLY,HIGH,TAX_SAVING,33.0,MEDIUM
42,36000.0,22500.0,3100.0,465000,82000.0,10400,18,5,5,QUARTERLY,HIGH,WEALTH_CREATION,100.0,HIGH
21,39000.0,22300.0,4700.0,398000,148000.0,12000,1,2,1,QUARTERLY,MEDIUM,SHORT_TERM_GOAL,67.0,LOW
64,22000.0,17000.0,800.0,235000,14000.0,4200,12,1,4,MONTHLY,HIGH,TAX_SAVING,77.0,HIGH
45,69000.0,45000.0,13500.0,908000,47000.0,10500,9,1,5,MONTHLY,HIGH,TAX_SAVING,66.0,HIGH
46,117000.0,50200.0,17900.0,2689000,1703000.0,48900,1,2,3,QUARTERLY,HIGH,WEALTH_CREATION,52.0,HIGH
49,65000.0,26700.0,9700.0,1794000,79000.0,28600,13,1,1,MONTHLY,MEDIUM,RETIREMENT,45.0,HIGH
32,57000.0,31000.0,23100.0,432000,175000.0,2900,3,1,2,MONTHLY,LOW,WEALTH_CREATION,59.0,HIGH
44,48000.0,42500.0,0.0,579000,66000.0,16400,5,3,4,RARELY,LOW,WEALTH_CREATION,84.0,HIGH
41,39000.0,19900.0,11300.0,255000,73000.0,7800,3,3,1,LUMP_SUM,HIGH,WEALTH_CREATION,62.0,MEDIUM
25,55000.0,18200.0,24100.0,382000,127000.0,12700,9,3,1,LUMP_SUM,MEDIUM,RETIREMENT,55.0,HIGH
62,87000.0,54500.0,13000.0,1187000,406000.0,19500,10,2,2,MONTHLY,LOW,RETIREMENT,44.0,HIGH
30,53000.0,31800.0,0.0,1374000,163000.0,21400,13,2,3,MONTHLY,MEDIUM,RETIREMENT,71.0,HIGH
32,83000.0,69400.0,4600.0,580000,67000.0,9000,7,1,4,QUARTERLY,MEDIUM,TAX_SAVING,66.0,MEDIUM
43,51000.0,24600.0,23300.0,519000,156000.0,3100,2,2,3,QUARTERLY,MEDIUM,RETIREMENT,45.0,HIGH
32,73000.0,51700.0,6000.0,379000,108000.0,15300,8,1,1,LUMP_SUM,MEDIUM,WEALTH_CREATION,47.0,LOW
50,86000.0,51300.0,18400.0,1143000,238000.0,16300,3,2,4,LUMP_SUM,LOW,SHORT_TERM_GOAL,83.0,HIGH
26,93000.0,65000.0,15900.0,442000,79000.0,12100,12,1,2,RARELY,HIGH,TAX_SAVING,22.0,MEDIUM
47,98000.0,83400.0,0.0,1616000,256000.0,24000,17,1,3,MONTHLY,HIGH,RETIREMENT,59.0,HIGH
21,100000.0,78700.0,9900.0,928000,163000.0,11400,18,3,1,QUARTERLY,HIGH,WEALTH_CREATION,38.0,HIGH
50,26000.0,15000.0,8100.0,162000,26000.0,2900,12,1,3,LUMP_SUM,LOW,RETIREMENT,66.0,HIGH
64,62000.0,35600.0,0.0,277000,26000.0,27800,15,4,3,LUMP_SUM,LOW,TAX_SAVING,89.0,HIGH
43,116000.0,64800.0,43600.0,310000,149000.0,7600,5,1,2,MONTHLY,MEDIUM,TAX_SAVING,40.0,LOW
65,103000.0,55500.0,35100.0,558000,161000.0,12400,1,2,2,MONTHLY,HIGH,RETIREMENT,49.0,MEDIUM
51,67000.0,39600.0,16100.0,848000,128000.0,11300,15,2,2,LUMP_SUM,HIGH,TAX_SAVING,60.0,HIGH
36,59000.0,30200.0,1600.0,1405000,864000.0,27200,14,1,4,LUMP_SUM,LOW,EMERGENCY_FUND,64.0,HIGH
57,84000.0,56900.0,2300.0,416000,2000.0,24800,3,5,1,RARELY,HIGH,TAX_SAVING,60.0,LOW
41,52000.0,25300.0,6400.0,788000,121000.0,20300,7,2,3,LUMP_SUM,LOW,SHORT_TERM_GOAL,77.0,HIGH
21,73000.0,36500.0,24700.0,478000,113000.0,11800,16,2,5,MONTHLY,HIGH,TAX_SAVING,61.0,HIGH
46,26000.0,6200.0,16400.0,234000,80000.0,3400,14,2,1,MONTHLY,MEDIUM,RETIREMENT,63.0,HIGH
34,60000.0,31600.0,5200.0,327000,12000.0,23200,2,1,4,MONTHLY,LOW,EMERGENCY_FUND,75.0,LOW
46,47000.0,23000.0,15300.0,90000,5000.0,8700,1,3,1,MONTHLY,LOW,WEALTH_CREATION,59.0,MEDIUM
60,90000.0,53200.0,18100.0,854000,382000.0,18700,9,1,2,LUMP_SUM,MEDIUM,EMERGENCY_FUND,41.0,MEDIUM
41,58000.0,33200.0,22400.0,166000,14000.0,2400,6,4,4,MONTHLY,MEDIUM,EMERGENCY_FUND,96.0,HIGH
22,88000.0,25000.0,52500.0,1201000,308000.0,10500,8,1,3,RARELY,MEDIUM,WEALTH_CREATION,54.0,HIGH
24,132000.0,101600.0,17300.0,759000,214000.0,13100,10,1,2,LUMP_SUM,LOW,EMERGENCY_FUND,51.0,HIGH
46,71000.0,35200.0,27100.0,210000,45000.0,8700,11,5,4,LUMP_SUM,HIGH,WEALTH_CREATION,92.0,HIGH
65,38000.0,23700.0,8200.0,507000,107000.0,6100,3,1,4,MONTHLY,MEDIUM,SHORT_TERM_GOAL,67.0,HIGH
45,54000.0,35800.0,0.0,1018000,360000.0,23000,6,2,3,MONTHLY,LOW,WEALTH_CREATION,80.0,HIGH
51,42000.0,37300.0,0.0,190000,25000.0,5700,4,2,2,MONTHLY,LOW,EMERGENCY_FUND,76.0,LOW
43,108000.0,60600.0,42700.0,1540000,578000.0,4700,16,1,3,QUARTERLY,MEDIUM,SHORT_TERM_GOAL,70.0,HIGH
49,35000.0,27600.0,0.0,575000,46000.0,19200,10,2,2,MONTHLY,LOW,TAX_SAVING,67.0,HIGH
27,70000.0,16800.0,42900.0,322000,132000.0,10300,10,3,1,RARELY,MEDIUM,WEALTH_CREATION,50.0,MEDIUM
44,51000.0,19000.0,27000.0,326000,40000.0,5000,3,4,4,LUMP_SUM,HIGH,EMERGENCY_FUND,78.0,MEDIUM
40,92000.0,56200.0,4300.0,275000,33000.0,31500,19,3,2,QUARTERLY,MEDIUM,SHORT_TERM_GOAL,54.0,LOW
43,140000.0,81900.0,47900.0,824000,7000.0,10200,10,1,2,RARELY,MEDIUM,SHORT_TERM_GOAL,50.0,LOW
45,122000.0,59600.0,50000.0,2718000,706000.0,12400,5,1,2,MONTHLY,MEDIUM,SHORT_TERM_GOAL,49.0,HIGH
54,87000.0,44500.0,13100.0,889000,473000.0,29400,4,2,4,RARELY,MEDIUM,RETIREMENT,50.0,HIGH
56,47000.0,17200.0,27500.0,133000,28000.0,2300,5,3,2,MONTHLY,MEDIUM,SHORT_TERM_GOAL,51.0,HIGH
58,80000.0,41300.0,33400.0,191000,14000.0,5300,9,1,4,LUMP_SUM,LOW,RETIREMENT,70.0,HIGH
51,59000.0,40800.0,13500.0,384000,81000.0,4700,3,4,2,MONTHLY,HIGH,TAX_SAVING,59.0,HIGH
29,20000.0,11000.0,6400.0,363000,30000.0,2600,17,1,3,MONTHLY,HIGH,TAX_SAVING,56.0,HIGH
65,34000.0,20100.0,12000.0,284000,61000.0,1900,18,2,3,MONTHLY,HIGH,RETIREMENT,47.0,HIGH
54,132000.0,71300.0,35800.0,419000,220000.0,24900,18,3,3,RARELY,MEDIUM,WEALTH_CREATION,67.0,HIGH
39,44000.0,14000.0,24900.0,408000,285000.0,5100,6,2,1,MONTHLY,MEDIUM,EMERGENCY_FUND,50.0,MEDIUM
47,132000.0,106500.0,16600.0,2168000,911000.0,8900,1,3,4,RARELY,LOW,SHORT_TERM_GOAL,88.0,HIGH
23,72000.0,52300.0,7800.0,1030000,267000.0,11900,11,3,1,RARELY,HIGH,TAX_SAVING,63.0,HIGH
53,65000.0,43500.0,14000.0,718000,179000.0,7500,8,3,1,MONTHLY,MEDIUM,WEALTH_CREATION,61.0,HIGH
60,215000.0,158600.0,4900.0,7510000,2788000.0,51500,7,1,3,MONTHLY,MEDIUM,TAX_SAVING,63.0,HIGH
44,80000.0,53200.0,0.0,620000,87000.0,36100,2,2,5,RARELY,MEDIUM,EMERGENCY_FUND,75.0,LOW
53,33000.0,22800.0,6400.0,394000,187000.0,3800,10,4,3,MONTHLY,HIGH,SHORT_TERM_GOAL,76.0,HIGH
42,148000.0,108100.0,0.0,6640000,1045000.0,52500,11,5,3,RARELY,MEDIUM,TAX_SAVING,87.0,HIGH
43,76000.0,52500.0,2300.0,957000,98000.0,21200,23,3,1,MONTHLY,HIGH,WEALTH_CREATION,45.0,HIGH
49,111000.0,71200.0,5600.0,1818000,170000.0,34200,15,4,4,LUMP_SUM,HIGH,RETIREMENT,93.0,HIGH
33,52000.0,23500.0,8300.0,512000,138000.0,20200,5,3,1,MONTHLY,MEDIUM,WEALTH_CREATION,73.0,MEDIUM
63,27000.0,15100.0,5600.0,361000,54000.0,6300,5,5,3,MONTHLY,MEDIUM,EMERGENCY_FUND,90.0,HIGH
43,38000.0,21100.0,5700.0,542000,115000.0,11200,18,1,3,RARELY,LOW,SHORT_TERM_GOAL,54.0,HIGH
25,31000.0,20900.0,0.0,121000,10000.0,10400,6,2,2,MONTHLY,MEDIUM,WEALTH_CREATION,74.0,MEDIUM
25,118000.0,74200.0,36800.0,1794000,567000.0,7000,9,5,1,LUMP_SUM,HIGH,EMERGENCY_FUND,63.0,HIGH
21,74000.0,46700.0,12900.0,662000,331000.0,14400,16,1,1,LUMP_SUM,HIGH,SHORT_TERM_GOAL,33.0,HIGH
50,76000.0,31000.0,16800.0,1342000,321000.0,28200,5,3,3,MONTHLY,MEDIUM,EMERGENCY_FUND,81.0,HIGH
41,48000.0,29200.0,2800.0,445000,27000.0,16000,2,2,2,RARELY,LOW,WEALTH_CREATION,47.0,MEDIUM
22,133000.0,85400.0,45200.0,1909000,356000.0,2400,2,2,1,MONTHLY,LOW,WEALTH_CREATION,85.0,HIGH
64,34000.0,17800.0,7400.0,94000,3000.0,8800,1,5,2,LUMP_SUM,MEDIUM,EMERGENCY_FUND,81.0,LOW
55,73000.0,37300.0,20900.0,407000,347000.0,14800,7,1,3,MONTHLY,LOW,WEALTH_CREATION,53.0,HIGH
63,20000.0,11700.0,2800.0,311000,122000.0,5500,21,2,3,MONTHLY,HIGH,TAX_SAVING,49.0,HIGH
49,80000.0,54900.0,8100.0,1326000,634000.0,17000,19,2,1,MONTHLY,LOW,WEALTH_CREATION,41.0,HIGH
64,60000.0,46100.0,2300.0,297000,14000.0,11600,14,3,3,MONTHLY,LOW,RETIREMENT,88.0,HIGH
45,32000.0,28900.0,0.0,732000,230000.0,9400,15,2,1,MONTHLY,MEDIUM,WEALTH_CREATION,42.0,HIGH
60,34000.0,21200.0,0.0,297000,39000.0,13500,11,3,3,LUMP_SUM,LOW,WEALTH_CREATION,68.0,HIGH
56,93000.0,65500.0,24300.0,2436000,998000.0,3200,10,3,5,MONTHLY,MEDIUM,WEALTH_CREATION,93.0,HIGH
32,83000.0,57200.0,23300.0,370000,75000.0,2500,1,1,2,RARELY,HIGH,WEALTH_CREATION,46.0,LOW
59,147000.0,86800.0,47900.0,1064000,276000.0,12300,4,2,2,QUARTERLY,LOW,WEALTH_CREATION,67.0,HIGH
58,127000.0,77700.0,8100.0,1978000,330000.0,41200,5,2,1,MONTHLY,LOW,TAX_SAVING,69.0,HIGH
33,66000.0,56800.0,0.0,712000,30000.0,27200,11,2,4,QUARTERLY,LOW,RETIREMENT,71.0,HIGH
57,131000.0,120500.0,0.0,4421000,1413000.0,15200,3,5,3,MONTHLY,MEDIUM,WEALTH_CREATION,90.0,HIGH
41,25000.0,20600.0,1400.0,255000,40000.0,3000,6,2,3,RARELY,MEDIUM,EMERGENCY_FUND,54.0,LOW
56,59000.0,51100.0,1000.0,926000,306000.0,6900,1,3,3,QUARTERLY,MEDIUM,WEALTH_CREATION,91.0,HIGH
37,51000.0,39600.0,4600.0,999000,119000.0,6800,2,2,3,RARELY,HIGH,TAX_SAVING,57.0,MEDIUM
60,103000.0,72600.0,16700.0,1835000,500000.0,13700,21,2,1,MONTHLY,HIGH,TAX_SAVING,48.0,HIGH
26,42000.0,22200.0,17300.0,734000,322000.0,2500,7,1,3,MONTHLY,LOW,RETIREMENT,82.0,HIGH
50,44000.0,37900.0,2700.0,731000,294000.0,3400,15,2,2,MONTHLY,MEDIUM,WEALTH_CREATION,58.0,HIGH
43,42000.0,14000.0,18200.0,696000,212000.0,9800,17,2,2,LUMP_SUM,MEDIUM,EMERGENCY_FUND,56.0,HIGH
61,23000.0,19900.0,0.0,321000,29000.0,5400,4,3,1,MONTHLY,LOW,RETIREMENT,60.0,HIGH
38,35000.0,24000.0,10300.0,379000,41000.0,700,6,2,1,RARELY,MEDIUM,RETIREMENT,67.0,HIGH
36,22000.0,17900.0,3200.0,117000,71000.0,900,5,2,1,LUMP_SUM,HIGH,WEALTH_CREATION,48.0,MEDIUM
38,75000.0,47300.0,19900.0,1304000,408000.0,7800,13,1,2,MONTHLY,MEDIUM,WEALTH_CREATION,45.0,HIGH
56,202000.0,137100.0,42600.0,2141000,1124000.0,22300,13,1,4,RARELY,MEDIUM,WEALTH_CREATION,46.0,HIGH
37,71000.0,51800.0,0.0,1459000,840000.0,20900,15,1,3,LUMP_SUM,LOW,WEALTH_CREATION,55.0,HIGH
27,67000.0,44400.0,10200.0,1247000,553000.0,12400,1,4,2,QUARTERLY,HIGH,WEALTH_CREATION,61.0,HIGH
56,73000.0,41300.0,19000.0,645000,220000.0,12700,14,2,3,LUMP_SUM,MEDIUM,WEALTH_CREATION,65.0,HIGH
53,55000.0,43600.0,2100.0,700000,308000.0,9300,19,1,5,MONTHLY,MEDIUM,EMERGENCY_FUND,73.0,HIGH
54,44000.0,26200.0,6300.0,594000,188000.0,11500,4,4,2,MONTHLY,MEDIUM,TAX_SAVING,71.0,HIGH
25,183000.0,138900.0,10700.0,1677000,933000.0,33400,5,3,2,RARELY,HIGH,WEALTH_CREATION,64.0,MEDIUM
21,93000.0,41100.0,47200.0,476000,31000.0,4700,2,2,4,MONTHLY,MEDIUM,RETIREMENT,74.0,HIGH
37,30000.0,18900.0,8900.0,151000,98000.0,2200,5,4,1,LUMP_SUM,MEDIUM,WEALTH_CREATION,60.0,HIGH
22,89000.0,72400.0,7200.0,1106000,246000.0,9400,2,3,2,QUARTERLY,LOW,EMERGENCY_FUND,71.0,HIGH
28,46000.0,22500.0,20000.0,525000,228000.0,3500,8,1,1,MONTHLY,MEDIUM,WEALTH_CREATION,58.0,HIGH
25,57000.0,40100.0,0.0,463000,76000.0,17700,8,2,5,MONTHLY,LOW,RETIREMENT,84.0,HIGH
31,54000.0,49600.0,0.0,459000,70000.0,8600,12,4,3,MONTHLY,MEDIUM,RETIREMENT,83.0,HIGH
49,69000.0,56600.0,8800.0,599000,253000.0,3600,19,1,3,RARELY,LOW,WEALTH_CREATION,66.0,HIGH
41,122000.0,57700.0,54300.0,1206000,192000.0,10000,8,2,3,LUMP_SUM,MEDIUM,SHORT_TERM_GOAL,68.0,HIGH
33,42000.0,26200.0,400.0,829000,496000.0,15400,10,4,4,MONTHLY,HIGH,TAX_SAVING,70.0,HIGH
23,68000.0,43600.0,13800.0,1115000,228000.0,10600,7,2,3,MONTHLY,MEDIUM,WEALTH_CREATION,65.0,HIGH
53,36000.0,16700.0,13200.0,166000,11000.0,6100,12,1,1,MONTHLY,MEDIUM,RETIREMENT,34.0,HIGH
53,75000.0,43000.0,28000.0,297000,77000.0,4000,21,1,4,MONTHLY,MEDIUM,RETIREMENT,66.0,HIGH
52,36000.0,14900.0,9500.0,221000,108000.0,11600,1,4,3,RARELY,MEDIUM,SHORT_TERM_GOAL,81.0,MEDIUM
32,42000.0,20500.0,10400.0,932000,635000.0,11100,2,4,2,MONTHLY,LOW,WEALTH_CREATION,72.0,HIGH
61,68000.0,47200.0,4200.0,837000,103000.0,16600,10,2,4,QUARTERLY,HIGH,SHORT_TERM_GOAL,64.0,MEDIUM
33,75000.0,58900.0,1400.0,2326000,1634000.0,14700,5,3,3,MONTHLY,LOW,WEALTH_CREATION,69.0,HIGH
51,146000.0,120200.0,8300.0,1462000,194000.0,17500,13,1,3,MONTHLY,MEDIUM,EMERGENCY_FUND,66.0,MEDIUM
30,140000.0,63600.0,22000.0,284000,78000.0,54400,3,1,1,LUMP_SUM,HIGH,SHORT_TERM_GOAL,40.0,LOW
51,49000.0,30900.0,6700.0,674000,237000.0,11400,1,4,4,MONTHLY,HIGH,WEALTH_CREATION,84.0,HIGH
22,73000.0,53200.0,11400.0,318000,144000.0,8400,5,1,4,MONTHLY,LOW,WEALTH_CREATION,69.0,HIGH
49,58000.0,30400.0,21900.0,858000,241000.0,5700,15,1,5,LUMP_SUM,MEDIUM,WEALTH_CREATION,73.0,HIGH
27,57000.0,32800.0,20300.0,893000,440000.0,3900,8,2,3,MONTHLY,HIGH,TAX_SAVING,50.0,HIGH
27,41000.0,27600.0,0.0,881000,144000.0,16200,7,3,3,MONTHLY,MEDIUM,WEALTH_CREATION,86.0,HIGH
52,26000.0,15200.0,5700.0,477000,54000.0,5100,15,3,3,MONTHLY,MEDIUM,TAX_SAVING,79.0,HIGH
41,26000.0,17000.0,4800.0,1185000,365000.0,4200,16,1,5,RARELY,LOW,TAX_SAVING,74.0,HIGH
39,103000.0,58900.0,28200.0,1660000,79000.0,15900,3,5,3,MONTHLY,LOW,WEALTH_CREATION,90.0,HIGH
48,81000.0,35400.0,29900.0,667000,135000.0,15700,19,2,1,MONTHLY,MEDIUM,RETIREMENT,33.0,HIGH
26,20000.0,18400.0,0.0,125000,81000.0,10500,15,1,1,MONTHLY,HIGH,RETIREMENT,35.0,LOW
42,20000.0,12100.0,7500.0,221000,108000.0,400,15,3,2,MONTHLY,MEDIUM,SHORT_TERM_GOAL,68.0,HIGH
38,49000.0,29800.0,1000.0,391000,98000.0,18200,16,3,2,MONTHLY,MEDIUM,EMERGENCY_FUND,56.0,MEDIUM
43,37000.0,29600.0,300.0,858000,136000.0,7100,15,2,2,QUARTERLY,HIGH,WEALTH_CREATION,41.0,HIGH
48,89000.0,53500.0,17200.0,1631000,811000.0,18300,8,3,2,LUMP_SUM,MEDIUM,WEALTH_CREATION,71.0,HIGH
59,162000.0,94300.0,25100.0,1173000,184000.0,42600,3,1,4,MONTHLY,MEDIUM,WEALTH_CREATION,73.0,MEDIUM
49,41000.0,23500.0,9300.0,429000,323000.0,8200,11,1,1,MONTHLY,LOW,WEALTH_CREATION,49.0,HIGH
52,63000.0,39600.0,0.0,842000,284000.0,31000,1,5,3,MONTHLY,HIGH,WEALTH_CREATION,92.0,MEDIUM
39,78000.0,60200.0,13600.0,724000,366000.0,4200,12,2,3,MONTHLY,MEDIUM,WEALTH_CREATION,70.0,HIGH
49,52000.0,28900.0,2300.0,804000,45000.0,20800,18,2,2,LUMP_SUM,LOW,TAX_SAVING,76.0,HIGH
27,62000.0,23000.0,36300.0,852000,368000.0,2700,22,2,1,RARELY,HIGH,EMERGENCY_FUND,26.0,HIGH
28,27000.0,14500.0,9000.0,331000,173000.0,3500,17,1,1,RARELY,HIGH,TAX_SAVING,24.0,HIGH
51,83000.0,41100.0,29200.0,364000,5000.0,12700,2,2,4,QUARTERLY,LOW,EMERGENCY_FUND,70.0,MEDIUM
33,43000.0,21900.0,2900.0,456000,121000.0,18200,9,1,1,QUARTERLY,LOW,WEALTH_CREATION,38.0,MEDIUM
47,27000.0,13300.0,10800.0,189000,52000.0,2900,12,3,5,MONTHLY,LOW,TAX_SAVING,100.0,HIGH
50,63000.0,41000.0,13700.0,1032000,58000.0,8300,24,2,4,MONTHLY,HIGH,EMERGENCY_FUND,67.0,HIGH
58,126000.0,115900.0,0.0,5373000,818000.0,43200,12,2,2,MONTHLY,LOW,SHORT_TERM_GOAL,75.0,HIGH
31,255000.0,164100.0,60800.0,6132000,3240000.0,30100,4,5,3,LUMP_SUM,HIGH,WEALTH_CREATION,89.0,HIGH
24,77000.0,45100.0,7700.0,1486000,674000.0,24200,9,3,4,LUMP_SUM,HIGH,EMERGENCY_FUND,72.0,HIGH
41,54000.0,18800.0,10200.0,654000,41000.0,25000,5,3,4,RARELY,HIGH,SHORT_TERM_GOAL,81.0,MEDIUM
50,34000.0,27000.0,4000.0,180000,43000.0,3000,1,1,1,RARELY,HIGH,RETIREMENT,47.0,LOW
62,81000.0,64800.0,2500.0,771000,261000.0,13700,7,1,5,LUMP_SUM,MEDIUM,SHORT_TERM_GOAL,76.0,MEDIUM
63,92000.0,84600.0,0.0,2705000,613000.0,24300,1,4,4,RARELY,HIGH,WEALTH_CREATION,91.0,HIGH
53,38000.0,22100.0,12200.0,466000,148000.0,3700,13,4,1,QUARTERLY,MEDIUM,RETIREMENT,72.0,HIGH
26,43000.0,29500.0,0.0,1932000,356000.0,19600,1,3,2,LUMP_SUM,MEDIUM,RETIREMENT,74.0,HIGH
40,98000.0,61800.0,0.0,581000,37000.0,39500,23,1,5,LUMP_SUM,LOW,RETIREMENT,83.0,HIGH
56,60000.0,42700.0,2900.0,868000,188000.0,14400,11,3,1,LUMP_SUM,MEDIUM,WEALTH_CREATION,53.0,HIGH
22,40000.0,19700.0,7600.0,662000,335000.0,12700,17,1,1,MONTHLY,MEDIUM,SHORT_TERM_GOAL,41.0,HIGH
54,76000.0,53000.0,0.0,886000,337000.0,34500,2,1,2,LUMP_SUM,MEDIUM,SHORT_TERM_GOAL,59.0,LOW
53,47000.0,33600.0,0.0,740000,382000.0,18800,6,3,4,QUARTERLY,HIGH,WEALTH_CREATION,71.0,HIGH
28,42000.0,28500.0,11900.0,85000,61000.0,1600,4,1,3,LUMP_SUM,HIGH,SHORT_TERM_GOAL,50.0,LOW
32,78000.0,71700.0,0.0,879000,409000.0,7800,15,3,3,LUMP_SUM,HIGH,WEALTH_CREATION,63.0,HIGH
27,124000.0,72800.0,25900.0,1279000,342000.0,25300,8,2,2,MONTHLY,HIGH,WEALTH_CREATION,47.0,MEDIUM
50,75000.0,46900.0,0.0,1097000,120000.0,28200,7,3,1,MONTHLY,MEDIUM,TAX_SAVING,78.0,HIGH
31,45000.0,31500.0,0.0,978000,502000.0,21600,10,2,3,MONTHLY,HIGH,WEALTH_CREATION,59.0,HIGH
61,248000.0,200200.0,0.0,2808000,800000.0,69600,8,2,2,QUARTERLY,MEDIUM,RETIREMENT,62.0,MEDIUM
22,30000.0,15400.0,4900.0,621000,55000.0,9700,11,3,3,QUARTERLY,MEDIUM,SHORT_TERM_GOAL,78.0,HIGH
52,75000.0,45900.0,3300.0,1346000,237000.0,25800,10,2,2,RARELY,MEDIUM,WEALTH_CREATION,50.0,HIGH
40,175000.0,130300.0,29100.0,3520000,584000.0,15600,8,3,2,QUARTERLY,MEDIUM,RETIREMENT,69.0,HIGH
25,132000.0,82600.0,26900.0,467000,74000.0,22500,8,1,4,LUMP_SUM,MEDIUM,EMERGENCY_FUND,51.0,LOW
33,59000.0,22500.0,24700.0,237000,75000.0,11800,16,4,5,LUMP_SUM,LOW,WEALTH_CREATION,98.0,HIGH
64,36000.0,23300.0,9000.0,221000,8000.0,3700,24,2,5,MONTHLY,MEDIUM,WEALTH_CREATION,83.0,HIGH
56,154000.0,141600.0,7300.0,1842000,965000.0,5100,13,4,3,RARELY,HIGH,SHORT_TERM_GOAL,67.0,HIGH
36,100000.0,92000.0,0.0,2817000,533000.0,10600,6,4,1,QUARTERLY,MEDIUM,WEALTH_CREATION,57.0,HIGH
36,126000.0,70100.0,53300.0,1612000,791000.0,2600,5,5,2,RARELY,LOW,SHORT_TERM_GOAL,64.0,HIGH
46,93000.0,46100.0,35000.0,1828000,110000.0,11900,19,1,2,RARELY,LOW,WEALTH_CREATION,48.0,HIGH
47,110000.0,66700.0,21000.0,1101000,303000.0,22300,22,4,4,RARELY,MEDIUM,EMERGENCY_FUND,70.0,HIGH
29,32000.0,25100.0,0.0,279000,30000.0,15900,22,1,4,MONTHLY,MEDIUM,RETIREMENT,66.0,HIGH
44,32000.0,26000.0,0.0,270000,46000.0,8400,3,1,4,LUMP_SUM,LOW,WEALTH_CREATION,69.0,MEDIUM
37,41000.0,23800.0,13200.0,400000,54000.0,4000,1,2,1,RARELY,MEDIUM,RETIREMENT,32.0,LOW
59,187000.0,151300.0,10500.0,1191000,319000.0,25200,12,2,2,MONTHLY,HIGH,RETIREMENT,53.0,HIGH
44,115000.0,68800.0,600.0,1157000,299000.0,45600,12,2,5,RARELY,LOW,RETIREMENT,75.0,HIGH
52,39000.0,25600.0,1200.0,840000,265000.0,12200,22,1,2,RARELY,LOW,WEALTH_CREATION,56.0,HIGH
63,62000.0,40400.0,12700.0,995000,541000.0,8900,2,4,4,MONTHLY,HIGH,EMERGENCY_FUND,71.0,HIGH
26,58000.0,53300.0,0.0,545000,197000.0,5000,15,1,3,MONTHLY,MEDIUM,EMERGENCY_FUND,56.0,MEDIUM
45,62000.0,37500.0,16900.0,601000,23000.0,7600,12,1,3,QUARTERLY,MEDIUM,WEALTH_CREATION,38.0,HIGH
51,84000.0,52200.0,12400.0,1021000,687000.0,19400,7,3,4,MONTHLY,MEDIUM,EMERGENCY_FUND,92.0,HIGH
63,51000.0,43600.0,2200.0,197000,31000.0,5200,6,1,3,MONTHLY,MEDIUM,TAX_SAVING,59.0,LOW
40,44000.0,24600.0,5200.0,833000,128000.0,14200,5,2,3,MONTHLY,LOW,WEALTH_CREATION,66.0,HIGH
51,29000.0,6500.0,20400.0,91000,18000.0,2100,25,1,2,QUARTERLY,HIGH,SHORT_TERM_GOAL,56.0,MEDIUM
35,101000.0,50100.0,45900.0,839000,406000.0,5000,3,2,2,MONTHLY,HIGH,WEALTH_CREATION,56.0,MEDIUM
63,51000.0,22200.0,11600.0,853000,321000.0,17200,12,1,3,MONTHLY,LOW,RETIREMENT,72.0,HIGH
52,52000.0,33700.0,10000.0,838000,133000.0,8300,1,4,2,MONTHLY,MEDIUM,RETIREMENT,77.0,HIGH
49,130000.0,52100.0,36400.0,692000,220000.0,41500,17,1,2,RARELY,LOW,WEALTH_CREATION,64.0,HIGH
21,20000.0,10300.0,8900.0,247000,136000.0,800,6,2,3,RARELY,HIGH,RETIREMENT,57.0,HIGH
21,101000.0,64300.0,31300.0,929000,58000.0,5400,22,5,4,RARELY,HIGH,RETIREMENT,90.0,HIGH
40,89000.0,40300.0,42700.0,939000,141000.0,6000,14,4,1,QUARTERLY,MEDIUM,EMERGENCY_FUND,80.0,HIGH
55,52000.0,25300.0,17600.0,77000,17000.0,9100,23,1,1,MONTHLY,MEDIUM,RETIREMENT,58.0,HIGH
28,59000.0,45100.0,7900.0,496000,329000.0,6000,13,1,3,MONTHLY,HIGH,RETIREMENT,52.0,HIGH
47,133000.0,100300.0,8900.0,1991000,322000.0,23800,19,2,5,RARELY,LOW,WEALTH_CREATION,76.0,HIGH
53,97000.0,64200.0,0.0,1923000,422000.0,35700,6,5,2,QUARTERLY,HIGH,WEALTH_CREATION,83.0,HIGH
40,105000.0,62200.0,0.0,2129000,471000.0,55700,8,2,3,MONTHLY,HIGH,WEALTH_CREATION,64.0,HIGH
47,22000.0,13000.0,1500.0,421000,58000.0,7500,21,2,4,RARELY,MEDIUM,EMERGENCY_FUND,66.0,HIGH
63,29000.0,17900.0,0.0,400000,110000.0,11900,2,1,1,MONTHLY,MEDIUM,WEALTH_CREATION,39.0,LOW
22,88000.0,60900.0,23900.0,1005000,146000.0,3200,1,2,3,MONTHLY,HIGH,TAX_SAVING,62.0,HIGH
49,22000.0,16800.0,2800.0,591000,137000.0,2400,5,5,1,RARELY,MEDIUM,TAX_SAVING,71.0,HIGH
43,99000.0,68300.0,15000.0,2039000,842000.0,15700,17,5,3,RARELY,HIGH,WEALTH_CREATION,66.0,HIGH
34,60000.0,29900.0,28900.0,707000,236000.0,1200,2,1,4,LUMP_SUM,MEDIUM,RETIREMENT,68.0,HIGH
43,34000.0,27000.0,5200.0,668000,64000.0,1800,3,5,5,MONTHLY,MEDIUM,EMERGENCY_FUND,82.0,HIGH
61,31000.0,18800.0,5300.0,456000,212000.0,6900,4,2,2,QUARTERLY,HIGH,WEALTH_CREATION,37.0,MEDIUM
65,102000.0,48900.0,52700.0,259000,135000.0,400,1,4,3,MONTHLY,MEDIUM,WEALTH_CREATION,67.0,HIGH
35,144000.0,60600.0,72200.0,1462000,332000.0,11200,5,1,1,MONTHLY,MEDIUM,WEALTH_CREATION,37.0,HIGH
25,131000.0,83800.0,10500.0,437000,150000.0,36700,9,1,2,MONTHLY,HIGH,WEALTH_CREATION,32.0,LOW
21,60000.0,28900.0,14200.0,732000,197000.0,16900,2,2,2,QUARTERLY,MEDIUM,WEALTH_CREATION,59.0,HIGH
29,48000.0,42200.0,1000.0,467000,262000.0,4800,16,4,2,MONTHLY,LOW,SHORT_TERM_GOAL,80.0,HIGH
63,61000.0,29100.0,24200.0,391000,37000.0,7700,8,4,3,LUMP_SUM,MEDIUM,WEALTH_CREATION,63.0,HIGH
42,105000.0,39600.0,41600.0,1307000,371000.0,23800,3,1,1,RARELY,LOW,WEALTH_CREATION,51.0,HIGH
27,38000.0,27700.0,7200.0,1039000,60000.0,3100,6,2,3,RARELY,LOW,WEALTH_CREATION,59.0,HIGH
55,52000.0,32400.0,13200.0,583000,249000.0,6400,6,4,4,MONTHLY,MEDIUM,WEALTH_CREATION,100.0,HIGH
51,98000.0,42100.0,49600.0,126000,17000.0,6300,17,2,5,MONTHLY,MEDIUM,WEALTH_CREATION,90.0,HIGH
43,67000.0,30600.0,23400.0,591000,45000.0,13000,9,1,2,MONTHLY,LOW,RETIREMENT,62.0,HIGH
64,52000.0,30100.0,0.0,1516000,165000.0,23800,6,2,3,MONTHLY,MEDIUM,EMERGENCY_FUND,73.0,HIGH
35,86000.0,55100.0,16900.0,295000,73000.0,14000,16,1,1,RARELY,MEDIUM,EMERGENCY_FUND,46.0,LOW
43,51000.0,31600.0,7900.0,447000,279000.0,11500,5,3,3,QUARTERLY,HIGH,SHORT_TERM_GOAL,67.0,MEDIUM
55,53000.0,22500.0,11400.0,279000,38000.0,19100,5,2,3,MONTHLY,LOW,WEALTH_CREATION,95.0,HIGH
28,36000.0,19200.0,8000.0,174000,21000.0,8800,3,5,3,RARELY,MEDIUM,WEALTH_CREATION,75.0,HIGH
52,60000.0,36500.0,2200.0,489000,194000.0,21300,20,1,4,MONTHLY,MEDIUM,WEALTH_CREATION,59.0,HIGH
34,127000.0,62900.0,44500.0,1043000,21000.0,19600,5,2,1,MONTHLY,MEDIUM,EMERGENCY_FUND,62.0,MEDIUM
50,65000.0,32900.0,0.0,308000,152000.0,32800,12,1,2,MONTHLY,LOW,TAX_SAVING,57.0,MEDIUM
61,150000.0,129200.0,0.0,5386000,808000.0,51100,5,1,3,MONTHLY,HIGH,EMERGENCY_FUND,54.0,HIGH
31,27000.0,18200.0,1400.0,123000,3000.0,7400,4,3,1,RARELY,MEDIUM,EMERGENCY_FUND,43.0,LOW
55,72000.0,44700.0,23600.0,269000,119000.0,3700,8,3,1,MONTHLY,HIGH,WEALTH_CREATION,54.0,HIGH
36,74000.0,38800.0,22100.0,991000,509000.0,13100,14,2,5,LUMP_SUM,MEDIUM,WEALTH_CREATION,82.0,HIGH
36,168000.0,84300.0,66300.0,2089000,1051000.0,17400,20,1,1,QUARTERLY,HIGH,WEALTH_CREATION,25.0,HIGH
50,34000.0,21100.0,8800.0,227000,15000.0,4100,7,2,4,LUMP_SUM,HIGH,EMERGENCY_FUND,67.0,MEDIUM
26,73000.0,46600.0,2400.0,824000,47000.0,24000,3,1,3,LUMP_SUM,MEDIUM,SHORT_TERM_GOAL,77.0,LOW
44,56000.0,38100.0,0.0,435000,156000.0,30800,6,1,2,MONTHLY,LOW,RETIREMENT,59.0,MEDIUM
64,28000.0,15300.0,10000.0,92000,30000.0,2700,2,4,4,MONTHLY,MEDIUM,TAX_SAVING,79.0,HIGH
45,89000.0,55600.0,18300.0,529000,109000.0,15100,7,2,2,MONTHLY,LOW,WEALTH_CREATION,47.0,HIGH
53,142000.0,107600.0,29800.0,2289000,490000.0,4600,10,2,3,MONTHLY,LOW,EMERGENCY_FUND,86.0,HIGH
23,29000.0,24200.0,100.0,340000,117000.0,4700,12,3,4,MONTHLY,MEDIUM,SHORT_TERM_GOAL,83.0,HIGH
36,47000.0,40500.0,0.0,614000,160000.0,14000,2,2,5,RARELY,HIGH,SHORT_TERM_GOAL,75.0,LOW
39,94000.0,79300.0,0.0,564000,132000.0,51700,3,5,3,MONTHLY,HIGH,WEALTH_CREATION,70.0,MEDIUM
45,91000.0,50800.0,23700.0,1606000,585000.0,16500,13,2,3,QUARTERLY,HIGH,EMERGENCY_FUND,57.0,HIGH
26,37000.0,19700.0,14300.0,226000,28000.0,3000,15,4,1,LUMP_SUM,MEDIUM,WEALTH_CREATION,61.0,HIGH
41,125000.0,79700.0,11200.0,3733000,1226000.0,34100,8,3,2,RARELY,MEDIUM,EMERGENCY_FUND,61.0,HIGH
35,80000.0,54900.0,14400.0,1121000,318000.0,10700,8,1,3,MONTHLY,HIGH,RETIREMENT,47.0,HIGH
58,119000.0,97000.0,0.0,2839000,1471000.0,34400,12,1,1,MONTHLY,MEDIUM,SHORT_TERM_GOAL,54.0,HIGH
42,80000.0,58800.0,3400.0,2462000,1004000.0,17800,11,2,1,MONTHLY,MEDIUM,TAX_SAVING,55.0,HIGH
57,160000.0,98800.0,14600.0,1507000,364000.0,46600,14,2,1,RARELY,MEDIUM,EMERGENCY_FUND,34.0,LOW
34,31000.0,21900.0,5700.0,287000,43000.0,3400,7,2,3,QUARTERLY,HIGH,RETIREMENT,67.0,MEDIUM
27,77000.0,45700.0,27200.0,938000,375000.0,4100,11,1,3,RARELY,MEDIUM,SHORT_TERM_GOAL,52.0,HIGH
61,83000.0,37900.0,10300.0,156000,27000.0,34800,6,1,2,RARELY,LOW,WEALTH_CREATION,58.0,LOW
45,31000.0,28300.0,0.0,346000,29000.0,5700,9,4,2,QUARTERLY,MEDIUM,TAX_SAVING,70.0,MEDIUM
30,42000.0,36200.0,2000.0,618000,75000.0,3800,5,4,5,MONTHLY,MEDIUM,WEALTH_CREATION,100.0,HIGH
26,110000.0,81800.0,6200.0,1529000,537000.0,22000,13,3,4,LUMP_SUM,LOW,EMERGENCY_FUND,100.0,HIGH
54,79000.0,41600.0,23400.0,847000,205000.0,14000,5,2,2,MONTHLY,MEDIUM,RETIREMENT,62.0,HIGH
62,75000.0,33600.0,40400.0,380000,83000.0,1000,6,4,1,LUMP_SUM,MEDIUM,RETIREMENT,58.0,HIGH
32,69000.0,58800.0,2500.0,330000,36000.0,7700,11,5,5,RARELY,LOW,RETIREMENT,100.0,HIGH
29,32000.0,20000.0,4500.0,809000,323000.0,7500,8,3,2,MONTHLY,MEDIUM,WEALTH_CREATION,70.0,HIGH
65,20000.0,13900.0,0.0,448000,180000.0,7700,6,1,3,MONTHLY,MEDIUM,RETIREMENT,73.0,HIGH
40,37000.0,22400.0,11100.0,242000,101000.0,3500,5,1,3,LUMP_SUM,HIGH,WEALTH_CREATION,36.0,HIGH
58,69000.0,38300.0,13800.0,289000,30000.0,16900,13,5,2,LUMP_SUM,LOW,WEALTH_CREATION,81.0,HIGH
56,55000.0,32000.0,13500.0,794000,192000.0,9500,6,3,4,RARELY,LOW,EMERGENCY_FUND,67.0,HIGH
46,75000.0,62100.0,0.0,784000,59000.0,19300,11,5,2,MONTHLY,HIGH,WEALTH_CREATION,77.0,HIGH
34,68000.0,38000.0,18600.0,1221000,454000.0,11400,1,3,4,MONTHLY,HIGH,WEALTH_CREATION,85.0,HIGH
58,47000.0,36400.0,0.0,922000,144000.0,13700,2,1,1,RARELY,LOW,RETIREMENT,32.0,MEDIUM
22,20000.0,7800.0,2400.0,230000,63000.0,9800,13,1,1,MONTHLY,LOW,WEALTH_CREATION,63.0,MEDIUM
29,51000.0,38700.0,11700.0,977000,262000.0,600,5,1,1,LUMP_SUM,MEDIUM,WEALTH_CREATION,50.0,HIGH
39,47000.0,26000.0,11700.0,827000,338000.0,9300,4,5,2,MONTHLY,MEDIUM,RETIREMENT,88.0,HIGH
23,74000.0,30100.0,25300.0,233000,58000.0,18600,1,1,5,MONTHLY,MEDIUM,WEALTH_CREATION,71.0,MEDIUM
51,92000.0,71900.0,0.0,519000,100000.0,23900,10,3,1,RARELY,HIGH,RETIREMENT,32.0,LOW
52,78000.0,36000.0,30800.0,1160000,28000.0,11200,21,4,1,MONTHLY,HIGH,SHORT_TERM_GOAL,69.0,HIGH
30,133000.0,66300.0,56400.0,1847000,829000.0,10300,2,2,3,QUARTERLY,LOW,WEALTH_CREATION,76.0,HIGH
21,93000.0,63200.0,3600.0,1134000,625000.0,26200,17,1,4,QUARTERLY,LOW,EMERGENCY_FUND,75.0,HIGH
56,86000.0,27800.0,32300.0,484000,70000.0,25900,1,2,4,RARELY,MEDIUM,WEALTH_CREATION,60.0,MEDIUM
62,143000.0,109700.0,0.0,3229000,86000.0,57400,10,3,2,QUARTERLY,MEDIUM,WEALTH_CREATION,79.0,HIGH
57,65000.0,59800.0,600.0,718000,268000.0,4600,1,3,3,RARELY,LOW,WEALTH_CREATION,70.0,HIGH
61,124000.0,103900.0,0.0,1365000,141000.0,22700,18,3,2,MONTHLY,MEDIUM,WEALTH_CREATION,88.0,HIGH
52,95000.0,76300.0,0.0,1479000,217000.0,29700,1,3,3,RARELY,HIGH,EMERGENCY_FUND,37.0,LOW
28,157000.0,83800.0,50900.0,1678000,317000.0,22300,17,5,1,RARELY,LOW,EMERGENCY_FUND,79.0,HIGH
30,105000.0,44600.0,44100.0,864000,376000.0,16300,19,4,4,MONTHLY,MEDIUM,WEALTH_CREATION,100.0,HIGH
65,85000.0,36300.0,32100.0,1668000,601000.0,16600,7,1,1,MONTHLY,MEDIUM,WEALTH_CREATION,49.0,HIGH
47,71000.0,35100.0,21600.0,533000,60000.0,14300,12,1,3,MONTHLY,MEDIUM,RETIREMENT,75.0,HIGH
59,23000.0,12400.0,5400.0,874000,156000.0,5200,4,3,5,RARELY,HIGH,TAX_SAVING,68.0,HIGH
23,56000.0,25600.0,24800.0,48000,0.0,5600,12,3,3,MONTHLY,MEDIUM,RETIREMENT,60.0,HIGH
28,139000.0,66400.0,57700.0,1885000,1145000.0,14900,2,1,5,MONTHLY,HIGH,TAX_SAVING,74.0,HIGH
53,71000.0,39500.0,19300.0,612000,166000.0,12200,12,3,1,MONTHLY,LOW,WEALTH_CREATION,74.0,HIGH
47,129000.0,78900.0,38000.0,1102000,170000.0,12100,5,1,2,LUMP_SUM,LOW,WEALTH_CREATION,47.0,HIGH
61,41000.0,22300.0,17700.0,394000,91000.0,1000,11,3,1,LUMP_SUM,LOW,WEALTH_CREATION,71.0,HIGH
45,139000.0,78000.0,26900.0,1579000,117000.0,34100,16,2,3,MONTHLY,LOW,SHORT_TERM_GOAL,95.0,HIGH
45,180000.0,131800.0,8000.0,3792000,2320000.0,40200,4,1,3,QUARTERLY,MEDIUM,EMERGENCY_FUND,58.0,HIGH
34,40000.0,25600.0,1800.0,511000,44000.0,12600,2,3,3,MONTHLY,LOW,EMERGENCY_FUND,86.0,MEDIUM
59,234000.0,161600.0,8000.0,2631000,409000.0,64400,10,1,4,LUMP_SUM,HIGH,RETIREMENT,59.0,MEDIUM
41,60000.0,37300.0,11500.0,1147000,180000.0,11200,1,1,2,MONTHLY,MEDIUM,EMERGENCY_FUND,59.0,HIGH
63,48000.0,25100.0,13800.0,525000,177000.0,9100,6,2,2,LUMP_SUM,HIGH,SHORT_TERM_GOAL,54.0,MEDIUM
46,25000.0,11900.0,12800.0,118000,14000.0,300,1,1,5,QUARTERLY,MEDIUM,SHORT_TERM_GOAL,69.0,HIGH
27,38000.0,11600.0,17100.0,240000,26000.0,9300,3,1,3,MONTHLY,HIGH,EMERGENCY_FUND,69.0,LOW
47,97000.0,48700.0,25100.0,1066000,541000.0,23200,4,3,4,LUMP_SUM,LOW,RETIREMENT,84.0,HIGH
50,95000.0,80900.0,8700.0,3532000,975000.0,5400,19,1,2,RARELY,HIGH,RETIREMENT,35.0,HIGH
38,52000.0,42600.0,3900.0,80000,11000.0,5500,2,2,2,MONTHLY,MEDIUM,RETIREMENT,57.0,LOW
44,22000.0,16900.0,0.0,477000,100000.0,8300,21,1,1,MONTHLY,MEDIUM,WEALTH_CREATION,51.0,HIGH
60,90000.0,47800.0,6000.0,617000,137000.0,36200,13,4,3,MONTHLY,MEDIUM,WEALTH_CREATION,87.0,HIGH
21,87000.0,67200.0,17500.0,25000,14000.0,2300,5,1,3,LUMP_SUM,HIGH,WEALTH_CREATION,49.0,LOW
52,42000.0,25300.0,13000.0,1179000,307000.0,3700,1,5,4,LUMP_SUM,LOW,RETIREMENT,100.0,HIGH
48,39000.0,34400.0,1400.0,1681000,276000.0,3200,5,1,3,MONTHLY,MEDIUM,RETIREMENT,37.0,HIGH
43,65000.0,34400.0,8900.0,521000,25000.0,21700,1,1,2,MONTHLY,HIGH,TAX_SAVING,46.0,LOW
26,83000.0,43800.0,0.0,755000,76000.0,45600,19,2,1,MONTHLY,HIGH,EMERGENCY_FUND,55.0,LOW
37,30000.0,17900.0,5400.0,140000,17000.0,6700,7,2,2,MONTHLY,MEDIUM,SHORT_TERM_GOAL,64.0,LOW
60,74000.0,55300.0,2300.0,2081000,579000.0,16400,15,2,3,RARELY,LOW,TAX_SAVING,49.0,HIGH
65,47000.0,28600.0,15200.0,318000,2000.0,3200,1,2,1,MONTHLY,LOW,RETIREMENT,50.0,HIGH
24,117000.0,54900.0,32300.0,740000,282000.0,29800,1,1,4,MONTHLY,MEDIUM,TAX_SAVING,70.0,HIGH
39,64000.0,27400.0,32200.0,446000,5000.0,4400,10,1,5,RARELY,MEDIUM,EMERGENCY_FUND,71.0,MEDIUM
43,66000.0,60700.0,0.0,445000,166000.0,6500,2,3,3,RARELY,LOW,EMERGENCY_FUND,49.0,LOW
59,94000.0,81600.0,0.0,1152000,439000.0,23600,19,2,4,RARELY,HIGH,EMERGENCY_FUND,49.0,MEDIUM
32,93000.0,85500.0,0.0,1290000,146000.0,9700,11,2,1,QUARTERLY,MEDIUM,WEALTH_CREATION,50.0,HIGH
54,94000.0,39800.0,34500.0,669000,276000.0,19700,18,3,3,RARELY,MEDIUM,RETIREMENT,58.0,HIGH
56,56000.0,44600.0,4500.0,163000,5000.0,6900,6,2,4,MONTHLY,MEDIUM,RETIREMENT,75.0,HIGH
60,66000.0,56200.0,0.0,582000,296000.0,10300,18,3,4,MONTHLY,HIGH,SHORT_TERM_GOAL,79.0,HIGH
26,133000.0,65500.0,50900.0,646000,111000.0,16600,10,2,3,MONTHLY,MEDIUM,RETIREMENT,64.0,HIGH
65,61000.0,18500.0,31100.0,559000,178000.0,11400,24,1,4,RARELY,LOW,WEALTH_CREATION,70.0,HIGH
43,159000.0,105400.0,31000.0,3163000,857000.0,22600,17,1,5,MONTHLY,MEDIUM,WEALTH_CREATION,68.0,HIGH
60,65000.0,57200.0,0.0,1833000,67000.0,13200,20,1,4,MONTHLY,MEDIUM,WEALTH_CREATION,57.0,HIGH
60,59000.0,35800.0,10700.0,1065000,275000.0,12500,5,4,2,LUMP_SUM,LOW,WEALTH_CREATION,77.0,HIGH
48,227000.0,56000.0,141100.0,2003000,774000.0,29900,4,1,3,LUMP_SUM,LOW,WEALTH_CREATION,54.0,HIGH
32,62000.0,22400.0,30700.0,573000,114000.0,8900,4,1,4,LUMP_SUM,LOW,TAX_SAVING,73.0,HIGH
49,71000.0,43200.0,1000.0,1791000,358000.0,26800,4,1,2,RARELY,MEDIUM,TAX_SAVING,38.0,HIGH
41,77000.0,42900.0,19300.0,663000,123000.0,14800,5,3,4,LUMP_SUM,HIGH,SHORT_TERM_GOAL,61.0,MEDIUM
63,93000.0,63600.0,22700.0,1273000,166000.0,6700,1,2,3,MONTHLY,MEDIUM,EMERGENCY_FUND,67.0,MEDIUM
36,45000.0,33000.0,3100.0,736000,199000.0,8900,4,4,5,RARELY,LOW,SHORT_TERM_GOAL,87.0,HIGH
59,48000.0,28500.0,11800.0,1082000,81000.0,7700,13,1,1,MONTHLY,MEDIUM,SHORT_TERM_GOAL,49.0,HIGH
45,119000.0,102000.0,900.0,5896000,1417000.0,16100,7,2,3,RARELY,MEDIUM,RETIREMENT,60.0,HIGH
58,76000.0,40100.0,23300.0,241000,22000.0,12600,16,2,2,MONTHLY,LOW,WEALTH_CREATION,60.0,HIGH
34,60000.0,22800.0,26300.0,264000,113000.0,10900,2,2,3,MONTHLY,MEDIUM,WEALTH_CREATION,76.0,HIGH
33,174000.0,104000.0,62700.0,1478000,706000.0,7300,5,1,4,LUMP_SUM,MEDIUM,RETIREMENT,51.0,HIGH
53,78000.0,65700.0,0.0,597000,377000.0,19300,17,1,1,MONTHLY,MEDIUM,WEALTH_CREATION,41.0,HIGH
61,70000.0,48400.0,14000.0,833000,132000.0,7600,8,3,2,MONTHLY,MEDIUM,WEALTH_CREATION,77.0,HIGH
39,57000.0,47500.0,100.0,1257000,141000.0,9400,17,2,3,MONTHLY,MEDIUM,WEALTH_CREATION,73.0,HIGH
56,93000.0,51500.0,28100.0,820000,70000.0,13400,10,1,3,MONTHLY,HIGH,EMERGENCY_FUND,60.0,HIGH
43,116000.0,87400.0,0.0,762000,421000.0,35800,13,5,1,MONTHLY,HIGH,WEALTH_CREATION,61.0,HIGH
31,98000.0,86200.0,1600.0,384000,281000.0,10200,9,4,1,QUARTERLY,MEDIUM,EMERGENCY_FUND,70.0,MEDIUM
48,66000.0,26600.0,29100.0,534000,32000.0,10300,18,2,2,MONTHLY,MEDIUM,RETIREMENT,53.0,HIGH
27,59000.0,52500.0,0.0,406000,39000.0,16900,10,1,2,RARELY,MEDIUM,EMERGENCY_FUND,44.0,LOW
52,47000.0,26500.0,12400.0,823000,455000.0,8100,5,3,3,RARELY,HIGH,WEALTH_CREATION,68.0,HIGH
45,67000.0,48500.0,14000.0,860000,138000.0,4500,5,3,4,RARELY,MEDIUM,TAX_SAVING,89.0,HIGH
42,97000.0,62000.0,5300.0,637000,331000.0,29700,3,2,3,MONTHLY,MEDIUM,SHORT_TERM_GOAL,65.0,MEDIUM
48,74000.0,37300.0,29400.0,270000,78000.0,7300,10,3,2,LUMP_SUM,MEDIUM,WEALTH_CREATION,57.0,HIGH
63,107000.0,33800.0,63400.0,175000,17000.0,9800,5,3,2,MONTHLY,HIGH,EMERGENCY_FUND,50.0,MEDIUM
41,84000.0,70400.0,0.0,2997000,1038000.0,24800,6,2,3,LUMP_SUM,LOW,TAX_SAVING,51.0,HIGH
45,20000.0,12300.0,4900.0,821000,279000.0,2800,11,2,5,LUMP_SUM,MEDIUM,WEALTH_CREATION,74.0,HIGH
51,65000.0,52500.0,9700.0,714000,82000.0,2800,9,5,1,QUARTERLY,LOW,EMERGENCY_FUND,71.0,HIGH
31,167000.0,84500.0,0.0,2724000,234000.0,91800,8,1,4,RARELY,LOW,WEALTH_CREATION,58.0,HIGH
57,107000.0,79100.0,9200.0,970000,492000.0,18700,4,1,3,MONTHLY,HIGH,WEALTH_CREATION,56.0,HIGH
37,85000.0,78200.0,0.0,1348000,303000.0,19500,15,3,2,LUMP_SUM,MEDIUM,EMERGENCY_FUND,65.0,HIGH
34,43000.0,29900.0,0.0,540000,135000.0,16700,17,1,2,MONTHLY,MEDIUM,WEALTH_CREATION,53.0,HIGH
50,79000.0,43300.0,22600.0,1493000,180000.0,13100,6,1,5,MONTHLY,HIGH,SHORT_TERM_GOAL,73.0,HIGH
38,135000.0,109100.0,16000.0,1257000,587000.0,9900,1,1,4,MONTHLY,LOW,WEALTH_CREATION,75.0,HIGH
36,31000.0,21200.0,7400.0,178000,48000.0,2400,6,1,5,MONTHLY,MEDIUM,WEALTH_CREATION,65.0,HIGH
59,59000.0,21100.0,25000.0,391000,161000.0,12900,11,1,1,MONTHLY,MEDIUM,WEALTH_CREATION,47.0,HIGH
39,38000.0,18200.0,11700.0,127000,19000.0,8100,15,1,1,QUARTERLY,MEDIUM,WEALTH_CREATION,35.0,MEDIUM
48,95000.0,57700.0,12600.0,1198000,235000.0,24700,9,2,3,MONTHLY,MEDIUM,SHORT_TERM_GOAL,80.0,HIGH
60,98000.0,55100.0,36500.0,704000,312000.0,6400,15,2,1,MONTHLY,LOW,WEALTH_CREATION,53.0,HIGH
43,105000.0,56800.0,15200.0,1262000,456000.0,33000,10,3,4,MONTHLY,MEDIUM,EMERGENCY_FUND,86.0,HIGH
40,61000.0,49600.0,0.0,315000,45000.0,11800,4,3,2,MONTHLY,HIGH,RETIREMENT,60.0,LOW
38,66000.0,35500.0,24900.0,583000,264000.0,5600,3,2,4,QUARTERLY,MEDIUM,RETIREMENT,75.0,HIGH
51,52000.0,26300.0,18300.0,816000,410000.0,7400,5,1,5,MONTHLY,MEDIUM,WEALTH_CREATION,72.0,HIGH
60,81000.0,37800.0,10200.0,1183000,429000.0,33000,17,3,5,RARELY,MEDIUM,RETIREMENT,75.0,HIGH
38,50000.0,46000.0,200.0,604000,100000.0,3800,19,1,2,QUARTERLY,MEDIUM,RETIREMENT,59.0,HIGH
45,75000.0,39700.0,33500.0,170000,32000.0,1800,10,3,5,MONTHLY,MEDIUM,EMERGENCY_FUND,92.0,HIGH
33,98000.0,72700.0,3700.0,900000,155000.0,21600,23,3,5,QUARTERLY,LOW,TAX_SAVING,84.0,HIGH
31,27000.0,23200.0,0.0,369000,93000.0,7700,12,2,4,MONTHLY,HIGH,EMERGENCY_FUND,73.0,MEDIUM
46,100000.0,57400.0,3300.0,850000,109000.0,39300,14,1,1,LUMP_SUM,LOW,SHORT_TERM_GOAL,41.0,LOW
37,41000.0,21900.0,14400.0,672000,323000.0,4700,11,1,4,MONTHLY,MEDIUM,SHORT_TERM_GOAL,75.0,HIGH
34,72000.0,52900.0,18000.0,862000,496000.0,1100,8,2,2,RARELY,MEDIUM,SHORT_TERM_GOAL,39.0,HIGH
45,53000.0,33900.0,2200.0,716000,382000.0,16900,3,3,2,MONTHLY,MEDIUM,WEALTH_CREATION,76.0,HIGH
55,25000.0,13800.0,9000.0,345000,230000.0,2200,9,1,1,RARELY,LOW,SHORT_TERM_GOAL,38.0,HIGH
35,24000.0,13100.0,6100.0,335000,57000.0,4800,11,2,3,LUMP_SUM,HIGH,WEALTH_CREATION,55.0,HIGH
61,35000.0,24100.0,2100.0,278000,88000.0,8800,20,2,2,RARELY,MEDIUM,WEALTH_CREATION,58.0,HIGH
40,41000.0,27300.0,10500.0,894000,448000.0,3200,5,1,2,MONTHLY,LOW,TAX_SAVING,54.0,HIGH
51,131000.0,103600.0,15400.0,1595000,233000.0,12000,21,2,4,RARELY,HIGH,WEALTH_CREATION,54.0,HIGH
37,48000.0,23800.0,14900.0,513000,48000.0,9300,13,2,5,MONTHLY,MEDIUM,TAX_SAVING,96.0,HIGH
38,47000.0,24400.0,13900.0,129000,33000.0,8700,9,2,2,MONTHLY,MEDIUM,TAX_SAVING,45.0,MEDIUM
65,88000.0,73000.0,0.0,1347000,636000.0,22300,1,1,2,MONTHLY,MEDIUM,WEALTH_CREATION,37.0,MEDIUM
53,50000.0,27800.0,9500.0,160000,70000.0,12700,16,2,3,LUMP_SUM,LOW,WEALTH_CREATION,63.0,HIGH
50,45000.0,27100.0,15200.0,712000,148000.0,2700,15,1,2,MONTHLY,MEDIUM,WEALTH_CREATION,39.0,HIGH
50,79000.0,38900.0,18900.0,1094000,205000.0,21200,20,1,1,MONTHLY,LOW,SHORT_TERM_GOAL,64.0,HIGH
33,47000.0,26800.0,12600.0,464000,66000.0,7600,6,2,2,MONTHLY,MEDIUM,EMERGENCY_FUND,81.0,HIGH
58,84000.0,56600.0,14400.0,489000,74000.0,13000,15,2,4,MONTHLY,HIGH,EMERGENCY_FUND,51.0,MEDIUM
40,28000.0,12500.0,14900.0,35000,5000.0,600,15,2,1,QUARTERLY,LOW,EMERGENCY_FUND,44.0,MEDIUM
28,41000.0,19900.0,15400.0,369000,32000.0,5700,13,1,1,MONTHLY,LOW,RETIREMENT,74.0,HIGH
50,68000.0,29800.0,30400.0,744000,259000.0,7800,20,1,1,MONTHLY,MEDIUM,SHORT_TERM_GOAL,38.0,HIGH
32,90000.0,62100.0,2000.0,1026000,339000.0,25900,11,3,5,MONTHLY,MEDIUM,EMERGENCY_FUND,90.0,HIGH
21,75000.0,37100.0,7400.0,1361000,71000.0,30500,5,4,2,RARELY,MEDIUM,RETIREMENT,76.0,HIGH
42,92000.0,38300.0,3100.0,402000,70000.0,50600,21,5,1,RARELY,HIGH,RETIREMENT,67.0,MEDIUM
22,21000.0,7200.0,5300.0,263000,21000.0,8500,4,4,4,QUARTERLY,HIGH,RETIREMENT,77.0,HIGH
46,63000.0,42100.0,12100.0,1006000,89000.0,8800,14,3,5,MONTHLY,HIGH,TAX_SAVING,77.0,HIGH
43,56000.0,34800.0,14600.0,598000,69000.0,6600,1,5,5,MONTHLY,MEDIUM,SHORT_TERM_GOAL,100.0,HIGH
28,81000.0,68700.0,8000.0,693000,65000.0,4300,8,3,2,MONTHLY,LOW,EMERGENCY_FUND,84.0,MEDIUM
37,80000.0,44700.0,12100.0,904000,215000.0,23200,17,3,1,MONTHLY,HIGH,TAX_SAVING,48.0,HIGH
36,44000.0,29100.0,6600.0,1489000,270000.0,8300,14,3,1,QUARTERLY,LOW,SHORT_TERM_GOAL,82.0,HIGH
22,278000.0,170500.0,54800.0,678000,356000.0,52700,5,3,4,RARELY,MEDIUM,TAX_SAVING,88.0,MEDIUM
35,51000.0,16100.0,27400.0,172000,46000.0,7500,3,1,1,MONTHLY,MEDIUM,RETIREMENT,41.0,MEDIUM
56,70000.0,40900.0,26700.0,381000,99000.0,2400,25,2,1,QUARTERLY,MEDIUM,WEALTH_CREATION,45.0,HIGH
35,48000.0,30200.0,0.0,950000,187000.0,25000,17,5,4,LUMP_SUM,HIGH,EMERGENCY_FUND,85.0,HIGH
36,50000.0,35100.0,0.0,333000,159000.0,25900,15,2,4,LUMP_SUM,MEDIUM,TAX_SAVING,68.0,HIGH
57,119000.0,71700.0,9700.0,215000,78000.0,37600,1,2,5,MONTHLY,MEDIUM,SHORT_TERM_GOAL,93.0,LOW
48,60000.0,33200.0,13300.0,915000,168000.0,13500,13,1,3,LUMP_SUM,LOW,WEALTH_CREATION,54.0,HIGH
28,55000.0,25800.0,21600.0,395000,72000.0,7600,2,1,2,MONTHLY,MEDIUM,WEALTH_CREATION,49.0,HIGH
37,57000.0,46200.0,9500.0,839000,375000.0,1300,17,4,3,QUARTERLY,HIGH,EMERGENCY_FUND,70.0,HIGH
30,112000.0,61700.0,31900.0,419000,220000.0,18400,3,1,3,MONTHLY,MEDIUM,TAX_SAVING,67.0,LOW
28,78000.0,48500.0,26100.0,1144000,594000.0,3400,18,2,4,QUARTERLY,HIGH,TAX_SAVING,68.0,HIGH
33,39000.0,27400.0,5000.0,349000,48000.0,6600,12,1,4,MONTHLY,LOW,SHORT_TERM_GOAL,73.0,HIGH
32,110000.0,62800.0,37300.0,1966000,160000.0,9900,2,5,5,LUMP_SUM,LOW,WEALTH_CREATION,100.0,HIGH
21,33000.0,27700.0,1700.0,328000,106000.0,3600,10,1,5,LUMP_SUM,HIGH,SHORT_TERM_GOAL,53.0,HIGH
62,89000.0,49700.0,30400.0,879000,241000.0,8900,11,1,3,MONTHLY,HIGH,RETIREMENT,43.0,HIGH
37,85000.0,63700.0,7500.0,946000,110000.0,13800,8,1,1,MONTHLY,LOW,TAX_SAVING,61.0,HIGH
44,61000.0,35500.0,18600.0,466000,235000.0,6900,1,1,1,LUMP_SUM,MEDIUM,SHORT_TERM_GOAL,39.0,LOW
54,52000.0,34800.0,0.0,839000,401000.0,17600,18,3,1,MONTHLY,LOW,RETIREMENT,52.0,HIGH
61,25000.0,22800.0,0.0,338000,64000.0,5400,11,2,5,MONTHLY,HIGH,WEALTH_CREATION,76.0,HIGH
45,58000.0,50500.0,0.0,757000,156000.0,10500,13,2,2,MONTHLY,MEDIUM,RETIREMENT,59.0,HIGH
34,105000.0,90800.0,0.0,4135000,716000.0,39200,7,4,5,RARELY,MEDIUM,WEALTH_CREATION,82.0,HIGH
63,52000.0,47100.0,1100.0,1142000,670000.0,3800,14,1,2,MONTHLY,HIGH,WEALTH_CREATION,52.0,HIGH
60,71000.0,49000.0,14200.0,563000,222000.0,7800,5,3,1,RARELY,LOW,WEALTH_CREATION,58.0,HIGH
56,72000.0,38300.0,600.0,975000,100000.0,33100,1,3,4,RARELY,MEDIUM,WEALTH_CREATION,90.0,MEDIUM
63,114000.0,104800.0,2300.0,669000,265000.0,6900,2,2,4,MONTHLY,HIGH,RETIREMENT,65.0,HIGH
33,133000.0,118700.0,0.0,1184000,175000.0,15800,1,4,5,MONTHLY,MEDIUM,WEALTH_CREATION,100.0,HIGH
45,87000.0,62800.0,0.0,2515000,319000.0,35300,2,3,2,QUARTERLY,LOW,EMERGENCY_FUND,56.0,HIGH
25,72000.0,39400.0,6800.0,247000,71000.0,25800,1,1,5,RARELY,LOW,EMERGENCY_FUND,78.0,LOW
64,36000.0,15800.0,17100.0,178000,33000.0,3100,22,3,4,MONTHLY,LOW,WEALTH_CREATION,88.0,HIGH
61,103000.0,63300.0,16300.0,942000,7000.0,23400,3,1,3,RARELY,LOW,EMERGENCY_FUND,43.0,LOW
49,25000.0,18700.0,0.0,825000,266000.0,11500,3,2,1,MONTHLY,MEDIUM,RETIREMENT,49.0,HIGH
46,47000.0,22400.0,17900.0,60000,8000.0,6700,1,3,3,MONTHLY,MEDIUM,WEALTH_CREATION,83.0,HIGH
30,50000.0,26300.0,100.0,972000,225000.0,23600,5,1,5,LUMP_SUM,MEDIUM,WEALTH_CREATION,69.0,HIGH
34,61000.0,36400.0,17400.0,574000,35000.0,7200,17,2,5,MONTHLY,MEDIUM,RETIREMENT,84.0,HIGH
35,239000.0,117400.0,93200.0,2629000,736000.0,28400,9,4,2,RARELY,MEDIUM,WEALTH_CREATION,67.0,HIGH
50,160000.0,127400.0,11000.0,869000,34000.0,21600,15,2,1,MONTHLY,MEDIUM,SHORT_TERM_GOAL,45.0,LOW
62,76000.0,69900.0,0.0,2207000,466000.0,20500,11,2,2,LUMP_SUM,HIGH,RETIREMENT,54.0,HIGH
49,86000.0,58700.0,18800.0,425000,62000.0,8500,10,3,2,MONTHLY,HIGH,WEALTH_CREATION,58.0,HIGH
57,27000.0,15500.0,3500.0,149000,12000.0,8000,5,1,2,MONTHLY,MEDIUM,EMERGENCY_FUND,38.0,LOW
26,113000.0,48600.0,54500.0,1244000,84000.0,9900,3,1,1,RARELY,MEDIUM,WEALTH_CREATION,35.0,MEDIUM
22,67000.0,58300.0,0.0,590000,58000.0,15600,15,2,1,MONTHLY,MEDIUM,TAX_SAVING,56.0,MEDIUM
45,44000.0,34000.0,0.0,243000,5000.0,12800,6,1,1,RARELY,HIGH,SHORT_TERM_GOAL,30.0,LOW
40,173000.0,145900.0,3800.0,2669000,417000.0,23300,12,3,3,MONTHLY,HIGH,SHORT_TERM_GOAL,57.0,MEDIUM
63,103000.0,66600.0,18400.0,3443000,1096000.0,18000,3,1,2,RARELY,LOW,RETIREMENT,64.0,HIGH
28,51000.0,46900.0,0.0,467000,180000.0,5100,12,1,3,RARELY,MEDIUM,SHORT_TERM_GOAL,41.0,LOW
25,133000.0,79400.0,42600.0,629000,475000.0,11000,16,2,4,LUMP_SUM,HIGH,EMERGENCY_FUND,61.0,HIGH
44,61000.0,45100.0,1800.0,646000,163000.0,14100,15,3,3,QUARTERLY,MEDIUM,RETIREMENT,84.0,HIGH
42,59000.0,24800.0,14800.0,476000,193000.0,19400,14,4,2,RARELY,HIGH,SHORT_TERM_GOAL,47.0,MEDIUM
57,79000.0,51800.0,18300.0,1038000,347000.0,8900,12,5,2,LUMP_SUM,LOW,TAX_SAVING,100.0,HIGH
53,115000.0,42100.0,54200.0,1273000,124000.0,18700,1,2,1,RARELY,MEDIUM,WEALTH_CREATION,36.0,MEDIUM
44,40000.0,18600.0,11100.0,295000,128000.0,10300,2,3,3,MONTHLY,HIGH,RETIREMENT,62.0,HIGH
52,86000.0,53900.0,19100.0,1379000,245000.0,13000,5,2,4,MONTHLY,MEDIUM,WEALTH_CREATION,70.0,HIGH
64,59000.0,22300.0,28500.0,566000,183000.0,8200,5,1,1,MONTHLY,HIGH,WEALTH_CREATION,41.0,HIGH
62,41000.0,25400.0,4500.0,491000,117000.0,11100,7,1,3,MONTHLY,LOW,WEALTH_CREATION,75.0,HIGH
46,66000.0,46000.0,14800.0,893000,529000.0,5200,5,3,2,MONTHLY,MEDIUM,WEALTH_CREATION,66.0,HIGH
54,37000.0,22200.0,6800.0,508000,46000.0,8000,1,2,5,QUARTERLY,LOW,EMERGENCY_FUND,90.0,HIGH
35,111000.0,68800.0,20800.0,1049000,191000.0,21400,8,2,1,QUARTERLY,MEDIUM,TAX_SAVING,48.0,MEDIUM
62,36000.0,12700.0,20300.0,904000,160000.0,3000,10,2,3,QUARTERLY,HIGH,WEALTH_CREATION,49.0,HIGH
42,71000.0,58700.0,0.0,856000,105000.0,22000,10,3,4,LUMP_SUM,LOW,TAX_SAVING,89.0,HIGH
34,129000.0,54500.0,67600.0,454000,205000.0,6900,4,2,3,MONTHLY,MEDIUM,WEALTH_CREATION,84.0,HIGH
46,73000.0,38100.0,31900.0,214000,86000.0,3000,4,2,2,LUMP_SUM,HIGH,TAX_SAVING,45.0,MEDIUM
57,50000.0,46000.0,100.0,553000,8000.0,3900,21,2,3,MONTHLY,LOW,TAX_SAVING,56.0,HIGH
52,41000.0,21300.0,8800.0,259000,88000.0,10900,16,3,1,LUMP_SUM,LOW,TAX_SAVING,67.0,MEDIUM
42,47000.0,35000.0,1100.0,1129000,322000.0,10900,5,2,2,MONTHLY,LOW,TAX_SAVING,66.0,HIGH
57,29000.0,10000.0,13800.0,395000,38000.0,5200,25,2,1,RARELY,MEDIUM,TAX_SAVING,47.0,HIGH
45,38000.0,12600.0,21500.0,157000,34000.0,3900,8,1,1,MONTHLY,MEDIUM,EMERGENCY_FUND,66.0,MEDIUM
32,45000.0,24000.0,20200.0,741000,265000.0,800,6,1,3,MONTHLY,HIGH,WEALTH_CREATION,54.0,HIGH
22,66000.0,48300.0,6600.0,492000,100000.0,11100,12,3,1,QUARTERLY,LOW,SHORT_TERM_GOAL,70.0,HIGH
54,158000.0,73000.0,73000.0,944000,297000.0,12000,6,2,3,RARELY,LOW,TAX_SAVING,70.0,HIGH
59,122000.0,87700.0,2300.0,3348000,1587000.0,32000,6,1,5,RARELY,MEDIUM,RETIREMENT,60.0,HIGH
34,62000.0,57000.0,0.0,1300000,423000.0,34100,8,2,5,RARELY,MEDIUM,RETIREMENT,77.0,HIGH
31,111000.0,102100.0,4700.0,1462000,573000.0,4200,15,2,4,LUMP_SUM,MEDIUM,RETIREMENT,64.0,HIGH
57,37000.0,21900.0,11000.0,237000,32000.0,4100,17,2,3,RARELY,LOW,SHORT_TERM_GOAL,51.0,HIGH
51,93000.0,61100.0,8900.0,909000,169000.0,23000,13,3,2,MONTHLY,MEDIUM,EMERGENCY_FUND,61.0,MEDIUM
59,93000.0,63900.0,15200.0,1465000,197000.0,13900,3,5,3,MONTHLY,LOW,RETIREMENT,90.0,HIGH
47,72000.0,59000.0,7100.0,217000,57000.0,5900,8,5,5,MONTHLY,LOW,RETIREMENT,100.0,HIGH
31,45000.0,16100.0,24700.0,491000,66000.0,4200,16,3,5,LUMP_SUM,MEDIUM,WEALTH_CREATION,75.0,HIGH
27,96000.0,70900.0,17500.0,1279000,175000.0,7600,11,3,1,QUARTERLY,MEDIUM,WEALTH_CREATION,66.0,HIGH
65,63000.0,47200.0,0.0,2104000,802000.0,18500,1,1,4,MONTHLY,HIGH,WEALTH_CREATION,56.0,HIGH
42,100000.0,49100.0,6700.0,1741000,564000.0,44200,3,1,1,RARELY,MEDIUM,WEALTH_CREATION,21.0,MEDIUM
46,51000.0,31200.0,8600.0,291000,60000.0,11200,5,1,1,QUARTERLY,MEDIUM,WEALTH_CREATION,28.0,LOW
23,132000.0,94500.0,0.0,2071000,655000.0,45100,13,2,3,RARELY,HIGH,TAX_SAVING,41.0,MEDIUM
23,56000.0,24000.0,25000.0,451000,177000.0,7000,7,1,3,MONTHLY,LOW,SHORT_TERM_GOAL,63.0,HIGH
54,47000.0,35000.0,9700.0,1599000,555000.0,2300,8,2,3,QUARTERLY,HIGH,SHORT_TERM_GOAL,64.0,HIGH
42,27000.0,21200.0,1900.0,162000,25000.0,3900,6,3,2,RARELY,MEDIUM,TAX_SAVING,58.0,MEDIUM
28,21000.0,13900.0,0.0,641000,128000.0,8000,2,3,2,MONTHLY,LOW,SHORT_TERM_GOAL,72.0,HIGH
60,44000.0,30700.0,5700.0,1533000,241000.0,7600,3,3,3,QUARTERLY,MEDIUM,SHORT_TERM_GOAL,62.0,HIGH
52,73000.0,23100.0,35700.0,63000,15000.0,14200,2,1,3,LUMP_SUM,MEDIUM,RETIREMENT,44.0,LOW
42,139000.0,86800.0,13600.0,2799000,708000.0,38600,22,2,3,LUMP_SUM,MEDIUM,WEALTH_CREATION,74.0,HIGH
26,127000.0,91400.0,11000.0,877000,67000.0,24600,9,4,4,QUARTERLY,MEDIUM,TAX_SAVING,84.0,HIGH
40,35000.0,26000.0,1400.0,1134000,31000.0,7600,4,1,1,RARELY,HIGH,WEALTH_CREATION,23.0,HIGH
29,133000.0,60200.0,51900.0,563000,21000.0,20900,8,2,2,QUARTERLY,HIGH,WEALTH_CREATION,50.0,HIGH
28,85000.0,52100.0,28600.0,1026000,413000.0,4300,4,1,1,MONTHLY,MEDIUM,SHORT_TERM_GOAL,45.0,MEDIUM
21,109000.0,75900.0,22100.0,2706000,387000.0,11000,7,1,3,MONTHLY,MEDIUM,SHORT_TERM_GOAL,68.0,HIGH
52,65000.0,41000.0,11200.0,685000,68000.0,12800,14,2,3,MONTHLY,MEDIUM,RETIREMENT,68.0,HIGH
51,120000.0,60100.0,25000.0,2023000,887000.0,34900,4,1,4,QUARTERLY,MEDIUM,RETIREMENT,84.0,HIGH
27,47000.0,33700.0,1200.0,752000,139000.0,12100,7,2,3,MONTHLY,HIGH,EMERGENCY_FUND,45.0,LOW
38,82000.0,60000.0,0.0,969000,434000.0,22100,9,3,1,RARELY,LOW,SHORT_TERM_GOAL,60.0,MEDIUM
25,77000.0,49300.0,0.0,414000,177000.0,29800,4,1,4,LUMP_SUM,MEDIUM,TAX_SAVING,68.0,LOW
65,51000.0,29100.0,4500.0,1123000,660000.0,17400,22,2,3,MONTHLY,HIGH,WEALTH_CREATION,65.0,HIGH
34,44000.0,34400.0,400.0,499000,235000.0,9200,16,1,2,MONTHLY,LOW,WEALTH_CREATION,63.0,HIGH
26,90000.0,43200.0,36900.0,471000,58000.0,9900,18,4,5,RARELY,LOW,SHORT_TERM_GOAL,82.0,HIGH
49,55000.0,36000.0,14000.0,76000,6000.0,5000,2,3,5,MONTHLY,HIGH,SHORT_TERM_GOAL,75.0,MEDIUM
62,88000.0,65000.0,16700.0,384000,97000.0,6300,9,1,2,MONTHLY,LOW,RETIREMENT,63.0,HIGH
35,81000.0,58600.0,0.0,1165000,116000.0,23800,1,1,4,RARELY,MEDIUM,WEALTH_CREATION,63.0,MEDIUM
27,38000.0,34900.0,0.0,94000,31000.0,9200,11,3,2,MONTHLY,HIGH,TAX_SAVING,51.0,LOW
52,72000.0,57200.0,0.0,209000,8000.0,18600,5,2,3,QUARTERLY,MEDIUM,TAX_SAVING,78.0,LOW
38,215000.0,152700.0,22100.0,3514000,1062000.0,40200,4,2,3,MONTHLY,MEDIUM,SHORT_TERM_GOAL,70.0,MEDIUM
54,52000.0,38200.0,0.0,581000,62000.0,28600,8,2,4,QUARTERLY,LOW,WEALTH_CREATION,85.0,HIGH
65,49000.0,32700.0,2400.0,462000,7000.0,13900,13,4,2,MONTHLY,HIGH,WEALTH_CREATION,66.0,HIGH
45,56000.0,34700.0,13400.0,995000,260000.0,7900,9,3,3,RARELY,HIGH,EMERGENCY_FUND,41.0,MEDIUM
53,73000.0,56200.0,2900.0,1696000,260000.0,13900,5,1,2,RARELY,HIGH,WEALTH_CREATION,22.0,MEDIUM
28,58000.0,38600.0,16100.0,1312000,389000.0,3300,3,1,2,MONTHLY,LOW,SHORT_TERM_GOAL,63.0,HIGH
26,182000.0,75900.0,62300.0,1696000,206000.0,43800,1,1,4,RARELY,LOW,WEALTH_CREATION,63.0,HIGH
29,129000.0,111300.0,0.0,4600000,1567000.0,18500,17,1,3,RARELY,HIGH,TAX_SAVING,42.0,HIGH
39,43000.0,25100.0,10200.0,412000,154000.0,7700,1,2,2,MONTHLY,LOW,SHORT_TERM_GOAL,62.0,LOW
39,31000.0,20500.0,7100.0,383000,111000.0,3400,20,4,1,RARELY,MEDIUM,RETIREMENT,58.0,HIGH
22,47000.0,20400.0,23300.0,697000,138000.0,3300,7,1,3,QUARTERLY,HIGH,TAX_SAVING,52.0,HIGH
54,102000.0,71100.0,21200.0,2473000,153000.0,9700,8,2,2,LUMP_SUM,MEDIUM,WEALTH_CREATION,54.0,HIGH
65,105000.0,74800.0,26500.0,1449000,576000.0,3700,14,2,2,LUMP_SUM,MEDIUM,TAX_SAVING,46.0,HIGH
64,45000.0,25300.0,11600.0,64000,16000.0,8100,3,3,4,MONTHLY,LOW,SHORT_TERM_GOAL,100.0,MEDIUM
24,49000.0,36000.0,6900.0,99000,42000.0,6100,11,2,2,MONTHLY,HIGH,WEALTH_CREATION,65.0,MEDIUM
39,43000.0,23400.0,13900.0,668000,114000.0,5700,6,1,4,MONTHLY,MEDIUM,RETIREMENT,55.0,HIGH
30,243000.0,98400.0,122700.0,1482000,252000.0,21900,16,1,4,MONTHLY,MEDIUM,RETIREMENT,51.0,HIGH
45,66000.0,31400.0,17500.0,956000,162000.0,17100,17,2,4,RARELY,MEDIUM,TAX_SAVING,49.0,HIGH
61,65000.0,43300.0,15200.0,286000,86000.0,6500,17,3,4,RARELY,HIGH,SHORT_TERM_GOAL,44.0,MEDIUM
25,93000.0,43100.0,22700.0,565000,186000.0,27200,2,1,4,RARELY,LOW,WEALTH_CREATION,69.0,MEDIUM
28,41000.0,25200.0,0.0,745000,158000.0,18600,9,1,3,LUMP_SUM,LOW,TAX_SAVING,79.0,HIGH
39,94000.0,68200.0,10000.0,412000,82000.0,15800,3,1,1,MONTHLY,MEDIUM,EMERGENCY_FUND,50.0,LOW
61,36000.0,21400.0,6500.0,574000,71000.0,8100,17,4,1,LUMP_SUM,MEDIUM,WEALTH_CREATION,66.0,HIGH
22,64000.0,25600.0,21800.0,147000,37000.0,16600,16,1,4,MONTHLY,LOW,TAX_SAVING,70.0,HIGH
43,54000.0,38800.0,11300.0,533000,26000.0,3900,6,2,3,MONTHLY,MEDIUM,EMERGENCY_FUND,66.0,HIGH
59,79000.0,70100.0,5300.0,589000,102000.0,3600,21,3,2,QUARTERLY,HIGH,TAX_SAVING,41.0,MEDIUM
26,45000.0,27000.0,10800.0,823000,178000.0,7200,14,3,1,QUARTERLY,MEDIUM,EMERGENCY_FUND,62.0,HIGH
61,88000.0,41900.0,27800.0,921000,213000.0,18300,8,2,1,QUARTERLY,LOW,WEALTH_CREATION,51.0,HIGH
44,98000.0,64500.0,1000.0,2209000,1161000.0,32500,8,2,2,MONTHLY,HIGH,TAX_SAVING,55.0,HIGH
29,128000.0,100000.0,17500.0,3193000,1124000.0,10500,2,4,5,MONTHLY,HIGH,RETIREMENT,76.0,HIGH
54,45000.0,29500.0,6800.0,377000,167000.0,8700,10,1,1,RARELY,MEDIUM,WEALTH_CREATION,36.0,MEDIUM
44,44000.0,23700.0,10300.0,385000,29000.0,10000,11,1,5,LUMP_SUM,LOW,RETIREMENT,84.0,HIGH
28,97000.0,65900.0,15600.0,83000,10000.0,15500,6,4,5,QUARTERLY,HIGH,EMERGENCY_FUND,67.0,MEDIUM
58,68000.0,30900.0,28100.0,426000,182000.0,9000,21,3,2,LUMP_SUM,MEDIUM,WEALTH_CREATION,67.0,HIGH
28,59000.0,53700.0,2200.0,453000,106000.0,3100,17,4,4,RARELY,LOW,WEALTH_CREATION,85.0,HIGH
34,82000.0,49300.0,22600.0,710000,313000.0,10100,2,4,5,LUMP_SUM,HIGH,WEALTH_CREATION,71.0,HIGH
34,93000.0,55900.0,20700.0,257000,48000.0,16400,1,1,2,MONTHLY,LOW,EMERGENCY_FUND,58.0,LOW
31,100000.0,55500.0,34000.0,576000,263000.0,10500,9,1,1,MONTHLY,HIGH,SHORT_TERM_GOAL,25.0,LOW
63,79000.0,36500.0,24400.0,286000,23000.0,18100,13,4,3,RARELY,HIGH,SHORT_TERM_GOAL,62.0,MEDIUM
57,41000.0,26800.0,5500.0,207000,20000.0,8700,5,4,2,MONTHLY,HIGH,RETIREMENT,72.0,MEDIUM
31,99000.0,42900.0,48000.0,1003000,65000.0,8100,7,1,1,MONTHLY,LOW,WEALTH_CREATION,61.0,HIGH
54,26000.0,17000.0,0.0,316000,12000.0,10800,12,2,3,RARELY,MEDIUM,TAX_SAVING,52.0,MEDIUM
44,84000.0,31900.0,47200.0,63000,17000.0,4900,14,1,3,MONTHLY,HIGH,SHORT_TERM_GOAL,60.0,MEDIUM
26,92000.0,54500.0,21000.0,1543000,197000.0,16500,3,2,1,RARELY,LOW,WEALTH_CREATION,38.0,HIGH
34,46000.0,31900.0,11600.0,176000,34000.0,2500,1,1,2,LUMP_SUM,MEDIUM,RETIREMENT,48.0,HIGH
34,60000.0,23400.0,28700.0,149000,30000.0,7900,12,3,1,MONTHLY,LOW,TAX_SAVING,66.0,HIGH
39,58000.0,35300.0,0.0,1977000,424000.0,27100,15,3,2,MONTHLY,LOW,WEALTH_CREATION,86.0,HIGH
55,55000.0,39400.0,14800.0,86000,23000.0,800,1,2,1,LUMP_SUM,HIGH,RETIREMENT,38.0,LOW
35,112000.0,66500.0,41300.0,77000,10000.0,4200,7,3,3,MONTHLY,MEDIUM,EMERGENCY_FUND,71.0,MEDIUM
32,116000.0,77300.0,0.0,1049000,561000.0,63800,4,5,3,MONTHLY,LOW,WEALTH_CREATION,94.0,HIGH
44,62000.0,47600.0,12600.0,140000,28000.0,1800,1,4,2,QUARTERLY,MEDIUM,WEALTH_CREATION,75.0,MEDIUM
33,34000.0,16000.0,10400.0,170000,48000.0,7600,6,4,1,QUARTERLY,MEDIUM,EMERGENCY_FUND,65.0,MEDIUM
23,37000.0,16500.0,10700.0,392000,49000.0,9800,9,3,4,LUMP_SUM,MEDIUM,WEALTH_CREATION,71.0,HIGH
41,81000.0,54000.0,0.0,1777000,161000.0,30700,6,2,2,MONTHLY,MEDIUM,WEALTH_CREATION,53.0,HIGH
24,64000.0,47900.0,10700.0,401000,137000.0,5400,2,2,4,MONTHLY,HIGH,WEALTH_CREATION,79.0,MEDIUM
63,42000.0,33100.0,7200.0,766000,177000.0,1700,9,5,1,MONTHLY,HIGH,TAX_SAVING,73.0,HIGH
58,62000.0,37400.0,20700.0,647000,209000.0,3900,5,1,4,MONTHLY,HIGH,RETIREMENT,38.0,HIGH
57,20000.0,11200.0,8300.0,262000,26000.0,500,6,3,3,RARELY,MEDIUM,RETIREMENT,64.0,HIGH
31,77000.0,38800.0,20800.0,625000,58000.0,17400,6,1,5,LUMP_SUM,LOW,WEALTH_CREATION,86.0,HIGH
56,25000.0,11200.0,10500.0,178000,7000.0,3300,16,2,3,LUMP_SUM,HIGH,RETIREMENT,67.0,HIGH
30,70000.0,56700.0,7000.0,2253000,645000.0,6300,14,1,3,QUARTERLY,MEDIUM,TAX_SAVING,60.0,HIGH
37,58000.0,47200.0,0.0,329000,233000.0,28200,23,3,1,RARELY,LOW,RETIREMENT,57.0,MEDIUM
47,116000.0,92800.0,300.0,741000,192000.0,22900,2,1,1,MONTHLY,MEDIUM,WEALTH_CREATION,37.0,LOW
25,59000.0,53900.0,2900.0,1013000,43000.0,2200,2,1,3,MONTHLY,HIGH,WEALTH_CREATION,39.0,HIGH
32,190000.0,144500.0,9600.0,3610000,1167000.0,35900,4,1,3,MONTHLY,MEDIUM,EMERGENCY_FUND,58.0,HIGH
64,33000.0,12900.0,17500.0,189000,21000.0,2600,9,1,3,MONTHLY,LOW,WEALTH_CREATION,73.0,HIGH
29,83000.0,37000.0,6700.0,965000,140000.0,39300,5,4,3,MONTHLY,MEDIUM,WEALTH_CREATION,62.0,HIGH
41,67000.0,34400.0,15600.0,1526000,204000.0,17000,5,4,1,RARELY,MEDIUM,SHORT_TERM_GOAL,62.0,HIGH
32,37000.0,25200.0,0.0,733000,38000.0,11900,6,5,3,RARELY,MEDIUM,RETIREMENT,78.0,HIGH
55,27000.0,12400.0,2900.0,158000,16000.0,11700,1,2,2,LUMP_SUM,MEDIUM,WEALTH_CREATION,55.0,LOW
45,138000.0,109800.0,0.0,3319000,617000.0,36400,22,1,1,RARELY,MEDIUM,TAX_SAVING,32.0,HIGH
30,76000.0,45400.0,24100.0,333000,36000.0,6500,15,4,2,MONTHLY,MEDIUM,EMERGENCY_FUND,66.0,HIGH
36,100000.0,73400.0,0.0,1825000,336000.0,34000,5,1,5,LUMP_SUM,MEDIUM,WEALTH_CREATION,85.0,HIGH
49,63000.0,55000.0,0.0,879000,129000.0,11900,10,1,4,QUARTERLY,LOW,TAX_SAVING,61.0,HIGH
63,41000.0,13600.0,23600.0,208000,62000.0,3800,17,3,3,MONTHLY,HIGH,RETIREMENT,63.0,HIGH
27,44000.0,31700.0,900.0,368000,184000.0,11400,9,1,5,RARELY,MEDIUM,RETIREMENT,69.0,MEDIUM
57,47000.0,37800.0,0.0,424000,45000.0,18300,6,1,1,RARELY,MEDIUM,SHORT_TERM_GOAL,46.0,LOW
45,30000.0,19800.0,1600.0,290000,153000.0,8600,14,2,1,MONTHLY,MEDIUM,SHORT_TERM_GOAL,48.0,MEDIUM
27,112000.0,94000.0,11000.0,1357000,32000.0,7000,11,2,1,MONTHLY,MEDIUM,SHORT_TERM_GOAL,52.0,HIGH
26,50000.0,38300.0,0.0,580000,103000.0,12300,6,3,3,MONTHLY,MEDIUM,RETIREMENT,57.0,HIGH
48,74000.0,46700.0,8100.0,1389000,247000.0,19200,1,2,1,RARELY,LOW,SHORT_TERM_GOAL,50.0,LOW
61,69000.0,50300.0,12800.0,3659000,1593000.0,5900,5,1,4,QUARTERLY,MEDIUM,WEALTH_CREATION,57.0,HIGH
62,70000.0,49700.0,0.0,1371000,561000.0,23800,2,4,2,MONTHLY,MEDIUM,EMERGENCY_FUND,70.0,HIGH
29,65000.0,18400.0,43000.0,237000,6000.0,3600,17,5,3,RARELY,MEDIUM,SHORT_TERM_GOAL,71.0,HIGH
24,29000.0,15500.0,11400.0,99000,9000.0,2100,6,2,1,MONTHLY,MEDIUM,TAX_SAVING,57.0,MEDIUM
57,37000.0,28800.0,0.0,114000,42000.0,10800,7,3,3,LUMP_SUM,LOW,RETIREMENT,54.0,HIGH
62,30000.0,13500.0,4200.0,460000,87000.0,12300,2,1,5,LUMP_SUM,MEDIUM,EMERGENCY_FUND,84.0,MEDIUM
53,44000.0,22500.0,0.0,285000,86000.0,24200,18,1,4,LUMP_SUM,MEDIUM,WEALTH_CREATION,60.0,MEDIUM
42,99000.0,31900.0,40800.0,157000,8000.0,26300,8,2,5,MONTHLY,LOW,SHORT_TERM_GOAL,92.0,MEDIUM
40,59000.0,44700.0,1000.0,653000,139000.0,13300,3,4,3,QUARTERLY,MEDIUM,EMERGENCY_FUND,83.0,HIGH
65,66000.0,48500.0,0.0,1767000,553000.0,23200,6,3,5,MONTHLY,HIGH,WEALTH_CREATION,94.0,HIGH
21,201000.0,153100.0,0.0,307000,215000.0,81000,5,4,5,RARELY,MEDIUM,EMERGENCY_FUND,100.0,LOW
49,92000.0,38900.0,51100.0,703000,316000.0,2000,4,3,1,MONTHLY,MEDIUM,SHORT_TERM_GOAL,44.0,MEDIUM
21,40000.0,25900.0,1900.0,370000,19000.0,12200,10,1,3,MONTHLY,HIGH,SHORT_TERM_GOAL,53.0,LOW
23,57000.0,27600.0,27100.0,635000,135000.0,2300,8,1,3,MONTHLY,MEDIUM,WEALTH_CREATION,53.0,HIGH
34,94000.0,53400.0,18600.0,1560000,103000.0,22000,18,1,1,QUARTERLY,LOW,WEALTH_CREATION,61.0,HIGH
65,92000.0,84600.0,500.0,1939000,299000.0,6900,1,4,1,MONTHLY,MEDIUM,EMERGENCY_FUND,69.0,HIGH
64,118000.0,90400.0,0.0,966000,480000.0,49300,4,4,2,RARELY,LOW,WEALTH_CREATION,64.0,MEDIUM
43,67000.0,30400.0,10300.0,21000,2000.0,26300,9,1,2,RARELY,LOW,EMERGENCY_FUND,48.0,LOW
43,148000.0,113600.0,1100.0,713000,198000.0,33300,13,4,3,MONTHLY,HIGH,WEALTH_CREATION,84.0,HIGH
54,133000.0,63000.0,59800.0,560000,110000.0,10200,18,3,2,RARELY,MEDIUM,WEALTH_CREATION,66.0,HIGH
31,98000.0,70500.0,11500.0,376000,101000.0,16000,1,5,5,QUARTERLY,HIGH,EMERGENCY_FUND,95.0,LOW
21,25000.0,9700.0,7200.0,84000,6000.0,8100,7,4,2,MONTHLY,LOW,SHORT_TERM_GOAL,97.0,HIGH
59,62000.0,42000.0,1000.0,781000,307000.0,19000,10,4,1,LUMP_SUM,MEDIUM,WEALTH_CREATION,62.0,HIGH
55,58000.0,28800.0,11400.0,697000,159000.0,17800,16,4,3,LUMP_SUM,HIGH,RETIREMENT,64.0,HIGH
26,92000.0,53600.0,21800.0,182000,47000.0,16600,12,2,2,MONTHLY,MEDIUM,WEALTH_CREATION,63.0,HIGH
45,39000.0,35400.0,300.0,842000,98000.0,3300,11,5,3,QUARTERLY,HIGH,SHORT_TERM_GOAL,70.0,HIGH
47,42000.0,21300.0,18800.0,169000,7000.0,1900,20,5,1,MONTHLY,LOW,RETIREMENT,100.0,HIGH
33,80000.0,59400.0,0.0,181000,17000.0,21300,12,3,3,LUMP_SUM,MEDIUM,EMERGENCY_FUND,65.0,LOW
61,54000.0,42500.0,0.0,1518000,333000.0,15300,2,1,2,MONTHLY,MEDIUM,WEALTH_CREATION,51.0,HIGH
60,116000.0,102700.0,8500.0,1108000,356000.0,4800,2,2,4,RARELY,MEDIUM,RETIREMENT,70.0,MEDIUM
63,73000.0,67100.0,0.0,1337000,20000.0,8000,20,4,5,MONTHLY,LOW,RETIREMENT,92.0,HIGH
56,51000.0,30500.0,10800.0,534000,252000.0,9700,8,3,1,LUMP_SUM,HIGH,WEALTH_CREATION,33.0,MEDIUM
30,41000.0,17100.0,14500.0,132000,42000.0,9400,19,1,5,MONTHLY,MEDIUM,TAX_SAVING,77.0,HIGH
30,63000.0,39700.0,17000.0,364000,216000.0,6300,15,3,3,MONTHLY,LOW,WEALTH_CREATION,77.0,HIGH
30,68000.0,44200.0,7300.0,509000,62000.0,16500,12,4,1,MONTHLY,MEDIUM,EMERGENCY_FUND,68.0,MEDIUM
54,74000.0,62000.0,4300.0,774000,204000.0,7700,6,4,3,MONTHLY,MEDIUM,RETIREMENT,61.0,HIGH
53,56000.0,44100.0,0.0,1794000,560000.0,12000,7,1,1,RARELY,HIGH,SHORT_TERM_GOAL,13.0,HIGH
31,148000.0,90300.0,10900.0,1495000,510000.0,46800,3,5,2,MONTHLY,HIGH,TAX_SAVING,83.0,MEDIUM
62,32000.0,23400.0,0.0,439000,235000.0,12400,4,2,2,MONTHLY,MEDIUM,WEALTH_CREATION,49.0,HIGH
45,26000.0,15000.0,5100.0,537000,143000.0,5900,6,1,1,MONTHLY,MEDIUM,WEALTH_CREATION,67.0,HIGH
38,26000.0,19400.0,3000.0,173000,71000.0,3600,1,1,2,MONTHLY,LOW,WEALTH_CREATION,55.0,MEDIUM
27,23000.0,10500.0,10800.0,245000,144000.0,1700,8,1,2,RARELY,LOW,EMERGENCY_FUND,54.0,HIGH
49,102000.0,93800.0,0.0,2097000,713000.0,29800,5,1,1,LUMP_SUM,MEDIUM,WEALTH_CREATION,45.0,HIGH
58,77000.0,42400.0,2000.0,1049000,247000.0,32600,5,3,2,MONTHLY,MEDIUM,TAX_SAVING,85.0,MEDIUM
26,60000.0,45000.0,5800.0,1014000,237000.0,9200,2,4,3,MONTHLY,MEDIUM,RETIREMENT,77.0,HIGH
44,90000.0,59900.0,17900.0,918000,85000.0,12200,19,3,3,QUARTERLY,MEDIUM,RETIREMENT,81.0,HIGH
48,119000.0,79100.0,0.0,2311000,188000.0,49900,4,2,2,QUARTERLY,MEDIUM,RETIREMENT,71.0,HIGH
63,83000.0,53800.0,20400.0,1621000,125000.0,8800,17,2,5,MONTHLY,LOW,SHORT_TERM_GOAL,100.0,HIGH
49,21000.0,15800.0,4800.0,114000,38000.0,400,4,2,2,RARELY,LOW,TAX_SAVING,63.0,LOW
30,51000.0,25400.0,17100.0,362000,38000.0,8500,2,2,2,MONTHLY,HIGH,TAX_SAVING,58.0,MEDIUM
46,58000.0,37900.0,9100.0,1107000,295000.0,11000,1,1,3,QUARTERLY,MEDIUM,TAX_SAVING,68.0,HIGH
55,108000.0,50400.0,46200.0,545000,193000.0,11400,14,4,5,MONTHLY,HIGH,TAX_SAVING,88.0,HIGH
32,61000.0,53100.0,2900.0,96000,32000.0,5000,13,1,5,LUMP_SUM,MEDIUM,EMERGENCY_FUND,54.0,LOW
51,77000.0,52700.0,0.0,1482000,527000.0,32500,20,1,1,MONTHLY,LOW,SHORT_TERM_GOAL,40.0,HIGH
22,53000.0,39100.0,0.0,879000,251000.0,21000,16,4,1,MONTHLY,MEDIUM,TAX_SAVING,63.0,HIGH
49,24000.0,22000.0,0.0,1011000,294000.0,8700,4,2,4,RARELY,MEDIUM,TAX_SAVING,49.0,HIGH
25,90000.0,82800.0,1100.0,970000,185000.0,6100,18,4,3,MONTHLY,HIGH,WEALTH_CREATION,88.0,HIGH
35,76000.0,50900.0,2200.0,1410000,45000.0,22900,13,1,3,MONTHLY,LOW,SHORT_TERM_GOAL,69.0,HIGH
32,55000.0,38400.0,0.0,1557000,131000.0,19600,5,4,3,QUARTERLY,HIGH,WEALTH_CREATION,61.0,HIGH
21,159000.0,108700.0,21200.0,3208000,1197000.0,29100,3,5,3,MONTHLY,LOW,WEALTH_CREATION,100.0,HIGH
31,40000.0,28500.0,8000.0,577000,122000.0,3500,21,3,2,MONTHLY,MEDIUM,EMERGENCY_FUND,76.0,HIGH
48,31000.0,14400.0,1300.0,286000,67000.0,15300,10,1,3,MONTHLY,LOW,EMERGENCY_FUND,68.0,MEDIUM
23,24000.0,16500.0,0.0,167000,80000.0,8900,7,2,3,MONTHLY,HIGH,WEALTH_CREATION,54.0,LOW
37,70000.0,36500.0,19000.0,18000,1000.0,14500,16,2,4,RARELY,MEDIUM,WEALTH_CREATION,74.0,MEDIUM
28,91000.0,60700.0,27300.0,429000,25000.0,3000,4,1,5,MONTHLY,MEDIUM,RETIREMENT,86.0,HIGH
65,122000.0,52600.0,32100.0,411000,258000.0,37300,3,1,1,RARELY,HIGH,RETIREMENT,30.0,LOW
27,54000.0,33800.0,11400.0,1296000,61000.0,8800,15,3,5,RARELY,LOW,TAX_SAVING,97.0,HIGH
53,78000.0,31800.0,10700.0,716000,167000.0,35500,6,2,1,MONTHLY,MEDIUM,EMERGENCY_FUND,57.0,LOW
30,138000.0,90300.0,14000.0,860000,153000.0,33700,1,5,3,MONTHLY,MEDIUM,RETIREMENT,98.0,HIGH
58,27000.0,13700.0,0.0,149000,25000.0,13800,4,3,2,QUARTERLY,HIGH,WEALTH_CREATION,54.0,LOW
65,56000.0,43300.0,7000.0,221000,23000.0,5700,3,1,3,LUMP_SUM,MEDIUM,WEALTH_CREATION,52.0,LOW
29,80000.0,53200.0,5300.0,972000,147000.0,21500,1,1,4,MONTHLY,MEDIUM,RETIREMENT,54.0,MEDIUM
57,49000.0,35300.0,0.0,414000,158000.0,14600,9,2,5,MONTHLY,MEDIUM,WEALTH_CREATION,80.0,HIGH
59,27000.0,17300.0,0.0,1075000,115000.0,11600,5,2,1,RARELY,LOW,RETIREMENT,49.0,HIGH
35,72000.0,42900.0,15400.0,1073000,761000.0,13700,23,1,1,RARELY,HIGH,SHORT_TERM_GOAL,24.0,HIGH
64,52000.0,33900.0,8400.0,486000,333000.0,9700,4,2,4,RARELY,MEDIUM,SHORT_TERM_GOAL,61.0,MEDIUM
24,66000.0,40500.0,20600.0,115000,62000.0,4900,5,5,1,QUARTERLY,LOW,RETIREMENT,80.0,HIGH
56,124000.0,34300.0,74000.0,283000,4000.0,15700,4,1,5,MONTHLY,MEDIUM,EMERGENCY_FUND,69.0,HIGH
48,55000.0,36900.0,0.0,483000,364000.0,25800,6,3,5,RARELY,LOW,EMERGENCY_FUND,80.0,LOW
61,65000.0,44300.0,14600.0,876000,234000.0,6100,3,4,1,RARELY,LOW,WEALTH_CREATION,55.0,HIGH
60,56000.0,36300.0,11800.0,639000,325000.0,7900,8,3,4,MONTHLY,HIGH,RETIREMENT,72.0,HIGH
57,62000.0,45000.0,0.0,1246000,160000.0,34100,1,1,4,QUARTERLY,MEDIUM,WEALTH_CREATION,73.0,HIGH
53,68000.0,45600.0,0.0,2567000,679000.0,25700,5,1,3,RARELY,HIGH,RETIREMENT,39.0,HIGH
27,71000.0,31200.0,24900.0,546000,153000.0,14900,23,1,4,MONTHLY,MEDIUM,WEALTH_CREATION,55.0,HIGH
37,130000.0,59500.0,4300.0,2177000,887000.0,66200,12,1,4,QUARTERLY,MEDIUM,RETIREMENT,56.0,HIGH
39,44000.0,24800.0,10900.0,1249000,451000.0,8300,6,3,3,LUMP_SUM,MEDIUM,EMERGENCY_FUND,78.0,HIGH
28,36000.0,14200.0,15600.0,343000,77000.0,6200,19,3,4,LUMP_SUM,LOW,RETIREMENT,77.0,HIGH
46,45000.0,21600.0,21900.0,385000,201000.0,1500,5,1,4,LUMP_SUM,MEDIUM,SHORT_TERM_GOAL,76.0,HIGH
61,58000.0,32300.0,1400.0,880000,304000.0,24300,11,1,3,MONTHLY,HIGH,WEALTH_CREATION,55.0,HIGH
21,28000.0,23200.0,1300.0,222000,80000.0,3500,2,2,1,MONTHLY,LOW,WEALTH_CREATION,63.0,HIGH
46,35000.0,18400.0,8900.0,105000,26000.0,7700,4,2,4,QUARTERLY,MEDIUM,SHORT_TERM_GOAL,57.0,MEDIUM
48,23000.0,13200.0,4700.0,219000,79000.0,5100,2,2,2,RARELY,MEDIUM,TAX_SAVING,60.0,LOW
51,64000.0,47500.0,4000.0,967000,104000.0,12500,1,1,5,MONTHLY,HIGH,TAX_SAVING,57.0,HIGH
61,129000.0,104500.0,11500.0,661000,255000.0,13000,11,2,3,QUARTERLY,MEDIUM,EMERGENCY_FUND,75.0,MEDIUM
57,107000.0,44700.0,18100.0,586000,326000.0,44200,17,3,2,RARELY,LOW,EMERGENCY_FUND,73.0,MEDIUM
50,33000.0,28100.0,0.0,1373000,430000.0,13100,14,1,2,MONTHLY,MEDIUM,RETIREMENT,62.0,HIGH
56,60000.0,29900.0,7200.0,80000,1000.0,22900,7,1,3,MONTHLY,MEDIUM,EMERGENCY_FUND,68.0,MEDIUM
25,78000.0,43000.0,2000.0,848000,6000.0,33000,16,1,3,MONTHLY,MEDIUM,EMERGENCY_FUND,66.0,LOW
24,98000.0,46400.0,24700.0,1280000,397000.0,26900,24,4,4,MONTHLY,LOW,EMERGENCY_FUND,100.0,HIGH
32,60000.0,23700.0,30200.0,227000,16000.0,6100,19,1,1,QUARTERLY,HIGH,WEALTH_CREATION,42.0,MEDIUM
29,35000.0,15700.0,18300.0,57000,4000.0,1000,15,1,3,MONTHLY,HIGH,TAX_SAVING,58.0,HIGH
34,70000.0,47700.0,20900.0,748000,25000.0,1400,14,3,4,RARELY,LOW,WEALTH_CREATION,87.0,HIGH
51,117000.0,65800.0,43300.0,408000,49000.0,7900,18,1,1,RARELY,HIGH,TAX_SAVING,35.0,MEDIUM
49,112000.0,70900.0,26900.0,1797000,125000.0,14200,7,3,4,MONTHLY,HIGH,WEALTH_CREATION,90.0,HIGH
43,74000.0,41200.0,27100.0,863000,45000.0,5700,12,3,4,RARELY,MEDIUM,TAX_SAVING,75.0,HIGH
53,79000.0,22200.0,48100.0,276000,7000.0,8700,22,5,1,MONTHLY,MEDIUM,EMERGENCY_FUND,84.0,HIGH
23,24000.0,14100.0,2800.0,189000,44000.0,7100,9,2,2,MONTHLY,LOW,SHORT_TERM_GOAL,57.0,HIGH
33,103000.0,94700.0,5700.0,172000,17000.0,2600,4,1,1,QUARTERLY,MEDIUM,EMERGENCY_FUND,47.0,LOW
28,111000.0,88000.0,6000.0,3845000,623000.0,17000,9,4,1,RARELY,HIGH,RETIREMENT,57.0,HIGH
23,69000.0,42700.0,13000.0,255000,41000.0,13300,4,2,4,RARELY,MEDIUM,SHORT_TERM_GOAL,66.0,LOW
63,32000.0,18100.0,7500.0,477000,88000.0,6400,2,1,1,MONTHLY,HIGH,EMERGENCY_FUND,43.0,LOW
55,45000.0,17400.0,8000.0,448000,83000.0,19600,18,2,4,MONTHLY,HIGH,RETIREMENT,78.0,HIGH
43,52000.0,44000.0,1900.0,1025000,70000.0,6100,3,1,2,MONTHLY,LOW,TAX_SAVING,68.0,HIGH
22,107000.0,63600.0,33600.0,981000,505000.0,9800,1,4,3,RARELY,HIGH,RETIREMENT,67.0,HIGH
45,78000.0,63000.0,0.0,1447000,214000.0,32700,6,1,5,LUMP_SUM,HIGH,WEALTH_CREATION,61.0,MEDIUM
46,63000.0,45400.0,10300.0,481000,86000.0,7300,5,2,1,MONTHLY,LOW,WEALTH_CREATION,70.0,HIGH
27,100000.0,20000.0,61500.0,1005000,505000.0,18500,16,2,4,MONTHLY,MEDIUM,EMERGENCY_FUND,63.0,HIGH
65,49000.0,31200.0,0.0,878000,266000.0,26700,11,1,2,LUMP_SUM,HIGH,RETIREMENT,50.0,MEDIUM
25,68000.0,46400.0,0.0,831000,198000.0,36700,2,2,2,LUMP_SUM,MEDIUM,WEALTH_CREATION,45.0,MEDIUM
27,116000.0,64600.0,9700.0,2015000,296000.0,41700,4,3,3,MONTHLY,HIGH,EMERGENCY_FUND,65.0,MEDIUM
27,101000.0,77700.0,0.0,1083000,151000.0,38200,10,1,5,MONTHLY,MEDIUM,WEALTH_CREATION,73.0,HIGH
31,78000.0,57900.0,0.0,2305000,133000.0,33000,22,1,5,LUMP_SUM,HIGH,TAX_SAVING,67.0,HIGH
52,115000.0,36300.0,75000.0,1035000,636000.0,3700,17,1,4,MONTHLY,MEDIUM,WEALTH_CREATION,68.0,HIGH
58,99000.0,59800.0,11400.0,163000,65000.0,27800,4,4,5,MONTHLY,HIGH,SHORT_TERM_GOAL,94.0,MEDIUM
28,108000.0,99300.0,0.0,4269000,1040000.0,9600,4,4,3,MONTHLY,LOW,SHORT_TERM_GOAL,91.0,HIGH
25,102000.0,41100.0,48400.0,783000,421000.0,12500,12,1,3,RARELY,HIGH,WEALTH_CREATION,37.0,HIGH
41,47000.0,34100.0,0.0,538000,352000.0,18400,6,2,3,MONTHLY,MEDIUM,RETIREMENT,76.0,HIGH
63,114000.0,68500.0,27100.0,1161000,415000.0,18400,7,1,2,RARELY,MEDIUM,RETIREMENT,47.0,MEDIUM
51,71000.0,46100.0,15400.0,215000,102000.0,9500,3,1,2,LUMP_SUM,MEDIUM,RETIREMENT,61.0,MEDIUM
56,67000.0,50900.0,12800.0,1175000,312000.0,3300,3,1,4,RARELY,MEDIUM,RETIREMENT,63.0,HIGH
34,127000.0,55600.0,67300.0,953000,113000.0,4100,20,2,1,MONTHLY,MEDIUM,WEALTH_CREATION,53.0,HIGH
49,60000.0,29900.0,12800.0,727000,251000.0,17300,2,3,1,RARELY,MEDIUM,WEALTH_CREATION,53.0,HIGH
46,86000.0,52100.0,10400.0,367000,147000.0,23500,7,1,2,QUARTERLY,MEDIUM,WEALTH_CREATION,44.0,MEDIUM
57,69000.0,56600.0,5800.0,470000,47000.0,6600,22,1,3,MONTHLY,HIGH,WEALTH_CREATION,34.0,MEDIUM
49,49000.0,35800.0,3200.0,846000,247000.0,10000,9,4,4,MONTHLY,MEDIUM,EMERGENCY_FUND,91.0,HIGH
56,83000.0,55400.0,0.0,1969000,701000.0,43600,12,5,3,QUARTERLY,LOW,SHORT_TERM_GOAL,100.0,HIGH
43,81000.0,53500.0,24800.0,1198000,240000.0,2700,3,2,3,QUARTERLY,MEDIUM,RETIREMENT,48.0,HIGH
48,147000.0,91300.0,48700.0,856000,46000.0,7000,1,1,2,MONTHLY,HIGH,SHORT_TERM_GOAL,47.0,LOW
24,44000.0,21900.0,15100.0,695000,125000.0,7000,16,2,1,MONTHLY,LOW,RETIREMENT,73.0,HIGH
55,49000.0,41000.0,3700.0,866000,90000.0,4300,7,2,2,MONTHLY,LOW,WEALTH_CREATION,69.0,HIGH
26,125000.0,45600.0,71000.0,430000,22000.0,8400,4,1,3,QUARTERLY,HIGH,WEALTH_CREATION,71.0,HIGH
65,85000.0,70500.0,0.0,401000,43000.0,44300,1,1,2,LUMP_SUM,LOW,TAX_SAVING,50.0,LOW
24,68000.0,52600.0,11500.0,344000,129000.0,3900,5,4,4,QUARTERLY,HIGH,SHORT_TERM_GOAL,75.0,MEDIUM
52,28000.0,22600.0,3400.0,702000,49000.0,2000,5,2,1,QUARTERLY,MEDIUM,EMERGENCY_FUND,44.0,HIGH
33,130000.0,98600.0,0.0,234000,44000.0,34900,5,1,4,RARELY,HIGH,WEALTH_CREATION,46.0,LOW
31,21000.0,11900.0,1200.0,192000,56000.0,7900,1,4,1,MONTHLY,HIGH,WEALTH_CREATION,56.0,MEDIUM
21,131000.0,69400.0,48900.0,888000,657000.0,12700,2,1,2,MONTHLY,MEDIUM,WEALTH_CREATION,45.0,HIGH
26,114000.0,90100.0,0.0,2326000,1036000.0,51800,12,2,4,MONTHLY,MEDIUM,WEALTH_CREATION,72.0,HIGH
43,48000.0,29300.0,4800.0,319000,127000.0,13900,10,1,1,MONTHLY,LOW,WEALTH_CREATION,56.0,HIGH
39,61000.0,43000.0,0.0,3034000,453000.0,18900,3,5,4,RARELY,HIGH,RETIREMENT,82.0,HIGH
56,123000.0,66700.0,34500.0,1351000,163000.0,21800,6,1,3,RARELY,LOW,SHORT_TERM_GOAL,52.0,MEDIUM
35,40000.0,18700.0,12800.0,196000,2000.0,8500,17,3,2,LUMP_SUM,MEDIUM,WEALTH_CREATION,63.0,HIGH
58,119000.0,106200.0,0.0,1892000,576000.0,19700,18,1,2,MONTHLY,HIGH,WEALTH_CREATION,48.0,HIGH
43,106000.0,33000.0,57800.0,389000,281000.0,15200,17,1,2,QUARTERLY,MEDIUM,WEALTH_CREATION,59.0,HIGH
65,39000.0,17100.0,13700.0,213000,67000.0,8200,11,3,1,MONTHLY,HIGH,SHORT_TERM_GOAL,40.0,MEDIUM
32,97000.0,84800.0,0.0,1681000,398000.0,22700,6,3,3,MONTHLY,MEDIUM,WEALTH_CREATION,63.0,HIGH
53,144000.0,114900.0,0.0,2363000,786000.0,54200,14,2,1,RARELY,MEDIUM,SHORT_TERM_GOAL,28.0,LOW
58,91000.0,61900.0,13000.0,1300000,77000.0,16100,14,3,2,MONTHLY,HIGH,SHORT_TERM_GOAL,44.0,MEDIUM
40,75000.0,40500.0,27300.0,386000,169000.0,7200,11,3,1,MONTHLY,MEDIUM,SHORT_TERM_GOAL,59.0,LOW
59,30000.0,23300.0,2300.0,254000,97000.0,4400,15,1,4,MONTHLY,MEDIUM,SHORT_TERM_GOAL,79.0,HIGH
62,50000.0,43500.0,0.0,246000,16000.0,8300,2,1,5,LUMP_SUM,LOW,WEALTH_CREATION,88.0,MEDIUM
61,46000.0,26000.0,11700.0,425000,194000.0,8300,5,1,3,LUMP_SUM,LOW,SHORT_TERM_GOAL,51.0,MEDIUM
63,74000.0,30300.0,19900.0,704000,25000.0,23800,3,2,2,MONTHLY,LOW,WEALTH_CREATION,62.0,HIGH
50,48000.0,30800.0,11300.0,314000,239000.0,5900,15,4,1,MONTHLY,HIGH,WEALTH_CREATION,52.0,HIGH
30,146000.0,90600.0,35400.0,1296000,4000.0,20000,2,3,3,MONTHLY,MEDIUM,TAX_SAVING,81.0,MEDIUM
26,183000.0,129100.0,0.0,1730000,998000.0,79000,9,5,2,MONTHLY,HIGH,RETIREMENT,80.0,HIGH
29,55000.0,37800.0,3100.0,924000,34000.0,14100,3,2,3,MONTHLY,MEDIUM,WEALTH_CREATION,44.0,MEDIUM
58,59000.0,42800.0,8300.0,974000,213000.0,7900,4,1,3,MONTHLY,HIGH,TAX_SAVING,41.0,HIGH
60,60000.0,37400.0,21000.0,283000,66000.0,1600,6,1,5,MONTHLY,LOW,SHORT_TERM_GOAL,91.0,HIGH
30,211000.0,57000.0,116500.0,881000,181000.0,37500,9,1,5,RARELY,MEDIUM,WEALTH_CREATION,55.0,HIGH
41,110000.0,84700.0,19800.0,1619000,239000.0,5500,4,4,2,RARELY,MEDIUM,SHORT_TERM_GOAL,79.0,HIGH
23,177000.0,46700.0,96700.0,50000,11000.0,33600,8,3,3,LUMP_SUM,HIGH,WEALTH_CREATION,67.0,MEDIUM
40,65000.0,44100.0,18200.0,584000,129000.0,2700,23,2,2,MONTHLY,MEDIUM,TAX_SAVING,66.0,HIGH
42,226000.0,135800.0,39900.0,1320000,92000.0,50300,5,4,2,QUARTERLY,HIGH,RETIREMENT,80.0,MEDIUM
55,60000.0,41500.0,0.0,1212000,339000.0,20500,22,1,3,RARELY,LOW,RETIREMENT,82.0,HIGH
45,44000.0,31800.0,4000.0,434000,54000.0,8200,7,1,4,MONTHLY,MEDIUM,TAX_SAVING,73.0,HIGH
62,65000.0,41700.0,14000.0,1472000,903000.0,9300,1,1,2,LUMP_SUM,HIGH,EMERGENCY_FUND,40.0,HIGH
55,77000.0,51400.0,18300.0,973000,156000.0,7300,18,1,2,QUARTERLY,HIGH,EMERGENCY_FUND,36.0,HIGH
33,127000.0,92800.0,14200.0,321000,194000.0,20000,2,3,1,RARELY,HIGH,TAX_SAVING,34.0,LOW
26,58000.0,33500.0,12500.0,999000,205000.0,12000,8,5,2,MONTHLY,MEDIUM,TAX_SAVING,89.0,HIGH
64,30000.0,21300.0,0.0,1042000,129000.0,10200,9,4,2,RARELY,LOW,RETIREMENT,62.0,HIGH
29,35000.0,16900.0,15200.0,242000,16000.0,2900,7,4,3,QUARTERLY,LOW,WEALTH_CREATION,92.0,HIGH
31,77000.0,58800.0,9900.0,776000,389000.0,8300,3,2,1,LUMP_SUM,MEDIUM,WEALTH_CREATION,58.0,HIGH
52,48000.0,28200.0,0.0,873000,436000.0,21900,9,3,1,QUARTERLY,MEDIUM,TAX_SAVING,51.0,HIGH
39,99000.0,34900.0,29800.0,1054000,604000.0,34300,7,1,4,MONTHLY,MEDIUM,SHORT_TERM_GOAL,77.0,HIGH
25,54000.0,34000.0,17900.0,289000,11000.0,2100,3,1,2,QUARTERLY,MEDIUM,TAX_SAVING,58.0,MEDIUM
37,93000.0,79900.0,0.0,2296000,438000.0,28500,3,1,4,QUARTERLY,LOW,WEALTH_CREATION,80.0,HIGH
63,72000.0,39000.0,27100.0,1078000,248000.0,5900,6,2,2,RARELY,LOW,EMERGENCY_FUND,55.0,HIGH
64,29000.0,20400.0,7900.0,298000,136000.0,700,4,4,1,LUMP_SUM,HIGH,TAX_SAVING,51.0,HIGH
32,60000.0,39200.0,7300.0,315000,111000.0,13500,5,1,2,RARELY,LOW,SHORT_TERM_GOAL,43.0,LOW
59,76000.0,53100.0,22500.0,406000,167000.0,400,18,2,3,MONTHLY,HIGH,RETIREMENT,58.0,HIGH
23,135000.0,50500.0,60200.0,612000,94000.0,24300,2,1,4,MONTHLY,MEDIUM,EMERGENCY_FUND,66.0,MEDIUM
52,33000.0,24500.0,0.0,421000,60000.0,11900,15,3,2,RARELY,HIGH,RETIREMENT,42.0,MEDIUM
47,89000.0,52000.0,20400.0,329000,92000.0,16600,4,5,4,MONTHLY,HIGH,RETIREMENT,100.0,HIGH
41,33000.0,18900.0,7200.0,711000,179000.0,6900,9,3,4,RARELY,LOW,SHORT_TERM_GOAL,74.0,HIGH
56,112000.0,84500.0,24200.0,2393000,264000.0,3300,20,1,4,RARELY,LOW,RETIREMENT,52.0,HIGH
52,28000.0,14800.0,7100.0,356000,22000.0,6100,13,3,2,LUMP_SUM,MEDIUM,RETIREMENT,63.0,HIGH
38,43000.0,25400.0,11300.0,954000,270000.0,6300,9,1,1,MONTHLY,LOW,RETIREMENT,48.0,HIGH
49,88000.0,51600.0,0.0,1123000,113000.0,48400,1,1,3,MONTHLY,HIGH,RETIREMENT,62.0,LOW
64,57000.0,34300.0,17900.0,146000,113000.0,4800,16,1,2,QUARTERLY,MEDIUM,RETIREMENT,50.0,HIGH
51,22000.0,12700.0,2400.0,310000,41000.0,6900,10,2,1,QUARTERLY,HIGH,EMERGENCY_FUND,44.0,LOW
21,76000.0,64600.0,8200.0,3906000,551000.0,3200,6,2,3,MONTHLY,HIGH,RETIREMENT,50.0,HIGH
65,35000.0,22600.0,8400.0,492000,110000.0,4000,2,4,4,RARELY,HIGH,RETIREMENT,71.0,MEDIUM
29,53000.0,28400.0,20800.0,465000,139000.0,3800,7,1,5,QUARTERLY,LOW,WEALTH_CREATION,63.0,HIGH
59,41000.0,32500.0,100.0,1100000,233000.0,8400,7,2,5,MONTHLY,HIGH,RETIREMENT,64.0,HIGH
32,99000.0,46500.0,48800.0,844000,279000.0,3700,9,2,3,RARELY,HIGH,SHORT_TERM_GOAL,49.0,HIGH
30,40000.0,17600.0,14300.0,66000,20000.0,8100,12,3,3,LUMP_SUM,MEDIUM,EMERGENCY_FUND,74.0,HIGH
37,59000.0,35300.0,18200.0,111000,16000.0,5500,8,1,3,MONTHLY,HIGH,EMERGENCY_FUND,48.0,LOW
56,45000.0,20500.0,14000.0,586000,41000.0,10500,11,1,1,RARELY,MEDIUM,WEALTH_CREATION,34.0,MEDIUM
54,160000.0,80700.0,0.0,177000,65000.0,88000,1,2,2,LUMP_SUM,MEDIUM,WEALTH_CREATION,38.0,LOW
35,32000.0,14600.0,8100.0,360000,85000.0,9300,24,1,2,MONTHLY,HIGH,RETIREMENT,30.0,HIGH
63,107000.0,37200.0,40100.0,681000,39000.0,29700,4,1,4,MONTHLY,MEDIUM,SHORT_TERM_GOAL,62.0,MEDIUM
25,51000.0,28900.0,18600.0,100000,29000.0,3500,7,2,1,RARELY,LOW,SHORT_TERM_GOAL,50.0,MEDIUM
43,59000.0,24000.0,27400.0,943000,510000.0,7600,20,2,3,LUMP_SUM,MEDIUM,WEALTH_CREATION,71.0,HIGH
52,43000.0,34700.0,0.0,887000,220000.0,15300,24,1,1,MONTHLY,HIGH,EMERGENCY_FUND,54.0,HIGH
37,72000.0,49100.0,6200.0,951000,71000.0,16700,9,3,5,QUARTERLY,HIGH,SHORT_TERM_GOAL,71.0,MEDIUM
49,45000.0,24700.0,13100.0,926000,197000.0,7200,4,2,3,RARELY,MEDIUM,EMERGENCY_FUND,56.0,HIGH
29,69000.0,57300.0,0.0,2767000,940000.0,24000,9,1,2,MONTHLY,MEDIUM,RETIREMENT,44.0,HIGH
25,21000.0,14600.0,0.0,59000,7000.0,7300,7,2,4,MONTHLY,HIGH,TAX_SAVING,64.0,LOW
38,92000.0,75500.0,300.0,1010000,580000.0,16200,17,2,1,QUARTERLY,LOW,EMERGENCY_FUND,55.0,HIGH
58,100000.0,74900.0,1400.0,673000,85000.0,23700,1,1,4,LUMP_SUM,HIGH,WEALTH_CREATION,49.0,MEDIUM
42,38000.0,21800.0,13300.0,142000,49000.0,2900,21,1,5,MONTHLY,HIGH,TAX_SAVING,58.0,HIGH
58,95000.0,68700.0,0.0,1041000,27000.0,33900,7,1,1,LUMP_SUM,HIGH,RETIREMENT,36.0,LOW
55,64000.0,45600.0,8100.0,474000,220000.0,10300,8,2,3,MONTHLY,MEDIUM,RETIREMENT,58.0,HIGH
29,49000.0,41000.0,0.0,150000,7000.0,19700,11,5,5,MONTHLY,MEDIUM,EMERGENCY_FUND,100.0,HIGH
27,52000.0,44100.0,0.0,593000,81000.0,13900,16,1,1,MONTHLY,HIGH,TAX_SAVING,40.0,MEDIUM
44,47000.0,38200.0,0.0,494000,93000.0,19100,3,2,5,LUMP_SUM,LOW,EMERGENCY_FUND,91.0,MEDIUM
47,85000.0,78200.0,0.0,850000,368000.0,9700,1,3,5,MONTHLY,HIGH,TAX_SAVING,62.0,HIGH
36,40000.0,20800.0,7600.0,144000,28000.0,11600,8,4,5,MONTHLY,LOW,TAX_SAVING,98.0,HIGH
47,51000.0,38300.0,0.0,1467000,248000.0,22200,9,3,3,MONTHLY,HIGH,SHORT_TERM_GOAL,51.0,HIGH
36,43000.0,36400.0,0.0,679000,72000.0,10200,13,2,2,MONTHLY,HIGH,WEALTH_CREATION,44.0,HIGH
48,37000.0,20800.0,11200.0,458000,30000.0,5000,11,2,2,MONTHLY,HIGH,WEALTH_CREATION,40.0,HIGH
62,38000.0,24800.0,0.0,260000,75000.0,15800,12,2,1,LUMP_SUM,MEDIUM,WEALTH_CREATION,49.0,HIGH
46,127000.0,71300.0,37300.0,823000,368000.0,18400,5,3,2,RARELY,MEDIUM,RETIREMENT,57.0,MEDIUM
58,78000.0,53300.0,8300.0,474000,156000.0,16400,1,3,3,MONTHLY,LOW,WEALTH_CREATION,99.0,HIGH
31,35000.0,25100.0,9200.0,233000,41000.0,700,11,4,3,MONTHLY,MEDIUM,RETIREMENT,86.0,HIGH
57,76000.0,50800.0,21900.0,239000,62000.0,3300,19,4,1,QUARTERLY,HIGH,RETIREMENT,60.0,HIGH
55,22000.0,14500.0,6300.0,114000,46000.0,1200,24,1,1,MONTHLY,MEDIUM,TAX_SAVING,41.0,MEDIUM
58,58000.0,36900.0,3800.0,1000000,182000.0,17300,9,4,2,MONTHLY,MEDIUM,TAX_SAVING,73.0,HIGH
48,63000.0,25400.0,24200.0,318000,18000.0,13400,2,5,1,QUARTERLY,MEDIUM,WEALTH_CREATION,79.0,HIGH
24,39000.0,28000.0,9400.0,356000,82000.0,1600,13,2,2,MONTHLY,LOW,RETIREMENT,64.0,HIGH
50,80000.0,51500.0,6200.0,1324000,222000.0,22300,7,2,3,MONTHLY,MEDIUM,EMERGENCY_FUND,66.0,HIGH
32,55000.0,25600.0,24900.0,288000,43000.0,4500,21,4,2,LUMP_SUM,MEDIUM,EMERGENCY_FUND,74.0,HIGH
61,143000.0,90000.0,14100.0,3705000,1157000.0,38900,13,1,4,LUMP_SUM,LOW,WEALTH_CREATION,72.0,HIGH
30,42000.0,12700.0,21100.0,50000,2000.0,8200,2,2,4,LUMP_SUM,HIGH,WEALTH_CREATION,65.0,HIGH
41,27000.0,18300.0,0.0,313000,72000.0,14800,4,1,3,RARELY,LOW,WEALTH_CREATION,41.0,LOW
42,50000.0,24200.0,14100.0,315000,50000.0,11700,9,1,3,LUMP_SUM,HIGH,WEALTH_CREATION,60.0,MEDIUM
52,72000.0,57300.0,9900.0,1590000,1225000.0,4800,9,5,5,LUMP_SUM,MEDIUM,WEALTH_CREATION,100.0,HIGH
38,36000.0,27800.0,0.0,512000,94000.0,14800,1,2,1,MONTHLY,HIGH,RETIREMENT,39.0,LOW
56,34000.0,19300.0,2900.0,618000,257000.0,11800,16,4,1,RARELY,HIGH,RETIREMENT,47.0,HIGH
30,104000.0,63900.0,13500.0,443000,27000.0,26600,6,4,3,MONTHLY,LOW,WEALTH_CREATION,91.0,HIGH
34,48000.0,31400.0,0.0,406000,207000.0,20700,1,1,4,QUARTERLY,MEDIUM,SHORT_TERM_GOAL,59.0,LOW
49,35000.0,28900.0,2800.0,604000,70000.0,3300,6,5,4,LUMP_SUM,HIGH,WEALTH_CREATION,82.0,HIGH
23,28000.0,19900.0,6300.0,394000,49000.0,1800,10,1,3,MONTHLY,MEDIUM,WEALTH_CREATION,64.0,HIGH
42,43000.0,25100.0,10700.0,651000,56000.0,7200,22,1,2,RARELY,MEDIUM,RETIREMENT,52.0,HIGH
25,47000.0,24400.0,11700.0,958000,547000.0,10900,7,2,5,LUMP_SUM,MEDIUM,WEALTH_CREATION,69.0,HIGH
47,77000.0,55400.0,8700.0,1387000,221000.0,12900,12,2,2,RARELY,MEDIUM,WEALTH_CREATION,38.0,HIGH
64,64000.0,45500.0,0.0,1079000,368000.0,22100,5,1,1,LUMP_SUM,MEDIUM,WEALTH_CREATION,50.0,MEDIUM
55,80000.0,63500.0,12200.0,1381000,267000.0,4300,8,2,4,QUARTERLY,MEDIUM,WEALTH_CREATION,62.0,HIGH
54,145000.0,85300.0,54800.0,1097000,358000.0,4900,1,1,1,MONTHLY,HIGH,WEALTH_CREATION,40.0,MEDIUM
44,83000.0,51600.0,15300.0,2322000,1696000.0,16100,2,1,2,MONTHLY,MEDIUM,WEALTH_CREATION,40.0,HIGH
28,23000.0,13500.0,900.0,554000,202000.0,8600,12,1,1,MONTHLY,LOW,RETIREMENT,54.0,HIGH
21,44000.0,14000.0,10100.0,739000,85000.0,19900,7,3,5,RARELY,LOW,WEALTH_CREATION,80.0,HIGH
30,85000.0,60200.0,20900.0,876000,304000.0,3900,22,2,2,MONTHLY,HIGH,SHORT_TERM_GOAL,53.0,HIGH
24,68000.0,40900.0,19600.0,1363000,753000.0,7500,3,5,3,MONTHLY,HIGH,TAX_SAVING,92.0,HIGH
42,78000.0,36700.0,39800.0,770000,79000.0,1500,11,4,1,MONTHLY,MEDIUM,RETIREMENT,54.0,HIGH
54,88000.0,80900.0,0.0,971000,154000.0,22800,1,1,2,QUARTERLY,MEDIUM,WEALTH_CREATION,56.0,LOW
50,46000.0,21800.0,11900.0,544000,49000.0,12300,4,1,5,MONTHLY,HIGH,EMERGENCY_FUND,60.0,LOW
59,70000.0,39600.0,25400.0,582000,113000.0,5000,9,3,2,MONTHLY,MEDIUM,RETIREMENT,59.0,HIGH
22,47000.0,30800.0,9700.0,503000,137000.0,6500,11,3,3,MONTHLY,MEDIUM,TAX_SAVING,92.0,HIGH
65,63000.0,47300.0,0.0,442000,55000.0,25800,6,2,4,MONTHLY,MEDIUM,TAX_SAVING,78.0,MEDIUM
31,20000.0,7700.0,7300.0,420000,45000.0,5000,7,4,4,LUMP_SUM,HIGH,WEALTH_CREATION,89.0,HIGH
51,111000.0,102100.0,1400.0,597000,287000.0,7500,1,2,1,MONTHLY,HIGH,EMERGENCY_FUND,35.0,LOW
64,51000.0,36800.0,1900.0,983000,574000.0,12300,11,1,2,QUARTERLY,MEDIUM,RETIREMENT,51.0,HIGH
23,95000.0,37400.0,33900.0,699000,48000.0,23700,14,3,5,MONTHLY,HIGH,TAX_SAVING,94.0,HIGH
60,94000.0,47000.0,34900.0,1712000,1176000.0,12100,1,3,1,MONTHLY,HIGH,WEALTH_CREATION,64.0,HIGH
29,53000.0,30300.0,1700.0,523000,123000.0,21000,2,2,3,MONTHLY,MEDIUM,WEALTH_CREATION,54.0,HIGH
47,139000.0,70100.0,44800.0,3268000,1041000.0,24100,5,4,3,MONTHLY,HIGH,TAX_SAVING,75.0,HIGH
23,129000.0,77600.0,26000.0,3253000,1207000.0,25400,2,4,2,LUMP_SUM,HIGH,SHORT_TERM_GOAL,62.0,HIGH
36,49000.0,25400.0,11100.0,1885000,760000.0,12500,4,2,3,LUMP_SUM,HIGH,WEALTH_CREATION,65.0,HIGH
32,277000.0,180000.0,76100.0,1357000,229000.0,20900,11,2,1,LUMP_SUM,MEDIUM,RETIREMENT,62.0,MEDIUM
26,44000.0,20600.0,10200.0,975000,311000.0,13200,1,2,4,MONTHLY,HIGH,SHORT_TERM_GOAL,75.0,HIGH
56,81000.0,54300.0,300.0,432000,163000.0,26400,17,3,4,MONTHLY,HIGH,RETIREMENT,84.0,HIGH
52,56000.0,30900.0,22400.0,547000,85000.0,2700,14,1,5,MONTHLY,LOW,RETIREMENT,71.0,HIGH
65,68000.0,37600.0,14800.0,1025000,302000.0,15600,4,1,3,MONTHLY,MEDIUM,RETIREMENT,50.0,HIGH
59,110000.0,72300.0,35500.0,398000,107000.0,2200,15,2,5,MONTHLY,MEDIUM,EMERGENCY_FUND,72.0,HIGH
62,67000.0,48600.0,14800.0,1286000,427000.0,3600,2,1,1,LUMP_SUM,LOW,TAX_SAVING,41.0,HIGH
61,36000.0,24900.0,1900.0,370000,42000.0,9200,2,2,2,RARELY,LOW,SHORT_TERM_GOAL,55.0,LOW
29,197000.0,100400.0,5900.0,5114000,133000.0,90700,2,3,2,MONTHLY,MEDIUM,TAX_SAVING,72.0,HIGH
52,29000.0,13900.0,6700.0,190000,36000.0,8400,18,5,3,MONTHLY,HIGH,RETIREMENT,74.0,HIGH
53,44000.0,27000.0,3200.0,620000,160000.0,13800,16,3,3,QUARTERLY,LOW,RETIREMENT,73.0,HIGH
62,42000.0,22800.0,10800.0,1355000,45000.0,8400,6,3,3,QUARTERLY,MEDIUM,WEALTH_CREATION,74.0,HIGH
33,181000.0,71300.0,76200.0,2178000,1755000.0,33500,1,2,2,RARELY,LOW,WEALTH_CREATION,51.0,HIGH
21,49000.0,39300.0,0.0,473000,183000.0,20500,13,3,4,MONTHLY,LOW,EMERGENCY_FUND,93.0,HIGH
36,93000.0,53000.0,23900.0,1190000,194000.0,16100,1,2,2,MONTHLY,HIGH,RETIREMENT,70.0,MEDIUM
37,82000.0,75400.0,2700.0,1160000,243000.0,3900,12,3,5,MONTHLY,MEDIUM,RETIREMENT,97.0,HIGH
36,60000.0,42400.0,14200.0,1174000,623000.0,3400,13,1,2,MONTHLY,HIGH,TAX_SAVING,44.0,HIGH
60,134000.0,85300.0,33000.0,3887000,1329000.0,15700,1,1,4,LUMP_SUM,HIGH,RETIREMENT,58.0,HIGH
64,92000.0,60700.0,25000.0,1165000,161000.0,6300,6,3,2,MONTHLY,HIGH,WEALTH_CREATION,77.0,HIGH
27,50000.0,42400.0,0.0,998000,126000.0,8500,3,1,4,MONTHLY,MEDIUM,RETIREMENT,62.0,HIGH
26,211000.0,161500.0,6200.0,3795000,946000.0,43300,7,4,3,RARELY,LOW,TAX_SAVING,69.0,HIGH
52,33000.0,11900.0,17500.0,61000,7000.0,3600,1,3,2,QUARTERLY,MEDIUM,EMERGENCY_FUND,61.0,MEDIUM
37,52000.0,34100.0,15000.0,650000,27000.0,2900,14,1,3,MONTHLY,LOW,EMERGENCY_FUND,61.0,HIGH
64,115000.0,57000.0,45900.0,2174000,527000.0,12100,1,3,1,MONTHLY,MEDIUM,WEALTH_CREATION,60.0,HIGH
27,31000.0,23500.0,5400.0,102000,14000.0,2100,6,1,3,LUMP_SUM,MEDIUM,TAX_SAVING,69.0,LOW
45,78000.0,15600.0,48200.0,330000,21000.0,14200,17,1,3,QUARTERLY,MEDIUM,WEALTH_CREATION,57.0,HIGH
44,194000.0,80300.0,84200.0,636000,102000.0,29500,8,1,3,LUMP_SUM,LOW,EMERGENCY_FUND,50.0,LOW
30,101000.0,62500.0,26800.0,879000,289000.0,11700,7,1,4,QUARTERLY,HIGH,EMERGENCY_FUND,69.0,MEDIUM
34,93000.0,53500.0,25900.0,495000,164000.0,13600,14,3,1,LUMP_SUM,MEDIUM,WEALTH_CREATION,59.0,HIGH
55,87000.0,72600.0,11500.0,1340000,983000.0,2900,14,1,1,QUARTERLY,MEDIUM,TAX_SAVING,37.0,HIGH
35,80000.0,30000.0,23100.0,677000,192000.0,26900,3,2,2,MONTHLY,LOW,WEALTH_CREATION,88.0,HIGH
46,169000.0,132200.0,4400.0,6143000,431000.0,32400,7,2,2,RARELY,LOW,RETIREMENT,65.0,HIGH
47,39000.0,16800.0,19800.0,450000,226000.0,2400,3,1,3,RARELY,MEDIUM,RETIREMENT,45.0,HIGH
47,26000.0,9800.0,6100.0,150000,58000.0,10100,12,1,2,RARELY,MEDIUM,RETIREMENT,36.0,MEDIUM
64,81000.0,56700.0,18900.0,896000,124000.0,5400,4,3,3,LUMP_SUM,MEDIUM,EMERGENCY_FUND,96.0,MEDIUM
47,35000.0,21500.0,1100.0,311000,52000.0,12400,18,1,4,MONTHLY,MEDIUM,EMERGENCY_FUND,58.0,HIGH
25,144000.0,124900.0,0.0,798000,83000.0,39600,10,2,1,MONTHLY,HIGH,WEALTH_CREATION,36.0,LOW
34,127000.0,96200.0,29100.0,2168000,829000.0,1700,9,2,3,RARELY,LOW,SHORT_TERM_GOAL,50.0,HIGH
65,32000.0,20300.0,0.0,121000,23000.0,13300,1,3,1,LUMP_SUM,HIGH,SHORT_TERM_GOAL,43.0,LOW
29,98000.0,51200.0,200.0,4427000,652000.0,46600,3,1,2,RARELY,LOW,RETIREMENT,44.0,HIGH
38,20000.0,6400.0,9900.0,84000,20000.0,3700,12,4,1,LUMP_SUM,MEDIUM,WEALTH_CREATION,59.0,HIGH
21,85000.0,78200.0,0.0,2131000,321000.0,7700,12,3,3,RARELY,MEDIUM,WEALTH_CREATION,77.0,HIGH
22,80000.0,45300.0,0.0,532000,183000.0,35000,10,3,3,MONTHLY,MEDIUM,WEALTH_CREATION,82.0,HIGH
61,26000.0,23900.0,0.0,299000,48000.0,8500,3,3,3,QUARTERLY,LOW,WEALTH_CREATION,82.0,HIGH
54,20000.0,12300.0,5200.0,125000,42000.0,2500,1,1,2,RARELY,MEDIUM,WEALTH_CREATION,44.0,MEDIUM
61,146000.0,83100.0,17000.0,1900000,13000.0,45900,21,1,2,QUARTERLY,HIGH,RETIREMENT,38.0,HIGH
28,120000.0,106900.0,3600.0,2287000,497000.0,9500,10,1,1,LUMP_SUM,MEDIUM,SHORT_TERM_GOAL,41.0,MEDIUM
48,72000.0,26400.0,39200.0,287000,173000.0,6400,15,2,4,MONTHLY,MEDIUM,RETIREMENT,53.0,HIGH
64,31000.0,17500.0,1900.0,611000,201000.0,11600,11,3,2,LUMP_SUM,HIGH,WEALTH_CREATION,67.0,HIGH
37,58000.0,38300.0,8600.0,263000,27000.0,11100,13,3,4,MONTHLY,HIGH,WEALTH_CREATION,62.0,HIGH
54,91000.0,57200.0,10800.0,884000,57000.0,23000,10,1,4,LUMP_SUM,LOW,WEALTH_CREATION,59.0,HIGH
30,65000.0,30400.0,23500.0,295000,62000.0,11100,6,3,2,LUMP_SUM,LOW,WEALTH_CREATION,91.0,HIGH
33,41000.0,18800.0,4400.0,195000,31000.0,17800,11,4,2,RARELY,MEDIUM,WEALTH_CREATION,70.0,HIGH
56,178000.0,120400.0,17300.0,1510000,292000.0,40300,16,2,3,MONTHLY,HIGH,WEALTH_CREATION,60.0,HIGH
45,61000.0,36300.0,19700.0,169000,61000.0,5000,14,3,2,QUARTERLY,LOW,WEALTH_CREATION,79.0,HIGH
38,199000.0,82800.0,85200.0,1079000,94000.0,31000,7,1,5,RARELY,HIGH,WEALTH_CREATION,33.0,HIGH
61,29000.0,21600.0,4500.0,378000,149000.0,2900,12,1,2,RARELY,HIGH,WEALTH_CREATION,24.0,MEDIUM
40,63000.0,42900.0,17000.0,1037000,281000.0,3100,14,2,4,LUMP_SUM,LOW,RETIREMENT,83.0,HIGH
59,71000.0,41300.0,500.0,1077000,524000.0,29200,19,1,1,MONTHLY,HIGH,RETIREMENT,35.0,MEDIUM
40,62000.0,44400.0,100.0,953000,277000.0,17500,2,4,4,LUMP_SUM,HIGH,WEALTH_CREATION,65.0,HIGH
43,144000.0,104300.0,0.0,1715000,189000.0,45600,18,5,4,QUARTERLY,LOW,WEALTH_CREATION,95.0,HIGH
55,56000.0,27100.0,24300.0,578000,42000.0,4600,16,5,1,MONTHLY,HIGH,WEALTH_CREATION,49.0,HIGH
27,74000.0,47000.0,4900.0,2414000,236000.0,22100,5,1,3,RARELY,MEDIUM,EMERGENCY_FUND,37.0,HIGH
24,222000.0,197800.0,0.0,1034000,84000.0,42300,6,4,5,MONTHLY,LOW,WEALTH_CREATION,100.0,HIGH
49,72000.0,47500.0,15200.0,795000,227000.0,9300,17,1,3,RARELY,MEDIUM,WEALTH_CREATION,50.0,HIGH
59,51000.0,37800.0,8600.0,1178000,621000.0,4600,17,4,4,LUMP_SUM,LOW,WEALTH_CREATION,94.0,HIGH
55,45000.0,33900.0,0.0,884000,179000.0,20000,1,2,1,LUMP_SUM,MEDIUM,SHORT_TERM_GOAL,62.0,LOW
29,72000.0,34600.0,0.0,1614000,242000.0,38400,15,2,5,MONTHLY,MEDIUM,WEALTH_CREATION,87.0,HIGH
23,40000.0,32600.0,4900.0,98000,14000.0,2500,8,2,5,MONTHLY,LOW,SHORT_TERM_GOAL,92.0,MEDIUM
48,95000.0,84500.0,0.0,2029000,219000.0,18100,16,1,1,MONTHLY,HIGH,WEALTH_CREATION,22.0,HIGH
51,101000.0,63300.0,22500.0,584000,299000.0,15200,12,1,1,LUMP_SUM,LOW,RETIREMENT,28.0,MEDIUM
44,42000.0,25200.0,10700.0,394000,12000.0,6100,13,2,4,MONTHLY,MEDIUM,RETIREMENT,79.0,HIGH
47,106000.0,62100.0,18000.0,548000,287000.0,25900,3,2,3,MONTHLY,MEDIUM,WEALTH_CREATION,63.0,HIGH
47,86000.0,48100.0,12600.0,1081000,152000.0,25300,2,2,2,RARELY,MEDIUM,WEALTH_CREATION,51.0,MEDIUM
61,34000.0,17900.0,500.0,829000,244000.0,15600,16,3,4,QUARTERLY,MEDIUM,WEALTH_CREATION,74.0,HIGH
41,35000.0,27300.0,0.0,674000,417000.0,13800,15,1,1,LUMP_SUM,HIGH,WEALTH_CREATION,31.0,HIGH
62,77000.0,46500.0,23100.0,1197000,223000.0,7400,4,3,1,MONTHLY,MEDIUM,RETIREMENT,66.0,HIGH
34,43000.0,26800.0,15800.0,755000,139000.0,400,18,1,5,QUARTERLY,MEDIUM,EMERGENCY_FUND,83.0,HIGH
29,65000.0,36700.0,14400.0,1268000,202000.0,13900,15,2,1,RARELY,HIGH,SHORT_TERM_GOAL,40.0,HIGH
62,99000.0,56600.0,18800.0,1029000,290000.0,23600,13,1,3,LUMP_SUM,LOW,RETIREMENT,54.0,HIGH
57,73000.0,34000.0,31500.0,410000,81000.0,7500,9,2,3,MONTHLY,HIGH,WEALTH_CREATION,60.0,HIGH
49,59000.0,33300.0,17400.0,407000,125000.0,8300,23,2,3,QUARTERLY,MEDIUM,RETIREMENT,44.0,HIGH
21,101000.0,36300.0,48000.0,266000,133000.0,16700,11,2,4,LUMP_SUM,MEDIUM,WEALTH_CREATION,57.0,HIGH
63,40000.0,14600.0,22000.0,191000,31000.0,3400,5,3,3,QUARTERLY,MEDIUM,WEALTH_CREATION,78.0,HIGH
44,57000.0,37700.0,0.0,907000,94000.0,21000,2,1,1,MONTHLY,HIGH,EMERGENCY_FUND,23.0,LOW
40,52000.0,25300.0,23600.0,730000,413000.0,3100,5,2,1,LUMP_SUM,MEDIUM,WEALTH_CREATION,46.0,HIGH
28,63000.0,41100.0,19200.0,1222000,384000.0,2700,9,3,1,QUARTERLY,MEDIUM,WEALTH_CREATION,55.0,HIGH
44,92000.0,52100.0,11900.0,1198000,683000.0,28000,3,3,5,MONTHLY,MEDIUM,WEALTH_CREATION,90.0,HIGH
38,31000.0,22800.0,2600.0,1125000,140000.0,5600,14,4,5,MONTHLY,HIGH,WEALTH_CREATION,85.0,HIGH
63,57000.0,11400.0,22900.0,1168000,26000.0,22700,14,1,4,RARELY,MEDIUM,RETIREMENT,52.0,HIGH
29,92000.0,55100.0,22500.0,1291000,565000.0,14400,10,1,5,LUMP_SUM,MEDIUM,WEALTH_CREATION,82.0,HIGH
44,83000.0,42000.0,12000.0,1143000,329000.0,29000,2,2,3,QUARTERLY,LOW,WEALTH_CREATION,82.0,HIGH
62,76000.0,36100.0,32600.0,663000,109000.0,7300,4,1,1,MONTHLY,LOW,WEALTH_CREATION,47.0,HIGH
33,62000.0,47900.0,2700.0,484000,45000.0,11400,11,1,1,MONTHLY,MEDIUM,RETIREMENT,34.0,MEDIUM
63,45000.0,29800.0,8100.0,803000,150000.0,7100,2,1,4,LUMP_SUM,LOW,TAX_SAVING,63.0,HIGH
57,97000.0,82400.0,12400.0,429000,95000.0,2200,6,2,1,RARELY,LOW,RETIREMENT,59.0,MEDIUM
32,38000.0,23700.0,0.0,495000,217000.0,14300,4,1,4,RARELY,LOW,EMERGENCY_FUND,75.0,MEDIUM
53,97000.0,68400.0,0.0,1246000,301000.0,48100,17,3,2,RARELY,HIGH,WEALTH_CREATION,44.0,MEDIUM
57,47000.0,21300.0,11600.0,536000,61000.0,14100,18,1,1,RARELY,MEDIUM,WEALTH_CREATION,24.0,HIGH
55,223000.0,157900.0,0.0,4096000,1338000.0,76200,11,4,1,MONTHLY,MEDIUM,SHORT_TERM_GOAL,62.0,HIGH
58,111000.0,46200.0,17200.0,744000,149000.0,47600,5,3,3,RARELY,HIGH,WEALTH_CREATION,44.0,LOW
38,86000.0,41800.0,28800.0,105000,17000.0,15400,10,4,4,LUMP_SUM,MEDIUM,RETIREMENT,88.0,HIGH
24,20000.0,9700.0,7500.0,176000,46000.0,2800,20,3,4,QUARTERLY,MEDIUM,WEALTH_CREATION,81.0,HIGH
43,52000.0,22800.0,17800.0,549000,231000.0,11400,17,4,2,MONTHLY,LOW,TAX_SAVING,66.0,HIGH
47,42000.0,21800.0,5600.0,154000,96000.0,14600,7,1,4,MONTHLY,HIGH,TAX_SAVING,60.0,MEDIUM
35,20000.0,14200.0,3100.0,33000,17000.0,2700,12,3,1,QUARTERLY,MEDIUM,WEALTH_CREATION,41.0,HIGH
41,127000.0,99000.0,0.0,2100000,255000.0,28500,2,5,3,LUMP_SUM,MEDIUM,WEALTH_CREATION,92.0,HIGH
40,148000.0,110800.0,35500.0,1101000,351000.0,1700,21,2,1,MONTHLY,LOW,TAX_SAVING,64.0,HIGH
25,179000.0,105700.0,33100.0,2657000,1029000.0,40200,17,2,4,LUMP_SUM,MEDIUM,WEALTH_CREATION,62.0,HIGH
47,61000.0,46400.0,4000.0,1641000,879000.0,10600,5,3,1,MONTHLY,MEDIUM,EMERGENCY_FUND,61.0,HIGH
52,53000.0,31700.0,11400.0,137000,30000.0,9900,1,1,1,LUMP_SUM,MEDIUM,WEALTH_CREATION,49.0,LOW
46,26000.0,17300.0,0.0,396000,147000.0,8800,7,3,4,MONTHLY,HIGH,WEALTH_CREATION,81.0,HIGH
38,107000.0,58400.0,33100.0,404000,31000.0,15500,13,1,2,MONTHLY,MEDIUM,EMERGENCY_FUND,52.0,MEDIUM
33,117000.0,51100.0,28300.0,356000,248000.0,37600,22,4,3,RARELY,MEDIUM,TAX_SAVING,85.0,HIGH
40,115000.0,84100.0,0.0,1985000,664000.0,40100,21,4,4,MONTHLY,HIGH,RETIREMENT,67.0,HIGH
37,39000.0,17200.0,19500.0,276000,102000.0,2300,18,3,4,MONTHLY,MEDIUM,TAX_SAVING,88.0,HIGH
57,41000.0,30800.0,4500.0,343000,105000.0,5700,4,1,2,LUMP_SUM,MEDIUM,WEALTH_CREATION,48.0,MEDIUM
23,20000.0,15600.0,600.0,66000,21000.0,3800,13,1,1,MONTHLY,LOW,RETIREMENT,59.0,MEDIUM
21,175000.0,94100.0,48100.0,2303000,1087000.0,32800,7,2,3,LUMP_SUM,HIGH,WEALTH_CREATION,54.0,HIGH
22,91000.0,79500.0,0.0,271000,25000.0,15800,7,1,4,MONTHLY,LOW,RETIREMENT,74.0,HIGH
41,40000.0,36800.0,0.0,237000,16000.0,3900,10,1,2,QUARTERLY,MEDIUM,WEALTH_CREATION,56.0,HIGH
63,73000.0,30000.0,23100.0,421000,150000.0,19900,4,2,3,RARELY,LOW,WEALTH_CREATION,64.0,HIGH
32,73000.0,42400.0,23800.0,607000,50000.0,6800,1,2,5,LUMP_SUM,MEDIUM,WEALTH_CREATION,67.0,HIGH
64,59000.0,47700.0,900.0,321000,74000.0,10400,15,3,4,RARELY,MEDIUM,EMERGENCY_FUND,70.0,MEDIUM
37,158000.0,127800.0,0.0,3492000,313000.0,41400,13,1,4,LUMP_SUM,HIGH,TAX_SAVING,62.0,HIGH
36,107000.0,49200.0,45500.0,949000,352000.0,12300,3,1,5,MONTHLY,HIGH,WEALTH_CREATION,66.0,HIGH
23,37000.0,23200.0,0.0,602000,117000.0,14800,18,3,2,MONTHLY,MEDIUM,RETIREMENT,54.0,HIGH
43,52000.0,31500.0,9100.0,508000,302000.0,11400,8,1,5,LUMP_SUM,LOW,WEALTH_CREATION,68.0,HIGH
64,214000.0,86800.0,77900.0,1065000,619000.0,49300,10,5,3,QUARTERLY,MEDIUM,TAX_SAVING,93.0,HIGH
39,75000.0,52000.0,7300.0,173000,50000.0,15700,9,3,5,MONTHLY,MEDIUM,RETIREMENT,82.0,HIGH
44,96000.0,47900.0,24900.0,1826000,550000.0,23200,3,3,4,QUARTERLY,LOW,TAX_SAVING,100.0,HIGH
56,63000.0,45900.0,11100.0,247000,15000.0,6000,24,1,5,QUARTERLY,HIGH,WEALTH_CREATION,44.0,MEDIUM
34,75000.0,40500.0,17100.0,85000,29000.0,17400,5,1,3,QUARTERLY,LOW,WEALTH_CREATION,59.0,MEDIUM
27,57000.0,21800.0,26000.0,144000,45000.0,9200,11,1,1,MONTHLY,LOW,SHORT_TERM_GOAL,51.0,HIGH
50,49000.0,35100.0,11500.0,329000,197000.0,2400,9,1,1,QUARTERLY,MEDIUM,TAX_SAVING,41.0,MEDIUM
60,107000.0,46700.0,46800.0,2037000,527000.0,13500,16,1,1,RARELY,LOW,WEALTH_CREATION,37.0,HIGH
25,23000.0,9600.0,8000.0,63000,19000.0,5400,10,3,4,MONTHLY,MEDIUM,TAX_SAVING,70.0,HIGH
47,78000.0,35300.0,26400.0,477000,336000.0,16300,1,5,5,LUMP_SUM,LOW,WEALTH_CREATION,100.0,HIGH
63,33000.0,29100.0,0.0,608000,233000.0,14100,22,2,4,MONTHLY,MEDIUM,WEALTH_CREATION,75.0,HIGH
37,35000.0,11400.0,14300.0,165000,100000.0,9300,6,1,1,MONTHLY,LOW,RETIREMENT,56.0,MEDIUM
25,101000.0,41400.0,45100.0,517000,176000.0,14500,14,3,4,QUARTERLY,MEDIUM,RETIREMENT,96.0,HIGH
36,59000.0,40600.0,9900.0,382000,162000.0,8500,23,1,3,MONTHLY,HIGH,RETIREMENT,38.0,MEDIUM
24,48000.0,42900.0,0.0,404000,74000.0,7200,5,5,2,RARELY,MEDIUM,TAX_SAVING,68.0,MEDIUM
44,114000.0,43900.0,40400.0,1888000,1034000.0,29700,21,4,4,LUMP_SUM,LOW,RETIREMENT,91.0,HIGH
33,55000.0,25200.0,26800.0,628000,54000.0,3000,14,4,3,QUARTERLY,MEDIUM,WEALTH_CREATION,66.0,HIGH
62,117000.0,73100.0,30200.0,181000,72000.0,13700,3,2,3,MONTHLY,LOW,WEALTH_CREATION,87.0,HIGH
44,60000.0,39000.0,15400.0,1159000,407000.0,5600,11,1,3,MONTHLY,HIGH,WEALTH_CREATION,66.0,HIGH
28,124000.0,46700.0,71100.0,459000,207000.0,6200,2,1,1,LUMP_SUM,MEDIUM,TAX_SAVING,47.0,HIGH
63,108000.0,52800.0,19400.0,2022000,95000.0,35800,17,5,5,MONTHLY,HIGH,SHORT_TERM_GOAL,80.0,HIGH
47,68000.0,31300.0,32800.0,185000,50000.0,3900,3,2,4,LUMP_SUM,MEDIUM,WEALTH_CREATION,62.0,HIGH
61,73000.0,52400.0,18700.0,201000,32000.0,1900,9,4,3,MONTHLY,MEDIUM,WEALTH_CREATION,76.0,HIGH
50,80000.0,61400.0,4600.0,758000,209000.0,14000,14,1,5,QUARTERLY,HIGH,EMERGENCY_FUND,58.0,MEDIUM
28,37000.0,17700.0,10600.0,499000,106000.0,8700,3,2,3,QUARTERLY,LOW,RETIREMENT,71.0,HIGH
38,63000.0,42400.0,14300.0,373000,121000.0,6300,10,5,3,MONTHLY,MEDIUM,SHORT_TERM_GOAL,80.0,HIGH
43,50000.0,20400.0,24600.0,91000,21000.0,5000,6,5,3,MONTHLY,LOW,RETIREMENT,93.0,HIGH
31,58000.0,30800.0,1300.0,1160000,464000.0,25900,17,3,1,MONTHLY,HIGH,RETIREMENT,65.0,HIGH
35,93000.0,52100.0,24800.0,1172000,539000.0,16100,3,2,2,RARELY,MEDIUM,WEALTH_CREATION,54.0,HIGH
41,56000.0,46800.0,700.0,1309000,241000.0,8500,2,1,1,LUMP_SUM,LOW,EMERGENCY_FUND,50.0,HIGH
30,177000.0,119800.0,0.0,490000,72000.0,89700,13,1,2,RARELY,MEDIUM,WEALTH_CREATION,51.0,LOW
45,35000.0,32200.0,0.0,89000,38000.0,7800,6,3,3,QUARTERLY,MEDIUM,WEALTH_CREATION,89.0,MEDIUM
62,112000.0,32300.0,65300.0,1742000,268000.0,14400,14,2,1,QUARTERLY,MEDIUM,SHORT_TERM_GOAL,34.0,HIGH
36,54000.0,23600.0,28600.0,317000,126000.0,1800,2,1,2,MONTHLY,MEDIUM,RETIREMENT,47.0,HIGH
49,101000.0,64600.0,31100.0,572000,405000.0,5300,7,4,2,LUMP_SUM,HIGH,WEALTH_CREATION,66.0,HIGH
35,43000.0,24100.0,9200.0,424000,159000.0,9700,10,2,1,MONTHLY,MEDIUM,RETIREMENT,65.0,HIGH
41,146000.0,110200.0,13600.0,2378000,41000.0,22200,21,1,4,MONTHLY,HIGH,TAX_SAVING,63.0,HIGH
53,38000.0,24000.0,7100.0,373000,16000.0,6900,11,2,4,QUARTERLY,MEDIUM,TAX_SAVING,84.0,HIGH
24,38000.0,16000.0,16400.0,576000,190000.0,5600,9,3,4,RARELY,MEDIUM,TAX_SAVING,73.0,HIGH
57,36000.0,26300.0,3400.0,708000,52000.0,6300,17,1,1,RARELY,MEDIUM,TAX_SAVING,42.0,MEDIUM
29,41000.0,20100.0,14700.0,283000,75000.0,6200,11,4,4,MONTHLY,MEDIUM,EMERGENCY_FUND,100.0,HIGH
41,54000.0,31700.0,13500.0,660000,211000.0,8800,12,1,3,LUMP_SUM,HIGH,EMERGENCY_FUND,38.0,MEDIUM
64,77000.0,38000.0,38300.0,231000,176000.0,700,6,2,2,RARELY,MEDIUM,EMERGENCY_FUND,39.0,LOW
29,58000.0,29400.0,19400.0,200000,47000.0,9200,2,1,3,MONTHLY,HIGH,WEALTH_CREATION,58.0,MEDIUM
43,50000.0,10000.0,32700.0,209000,12000.0,7300,1,2,1,LUMP_SUM,LOW,WEALTH_CREATION,64.0,HIGH
55,99000.0,36100.0,31900.0,1615000,14000.0,31000,5,1,1,MONTHLY,HIGH,RETIREMENT,27.0,MEDIUM
55,89000.0,63900.0,5300.0,1932000,38000.0,19800,9,3,5,RARELY,HIGH,RETIREMENT,68.0,HIGH
64,23000.0,13900.0,2300.0,274000,125000.0,6800,2,1,2,RARELY,MEDIUM,TAX_SAVING,30.0,LOW
31,124000.0,73400.0,40900.0,2223000,110000.0,9700,11,1,1,MONTHLY,LOW,WEALTH_CREATION,41.0,HIGH
24,42000.0,32200.0,0.0,437000,73000.0,11000,3,2,1,MONTHLY,LOW,TAX_SAVING,47.0,MEDIUM
22,110000.0,66700.0,17700.0,1394000,276000.0,25600,17,5,2,LUMP_SUM,MEDIUM,EMERGENCY_FUND,94.0,HIGH
34,60000.0,44700.0,8000.0,1264000,236000.0,7300,10,2,3,RARELY,MEDIUM,WEALTH_CREATION,41.0,HIGH
29,194000.0,157400.0,25700.0,369000,119000.0,10900,6,2,4,MONTHLY,HIGH,TAX_SAVING,58.0,LOW
57,158000.0,145300.0,0.0,1080000,189000.0,17800,11,1,4,LUMP_SUM,LOW,TAX_SAVING,80.0,HIGH
37,73000.0,63400.0,0.0,1103000,224000.0,10500,20,2,2,MONTHLY,LOW,SHORT_TERM_GOAL,68.0,HIGH
59,45000.0,22300.0,11000.0,103000,12000.0,11700,4,3,1,MONTHLY,HIGH,WEALTH_CREATION,62.0,LOW
60,111000.0,52900.0,23100.0,1683000,797000.0,35000,14,2,2,LUMP_SUM,MEDIUM,EMERGENCY_FUND,45.0,HIGH
39,38000.0,20300.0,11800.0,836000,68000.0,5900,14,4,4,LUMP_SUM,MEDIUM,TAX_SAVING,88.0,HIGH
45,74000.0,62200.0,11000.0,2117000,779000.0,800,13,2,1,MONTHLY,MEDIUM,RETIREMENT,45.0,HIGH
42,66000.0,59800.0,0.0,180000,68000.0,22400,5,5,4,MONTHLY,HIGH,WEALTH_CREATION,100.0,MEDIUM
54,44000.0,35100.0,1500.0,331000,50000.0,7400,3,3,3,LUMP_SUM,MEDIUM,TAX_SAVING,75.0,MEDIUM
23,101000.0,60900.0,25200.0,89000,8000.0,14900,17,2,4,RARELY,HIGH,WEALTH_CREATION,69.0,HIGH
39,60000.0,27900.0,18800.0,2705000,908000.0,13300,14,1,2,MONTHLY,LOW,WEALTH_CREATION,52.0,HIGH
30,201000.0,132100.0,45100.0,2418000,562000.0,23800,5,1,3,RARELY,HIGH,SHORT_TERM_GOAL,41.0,LOW
60,144000.0,90700.0,24500.0,2659000,1163000.0,28800,10,1,4,RARELY,MEDIUM,EMERGENCY_FUND,55.0,HIGH
63,56000.0,35600.0,0.0,361000,18000.0,28300,5,1,1,MONTHLY,LOW,RETIREMENT,56.0,LOW
61,112000.0,101700.0,0.0,873000,196000.0,36700,3,4,3,LUMP_SUM,HIGH,RETIREMENT,76.0,LOW
43,83000.0,76300.0,0.0,3865000,163000.0,19800,8,2,2,MONTHLY,HIGH,EMERGENCY_FUND,46.0,HIGH
59,68000.0,19800.0,45300.0,452000,245000.0,2900,1,4,5,QUARTERLY,HIGH,WEALTH_CREATION,82.0,HIGH
51,69000.0,50700.0,12200.0,999000,168000.0,6100,11,1,2,LUMP_SUM,MEDIUM,SHORT_TERM_GOAL,48.0,LOW
44,64000.0,33700.0,18300.0,971000,56000.0,12000,10,1,5,LUMP_SUM,LOW,TAX_SAVING,78.0,HIGH
43,168000.0,89500.0,69100.0,938000,249000.0,9400,14,4,5,LUMP_SUM,MEDIUM,WEALTH_CREATION,81.0,HIGH
25,48000.0,19800.0,17800.0,944000,268000.0,10400,13,1,4,QUARTERLY,LOW,TAX_SAVING,57.0,HIGH
43,98000.0,81500.0,4800.0,766000,475000.0,11700,11,2,2,MONTHLY,HIGH,WEALTH_CREATION,57.0,HIGH
53,100000.0,84600.0,6300.0,303000,173000.0,9100,20,2,2,MONTHLY,HIGH,WEALTH_CREATION,61.0,MEDIUM
61,88000.0,56200.0,11100.0,1547000,305000.0,20700,9,5,1,MONTHLY,HIGH,WEALTH_CREATION,66.0,HIGH
61,73000.0,54500.0,14100.0,592000,225000.0,4400,9,5,1,LUMP_SUM,MEDIUM,WEALTH_CREATION,71.0,HIGH
32,55000.0,25400.0,23300.0,68000,36000.0,6300,6,4,1,RARELY,HIGH,EMERGENCY_FUND,45.0,MEDIUM
21,86000.0,60600.0,13200.0,1853000,431000.0,12200,4,3,3,MONTHLY,LOW,SHORT_TERM_GOAL,97.0,HIGH
40,60000.0,42700.0,0.0,2019000,447000.0,18900,7,1,3,QUARTERLY,LOW,RETIREMENT,62.0,HIGH
28,172000.0,98100.0,53100.0,1935000,447000.0,20800,12,1,2,MONTHLY,HIGH,WEALTH_CREATION,34.0,HIGH
53,24000.0,12500.0,9400.0,108000,5000.0,2100,8,5,5,LUMP_SUM,MEDIUM,WEALTH_CREATION,99.0,HIGH
62,36000.0,14900.0,3600.0,266000,16000.0,17500,7,5,1,RARELY,MEDIUM,RETIREMENT,62.0,MEDIUM
50,40000.0,28400.0,5300.0,1241000,88000.0,6300,21,2,1,LUMP_SUM,HIGH,EMERGENCY_FUND,41.0,HIGH
65,117000.0,49200.0,62400.0,1033000,502000.0,5400,3,2,1,MONTHLY,MEDIUM,RETIREMENT,64.0,HIGH
52,92000.0,57200.0,23800.0,2220000,339000.0,11000,3,4,1,MONTHLY,MEDIUM,WEALTH_CREATION,64.0,HIGH
54,108000.0,41300.0,30600.0,784000,47000.0,36100,14,5,5,QUARTERLY,LOW,EMERGENCY_FUND,100.0,HIGH
34,72000.0,50900.0,10700.0,532000,97000.0,10400,15,2,4,RARELY,MEDIUM,RETIREMENT,60.0,HIGH
23,59000.0,26700.0,6800.0,827000,83000.0,25500,6,1,1,MONTHLY,LOW,RETIREMENT,69.0,HIGH
45,39000.0,26800.0,2700.0,747000,101000.0,9500,4,2,2,RARELY,HIGH,EMERGENCY_FUND,43.0,MEDIUM
38,94000.0,74400.0,0.0,1335000,72000.0,28000,8,1,2,QUARTERLY,HIGH,RETIREMENT,32.0,MEDIUM
27,111000.0,77900.0,3600.0,1766000,531000.0,29500,22,2,2,LUMP_SUM,MEDIUM,WEALTH_CREATION,47.0,HIGH
23,69000.0,28300.0,30400.0,329000,166000.0,10300,8,2,4,QUARTERLY,HIGH,WEALTH_CREATION,71.0,HIGH
43,36000.0,15100.0,13800.0,324000,27000.0,7100,2,5,4,RARELY,HIGH,SHORT_TERM_GOAL,74.0,MEDIUM
38,42000.0,28100.0,7000.0,441000,77000.0,6900,10,3,3,LUMP_SUM,LOW,WEALTH_CREATION,64.0,HIGH
27,36000.0,22900.0,7900.0,1139000,616000.0,5200,12,4,1,LUMP_SUM,MEDIUM,SHORT_TERM_GOAL,65.0,HIGH
30,105000.0,67400.0,11600.0,1413000,148000.0,26000,7,3,1,MONTHLY,MEDIUM,WEALTH_CREATION,67.0,HIGH
54,69000.0,13800.0,49400.0,102000,16000.0,5800,2,2,3,MONTHLY,MEDIUM,RETIREMENT,63.0,HIGH
40,131000.0,118300.0,0.0,2200000,454000.0,25500,8,1,3,QUARTERLY,LOW,WEALTH_CREATION,59.0,HIGH
27,107000.0,81700.0,23000.0,1513000,546000.0,2300,9,2,4,MONTHLY,HIGH,EMERGENCY_FUND,61.0,HIGH
25,57000.0,40400.0,0.0,1356000,323000.0,31300,8,2,4,RARELY,HIGH,RETIREMENT,46.0,HIGH
31,170000.0,71800.0,58800.0,1002000,311000.0,39400,17,4,1,MONTHLY,LOW,RETIREMENT,72.0,HIGH
42,55000.0,26100.0,14300.0,193000,35000.0,14600,15,1,2,MONTHLY,LOW,WEALTH_CREATION,63.0,HIGH
35,130000.0,77300.0,31400.0,243000,117000.0,21300,7,2,3,MONTHLY,MEDIUM,RETIREMENT,73.0,HIGH
56,20000.0,4200.0,15300.0,58000,18000.0,500,4,5,1,QUARTERLY,MEDIUM,RETIREMENT,63.0,HIGH
35,48000.0,16700.0,11600.0,388000,41000.0,19700,14,3,4,MONTHLY,MEDIUM,WEALTH_CREATION,79.0,HIGH
23,40000.0,24300.0,14100.0,428000,221000.0,1600,18,3,1,MONTHLY,MEDIUM,TAX_SAVING,67.0,HIGH
44,141000.0,56700.0,75600.0,109000,23000.0,8700,5,4,1,MONTHLY,MEDIUM,RETIREMENT,72.0,HIGH
31,62000.0,39900.0,12300.0,864000,275000.0,9800,7,4,3,RARELY,MEDIUM,WEALTH_CREATION,77.0,HIGH
27,76000.0,53500.0,8700.0,93000,18000.0,13800,7,5,3,MONTHLY,HIGH,EMERGENCY_FUND,74.0,LOW
36,29000.0,17600.0,800.0,171000,70000.0,10600,6,2,2,MONTHLY,MEDIUM,WEALTH_CREATION,57.0,MEDIUM
39,57000.0,32400.0,8500.0,291000,51000.0,16100,3,3,3,MONTHLY,HIGH,EMERGENCY_FUND,75.0,MEDIUM
39,135000.0,56800.0,67700.0,658000,337000.0,10500,22,3,2,MONTHLY,HIGH,EMERGENCY_FUND,56.0,MEDIUM
65,38000.0,20700.0,13100.0,50000,1000.0,4200,11,2,5,MONTHLY,MEDIUM,EMERGENCY_FUND,87.0,MEDIUM
47,57000.0,29000.0,11100.0,1261000,276000.0,16900,5,5,3,MONTHLY,HIGH,WEALTH_CREATION,100.0,HIGH
54,157000.0,100700.0,33600.0,355000,94000.0,22700,13,1,2,QUARTERLY,MEDIUM,TAX_SAVING,46.0,MEDIUM
59,118000.0,85700.0,0.0,4234000,867000.0,35000,8,1,2,MONTHLY,MEDIUM,RETIREMENT,47.0,HIGH
24,41000.0,25400.0,9800.0,683000,258000.0,5800,23,1,3,LUMP_SUM,MEDIUM,SHORT_TERM_GOAL,46.0,HIGH
53,129000.0,51200.0,71900.0,1101000,240000.0,5900,6,1,2,MONTHLY,HIGH,EMERGENCY_FUND,30.0,MEDIUM
51,36000.0,23500.0,9700.0,375000,63000.0,2800,11,1,2,QUARTERLY,MEDIUM,WEALTH_CREATION,37.0,HIGH
44,33000.0,22100.0,0.0,478000,127000.0,15600,9,3,3,MONTHLY,HIGH,EMERGENCY_FUND,70.0,MEDIUM
56,106000.0,24500.0,73400.0,127000,59000.0,8100,20,3,2,LUMP_SUM,HIGH,EMERGENCY_FUND,42.0,MEDIUM
51,65000.0,36700.0,15100.0,1187000,463000.0,13200,19,5,3,RARELY,HIGH,RETIREMENT,77.0,HIGH
28,35000.0,21800.0,11800.0,581000,333000.0,1400,10,3,4,QUARTERLY,HIGH,WEALTH_CREATION,73.0,HIGH
39,104000.0,42300.0,16700.0,1047000,742000.0,45000,1,1,1,LUMP_SUM,HIGH,EMERGENCY_FUND,38.0,LOW
38,26000.0,16100.0,3000.0,549000,302000.0,6900,4,2,2,RARELY,LOW,TAX_SAVING,61.0,HIGH
53,92000.0,48600.0,24800.0,736000,293000.0,18600,1,3,3,RARELY,MEDIUM,SHORT_TERM_GOAL,73.0,MEDIUM
64,112000.0,100800.0,0.0,545000,239000.0,18900,11,2,3,QUARTERLY,LOW,SHORT_TERM_GOAL,80.0,MEDIUM
59,41000.0,18600.0,8300.0,619000,257000.0,14100,6,1,3,QUARTERLY,MEDIUM,WEALTH_CREATION,54.0,HIGH
52,84000.0,57000.0,17600.0,166000,64000.0,9400,17,2,1,RARELY,LOW,EMERGENCY_FUND,58.0,MEDIUM
35,33000.0,21400.0,1700.0,697000,110000.0,9900,17,4,3,RARELY,HIGH,WEALTH_CREATION,69.0,HIGH
65,76000.0,61200.0,0.0,1488000,341000.0,33000,14,1,4,MONTHLY,LOW,SHORT_TERM_GOAL,64.0,HIGH
35,31000.0,28400.0,0.0,342000,43000.0,5900,7,1,2,QUARTERLY,MEDIUM,WEALTH_CREATION,43.0,HIGH
29,47000.0,26700.0,14300.0,933000,386000.0,6000,11,1,1,RARELY,HIGH,TAX_SAVING,27.0,HIGH
42,37000.0,20700.0,4000.0,388000,32000.0,12300,12,2,1,LUMP_SUM,LOW,RETIREMENT,61.0,HIGH
34,92000.0,78500.0,0.0,533000,259000.0,15800,15,1,5,MONTHLY,MEDIUM,SHORT_TERM_GOAL,68.0,HIGH
50,33000.0,15800.0,3200.0,247000,67000.0,14000,7,1,4,LUMP_SUM,HIGH,WEALTH_CREATION,47.0,LOW
52,42000.0,34700.0,0.0,1205000,78000.0,10500,12,4,4,MONTHLY,MEDIUM,WEALTH_CREATION,86.0,HIGH
48,71000.0,50900.0,16500.0,949000,313000.0,3600,5,5,4,RARELY,LOW,RETIREMENT,91.0,HIGH
52,43000.0,28400.0,11800.0,709000,111000.0,2800,9,1,4,MONTHLY,HIGH,RETIREMENT,64.0,HIGH
56,209000.0,146900.0,0.0,2366000,888000.0,96800,14,4,2,RARELY,LOW,WEALTH_CREATION,78.0,HIGH
32,29000.0,20600.0,5000.0,438000,23000.0,3400,15,2,1,MONTHLY,LOW,SHORT_TERM_GOAL,60.0,HIGH
64,87000.0,40000.0,26700.0,663000,198000.0,20300,13,4,2,RARELY,LOW,TAX_SAVING,81.0,HIGH
52,56000.0,43700.0,1700.0,950000,442000.0,10600,14,5,1,QUARTERLY,MEDIUM,WEALTH_CREATION,65.0,HIGH
29,31000.0,28200.0,100.0,211000,12000.0,2700,15,2,4,RARELY,HIGH,EMERGENCY_FUND,57.0,MEDIUM
63,20000.0,13100.0,2100.0,401000,106000.0,4800,7,2,2,MONTHLY,MEDIUM,EMERGENCY_FUND,52.0,HIGH
31,81000.0,39100.0,28800.0,1539000,514000.0,13100,11,1,4,LUMP_SUM,HIGH,WEALTH_CREATION,41.0,HIGH
42,54000.0,31500.0,11200.0,108000,29000.0,11300,6,5,4,RARELY,HIGH,WEALTH_CREATION,83.0,HIGH
33,145000.0,86200.0,46100.0,2171000,1066000.0,12700,4,1,3,LUMP_SUM,MEDIUM,WEALTH_CREATION,65.0,HIGH
49,94000.0,52300.0,0.0,5263000,2119000.0,47000,3,3,3,MONTHLY,HIGH,RETIREMENT,53.0,HIGH
62,78000.0,61600.0,0.0,543000,98000.0,16800,1,4,4,MONTHLY,LOW,WEALTH_CREATION,99.0,HIGH
26,40000.0,22100.0,13300.0,335000,57000.0,4600,7,3,2,RARELY,HIGH,SHORT_TERM_GOAL,59.0,LOW
36,33000.0,23400.0,3800.0,728000,178000.0,5800,1,3,1,RARELY,MEDIUM,RETIREMENT,40.0,HIGH
50,62000.0,37300.0,16600.0,596000,55000.0,8100,10,4,1,RARELY,MEDIUM,EMERGENCY_FUND,55.0,MEDIUM
23,37000.0,21100.0,8600.0,592000,225000.0,7300,19,4,3,MONTHLY,MEDIUM,WEALTH_CREATION,66.0,HIGH
40,87000.0,43200.0,32300.0,1118000,114000.0,11500,5,2,2,RARELY,HIGH,WEALTH_CREATION,26.0,MEDIUM
50,52000.0,24900.0,18000.0,756000,292000.0,9100,20,5,4,QUARTERLY,MEDIUM,SHORT_TERM_GOAL,79.0,HIGH
22,46000.0,28300.0,10100.0,1385000,161000.0,7600,18,1,1,RARELY,MEDIUM,RETIREMENT,35.0,HIGH
59,95000.0,59600.0,18700.0,393000,144000.0,16700,3,1,1,RARELY,MEDIUM,RETIREMENT,52.0,MEDIUM
41,28000.0,24100.0,0.0,343000,76000.0,4700,18,1,5,MONTHLY,MEDIUM,RETIREMENT,81.0,HIGH
52,150000.0,67900.0,40000.0,1146000,79000.0,42100,16,1,3,MONTHLY,HIGH,SHORT_TERM_GOAL,46.0,LOW
27,66000.0,29800.0,27800.0,1181000,61000.0,8400,20,1,2,LUMP_SUM,HIGH,WEALTH_CREATION,35.0,HIGH
50,47000.0,21700.0,6200.0,1897000,1125000.0,19100,6,1,2,MONTHLY,MEDIUM,SHORT_TERM_GOAL,67.0,HIGH
43,106000.0,56600.0,39700.0,1667000,492000.0,9700,7,2,3,MONTHLY,HIGH,RETIREMENT,63.0,HIGH
34,67000.0,38100.0,2400.0,980000,536000.0,26500,16,2,4,MONTHLY,MEDIUM,EMERGENCY_FUND,86.0,HIGH
29,34000.0,17400.0,4100.0,340000,176000.0,12500,4,3,1,MONTHLY,HIGH,SHORT_TERM_GOAL,64.0,LOW
64,64000.0,47900.0,0.0,332000,73000.0,21800,5,2,5,RARELY,MEDIUM,RETIREMENT,50.0,MEDIUM
56,20000.0,13900.0,3800.0,464000,360000.0,2300,12,1,1,MONTHLY,HIGH,TAX_SAVING,23.0,HIGH
26,87000.0,45300.0,26700.0,1357000,208000.0,15000,9,3,1,MONTHLY,MEDIUM,EMERGENCY_FUND,58.0,MEDIUM
26,45000.0,24700.0,9000.0,554000,87000.0,11300,1,2,2,MONTHLY,HIGH,RETIREMENT,65.0,HIGH
49,60000.0,51700.0,0.0,1798000,218000.0,22200,2,3,2,RARELY,MEDIUM,TAX_SAVING,45.0,HIGH
31,122000.0,103400.0,0.0,1977000,536000.0,20000,8,3,2,RARELY,MEDIUM,TAX_SAVING,69.0,HIGH
42,20000.0,10700.0,6900.0,79000,26000.0,2400,15,1,5,MONTHLY,MEDIUM,SHORT_TERM_GOAL,82.0,MEDIUM
28,91000.0,51900.0,8900.0,2450000,748000.0,30200,7,1,4,LUMP_SUM,LOW,RETIREMENT,67.0,HIGH
47,65000.0,49600.0,0.0,703000,315000.0,17500,11,3,3,LUMP_SUM,MEDIUM,EMERGENCY_FUND,63.0,MEDIUM
21,34000.0,20900.0,12300.0,319000,139000.0,800,19,1,1,MONTHLY,MEDIUM,RETIREMENT,48.0,HIGH
37,67000.0,36800.0,17900.0,219000,105000.0,12300,6,1,2,RARELY,MEDIUM,WEALTH_CREATION,43.0,MEDIUM
33,98000.0,67100.0,7800.0,1696000,231000.0,23100,13,2,5,LUMP_SUM,MEDIUM,WEALTH_CREATION,84.0,HIGH
54,44000.0,33700.0,0.0,324000,48000.0,14200,18,2,1,MONTHLY,HIGH,TAX_SAVING,32.0,LOW
44,24000.0,15900.0,5100.0,352000,90000.0,3000,3,1,1,MONTHLY,MEDIUM,EMERGENCY_FUND,50.0,MEDIUM
43,59000.0,38200.0,0.0,2048000,396000.0,32400,18,3,2,RARELY,HIGH,WEALTH_CREATION,58.0,HIGH
21,117000.0,63500.0,19700.0,1458000,19000.0,33800,3,3,1,MONTHLY,HIGH,TAX_SAVING,62.0,LOW
44,93000.0,65900.0,13100.0,2776000,520000.0,14000,4,1,1,LUMP_SUM,MEDIUM,RETIREMENT,26.0,HIGH
42,112000.0,103000.0,2300.0,2137000,602000.0,6700,3,1,2,LUMP_SUM,MEDIUM,WEALTH_CREATION,30.0,HIGH
21,77000.0,45200.0,10200.0,1848000,104000.0,21600,3,4,4,MONTHLY,LOW,SHORT_TERM_GOAL,100.0,HIGH
26,48000.0,18200.0,13700.0,468000,115000.0,16100,14,1,4,MONTHLY,LOW,WEALTH_CREATION,63.0,HIGH
26,127000.0,64100.0,18200.0,1024000,366000.0,44700,6,3,4,MONTHLY,HIGH,RETIREMENT,72.0,HIGH
57,60000.0,49900.0,0.0,114000,34000.0,30200,7,2,4,MONTHLY,HIGH,SHORT_TERM_GOAL,73.0,LOW
25,35000.0,22400.0,11200.0,511000,283000.0,1400,24,2,2,MONTHLY,LOW,SHORT_TERM_GOAL,66.0,HIGH
54,53000.0,20900.0,3000.0,712000,319000.0,29100,7,3,4,RARELY,MEDIUM,WEALTH_CREATION,65.0,HIGH
41,130000.0,71500.0,45500.0,3568000,327000.0,13000,13,2,4,MONTHLY,MEDIUM,RETIREMENT,64.0,HIGH
23,34000.0,18100.0,12200.0,279000,90000.0,3700,13,1,3,RARELY,MEDIUM,TAX_SAVING,30.0,HIGH
60,81000.0,38000.0,27100.0,221000,92000.0,15900,2,3,1,MONTHLY,MEDIUM,TAX_SAVING,59.0,MEDIUM
64,38000.0,28900.0,1500.0,581000,124000.0,7600,1,2,2,QUARTERLY,MEDIUM,RETIREMENT,62.0,HIGH
31,35000.0,17700.0,12300.0,123000,7000.0,5000,19,3,3,MONTHLY,HIGH,EMERGENCY_FUND,64.0,MEDIUM
62,35000.0,28400.0,1100.0,598000,56000.0,5500,11,1,2,RARELY,LOW,TAX_SAVING,46.0,HIGH
58,28000.0,10100.0,16300.0,129000,14000.0,1600,14,5,4,QUARTERLY,MEDIUM,RETIREMENT,94.0,HIGH
58,79000.0,39900.0,34400.0,900000,493000.0,4700,10,2,5,LUMP_SUM,LOW,WEALTH_CREATION,91.0,HIGH
36,46000.0,32900.0,8300.0,1632000,200000.0,4800,5,5,5,MONTHLY,HIGH,WEALTH_CREATION,79.0,HIGH
35,54000.0,37400.0,4100.0,681000,40000.0,12500,15,4,4,MONTHLY,MEDIUM,EMERGENCY_FUND,93.0,HIGH
36,154000.0,103400.0,0.0,886000,159000.0,55300,8,2,2,MONTHLY,MEDIUM,RETIREMENT,60.0,MEDIUM
42,50000.0,28000.0,6000.0,253000,9000.0,16000,9,2,3,LUMP_SUM,HIGH,RETIREMENT,42.0,LOW
32,91000.0,59100.0,13400.0,486000,196000.0,18500,13,1,3,MONTHLY,HIGH,SHORT_TERM_GOAL,55.0,LOW
39,116000.0,59900.0,49800.0,156000,63000.0,6300,10,2,5,MONTHLY,MEDIUM,WEALTH_CREATION,92.0,HIGH
50,23000.0,8900.0,9700.0,133000,72000.0,4400,17,1,2,RARELY,MEDIUM,WEALTH_CREATION,45.0,HIGH
55,28000.0,16500.0,0.0,183000,114000.0,15400,7,3,4,MONTHLY,LOW,EMERGENCY_FUND,79.0,LOW
62,121000.0,44700.0,60000.0,194000,154000.0,16300,15,2,4,RARELY,LOW,EMERGENCY_FUND,71.0,HIGH
38,41000.0,22000.0,4100.0,247000,40000.0,14900,9,1,1,QUARTERLY,LOW,TAX_SAVING,53.0,LOW
33,197000.0,165600.0,0.0,3355000,1027000.0,62900,10,2,2,RARELY,HIGH,TAX_SAVING,39.0,LOW
62,44000.0,21400.0,7400.0,25000,0.0,15200,9,3,3,LUMP_SUM,MEDIUM,EMERGENCY_FUND,60.0,LOW
47,69000.0,36100.0,28400.0,456000,57000.0,4500,15,4,4,LUMP_SUM,MEDIUM,RETIREMENT,96.0,HIGH
63,80000.0,57100.0,0.0,1465000,380000.0,38500,6,2,3,RARELY,MEDIUM,WEALTH_CREATION,63.0,HIGH
30,41000.0,16400.0,7000.0,92000,66000.0,17600,9,1,1,MONTHLY,HIGH,RETIREMENT,44.0,LOW
35,24000.0,10500.0,8800.0,87000,3000.0,4700,7,3,3,RARELY,LOW,WEALTH_CREATION,75.0,HIGH
27,66000.0,42000.0,5500.0,491000,48000.0,18500,9,2,1,MONTHLY,LOW,WEALTH_CREATION,77.0,HIGH
37,27000.0,18100.0,1500.0,179000,28000.0,7400,1,3,5,MONTHLY,MEDIUM,TAX_SAVING,89.0,HIGH
40,53000.0,30100.0,21700.0,358000,174000.0,1200,22,1,3,LUMP_SUM,MEDIUM,RETIREMENT,56.0,HIGH
50,39000.0,7800.0,20100.0,479000,138000.0,11100,8,2,1,LUMP_SUM,MEDIUM,WEALTH_CREATION,55.0,HIGH
50,129000.0,103600.0,3100.0,1358000,89000.0,22300,4,2,5,MONTHLY,HIGH,TAX_SAVING,76.0,MEDIUM
64,101000.0,70600.0,7100.0,1680000,399000.0,23300,1,4,4,QUARTERLY,HIGH,TAX_SAVING,67.0,HIGH
41,45000.0,20900.0,17600.0,479000,26000.0,6500,12,3,3,MONTHLY,HIGH,EMERGENCY_FUND,72.0,MEDIUM
54,121000.0,89100.0,9400.0,4980000,977000.0,22500,1,3,2,LUMP_SUM,LOW,WEALTH_CREATION,75.0,HIGH
65,56000.0,33100.0,0.0,790000,49000.0,28300,20,2,3,QUARTERLY,MEDIUM,WEALTH_CREATION,64.0,HIGH
53,56000.0,11200.0,38500.0,163000,26000.0,6300,9,5,4,LUMP_SUM,MEDIUM,EMERGENCY_FUND,87.0,HIGH
61,94000.0,75700.0,13200.0,1244000,102000.0,5100,1,4,1,RARELY,MEDIUM,WEALTH_CREATION,56.0,MEDIUM
39,48000.0,28700.0,3000.0,206000,44000.0,16300,1,1,2,LUMP_SUM,MEDIUM,EMERGENCY_FUND,58.0,LOW
64,64000.0,49900.0,0.0,1639000,190000.0,26300,2,4,5,LUMP_SUM,LOW,WEALTH_CREATION,78.0,HIGH
62,71000.0,55100.0,12700.0,580000,343000.0,3200,4,3,4,QUARTERLY,MEDIUM,WEALTH_CREATION,75.0,HIGH
47,20000.0,10200.0,4700.0,374000,82000.0,5100,6,2,2,QUARTERLY,HIGH,TAX_SAVING,39.0,HIGH
33,38000.0,22700.0,8500.0,218000,53000.0,6800,17,3,3,QUARTERLY,HIGH,TAX_SAVING,59.0,HIGH
37,121000.0,69200.0,22100.0,1757000,593000.0,29700,1,1,3,RARELY,HIGH,RETIREMENT,54.0,MEDIUM
63,53000.0,31500.0,2700.0,1734000,573000.0,18800,1,4,1,MONTHLY,MEDIUM,EMERGENCY_FUND,66.0,HIGH
48,101000.0,54200.0,3200.0,328000,10000.0,43600,14,1,3,QUARTERLY,HIGH,WEALTH_CREATION,50.0,LOW
56,71000.0,50500.0,4000.0,1749000,678000.0,16500,10,4,4,RARELY,LOW,EMERGENCY_FUND,85.0,HIGH
39,230000.0,155000.0,65700.0,1246000,432000.0,9300,7,4,2,MONTHLY,MEDIUM,SHORT_TERM_GOAL,67.0,HIGH
42,78000.0,71700.0,0.0,2598000,606000.0,6600,11,2,1,RARELY,MEDIUM,EMERGENCY_FUND,53.0,HIGH
47,63000.0,44800.0,10700.0,371000,194000.0,7500,13,1,4,MONTHLY,LOW,WEALTH_CREATION,85.0,HIGH
31,39000.0,24200.0,7100.0,217000,67000.0,7700,15,5,1,QUARTERLY,HIGH,RETIREMENT,78.0,MEDIUM
27,52000.0,29300.0,9100.0,94000,24000.0,13600,3,2,3,MONTHLY,LOW,EMERGENCY_FUND,82.0,LOW
38,54000.0,31100.0,4500.0,1690000,539000.0,18400,7,3,1,MONTHLY,HIGH,TAX_SAVING,38.0,HIGH
21,109000.0,81900.0,15100.0,1488000,303000.0,12000,5,2,5,MONTHLY,MEDIUM,EMERGENCY_FUND,85.0,HIGH
60,114000.0,75700.0,0.0,1559000,319000.0,42500,5,5,2,QUARTERLY,HIGH,WEALTH_CREATION,95.0,HIGH
37,64000.0,27300.0,21700.0,553000,256000.0,15000,12,3,3,QUARTERLY,HIGH,SHORT_TERM_GOAL,47.0,MEDIUM
44,69000.0,22900.0,18400.0,1717000,735000.0,27700,7,1,3,QUARTERLY,HIGH,WEALTH_CREATION,45.0,HIGH
31,50000.0,35700.0,8900.0,345000,86000.0,5400,5,3,4,MONTHLY,HIGH,WEALTH_CREATION,67.0,MEDIUM
58,88000.0,63500.0,4700.0,183000,40000.0,19800,2,1,4,MONTHLY,HIGH,RETIREMENT,70.0,LOW
21,112000.0,47200.0,49300.0,458000,37000.0,15500,5,1,3,MONTHLY,HIGH,RETIREMENT,52.0,MEDIUM
49,66000.0,30200.0,32700.0,104000,27000.0,3100,18,1,2,MONTHLY,MEDIUM,TAX_SAVING,58.0,HIGH
53,135000.0,87100.0,27300.0,105000,37000.0,20600,13,1,2,QUARTERLY,MEDIUM,WEALTH_CREATION,53.0,MEDIUM
59,66000.0,42800.0,13700.0,1082000,405000.0,9500,18,3,1,MONTHLY,HIGH,WEALTH_CREATION,52.0,HIGH
29,23000.0,6900.0,13000.0,267000,124000.0,3100,10,1,1,MONTHLY,MEDIUM,EMERGENCY_FUND,55.0,HIGH
52,56000.0,44100.0,100.0,1267000,356000.0,11800,8,1,3,QUARTERLY,MEDIUM,WEALTH_CREATION,47.0,HIGH
30,63000.0,38000.0,14400.0,620000,140000.0,10600,8,3,2,MONTHLY,HIGH,WEALTH_CREATION,66.0,MEDIUM
33,73000.0,60300.0,4800.0,1214000,44000.0,7900,11,2,2,QUARTERLY,MEDIUM,RETIREMENT,48.0,HIGH
43,38000.0,20800.0,9000.0,112000,28000.0,8200,19,3,2,RARELY,HIGH,SHORT_TERM_GOAL,56.0,LOW
63,81000.0,61200.0,8000.0,272000,85000.0,11800,13,5,4,RARELY,MEDIUM,WEALTH_CREATION,77.0,HIGH
61,60000.0,40300.0,0.0,1015000,84000.0,22100,9,4,4,MONTHLY,HIGH,WEALTH_CREATION,88.0,HIGH
52,140000.0,44000.0,90700.0,1343000,61000.0,5300,11,2,3,RARELY,HIGH,RETIREMENT,56.0,HIGH
38,60000.0,46500.0,5900.0,873000,426000.0,7600,2,1,2,LUMP_SUM,MEDIUM,SHORT_TERM_GOAL,49.0,MEDIUM
39,37000.0,18800.0,14300.0,639000,117000.0,3900,3,4,5,QUARTERLY,HIGH,TAX_SAVING,96.0,HIGH
50,81000.0,63800.0,9900.0,389000,98000.0,7300,4,2,2,MONTHLY,MEDIUM,WEALTH_CREATION,67.0,MEDIUM
27,40000.0,32100.0,2000.0,1235000,78000.0,5900,5,4,1,RARELY,HIGH,WEALTH_CREATION,51.0,HIGH
31,55000.0,22300.0,5500.0,1810000,617000.0,27200,10,1,3,QUARTERLY,MEDIUM,EMERGENCY_FUND,53.0,HIGH
26,52000.0,43500.0,0.0,1446000,246000.0,13200,4,4,4,QUARTERLY,HIGH,TAX_SAVING,79.0,HIGH
21,83000.0,68900.0,0.0,1764000,654000.0,17500,3,3,2,MONTHLY,MEDIUM,SHORT_TERM_GOAL,85.0,HIGH
29,38000.0,19900.0,14600.0,218000,44000.0,3500,7,1,2,RARELY,MEDIUM,WEALTH_CREATION,38.0,LOW
43,201000.0,49900.0,93300.0,1137000,203000.0,57800,8,2,2,LUMP_SUM,MEDIUM,SHORT_TERM_GOAL,52.0,LOW
21,47000.0,36300.0,0.0,311000,38000.0,13400,6,1,1,MONTHLY,MEDIUM,WEALTH_CREATION,52.0,MEDIUM
23,69000.0,35800.0,19000.0,1047000,295000.0,14200,12,3,5,MONTHLY,MEDIUM,WEALTH_CREATION,90.0,HIGH
48,109000.0,86900.0,17800.0,1400000,568000.0,4300,22,2,2,QUARTERLY,MEDIUM,TAX_SAVING,81.0,HIGH
61,45000.0,13100.0,17900.0,561000,160000.0,14000,2,3,4,MONTHLY,HIGH,WEALTH_CREATION,74.0,HIGH
47,74000.0,68000.0,0.0,638000,238000.0,6500,10,3,1,MONTHLY,MEDIUM,RETIREMENT,70.0,HIGH
45,172000.0,83500.0,75000.0,4629000,1511000.0,13500,6,2,2,LUMP_SUM,MEDIUM,WEALTH_CREATION,34.0,HIGH
56,202000.0,102800.0,32100.0,1194000,319000.0,67100,3,5,3,LUMP_SUM,MEDIUM,TAX_SAVING,88.0,MEDIUM
64,101000.0,64600.0,24500.0,1562000,250000.0,11900,15,2,4,MONTHLY,LOW,EMERGENCY_FUND,78.0,HIGH
31,65000.0,36600.0,23500.0,454000,145000.0,4900,9,3,1,MONTHLY,LOW,TAX_SAVING,83.0,HIGH
50,55000.0,39900.0,1700.0,461000,265000.0,13400,1,1,3,MONTHLY,LOW,RETIREMENT,65.0,MEDIUM
65,69000.0,25900.0,24500.0,382000,27000.0,18600,3,3,3,MONTHLY,HIGH,WEALTH_CREATION,58.0,HIGH
22,49000.0,29100.0,0.0,545000,91000.0,20400,3,1,1,MONTHLY,MEDIUM,WEALTH_CREATION,40.0,LOW
34,39000.0,21700.0,8400.0,476000,72000.0,8900,6,1,3,MONTHLY,LOW,WEALTH_CREATION,61.0,HIGH
31,60000.0,43000.0,1500.0,1334000,210000.0,15500,11,1,2,MONTHLY,MEDIUM,RETIREMENT,53.0,HIGH
52,61000.0,44700.0,3400.0,1537000,555000.0,12900,11,4,2,QUARTERLY,MEDIUM,EMERGENCY_FUND,84.0,HIGH
31,59000.0,28100.0,23400.0,79000,5000.0,7500,1,3,3,RARELY,HIGH,RETIREMENT,51.0,LOW
24,82000.0,53400.0,15700.0,1043000,201000.0,12900,14,4,3,LUMP_SUM,LOW,TAX_SAVING,82.0,HIGH
36,74000.0,48900.0,22300.0,795000,360000.0,2800,2,2,4,MONTHLY,LOW,WEALTH_CREATION,84.0,HIGH
42,127000.0,90600.0,0.0,1399000,355000.0,36500,5,1,1,QUARTERLY,MEDIUM,TAX_SAVING,38.0,LOW
54,74000.0,47500.0,13100.0,883000,24000.0,13400,10,2,2,MONTHLY,HIGH,EMERGENCY_FUND,67.0,MEDIUM
55,52000.0,39800.0,0.0,637000,120000.0,12600,7,2,1,RARELY,MEDIUM,WEALTH_CREATION,49.0,MEDIUM
36,60000.0,38000.0,2400.0,496000,101000.0,19600,15,2,2,RARELY,LOW,RETIREMENT,52.0,MEDIUM
44,91000.0,67600.0,8400.0,331000,64000.0,15000,8,1,4,MONTHLY,MEDIUM,EMERGENCY_FUND,72.0,MEDIUM
40,52000.0,34800.0,3600.0,456000,328000.0,13600,3,1,5,QUARTERLY,HIGH,RETIREMENT,60.0,MEDIUM
44,55000.0,21300.0,28100.0,208000,92000.0,5600,17,1,2,MONTHLY,LOW,EMERGENCY_FUND,65.0,HIGH
40,109000.0,42800.0,46700.0,237000,38000.0,19500,2,1,4,QUARTERLY,MEDIUM,EMERGENCY_FUND,65.0,MEDIUM
30,263000.0,133200.0,68100.0,783000,135000.0,61700,6,1,2,MONTHLY,HIGH,RETIREMENT,29.0,LOW
55,76000.0,54300.0,0.0,1221000,208000.0,31800,8,1,1,MONTHLY,LOW,WEALTH_CREATION,63.0,HIGH
46,27000.0,14700.0,3600.0,260000,86000.0,8700,17,1,5,LUMP_SUM,MEDIUM,WEALTH_CREATION,69.0,HIGH
59,66000.0,49900.0,7100.0,802000,317000.0,9000,10,3,3,MONTHLY,HIGH,EMERGENCY_FUND,69.0,HIGH
36,30000.0,20200.0,100.0,618000,18000.0,9700,7,4,1,QUARTERLY,HIGH,EMERGENCY_FUND,62.0,MEDIUM
39,43000.0,30500.0,900.0,231000,83000.0,11600,11,1,2,MONTHLY,HIGH,TAX_SAVING,50.0,LOW
58,26000.0,16900.0,2000.0,720000,130000.0,7100,15,2,5,MONTHLY,LOW,WEALTH_CREATION,80.0,HIGH
56,113000.0,79400.0,30500.0,3284000,1473000.0,3100,12,4,2,RARELY,LOW,TAX_SAVING,56.0,HIGH
58,175000.0,109400.0,41900.0,455000,65000.0,23700,2,2,2,RARELY,LOW,TAX_SAVING,49.0,MEDIUM
33,101000.0,37500.0,47900.0,1375000,384000.0,15600,8,3,5,RARELY,HIGH,WEALTH_CREATION,72.0,HIGH
39,119000.0,96000.0,0.0,1792000,544000.0,58000,7,3,3,LUMP_SUM,HIGH,WEALTH_CREATION,51.0,HIGH
24,131000.0,106400.0,0.0,1715000,487000.0,27500,17,1,5,QUARTERLY,MEDIUM,EMERGENCY_FUND,75.0,HIGH
28,57000.0,29500.0,22200.0,829000,319000.0,5300,8,1,4,MONTHLY,LOW,WEALTH_CREATION,59.0,HIGH
48,29000.0,17100.0,8100.0,270000,29000.0,3800,9,1,1,MONTHLY,MEDIUM,WEALTH_CREATION,38.0,MEDIUM
31,79000.0,50000.0,100.0,1099000,104000.0,28900,14,2,1,LUMP_SUM,HIGH,TAX_SAVING,57.0,MEDIUM
43,132000.0,77200.0,49100.0,2868000,638000.0,5700,4,2,1,MONTHLY,MEDIUM,WEALTH_CREATION,41.0,HIGH
54,51000.0,45400.0,0.0,995000,52000.0,6600,1,4,3,MONTHLY,MEDIUM,EMERGENCY_FUND,100.0,HIGH
29,88000.0,57400.0,11100.0,1751000,471000.0,19500,10,3,4,MONTHLY,MEDIUM,RETIREMENT,81.0,HIGH
39,108000.0,50200.0,14900.0,1639000,331000.0,42900,12,2,4,QUARTERLY,MEDIUM,WEALTH_CREATION,71.0,HIGH
41,53000.0,18300.0,29300.0,421000,196000.0,5400,9,2,1,MONTHLY,HIGH,WEALTH_CREATION,54.0,HIGH
33,44000.0,33400.0,500.0,542000,24000.0,10100,7,3,2,RARELY,MEDIUM,RETIREMENT,50.0,MEDIUM
51,97000.0,27200.0,50200.0,147000,36000.0,19600,2,1,2,RARELY,LOW,WEALTH_CREATION,29.0,LOW
21,36000.0,17500.0,17200.0,204000,2000.0,1300,3,3,3,MONTHLY,MEDIUM,WEALTH_CREATION,77.0,HIGH
25,44000.0,28000.0,10200.0,879000,388000.0,5800,16,2,3,MONTHLY,HIGH,EMERGENCY_FUND,64.0,HIGH
47,71000.0,37300.0,2400.0,1498000,713000.0,31300,6,3,3,QUARTERLY,MEDIUM,TAX_SAVING,85.0,HIGH
41,73000.0,53000.0,2300.0,1360000,50000.0,17700,12,3,1,MONTHLY,HIGH,EMERGENCY_FUND,54.0,HIGH
65,49000.0,38900.0,3800.0,520000,272000.0,6300,14,1,2,RARELY,MEDIUM,RETIREMENT,49.0,HIGH
59,116000.0,60600.0,54300.0,884000,149000.0,1100,16,2,4,MONTHLY,HIGH,WEALTH_CREATION,66.0,HIGH
45,28000.0,25400.0,600.0,56000,2000.0,2000,5,3,4,MONTHLY,HIGH,RETIREMENT,88.0,LOW
46,155000.0,64000.0,89300.0,1591000,644000.0,1700,3,3,5,LUMP_SUM,MEDIUM,SHORT_TERM_GOAL,89.0,HIGH
21,171000.0,96400.0,52100.0,576000,173000.0,22500,1,4,1,LUMP_SUM,LOW,SHORT_TERM_GOAL,74.0,MEDIUM
34,73000.0,51600.0,0.0,1027000,265000.0,26400,23,2,2,MONTHLY,MEDIUM,TAX_SAVING,59.0,HIGH
63,128000.0,61400.0,43800.0,1237000,226000.0,22800,4,2,3,LUMP_SUM,MEDIUM,SHORT_TERM_GOAL,73.0,MEDIUM
52,89000.0,42500.0,28300.0,381000,15000.0,18200,17,1,2,QUARTERLY,MEDIUM,WEALTH_CREATION,37.0,HIGH
24,20000.0,12900.0,1800.0,260000,109000.0,5300,5,2,5,LUMP_SUM,MEDIUM,EMERGENCY_FUND,73.0,HIGH
57,36000.0,29500.0,2400.0,609000,210000.0,4100,9,1,4,MONTHLY,MEDIUM,WEALTH_CREATION,64.0,HIGH
23,42000.0,24100.0,12800.0,532000,49000.0,5100,10,3,2,LUMP_SUM,LOW,RETIREMENT,62.0,HIGH
50,55000.0,42800.0,7900.0,344000,53000.0,4300,7,1,3,MONTHLY,MEDIUM,WEALTH_CREATION,59.0,MEDIUM
47,29000.0,17000.0,6000.0,316000,63000.0,6000,7,2,2,MONTHLY,MEDIUM,WEALTH_CREATION,62.0,HIGH
51,66000.0,30200.0,23600.0,742000,514000.0,12200,22,5,2,MONTHLY,LOW,RETIREMENT,95.0,HIGH
64,98000.0,50700.0,45700.0,1503000,564000.0,1600,4,4,3,MONTHLY,MEDIUM,TAX_SAVING,81.0,HIGH
43,97000.0,52100.0,36300.0,1561000,698000.0,8600,8,1,2,RARELY,LOW,RETIREMENT,25.0,HIGH
23,76000.0,59400.0,4900.0,1905000,651000.0,11700,8,2,2,QUARTERLY,HIGH,SHORT_TERM_GOAL,40.0,HIGH
34,123000.0,77200.0,0.0,1815000,344000.0,48500,12,4,1,MONTHLY,LOW,RETIREMENT,89.0,HIGH
65,68000.0,25600.0,29400.0,1001000,231000.0,13000,4,2,3,RARELY,LOW,RETIREMENT,47.0,HIGH
28,92000.0,51100.0,38700.0,1305000,970000.0,2200,12,1,4,RARELY,MEDIUM,WEALTH_CREATION,34.0,HIGH
60,33000.0,30300.0,0.0,28000,7000.0,9100,8,2,1,LUMP_SUM,HIGH,WEALTH_CREATION,52.0,LOW
55,128000.0,110400.0,0.0,793000,239000.0,22800,18,1,2,QUARTERLY,MEDIUM,RETIREMENT,59.0,MEDIUM
55,40000.0,17600.0,17200.0,278000,163000.0,5200,1,2,2,MONTHLY,LOW,RETIREMENT,76.0,HIGH
21,48000.0,34800.0,10800.0,572000,167000.0,2400,25,1,5,MONTHLY,HIGH,WEALTH_CREATION,61.0,HIGH
48,20000.0,15200.0,3800.0,337000,61000.0,1000,16,3,3,QUARTERLY,LOW,RETIREMENT,89.0,HIGH
23,194000.0,132900.0,58400.0,982000,261000.0,2700,2,1,1,MONTHLY,MEDIUM,RETIREMENT,54.0,MEDIUM
51,104000.0,60400.0,0.0,700000,65000.0,44000,4,1,4,MONTHLY,HIGH,TAX_SAVING,69.0,LOW
31,78000.0,57300.0,18500.0,508000,344000.0,2200,14,2,4,MONTHLY,MEDIUM,EMERGENCY_FUND,86.0,HIGH
58,113000.0,66500.0,10300.0,311000,20000.0,36200,21,4,4,MONTHLY,LOW,EMERGENCY_FUND,94.0,HIGH
25,35000.0,22000.0,5300.0,364000,190000.0,7700,20,5,4,QUARTERLY,MEDIUM,WEALTH_CREATION,100.0,HIGH
30,138000.0,68700.0,40400.0,1579000,567000.0,28900,8,3,2,MONTHLY,HIGH,SHORT_TERM_GOAL,50.0,MEDIUM
27,56000.0,30100.0,22900.0,265000,5000.0,3000,12,2,2,RARELY,MEDIUM,TAX_SAVING,60.0,MEDIUM
39,128000.0,80500.0,24800.0,1214000,202000.0,22700,1,1,1,MONTHLY,MEDIUM,RETIREMENT,55.0,HIGH
29,155000.0,78700.0,61000.0,166000,60000.0,15300,19,1,4,MONTHLY,MEDIUM,RETIREMENT,63.0,HIGH
62,70000.0,44900.0,15000.0,1563000,227000.0,10100,17,2,3,QUARTERLY,MEDIUM,WEALTH_CREATION,70.0,HIGH
36,20000.0,14400.0,0.0,218000,27000.0,6500,4,2,3,QUARTERLY,MEDIUM,RETIREMENT,68.0,MEDIUM
45,130000.0,68600.0,38400.0,2744000,253000.0,23000,16,2,5,QUARTERLY,HIGH,WEALTH_CREATION,81.0,HIGH
41,55000.0,35800.0,400.0,846000,382000.0,18800,20,2,1,MONTHLY,MEDIUM,WEALTH_CREATION,52.0,HIGH
28,25000.0,22200.0,0.0,402000,37000.0,5300,11,2,2,LUMP_SUM,MEDIUM,SHORT_TERM_GOAL,45.0,MEDIUM
46,25000.0,20400.0,0.0,408000,169000.0,8200,2,1,3,RARELY,LOW,EMERGENCY_FUND,64.0,LOW
37,29000.0,20500.0,1000.0,82000,25000.0,7500,24,2,3,QUARTERLY,LOW,EMERGENCY_FUND,52.0,MEDIUM
40,90000.0,41700.0,20200.0,1328000,240000.0,28100,7,2,5,LUMP_SUM,HIGH,SHORT_TERM_GOAL,63.0,MEDIUM
24,106000.0,66300.0,32200.0,1768000,117000.0,7500,19,3,2,RARELY,LOW,RETIREMENT,65.0,HIGH
28,48000.0,23600.0,10200.0,519000,231000.0,14200,21,1,4,LUMP_SUM,LOW,TAX_SAVING,53.0,HIGH
22,82000.0,68300.0,0.0,571000,24000.0,20100,6,5,2,MONTHLY,MEDIUM,SHORT_TERM_GOAL,83.0,HIGH
42,42000.0,20400.0,9500.0,779000,545000.0,12100,6,1,2,LUMP_SUM,HIGH,RETIREMENT,46.0,HIGH
64,59000.0,39400.0,11100.0,1285000,241000.0,8500,22,1,2,LUMP_SUM,HIGH,RETIREMENT,36.0,HIGH
56,84000.0,59700.0,5300.0,2628000,1109000.0,19000,5,2,2,MONTHLY,LOW,WEALTH_CREATION,63.0,HIGH
52,31000.0,11900.0,11600.0,136000,45000.0,7500,19,2,3,RARELY,LOW,RETIREMENT,76.0,HIGH
42,78000.0,67400.0,0.0,1335000,287000.0,24200,17,3,2,LUMP_SUM,MEDIUM,TAX_SAVING,72.0,HIGH
28,44000.0,27700.0,3100.0,244000,60000.0,13200,4,4,3,LUMP_SUM,MEDIUM,SHORT_TERM_GOAL,86.0,MEDIUM
65,27000.0,11100.0,11900.0,207000,21000.0,4000,15,4,3,QUARTERLY,HIGH,WEALTH_CREATION,77.0,HIGH
22,46000.0,19600.0,13400.0,250000,6000.0,13000,12,4,2,RARELY,HIGH,WEALTH_CREATION,48.0,MEDIUM
63,47000.0,20100.0,11700.0,1939000,964000.0,15200,2,1,4,LUMP_SUM,MEDIUM,RETIREMENT,55.0,HIGH
24,53000.0,46500.0,0.0,1088000,359000.0,10400,2,4,4,MONTHLY,HIGH,RETIREMENT,79.0,HIGH
47,54000.0,40100.0,0.0,180000,83000.0,26200,7,1,2,LUMP_SUM,HIGH,SHORT_TERM_GOAL,31.0,LOW
32,30000.0,20000.0,3800.0,297000,63000.0,6200,16,1,2,RARELY,LOW,WEALTH_CREATION,46.0,HIGH
38,177000.0,75300.0,41300.0,1806000,425000.0,60400,6,1,3,LUMP_SUM,LOW,RETIREMENT,63.0,HIGH
51,20000.0,18100.0,900.0,396000,116000.0,1000,7,1,5,MONTHLY,MEDIUM,RETIREMENT,78.0,HIGH
45,94000.0,57100.0,13100.0,1712000,154000.0,23800,8,4,4,RARELY,HIGH,TAX_SAVING,78.0,HIGH
52,118000.0,60400.0,39600.0,361000,33000.0,18000,3,1,1,QUARTERLY,MEDIUM,RETIREMENT,36.0,LOW
35,44000.0,30700.0,9400.0,1025000,179000.0,3900,2,3,3,MONTHLY,LOW,SHORT_TERM_GOAL,81.0,HIGH
23,43000.0,32400.0,400.0,640000,223000.0,10200,5,3,3,QUARTERLY,MEDIUM,RETIREMENT,60.0,HIGH
49,85000.0,36900.0,23000.0,513000,53000.0,25100,11,3,3,MONTHLY,HIGH,RETIREMENT,77.0,MEDIUM
25,71000.0,48900.0,10000.0,246000,93000.0,12100,22,2,4,MONTHLY,HIGH,WEALTH_CREATION,60.0,HIGH
61,43000.0,31400.0,6900.0,259000,93000.0,4700,9,3,3,MONTHLY,LOW,RETIREMENT,86.0,HIGH
29,76000.0,42000.0,30700.0,1018000,262000.0,3300,5,1,3,LUMP_SUM,LOW,TAX_SAVING,50.0,HIGH
63,66000.0,38500.0,8600.0,380000,35000.0,18900,5,2,3,MONTHLY,MEDIUM,WEALTH_CREATION,89.0,HIGH
34,91000.0,83700.0,0.0,1411000,121000.0,11200,16,1,4,MONTHLY,LOW,WEALTH_CREATION,70.0,HIGH
49,75000.0,33000.0,15700.0,4075000,1657000.0,26300,17,5,3,QUARTERLY,MEDIUM,RETIREMENT,90.0,HIGH
26,56000.0,16200.0,34200.0,476000,53000.0,5600,19,2,1,MONTHLY,MEDIUM,EMERGENCY_FUND,62.0,HIGH
41,99000.0,54800.0,40200.0,1116000,391000.0,4000,10,3,3,LUMP_SUM,MEDIUM,WEALTH_CREATION,69.0,HIGH
49,39000.0,17900.0,17700.0,76000,15000.0,3400,1,2,2,LUMP_SUM,LOW,SHORT_TERM_GOAL,60.0,MEDIUM
37,28000.0,25300.0,0.0,300000,174000.0,15400,13,3,5,LUMP_SUM,MEDIUM,RETIREMENT,68.0,HIGH
31,122000.0,112200.0,0.0,500000,96000.0,30600,23,3,5,MONTHLY,HIGH,SHORT_TERM_GOAL,75.0,HIGH
32,72000.0,42800.0,8300.0,229000,115000.0,20900,2,1,3,MONTHLY,MEDIUM,EMERGENCY_FUND,56.0,LOW
58,52000.0,29800.0,19500.0,252000,112000.0,2700,7,1,3,LUMP_SUM,MEDIUM,SHORT_TERM_GOAL,64.0,HIGH
36,56000.0,41300.0,8000.0,467000,59000.0,6700,6,3,2,MONTHLY,LOW,RETIREMENT,67.0,HIGH
28,82000.0,51900.0,11500.0,704000,228000.0,18600,1,1,5,QUARTERLY,MEDIUM,RETIREMENT,57.0,MEDIUM
37,43000.0,20200.0,10400.0,313000,55000.0,12400,4,2,5,MONTHLY,MEDIUM,SHORT_TERM_GOAL,76.0,HIGH
65,35000.0,29600.0,0.0,668000,214000.0,9400,2,1,2,LUMP_SUM,MEDIUM,WEALTH_CREATION,37.0,HIGH
62,71000.0,53400.0,0.0,2424000,204000.0,35500,22,1,2,MONTHLY,MEDIUM,RETIREMENT,56.0,HIGH
40,67000.0,51000.0,3000.0,534000,223000.0,13000,13,4,1,MONTHLY,HIGH,WEALTH_CREATION,58.0,HIGH
51,64000.0,37000.0,20000.0,1790000,287000.0,7000,3,3,4,MONTHLY,HIGH,SHORT_TERM_GOAL,72.0,HIGH
39,56000.0,35900.0,13200.0,336000,20000.0,6900,7,5,1,MONTHLY,HIGH,SHORT_TERM_GOAL,72.0,LOW
42,44000.0,30900.0,5000.0,724000,324000.0,8100,12,2,5,QUARTERLY,MEDIUM,EMERGENCY_FUND,61.0,HIGH
62,98000.0,76500.0,0.0,1505000,360000.0,38700,16,2,3,LUMP_SUM,HIGH,RETIREMENT,51.0,HIGH
21,202000.0,114700.0,46900.0,7623000,2625000.0,40400,6,1,3,MONTHLY,MEDIUM,WEALTH_CREATION,53.0,HIGH
43,61000.0,27700.0,22700.0,520000,142000.0,10600,16,2,3,RARELY,MEDIUM,WEALTH_CREATION,42.0,HIGH
33,167000.0,74500.0,56000.0,4802000,355000.0,36500,1,2,3,MONTHLY,LOW,WEALTH_CREATION,86.0,HIGH
49,68000.0,47300.0,8800.0,559000,229000.0,11900,4,4,2,MONTHLY,LOW,SHORT_TERM_GOAL,79.0,HIGH
47,78000.0,15600.0,48900.0,395000,91000.0,13500,8,2,5,QUARTERLY,MEDIUM,WEALTH_CREATION,78.0,HIGH
39,88000.0,41700.0,40800.0,936000,20000.0,5500,8,1,2,QUARTERLY,HIGH,EMERGENCY_FUND,40.0,MEDIUM
22,36000.0,21000.0,9800.0,594000,259000.0,5200,6,2,2,MONTHLY,HIGH,RETIREMENT,31.0,HIGH
23,110000.0,63700.0,24400.0,470000,86000.0,21900,11,1,4,QUARTERLY,MEDIUM,TAX_SAVING,62.0,MEDIUM
62,110000.0,61400.0,30900.0,897000,47000.0,17700,14,1,3,MONTHLY,MEDIUM,TAX_SAVING,54.0,HIGH
47,58000.0,23100.0,23100.0,263000,82000.0,11800,9,3,3,MONTHLY,MEDIUM,WEALTH_CREATION,72.0,HIGH
49,24000.0,17300.0,2200.0,1029000,110000.0,4500,5,2,3,QUARTERLY,MEDIUM,WEALTH_CREATION,62.0,HIGH
47,58000.0,43100.0,0.0,1125000,76000.0,16400,10,4,4,LUMP_SUM,HIGH,RETIREMENT,70.0,HIGH
61,74000.0,47100.0,22700.0,134000,51000.0,4200,14,2,5,MONTHLY,HIGH,WEALTH_CREATION,69.0,HIGH
37,48000.0,32700.0,0.0,654000,412000.0,18600,9,4,4,RARELY,HIGH,TAX_SAVING,71.0,HIGH
48,27000.0,19600.0,4800.0,222000,43000.0,2600,11,1,2,RARELY,HIGH,WEALTH_CREATION,18.0,MEDIUM
33,54000.0,45100.0,0.0,2012000,469000.0,12900,2,5,2,MONTHLY,MEDIUM,WEALTH_CREATION,75.0,HIGH
61,88000.0,55600.0,3100.0,1858000,362000.0,29300,7,2,2,RARELY,LOW,RETIREMENT,58.0,HIGH
48,113000.0,50900.0,27100.0,820000,157000.0,35000,5,2,1,MONTHLY,MEDIUM,WEALTH_CREATION,57.0,MEDIUM
46,58000.0,45400.0,11900.0,345000,18000.0,700,3,1,3,MONTHLY,LOW,WEALTH_CREATION,45.0,HIGH
35,47000.0,40000.0,3800.0,682000,237000.0,3200,2,2,3,RARELY,HIGH,TAX_SAVING,64.0,LOW
25,39000.0,34100.0,0.0,420000,192000.0,14000,7,2,4,MONTHLY,MEDIUM,WEALTH_CREATION,62.0,MEDIUM
47,203000.0,173800.0,0.0,5286000,4142000.0,45100,4,1,2,MONTHLY,MEDIUM,WEALTH_CREATION,48.0,HIGH
60,137000.0,72200.0,0.0,2729000,290000.0,66300,6,5,2,QUARTERLY,HIGH,TAX_SAVING,66.0,HIGH
28,46000.0,12500.0,23900.0,307000,100000.0,9600,3,3,3,LUMP_SUM,HIGH,SHORT_TERM_GOAL,52.0,MEDIUM
41,129000.0,54700.0,38400.0,1498000,101000.0,35900,5,1,2,LUMP_SUM,MEDIUM,TAX_SAVING,46.0,HIGH
52,99000.0,51100.0,37500.0,694000,132000.0,10400,9,3,2,MONTHLY,MEDIUM,SHORT_TERM_GOAL,72.0,HIGH
43,45000.0,27000.0,7400.0,578000,12000.0,10600,14,1,4,LUMP_SUM,HIGH,SHORT_TERM_GOAL,55.0,MEDIUM
33,48000.0,29200.0,3400.0,227000,42000.0,15400,19,1,1,RARELY,MEDIUM,SHORT_TERM_GOAL,38.0,LOW
64,70000.0,36500.0,7200.0,3266000,1333000.0,26300,5,2,4,MONTHLY,HIGH,TAX_SAVING,71.0,HIGH
56,95000.0,47900.0,6100.0,2929000,588000.0,41000,6,1,2,RARELY,LOW,WEALTH_CREATION,58.0,HIGH
45,64000.0,32400.0,21300.0,488000,143000.0,10300,7,2,1,MONTHLY,MEDIUM,TAX_SAVING,58.0,HIGH
52,116000.0,56500.0,32700.0,2047000,915000.0,26800,9,1,3,MONTHLY,HIGH,WEALTH_CREATION,56.0,HIGH
37,39000.0,26000.0,6600.0,1814000,437000.0,6400,12,1,5,MONTHLY,MEDIUM,TAX_SAVING,66.0,HIGH
62,34000.0,31200.0,0.0,415000,149000.0,3400,11,2,4,MONTHLY,LOW,SHORT_TERM_GOAL,91.0,HIGH
45,28000.0,17200.0,6400.0,118000,6000.0,4400,2,1,1,RARELY,LOW,EMERGENCY_FUND,44.0,LOW
25,101000.0,92900.0,0.0,850000,493000.0,13800,19,1,1,QUARTERLY,HIGH,TAX_SAVING,27.0,MEDIUM
42,76000.0,58200.0,9800.0,573000,118000.0,8000,7,3,3,MONTHLY,LOW,SHORT_TERM_GOAL,78.0,LOW
62,40000.0,28500.0,2300.0,779000,10000.0,9200,11,2,3,LUMP_SUM,MEDIUM,EMERGENCY_FUND,73.0,HIGH
54,21000.0,7100.0,10000.0,98000,49000.0,3900,8,2,4,MONTHLY,LOW,TAX_SAVING,64.0,HIGH
41,94000.0,43700.0,46900.0,579000,100000.0,3400,9,1,4,RARELY,LOW,RETIREMENT,67.0,HIGH
25,69000.0,49100.0,17900.0,1062000,131000.0,2000,17,1,3,LUMP_SUM,HIGH,EMERGENCY_FUND,54.0,HIGH
52,73000.0,38100.0,16900.0,1226000,59000.0,18000,10,2,4,MONTHLY,HIGH,WEALTH_CREATION,67.0,HIGH
42,53000.0,23800.0,17800.0,233000,38000.0,11400,3,3,3,MONTHLY,MEDIUM,RETIREMENT,89.0,HIGH
32,109000.0,34500.0,44200.0,609000,65000.0,30300,17,2,2,RARELY,MEDIUM,RETIREMENT,31.0,MEDIUM
59,45000.0,29600.0,3100.0,854000,472000.0,12300,4,1,3,LUMP_SUM,LOW,WEALTH_CREATION,51.0,HIGH
33,39000.0,28500.0,9000.0,1023000,149000.0,1500,18,2,4,QUARTERLY,MEDIUM,EMERGENCY_FUND,73.0,HIGH
57,42000.0,28500.0,12700.0,585000,373000.0,800,1,1,5,QUARTERLY,MEDIUM,RETIREMENT,65.0,HIGH
49,105000.0,60400.0,19400.0,1438000,530000.0,25200,4,1,2,MONTHLY,LOW,WEALTH_CREATION,59.0,HIGH
44,55000.0,45300.0,8300.0,1006000,120000.0,1400,11,3,1,QUARTERLY,LOW,TAX_SAVING,51.0,HIGH
24,92000.0,84600.0,0.0,1567000,556000.0,13800,15,1,4,MONTHLY,LOW,RETIREMENT,69.0,HIGH
62,26000.0,22700.0,0.0,597000,306000.0,8800,8,3,5,MONTHLY,HIGH,RETIREMENT,80.0,HIGH
47,29000.0,15600.0,12800.0,237000,52000.0,600,2,2,2,MONTHLY,LOW,SHORT_TERM_GOAL,70.0,HIGH
48,79000.0,35300.0,30300.0,266000,40000.0,13400,16,1,5,MONTHLY,HIGH,RETIREMENT,82.0,HIGH
47,79000.0,40100.0,30000.0,1346000,653000.0,8900,3,5,2,RARELY,MEDIUM,SHORT_TERM_GOAL,94.0,HIGH
65,86000.0,56600.0,0.0,1324000,944000.0,29700,1,4,4,MONTHLY,HIGH,WEALTH_CREATION,76.0,HIGH
61,63000.0,36600.0,0.0,671000,113000.0,30800,3,3,3,MONTHLY,LOW,RETIREMENT,79.0,HIGH
58,134000.0,73900.0,40000.0,1470000,246000.0,20100,11,2,2,MONTHLY,LOW,WEALTH_CREATION,70.0,HIGH
25,93000.0,61600.0,6500.0,3514000,870000.0,24900,2,1,5,MONTHLY,HIGH,EMERGENCY_FUND,73.0,HIGH
51,34000.0,23500.0,1900.0,298000,78000.0,8600,5,5,3,MONTHLY,HIGH,WEALTH_CREATION,83.0,HIGH
36,168000.0,129400.0,21600.0,3666000,513000.0,17000,5,2,5,RARELY,LOW,WEALTH_CREATION,73.0,HIGH
55,44000.0,36500.0,4100.0,618000,279000.0,3400,11,3,2,MONTHLY,MEDIUM,SHORT_TERM_GOAL,58.0,HIGH
36,51000.0,32300.0,15500.0,191000,29000.0,3200,12,2,1,QUARTERLY,MEDIUM,TAX_SAVING,55.0,MEDIUM
37,28000.0,15500.0,7400.0,33000,9000.0,5100,10,4,2,LUMP_SUM,HIGH,EMERGENCY_FUND,59.0,LOW
47,63000.0,23700.0,11400.0,129000,29000.0,27900,10,1,4,QUARTERLY,MEDIUM,RETIREMENT,56.0,MEDIUM
44,49000.0,11200.0,30300.0,199000,69000.0,7500,12,5,1,RARELY,MEDIUM,SHORT_TERM_GOAL,68.0,HIGH
21,81000.0,31200.0,36600.0,799000,410000.0,13200,6,1,5,RARELY,MEDIUM,EMERGENCY_FUND,66.0,HIGH
64,107000.0,83700.0,0.0,1680000,142000.0,29800,4,1,1,RARELY,MEDIUM,WEALTH_CREATION,52.0,MEDIUM
64,59000.0,40500.0,0.0,730000,321000.0,20200,2,1,3,MONTHLY,LOW,WEALTH_CREATION,71.0,HIGH
58,95000.0,78500.0,0.0,888000,51000.0,17400,10,1,3,MONTHLY,HIGH,RETIREMENT,75.0,MEDIUM
27,72000.0,53200.0,11000.0,253000,120000.0,7800,22,5,3,MONTHLY,MEDIUM,RETIREMENT,87.0,HIGH
57,119000.0,84400.0,8700.0,1812000,354000.0,25900,10,1,4,MONTHLY,HIGH,WEALTH_CREATION,71.0,HIGH
64,97000.0,68800.0,6100.0,1814000,297000.0,22100,2,5,4,LUMP_SUM,MEDIUM,SHORT_TERM_GOAL,92.0,HIGH
54,72000.0,27400.0,12100.0,883000,432000.0,32500,7,3,4,MONTHLY,MEDIUM,TAX_SAVING,73.0,HIGH
39,38000.0,18400.0,17300.0,98000,40000.0,2300,7,5,1,MONTHLY,MEDIUM,WEALTH_CREATION,73.0,HIGH
43,54000.0,34900.0,7300.0,2069000,393000.0,11800,23,3,2,MONTHLY,HIGH,RETIREMENT,66.0,HIGH
52,63000.0,40200.0,19300.0,1572000,316000.0,3500,12,1,5,MONTHLY,LOW,RETIREMENT,79.0,HIGH
48,117000.0,107600.0,0.0,1956000,710000.0,27700,18,3,5,LUMP_SUM,MEDIUM,WEALTH_CREATION,96.0,HIGH
61,39000.0,21400.0,15400.0,579000,170000.0,2200,18,2,2,MONTHLY,HIGH,WEALTH_CREATION,46.0,HIGH
24,27000.0,13200.0,10200.0,670000,129000.0,3600,1,1,3,LUMP_SUM,MEDIUM,SHORT_TERM_GOAL,43.0,HIGH
52,95000.0,61300.0,14400.0,1634000,742000.0,19300,9,1,2,MONTHLY,MEDIUM,WEALTH_CREATION,43.0,HIGH
47,59000.0,14200.0,40500.0,413000,170000.0,4300,11,1,3,MONTHLY,MEDIUM,SHORT_TERM_GOAL,40.0,HIGH
51,85000.0,65300.0,0.0,774000,97000.0,25500,17,2,5,LUMP_SUM,MEDIUM,WEALTH_CREATION,93.0,HIGH
56,41000.0,31500.0,1700.0,1279000,291000.0,7800,15,2,2,QUARTERLY,LOW,WEALTH_CREATION,63.0,HIGH
30,42000.0,23200.0,4500.0,533000,216000.0,14300,5,2,2,MONTHLY,MEDIUM,SHORT_TERM_GOAL,49.0,MEDIUM
55,20000.0,12700.0,1900.0,48000,2000.0,5400,13,2,2,MONTHLY,HIGH,SHORT_TERM_GOAL,49.0,LOW
60,60000.0,23600.0,31600.0,1262000,254000.0,4800,17,2,1,MONTHLY,LOW,WEALTH_CREATION,57.0,HIGH
23,125000.0,74300.0,30300.0,4983000,806000.0,20400,11,1,1,MONTHLY,LOW,WEALTH_CREATION,65.0,HIGH
53,208000.0,155400.0,49600.0,5913000,14000.0,3000,8,1,2,RARELY,MEDIUM,RETIREMENT,41.0,HIGH
39,61000.0,55200.0,0.0,104000,17000.0,10900,6,5,1,RARELY,LOW,SHORT_TERM_GOAL,79.0,LOW
28,150000.0,43800.0,94000.0,834000,139000.0,12200,3,2,1,QUARTERLY,LOW,EMERGENCY_FUND,61.0,MEDIUM
42,36000.0,27400.0,2600.0,797000,535000.0,6000,15,1,1,LUMP_SUM,HIGH,RETIREMENT,38.0,HIGH
38,94000.0,55000.0,29500.0,810000,360000.0,9500,4,1,3,QUARTERLY,LOW,SHORT_TERM_GOAL,61.0,MEDIUM
34,77000.0,59700.0,0.0,1198000,161000.0,22100,15,2,5,MONTHLY,MEDIUM,WEALTH_CREATION,84.0,HIGH
43,81000.0,74500.0,0.0,1106000,385000.0,20800,24,4,2,MONTHLY,MEDIUM,SHORT_TERM_GOAL,64.0,HIGH
58,63000.0,42800.0,14400.0,1076000,445000.0,5800,3,1,1,LUMP_SUM,LOW,EMERGENCY_FUND,72.0,HIGH
48,67000.0,29200.0,9800.0,814000,234000.0,28000,1,1,5,MONTHLY,LOW,TAX_SAVING,58.0,HIGH
33,70000.0,15900.0,38600.0,449000,261000.0,15500,11,4,3,RARELY,HIGH,RETIREMENT,47.0,MEDIUM
32,67000.0,36200.0,13300.0,662000,230000.0,17500,17,2,3,MONTHLY,MEDIUM,SHORT_TERM_GOAL,54.0,HIGH
64,62000.0,35300.0,6500.0,196000,29000.0,20200,9,1,4,RARELY,HIGH,RETIREMENT,44.0,LOW
41,103000.0,79800.0,0.0,507000,84000.0,28700,5,3,4,MONTHLY,MEDIUM,WEALTH_CREATION,93.0,HIGH
56,62000.0,55300.0,0.0,2013000,388000.0,19900,9,3,2,LUMP_SUM,LOW,WEALTH_CREATION,68.0,HIGH
28,174000.0,39800.0,105500.0,491000,77000.0,28700,8,2,1,MONTHLY,LOW,SHORT_TERM_GOAL,46.0,MEDIUM
46,34000.0,17100.0,14900.0,193000,76000.0,2000,2,1,4,MONTHLY,LOW,WEALTH_CREATION,96.0,HIGH
31,20000.0,6000.0,9900.0,101000,7000.0,4100,4,2,3,MONTHLY,LOW,WEALTH_CREATION,78.0,HIGH
59,67000.0,27600.0,26800.0,1961000,114000.0,12600,9,2,2,QUARTERLY,HIGH,EMERGENCY_FUND,64.0,HIGH
47,42000.0,18300.0,10300.0,189000,97000.0,13400,15,1,3,MONTHLY,HIGH,WEALTH_CREATION,56.0,HIGH
46,44000.0,31500.0,7400.0,327000,91000.0,5100,11,1,4,RARELY,MEDIUM,EMERGENCY_FUND,50.0,MEDIUM
56,181000.0,143500.0,0.0,2404000,1168000.0,46000,13,1,3,LUMP_SUM,HIGH,WEALTH_CREATION,54.0,HIGH
34,81000.0,42400.0,29200.0,940000,184000.0,9400,19,1,2,MONTHLY,MEDIUM,RETIREMENT,46.0,HIGH
47,310000.0,175800.0,117600.0,4960000,1607000.0,16600,19,1,2,MONTHLY,MEDIUM,WEALTH_CREATION,75.0,HIGH
31,116000.0,99800.0,14000.0,1970000,582000.0,2200,14,5,3,MONTHLY,MEDIUM,RETIREMENT,86.0,HIGH
65,79000.0,40000.0,22200.0,792000,341000.0,16800,2,4,4,QUARTERLY,MEDIUM,WEALTH_CREATION,86.0,HIGH
49,118000.0,75800.0,7400.0,2188000,573000.0,34800,2,1,2,MONTHLY,MEDIUM,SHORT_TERM_GOAL,51.0,HIGH
32,40000.0,29200.0,10600.0,127000,80000.0,200,5,2,5,LUMP_SUM,HIGH,WEALTH_CREATION,70.0,HIGH
24,97000.0,86400.0,0.0,2165000,369000.0,28800,11,1,2,MONTHLY,MEDIUM,SHORT_TERM_GOAL,55.0,HIGH
54,27000.0,14500.0,8200.0,286000,77000.0,4300,8,2,1,MONTHLY,MEDIUM,TAX_SAVING,63.0,HIGH
29,57000.0,29900.0,22200.0,191000,18000.0,4900,4,2,3,QUARTERLY,HIGH,EMERGENCY_FUND,58.0,LOW
54,65000.0,54400.0,2700.0,831000,109000.0,7900,4,1,3,QUARTERLY,MEDIUM,SHORT_TERM_GOAL,65.0,MEDIUM
57,44000.0,31400.0,11800.0,206000,30000.0,800,21,2,2,MONTHLY,HIGH,WEALTH_CREATION,39.0,HIGH
35,137000.0,62000.0,39600.0,2717000,890000.0,35400,15,3,1,QUARTERLY,MEDIUM,TAX_SAVING,41.0,HIGH
54,127000.0,83700.0,34400.0,4088000,2166000.0,8900,17,4,2,QUARTERLY,LOW,TAX_SAVING,78.0,HIGH
64,120000.0,43200.0,65800.0,550000,204000.0,11000,3,2,4,MONTHLY,MEDIUM,TAX_SAVING,74.0,HIGH
62,38000.0,22300.0,12800.0,300000,237000.0,2900,19,4,4,MONTHLY,MEDIUM,EMERGENCY_FUND,100.0,HIGH
63,86000.0,62800.0,22200.0,1075000,710000.0,1000,11,2,1,MONTHLY,MEDIUM,WEALTH_CREATION,51.0,HIGH
47,31000.0,12600.0,10900.0,180000,27000.0,7500,7,3,4,RARELY,MEDIUM,RETIREMENT,60.0,HIGH
62,28000.0,19600.0,8300.0,164000,18000.0,100,5,2,1,MONTHLY,LOW,RETIREMENT,64.0,HIGH
50,109000.0,67300.0,22400.0,518000,214000.0,19300,16,2,1,QUARTERLY,LOW,EMERGENCY_FUND,57.0,MEDIUM
24,51000.0,33400.0,7900.0,843000,82000.0,9700,9,3,3,QUARTERLY,MEDIUM,RETIREMENT,77.0,HIGH
59,133000.0,113900.0,0.0,2396000,879000.0,21700,6,2,2,LUMP_SUM,HIGH,RETIREMENT,49.0,HIGH
65,175000.0,141500.0,0.0,3410000,145000.0,40100,3,2,1,LUMP_SUM,LOW,WEALTH_CREATION,42.0,HIGH
25,42000.0,29500.0,5900.0,1312000,683000.0,6600,5,2,3,MONTHLY,HIGH,WEALTH_CREATION,56.0,HIGH
47,84000.0,70100.0,0.0,1925000,694000.0,27700,15,1,5,QUARTERLY,MEDIUM,EMERGENCY_FUND,69.0,HIGH
43,96000.0,49500.0,31300.0,3039000,1074000.0,15200,7,4,3,MONTHLY,MEDIUM,SHORT_TERM_GOAL,94.0,HIGH
48,126000.0,76400.0,0.0,2123000,188000.0,68600,13,3,2,MONTHLY,HIGH,WEALTH_CREATION,53.0,HIGH
64,87000.0,51300.0,31000.0,748000,251000.0,4700,4,5,3,QUARTERLY,HIGH,SHORT_TERM_GOAL,75.0,HIGH
44,25000.0,14400.0,9800.0,114000,62000.0,800,12,2,3,QUARTERLY,HIGH,WEALTH_CREATION,50.0,HIGH
63,160000.0,95700.0,32300.0,2737000,1038000.0,32000,17,1,3,LUMP_SUM,MEDIUM,RETIREMENT,68.0,HIGH
34,64000.0,38700.0,0.0,3261000,465000.0,26700,4,1,4,QUARTERLY,HIGH,RETIREMENT,47.0,HIGH
48,45000.0,35300.0,5800.0,114000,23000.0,3900,13,2,4,LUMP_SUM,LOW,RETIREMENT,78.0,HIGH
44,93000.0,36600.0,37200.0,315000,77000.0,19200,7,4,1,MONTHLY,HIGH,TAX_SAVING,60.0,MEDIUM
34,138000.0,118600.0,0.0,2843000,631000.0,33700,4,1,5,QUARTERLY,HIGH,EMERGENCY_FUND,56.0,MEDIUM
35,36000.0,14200.0,17300.0,279000,76000.0,4500,19,1,1,MONTHLY,HIGH,TAX_SAVING,41.0,MEDIUM
37,152000.0,115500.0,6000.0,1708000,323000.0,30500,4,1,5,LUMP_SUM,MEDIUM,RETIREMENT,77.0,HIGH
45,29000.0,20000.0,5200.0,80000,36000.0,3800,10,1,2,MONTHLY,MEDIUM,TAX_SAVING,45.0,LOW
64,175000.0,61100.0,91000.0,779000,163000.0,22900,9,2,2,LUMP_SUM,LOW,EMERGENCY_FUND,61.0,HIGH
33,98000.0,66400.0,18700.0,621000,133000.0,12900,14,5,3,QUARTERLY,HIGH,RETIREMENT,79.0,HIGH
28,74000.0,50100.0,4500.0,308000,26000.0,19400,6,1,1,MONTHLY,LOW,RETIREMENT,52.0,MEDIUM
22,35000.0,28100.0,0.0,367000,11000.0,8000,3,2,3,QUARTERLY,LOW,WEALTH_CREATION,74.0,HIGH
25,59000.0,40000.0,9800.0,1065000,536000.0,9200,11,2,4,RARELY,MEDIUM,WEALTH_CREATION,71.0,HIGH
60,30000.0,16600.0,10600.0,59000,20000.0,2800,5,1,2,MONTHLY,HIGH,EMERGENCY_FUND,37.0,LOW
25,74000.0,52300.0,17200.0,695000,293000.0,4500,2,5,3,MONTHLY,HIGH,WEALTH_CREATION,88.0,HIGH
42,37000.0,18300.0,15400.0,157000,34000.0,3300,6,3,3,MONTHLY,HIGH,RETIREMENT,68.0,HIGH
46,93000.0,56900.0,24900.0,820000,247000.0,11200,10,2,3,MONTHLY,LOW,TAX_SAVING,87.0,HIGH
23,62000.0,24800.0,28300.0,768000,356000.0,8900,7,2,4,RARELY,MEDIUM,EMERGENCY_FUND,41.0,HIGH
21,99000.0,58000.0,31700.0,1687000,51000.0,9300,5,1,2,QUARTERLY,MEDIUM,SHORT_TERM_GOAL,58.0,HIGH
61,74000.0,44900.0,13500.0,611000,67000.0,15600,3,3,1,LUMP_SUM,LOW,RETIREMENT,68.0,HIGH
62,68000.0,33800.0,31600.0,478000,75000.0,2600,13,2,1,MONTHLY,LOW,TAX_SAVING,64.0,HIGH
44,62000.0,42000.0,12400.0,1406000,529000.0,7600,21,4,3,RARELY,MEDIUM,TAX_SAVING,59.0,HIGH
29,254000.0,188600.0,24900.0,2555000,1222000.0,40500,21,2,1,MONTHLY,LOW,TAX_SAVING,58.0,HIGH
28,110000.0,54100.0,50100.0,1400000,154000.0,5800,14,1,3,QUARTERLY,HIGH,SHORT_TERM_GOAL,32.0,HIGH
23,91000.0,72800.0,0.0,152000,95000.0,22900,8,1,4,LUMP_SUM,MEDIUM,RETIREMENT,49.0,MEDIUM
25,82000.0,66400.0,0.0,1562000,354000.0,19000,1,2,5,RARELY,HIGH,WEALTH_CREATION,53.0,HIGH
34,71000.0,56900.0,0.0,1521000,423000.0,20900,4,3,2,RARELY,HIGH,RETIREMENT,59.0,HIGH
61,85000.0,58100.0,8300.0,1659000,367000.0,18600,13,1,2,LUMP_SUM,LOW,WEALTH_CREATION,56.0,HIGH
38,44000.0,27200.0,0.0,341000,15000.0,17200,15,3,1,MONTHLY,LOW,SHORT_TERM_GOAL,59.0,LOW
31,61000.0,43100.0,11800.0,540000,190000.0,6100,3,2,3,LUMP_SUM,LOW,SHORT_TERM_GOAL,57.0,MEDIUM
35,69000.0,37800.0,23000.0,755000,253000.0,8200,11,1,5,RARELY,LOW,RETIREMENT,82.0,HIGH
34,46000.0,30800.0,6100.0,350000,129000.0,9100,8,5,2,MONTHLY,LOW,EMERGENCY_FUND,82.0,MEDIUM
35,52000.0,38200.0,6800.0,1075000,117000.0,7000,3,2,3,QUARTERLY,MEDIUM,RETIREMENT,68.0,HIGH
32,51000.0,24400.0,16500.0,283000,10000.0,10100,1,2,2,RARELY,MEDIUM,RETIREMENT,47.0,LOW
53,35000.0,29000.0,0.0,312000,49000.0,8500,4,3,1,QUARTERLY,LOW,SHORT_TERM_GOAL,68.0,MEDIUM
54,34000.0,26500.0,1000.0,619000,136000.0,6500,11,3,2,RARELY,LOW,RETIREMENT,78.0,HIGH
31,95000.0,81400.0,2500.0,797000,122000.0,11100,4,2,3,MONTHLY,LOW,RETIREMENT,77.0,HIGH
65,91000.0,41600.0,14300.0,2194000,1303000.0,35100,9,4,1,MONTHLY,MEDIUM,WEALTH_CREATION,60.0,HIGH
62,48000.0,25800.0,5000.0,465000,212000.0,17200,10,5,3,MONTHLY,MEDIUM,TAX_SAVING,82.0,HIGH
33,60000.0,17200.0,9800.0,276000,1000.0,33000,1,1,3,QUARTERLY,MEDIUM,EMERGENCY_FUND,47.0,LOW
25,59000.0,37600.0,21100.0,572000,33000.0,300,8,2,2,MONTHLY,MEDIUM,EMERGENCY_FUND,49.0,HIGH
50,65000.0,51800.0,0.0,377000,46000.0,17700,6,1,4,MONTHLY,MEDIUM,RETIREMENT,56.0,MEDIUM
34,88000.0,75600.0,0.0,1162000,307000.0,19700,14,4,1,QUARTERLY,LOW,WEALTH_CREATION,71.0,HIGH
28,78000.0,53400.0,12600.0,622000,327000.0,12000,3,3,5,RARELY,HIGH,SHORT_TERM_GOAL,67.0,MEDIUM
44,23000.0,12400.0,10300.0,313000,180000.0,300,16,3,3,QUARTERLY,HIGH,RETIREMENT,68.0,HIGH
61,30000.0,19100.0,7600.0,127000,14000.0,3300,1,1,3,RARELY,LOW,WEALTH_CREATION,51.0,MEDIUM
34,20000.0,9700.0,4600.0,612000,299000.0,5700,20,2,4,RARELY,MEDIUM,WEALTH_CREATION,79.0,HIGH
24,50000.0,27500.0,11500.0,435000,244000.0,11000,4,2,3,MONTHLY,MEDIUM,RETIREMENT,63.0,HIGH
28,76000.0,33800.0,28200.0,351000,88000.0,14000,4,1,3,MONTHLY,MEDIUM,RETIREMENT,42.0,MEDIUM
58,29000.0,20400.0,2100.0,109000,11000.0,6500,13,3,3,LUMP_SUM,HIGH,WEALTH_CREATION,61.0,HIGH
49,40000.0,22700.0,8900.0,453000,178000.0,8400,15,1,3,RARELY,HIGH,WEALTH_CREATION,45.0,HIGH
59,74000.0,59100.0,0.0,2041000,117000.0,20400,15,3,5,MONTHLY,HIGH,EMERGENCY_FUND,100.0,HIGH
51,85000.0,46600.0,28600.0,904000,135000.0,9800,1,4,4,LUMP_SUM,MEDIUM,EMERGENCY_FUND,77.0,HIGH
33,21000.0,13300.0,1900.0,174000,6000.0,5800,21,1,2,QUARTERLY,MEDIUM,WEALTH_CREATION,57.0,HIGH
31,26000.0,17700.0,5300.0,324000,118000.0,3000,5,1,2,QUARTERLY,MEDIUM,TAX_SAVING,50.0,HIGH
31,102000.0,64800.0,30700.0,742000,309000.0,6500,16,3,1,MONTHLY,HIGH,SHORT_TERM_GOAL,38.0,MEDIUM
36,45000.0,26300.0,16900.0,1206000,685000.0,1800,3,2,1,LUMP_SUM,HIGH,RETIREMENT,45.0,HIGH
47,57000.0,41000.0,8500.0,549000,17000.0,7500,13,1,5,MONTHLY,LOW,WEALTH_CREATION,79.0,HIGH
59,96000.0,38700.0,14200.0,718000,262000.0,43100,9,4,4,LUMP_SUM,MEDIUM,SHORT_TERM_GOAL,85.0,HIGH
53,32000.0,24200.0,0.0,1158000,205000.0,14300,17,1,2,LUMP_SUM,MEDIUM,WEALTH_CREATION,46.0,HIGH
25,36000.0,30300.0,900.0,737000,69000.0,4800,14,3,2,RARELY,LOW,WEALTH_CREATION,66.0,HIGH
24,72000.0,60200.0,9400.0,1099000,31000.0,2400,3,1,3,RARELY,LOW,SHORT_TERM_GOAL,49.0,LOW
44,93000.0,68200.0,7400.0,1163000,573000.0,17400,14,1,1,LUMP_SUM,LOW,RETIREMENT,56.0,HIGH
56,32000.0,19300.0,4400.0,490000,254000.0,8300,3,3,1,QUARTERLY,MEDIUM,RETIREMENT,47.0,MEDIUM
64,68000.0,46600.0,19600.0,300000,176000.0,1800,9,3,3,QUARTERLY,HIGH,WEALTH_CREATION,51.0,MEDIUM
63,33000.0,15300.0,16100.0,50000,6000.0,1600,19,1,5,MONTHLY,LOW,WEALTH_CREATION,76.0,HIGH
38,27000.0,13000.0,12800.0,74000,33000.0,1200,12,3,4,QUARTERLY,MEDIUM,SHORT_TERM_GOAL,71.0,HIGH
61,101000.0,58400.0,18700.0,562000,83000.0,23900,2,3,5,LUMP_SUM,LOW,WEALTH_CREATION,91.0,HIGH
54,49000.0,35900.0,11300.0,1019000,738000.0,1800,9,3,1,QUARTERLY,LOW,SHORT_TERM_GOAL,75.0,HIGH
37,158000.0,143600.0,0.0,1367000,38000.0,14900,15,4,4,LUMP_SUM,MEDIUM,RETIREMENT,84.0,HIGH
38,51000.0,25000.0,11000.0,1877000,216000.0,15000,4,2,3,MONTHLY,HIGH,EMERGENCY_FUND,63.0,HIGH
58,99000.0,36300.0,16700.0,1022000,551000.0,46000,3,4,1,QUARTERLY,MEDIUM,WEALTH_CREATION,64.0,HIGH
22,63000.0,32600.0,15900.0,205000,94000.0,14500,2,5,2,MONTHLY,HIGH,RETIREMENT,78.0,HIGH
32,242000.0,187200.0,14300.0,1978000,964000.0,40500,12,3,4,MONTHLY,LOW,RETIREMENT,97.0,HIGH
35,143000.0,99100.0,36900.0,33000,1000.0,7000,7,2,2,MONTHLY,LOW,WEALTH_CREATION,65.0,HIGH
62,62000.0,41700.0,7700.0,1155000,121000.0,12600,16,2,3,MONTHLY,MEDIUM,SHORT_TERM_GOAL,63.0,HIGH
49,157000.0,115500.0,17100.0,2524000,1131000.0,24400,11,1,3,RARELY,LOW,TAX_SAVING,44.0,HIGH
62,25000.0,16000.0,5900.0,64000,21000.0,3100,21,2,4,LUMP_SUM,MEDIUM,WEALTH_CREATION,73.0,HIGH
39,142000.0,34600.0,94400.0,1147000,63000.0,13000,8,1,2,RARELY,LOW,WEALTH_CREATION,37.0,HIGH
54,65000.0,41700.0,0.0,742000,58000.0,35700,9,3,2,QUARTERLY,MEDIUM,WEALTH_CREATION,61.0,MEDIUM
46,73000.0,42700.0,8800.0,831000,92000.0,21500,7,4,2,RARELY,LOW,RETIREMENT,72.0,HIGH
56,125000.0,102500.0,0.0,1753000,259000.0,26600,3,3,2,RARELY,MEDIUM,EMERGENCY_FUND,62.0,LOW
58,37000.0,25400.0,6500.0,266000,76000.0,5100,12,3,5,QUARTERLY,MEDIUM,RETIREMENT,88.0,HIGH
55,79000.0,48200.0,16500.0,688000,48000.0,14300,6,1,5,LUMP_SUM,MEDIUM,RETIREMENT,74.0,HIGH
44,100000.0,37200.0,49800.0,247000,21000.0,13000,11,4,3,RARELY,MEDIUM,TAX_SAVING,74.0,HIGH
37,121000.0,68900.0,37700.0,1254000,195000.0,14400,4,2,5,MONTHLY,HIGH,WEALTH_CREATION,79.0,HIGH
55,73000.0,42000.0,20000.0,550000,25000.0,11000,5,4,3,QUARTERLY,HIGH,RETIREMENT,71.0,HIGH
45,53000.0,30100.0,14300.0,655000,49000.0,8600,12,1,2,MONTHLY,MEDIUM,RETIREMENT,44.0,HIGH
51,117000.0,57800.0,52300.0,227000,10000.0,6900,3,4,3,MONTHLY,MEDIUM,WEALTH_CREATION,73.0,HIGH
65,25000.0,16600.0,4500.0,110000,24000.0,3900,16,4,3,MONTHLY,MEDIUM,EMERGENCY_FUND,84.0,HIGH
45,33000.0,28200.0,0.0,148000,45000.0,5900,7,5,5,LUMP_SUM,MEDIUM,TAX_SAVING,90.0,HIGH
27,76000.0,29200.0,15600.0,1162000,739000.0,31200,9,3,1,MONTHLY,MEDIUM,EMERGENCY_FUND,48.0,HIGH
65,37000.0,22300.0,1600.0,721000,125000.0,13100,10,1,1,RARELY,MEDIUM,TAX_SAVING,46.0,MEDIUM
43,265000.0,53900.0,181400.0,158000,33000.0,29700,10,1,5,RARELY,HIGH,SHORT_TERM_GOAL,53.0,MEDIUM
65,71000.0,42500.0,24300.0,351000,45000.0,4200,4,2,1,MONTHLY,HIGH,WEALTH_CREATION,45.0,MEDIUM
62,62000.0,29100.0,2500.0,2003000,647000.0,30400,4,2,5,RARELY,HIGH,RETIREMENT,60.0,HIGH
55,385000.0,328100.0,46100.0,7146000,232000.0,10800,5,4,3,MONTHLY,LOW,SHORT_TERM_GOAL,99.0,HIGH
62,112000.0,22400.0,72800.0,441000,96000.0,16800,5,5,3,MONTHLY,LOW,WEALTH_CREATION,93.0,HIGH
37,54000.0,30700.0,16300.0,353000,42000.0,7000,5,3,2,MONTHLY,LOW,TAX_SAVING,88.0,HIGH
25,69000.0,47200.0,5200.0,725000,197000.0,16600,2,1,4,LUMP_SUM,MEDIUM,TAX_SAVING,48.0,LOW
50,82000.0,57100.0,6100.0,2640000,772000.0,18800,4,2,4,MONTHLY,HIGH,WEALTH_CREATION,67.0,HIGH
45,97000.0,39900.0,32200.0,1746000,506000.0,24900,13,2,1,MONTHLY,LOW,TAX_SAVING,57.0,HIGH
25,132000.0,76500.0,0.0,1402000,194000.0,61100,13,1,2,MONTHLY,HIGH,SHORT_TERM_GOAL,44.0,LOW
57,34000.0,23200.0,6000.0,138000,41000.0,4800,23,1,4,MONTHLY,HIGH,TAX_SAVING,73.0,HIGH
39,27000.0,18500.0,5000.0,163000,75000.0,3500,2,3,1,MONTHLY,MEDIUM,SHORT_TERM_GOAL,63.0,MEDIUM
25,33000.0,21700.0,0.0,313000,84000.0,12900,3,3,2,MONTHLY,MEDIUM,WEALTH_CREATION,73.0,MEDIUM
52,39000.0,23700.0,1200.0,813000,96000.0,14100,3,1,4,MONTHLY,HIGH,WEALTH_CREATION,55.0,HIGH
31,32000.0,25400.0,4300.0,246000,70000.0,2300,8,3,2,LUMP_SUM,HIGH,TAX_SAVING,57.0,HIGH
43,54000.0,30800.0,10400.0,1325000,982000.0,12800,12,2,5,RARELY,HIGH,SHORT_TERM_GOAL,61.0,HIGH
29,57000.0,35600.0,5400.0,720000,147000.0,16000,8,3,3,LUMP_SUM,MEDIUM,WEALTH_CREATION,87.0,HIGH
52,84000.0,56200.0,14800.0,2485000,453000.0,13000,13,1,1,LUMP_SUM,HIGH,EMERGENCY_FUND,37.0,HIGH
24,59000.0,35900.0,18100.0,21000,8000.0,5000,13,1,2,MONTHLY,LOW,WEALTH_CREATION,59.0,HIGH
27,39000.0,27700.0,1900.0,781000,313000.0,9400,3,1,2,LUMP_SUM,MEDIUM,RETIREMENT,45.0,MEDIUM
65,68000.0,30000.0,14000.0,1524000,448000.0,24000,6,4,1,MONTHLY,MEDIUM,WEALTH_CREATION,76.0,HIGH
36,57000.0,52400.0,0.0,918000,264000.0,18400,11,2,4,RARELY,LOW,EMERGENCY_FUND,64.0,HIGH
53,42000.0,31200.0,5600.0,598000,232000.0,5200,5,3,2,QUARTERLY,LOW,WEALTH_CREATION,66.0,HIGH
39,39000.0,28900.0,0.0,892000,292000.0,13000,4,4,3,QUARTERLY,LOW,TAX_SAVING,91.0,HIGH
33,141000.0,90200.0,0.0,2925000,1625000.0,54100,9,3,2,QUARTERLY,MEDIUM,WEALTH_CREATION,64.0,HIGH
51,43000.0,25200.0,10700.0,317000,68000.0,7100,5,3,1,QUARTERLY,HIGH,SHORT_TERM_GOAL,45.0,LOW
56,81000.0,58500.0,16200.0,426000,113000.0,6300,4,3,4,LUMP_SUM,LOW,EMERGENCY_FUND,75.0,HIGH
32,24000.0,7100.0,14300.0,173000,7000.0,2600,13,5,1,MONTHLY,MEDIUM,EMERGENCY_FUND,84.0,HIGH
61,54000.0,49600.0,0.0,903000,88000.0,11900,16,2,2,RARELY,MEDIUM,SHORT_TERM_GOAL,40.0,HIGH
25,88000.0,62900.0,4700.0,1121000,225000.0,20400,17,1,5,LUMP_SUM,MEDIUM,WEALTH_CREATION,68.0,HIGH
23,39000.0,24700.0,1600.0,204000,49000.0,12700,4,2,4,LUMP_SUM,HIGH,WEALTH_CREATION,64.0,MEDIUM
25,204000.0,143900.0,51600.0,1944000,164000.0,8500,3,1,2,LUMP_SUM,LOW,RETIREMENT,52.0,MEDIUM
41,31000.0,18400.0,4400.0,237000,38000.0,8200,5,1,1,MONTHLY,LOW,WEALTH_CREATION,49.0,MEDIUM
45,84000.0,47900.0,27400.0,2301000,23000.0,8700,20,2,1,LUMP_SUM,MEDIUM,RETIREMENT,31.0,HIGH
49,20000.0,13200.0,1600.0,123000,24000.0,5200,7,2,2,RARELY,HIGH,RETIREMENT,43.0,LOW
58,117000.0,73100.0,0.0,4575000,934000.0,61600,20,1,4,MONTHLY,HIGH,EMERGENCY_FUND,62.0,HIGH
40,92000.0,73400.0,0.0,827000,462000.0,20100,11,2,3,LUMP_SUM,MEDIUM,SHORT_TERM_GOAL,73.0,LOW
56,27000.0,22500.0,0.0,404000,56000.0,5500,8,2,5,MONTHLY,LOW,TAX_SAVING,100.0,HIGH
65,102000.0,78300.0,0.0,905000,60000.0,28700,3,3,2,MONTHLY,LOW,TAX_SAVING,78.0,MEDIUM
64,101000.0,78700.0,6200.0,2083000,1218000.0,16100,4,3,2,QUARTERLY,MEDIUM,WEALTH_CREATION,63.0,HIGH
62,150000.0,116600.0,0.0,4275000,214000.0,82500,6,3,3,QUARTERLY,LOW,SHORT_TERM_GOAL,98.0,HIGH
39,54000.0,27100.0,23300.0,207000,6000.0,3600,8,3,5,QUARTERLY,MEDIUM,RETIREMENT,83.0,HIGH
36,61000.0,35900.0,0.0,125000,11000.0,26100,17,1,3,LUMP_SUM,MEDIUM,WEALTH_CREATION,58.0,MEDIUM
55,38000.0,27400.0,1500.0,495000,60000.0,9100,5,1,2,MONTHLY,MEDIUM,SHORT_TERM_GOAL,54.0,LOW
29,65000.0,54000.0,0.0,141000,1000.0,11900,18,3,2,QUARTERLY,MEDIUM,TAX_SAVING,57.0,HIGH
55,103000.0,76400.0,600.0,802000,211000.0,26000,7,3,1,MONTHLY,MEDIUM,EMERGENCY_FUND,56.0,LOW
22,33000.0,22300.0,0.0,1048000,404000.0,15700,10,4,4,QUARTERLY,MEDIUM,RETIREMENT,82.0,HIGH
60,72000.0,50000.0,0.0,1394000,380000.0,32800,13,4,3,LUMP_SUM,HIGH,RETIREMENT,82.0,HIGH
24,67000.0,39200.0,21500.0,1154000,110000.0,6300,9,3,1,MONTHLY,MEDIUM,SHORT_TERM_GOAL,65.0,HIGH
31,64000.0,49800.0,2100.0,1247000,88000.0,12100,6,1,3,QUARTERLY,MEDIUM,EMERGENCY_FUND,38.0,HIGH
40,115000.0,58300.0,54500.0,987000,331000.0,2200,25,1,3,RARELY,LOW,EMERGENCY_FUND,63.0,MEDIUM
32,121000.0,76300.0,10200.0,2130000,568000.0,34500,8,5,1,MONTHLY,HIGH,TAX_SAVING,73.0,HIGH
38,74000.0,68000.0,0.0,1203000,127000.0,10800,8,1,4,QUARTERLY,HIGH,WEALTH_CREATION,55.0,HIGH
53,58000.0,35800.0,9900.0,166000,24000.0,12300,14,1,2,MONTHLY,MEDIUM,RETIREMENT,53.0,MEDIUM
53,49000.0,19500.0,22700.0,362000,167000.0,6800,14,2,2,RARELY,LOW,EMERGENCY_FUND,50.0,HIGH
64,67000.0,47100.0,8200.0,498000,166000.0,11700,2,1,5,LUMP_SUM,MEDIUM,WEALTH_CREATION,62.0,HIGH
21,116000.0,85700.0,0.0,3935000,341000.0,46400,6,2,4,MONTHLY,HIGH,WEALTH_CREATION,69.0,HIGH
53,42000.0,21600.0,7300.0,466000,75000.0,13100,11,3,4,MONTHLY,HIGH,EMERGENCY_FUND,69.0,MEDIUM
59,37000.0,24900.0,7800.0,173000,48000.0,4300,4,3,3,MONTHLY,LOW,EMERGENCY_FUND,73.0,MEDIUM
36,70000.0,48200.0,16700.0,1868000,20000.0,5100,13,3,4,QUARTERLY,MEDIUM,RETIREMENT,75.0,HIGH
37,37000.0,24100.0,5500.0,464000,56000.0,7400,3,3,2,RARELY,HIGH,WEALTH_CREATION,39.0,MEDIUM
25,34000.0,31200.0,0.0,259000,90000.0,8600,11,2,4,MONTHLY,HIGH,WEALTH_CREATION,64.0,HIGH
57,32000.0,23200.0,400.0,383000,124000.0,8400,2,2,2,MONTHLY,HIGH,SHORT_TERM_GOAL,50.0,LOW
22,92000.0,57500.0,13700.0,1150000,576000.0,20800,24,4,5,QUARTERLY,HIGH,WEALTH_CREATION,80.0,HIGH
21,63000.0,45000.0,0.0,531000,134000.0,18800,16,5,2,LUMP_SUM,HIGH,EMERGENCY_FUND,78.0,HIGH
23,37000.0,21000.0,6700.0,682000,218000.0,9300,2,3,1,MONTHLY,MEDIUM,WEALTH_CREATION,70.0,HIGH
25,44000.0,25800.0,8400.0,514000,252000.0,9800,4,3,4,RARELY,MEDIUM,WEALTH_CREATION,55.0,HIGH
22,47000.0,22100.0,14500.0,1007000,168000.0,10400,10,1,3,RARELY,MEDIUM,EMERGENCY_FUND,54.0,HIGH
63,56000.0,42700.0,9800.0,278000,47000.0,3500,16,1,2,MONTHLY,MEDIUM,EMERGENCY_FUND,65.0,MEDIUM
40,65000.0,13000.0,48800.0,132000,19000.0,3200,2,4,2,RARELY,MEDIUM,SHORT_TERM_GOAL,76.0,MEDIUM
27,84000.0,52400.0,15800.0,374000,93000.0,15800,10,3,3,MONTHLY,MEDIUM,WEALTH_CREATION,71.0,HIGH
65,70000.0,49200.0,0.0,3617000,2306000.0,21700,2,1,5,RARELY,LOW,EMERGENCY_FUND,62.0,HIGH
34,77000.0,49100.0,15200.0,655000,86000.0,12700,13,4,3,RARELY,MEDIUM,SHORT_TERM_GOAL,64.0,MEDIUM
55,48000.0,34800.0,7200.0,306000,6000.0,6000,13,3,4,MONTHLY,HIGH,TAX_SAVING,69.0,HIGH
61,87000.0,67000.0,5600.0,1651000,314000.0,14400,11,4,2,RARELY,LOW,TAX_SAVING,75.0,HIGH
58,68000.0,36900.0,13300.0,868000,588000.0,17800,3,2,4,MONTHLY,MEDIUM,TAX_SAVING,72.0,HIGH
65,49000.0,26900.0,7800.0,165000,55000.0,14300,12,1,4,MONTHLY,HIGH,RETIREMENT,49.0,HIGH
27,166000.0,100600.0,0.0,3135000,456000.0,69300,2,4,2,MONTHLY,LOW,WEALTH_CREATION,70.0,HIGH
57,69000.0,38200.0,23100.0,224000,22000.0,7700,13,4,1,LUMP_SUM,HIGH,WEALTH_CREATION,44.0,HIGH
57,53000.0,29300.0,9800.0,602000,102000.0,13900,23,1,3,MONTHLY,LOW,WEALTH_CREATION,54.0,HIGH
53,27000.0,15000.0,3200.0,543000,194000.0,8800,1,3,5,RARELY,LOW,TAX_SAVING,79.0,HIGH
30,49000.0,31100.0,5700.0,502000,120000.0,12200,17,2,2,QUARTERLY,MEDIUM,EMERGENCY_FUND,59.0,MEDIUM
48,35000.0,18400.0,12800.0,128000,48000.0,3800,11,1,1,MONTHLY,HIGH,SHORT_TERM_GOAL,26.0,MEDIUM
62,108000.0,76000.0,20200.0,732000,117000.0,11800,3,1,1,MONTHLY,MEDIUM,EMERGENCY_FUND,52.0,LOW
50,86000.0,63500.0,16000.0,691000,207000.0,6500,8,2,1,MONTHLY,MEDIUM,TAX_SAVING,52.0,HIGH
43,28000.0,13900.0,8100.0,139000,39000.0,6000,10,1,2,LUMP_SUM,HIGH,TAX_SAVING,42.0,MEDIUM
30,60000.0,40200.0,18500.0,337000,63000.0,1300,3,2,5,MONTHLY,HIGH,EMERGENCY_FUND,64.0,MEDIUM
40,56000.0,30300.0,12300.0,238000,63000.0,13400,3,4,4,MONTHLY,HIGH,RETIREMENT,83.0,HIGH
58,120000.0,70600.0,4300.0,248000,40000.0,45100,22,4,3,LUMP_SUM,MEDIUM,WEALTH_CREATION,77.0,MEDIUM
53,74000.0,42800.0,10800.0,593000,130000.0,20400,8,2,3,LUMP_SUM,HIGH,TAX_SAVING,61.0,MEDIUM
39,76000.0,59700.0,3000.0,592000,179000.0,13300,18,1,2,MONTHLY,MEDIUM,EMERGENCY_FUND,54.0,MEDIUM
61,43000.0,18600.0,23800.0,705000,142000.0,600,19,1,3,RARELY,MEDIUM,WEALTH_CREATION,41.0,HIGH
43,46000.0,37900.0,1800.0,901000,155000.0,6300,11,1,1,RARELY,MEDIUM,RETIREMENT,43.0,HIGH
30,41000.0,29100.0,9100.0,155000,41000.0,2800,7,2,1,MONTHLY,LOW,WEALTH_CREATION,62.0,HIGH
60,46000.0,25200.0,11500.0,580000,235000.0,9300,4,1,4,RARELY,HIGH,TAX_SAVING,59.0,MEDIUM
52,60000.0,53000.0,0.0,1476000,260000.0,8100,18,2,2,MONTHLY,LOW,SHORT_TERM_GOAL,73.0,HIGH
32,36000.0,18700.0,14700.0,136000,17000.0,2600,8,1,2,RARELY,LOW,EMERGENCY_FUND,59.0,MEDIUM
46,53000.0,27200.0,13400.0,727000,210000.0,12400,4,3,4,MONTHLY,LOW,WEALTH_CREATION,91.0,HIGH
46,71000.0,60900.0,0.0,862000,116000.0,14500,7,1,4,MONTHLY,MEDIUM,EMERGENCY_FUND,55.0,LOW
23,38000.0,26600.0,3900.0,390000,84000.0,7500,7,1,3,MONTHLY,HIGH,WEALTH_CREATION,54.0,HIGH
31,42000.0,26400.0,11300.0,318000,47000.0,4300,17,1,3,RARELY,MEDIUM,RETIREMENT,50.0,HIGH
64,52000.0,32400.0,5200.0,306000,158000.0,14400,2,1,4,QUARTERLY,HIGH,WEALTH_CREATION,52.0,MEDIUM
42,111000.0,91300.0,0.0,4930000,2608000.0,26800,4,2,3,QUARTERLY,LOW,TAX_SAVING,77.0,HIGH
33,63000.0,41900.0,2200.0,761000,19000.0,18900,5,1,1,RARELY,MEDIUM,RETIREMENT,31.0,LOW
63,99000.0,45200.0,24400.0,660000,88000.0,29400,15,1,1,MONTHLY,MEDIUM,EMERGENCY_FUND,38.0,LOW
57,54000.0,39700.0,11400.0,520000,126000.0,2900,10,2,3,LUMP_SUM,MEDIUM,SHORT_TERM_GOAL,49.0,HIGH
53,74000.0,43500.0,18800.0,741000,53000.0,11700,8,3,3,LUMP_SUM,MEDIUM,WEALTH_CREATION,80.0,HIGH
43,46000.0,29700.0,13200.0,425000,26000.0,3100,17,1,3,MONTHLY,HIGH,SHORT_TERM_GOAL,43.0,HIGH
41,163000.0,86000.0,31200.0,809000,61000.0,45800,5,2,1,MONTHLY,LOW,TAX_SAVING,55.0,LOW
25,149000.0,90400.0,0.0,1785000,422000.0,61100,6,5,3,QUARTERLY,HIGH,TAX_SAVING,71.0,HIGH
63,107000.0,56100.0,38400.0,988000,70000.0,12500,11,3,4,RARELY,LOW,RETIREMENT,69.0,HIGH
64,157000.0,96500.0,35500.0,1386000,311000.0,25000,8,1,2,LUMP_SUM,MEDIUM,SHORT_TERM_GOAL,54.0,MEDIUM
33,62000.0,47900.0,0.0,610000,124000.0,28400,3,4,3,RARELY,LOW,WEALTH_CREATION,70.0,MEDIUM
57,38000.0,15900.0,9500.0,673000,189000.0,12600,7,5,5,LUMP_SUM,MEDIUM,RETIREMENT,98.0,HIGH
44,185000.0,139600.0,24000.0,1724000,1401000.0,21400,7,1,2,MONTHLY,MEDIUM,WEALTH_CREATION,52.0,HIGH
64,58000.0,28700.0,28700.0,143000,49000.0,600,6,3,1,QUARTERLY,MEDIUM,WEALTH_CREATION,59.0,HIGH
48,44000.0,28200.0,5900.0,657000,207000.0,9900,1,3,1,RARELY,MEDIUM,WEALTH_CREATION,58.0,MEDIUM
42,59000.0,47800.0,0.0,552000,264000.0,11900,2,4,4,QUARTERLY,MEDIUM,RETIREMENT,97.0,HIGH
42,77000.0,39100.0,33300.0,653000,230000.0,4600,7,3,2,QUARTERLY,MEDIUM,RETIREMENT,69.0,HIGH
30,42000.0,30800.0,0.0,202000,18000.0,13400,11,2,2,RARELY,MEDIUM,SHORT_TERM_GOAL,49.0,LOW
57,68000.0,31400.0,29100.0,234000,95000.0,7500,16,2,5,MONTHLY,HIGH,EMERGENCY_FUND,72.0,HIGH
43,28000.0,18500.0,2700.0,434000,253000.0,6800,3,3,3,LUMP_SUM,HIGH,EMERGENCY_FUND,62.0,MEDIUM
50,24000.0,17600.0,1500.0,90000,23000.0,4900,21,1,4,MONTHLY,LOW,EMERGENCY_FUND,76.0,HIGH
47,31000.0,20600.0,5300.0,261000,71000.0,5100,2,2,5,RARELY,MEDIUM,TAX_SAVING,72.0,HIGH
44,53000.0,35500.0,0.0,1402000,364000.0,21700,4,1,5,LUMP_SUM,HIGH,TAX_SAVING,75.0,HIGH
47,46000.0,39700.0,0.0,371000,99000.0,10000,17,1,5,RARELY,MEDIUM,EMERGENCY_FUND,66.0,MEDIUM
39,119000.0,64900.0,51400.0,336000,27000.0,2700,2,2,1,MONTHLY,LOW,WEALTH_CREATION,63.0,HIGH
45,59000.0,22500.0,20600.0,133000,25000.0,15900,9,2,1,LUMP_SUM,HIGH,TAX_SAVING,39.0,LOW
41,45000.0,35600.0,6000.0,907000,89000.0,3400,6,1,1,MONTHLY,MEDIUM,WEALTH_CREATION,43.0,HIGH
25,63000.0,46900.0,2600.0,345000,149000.0,13500,14,4,1,MONTHLY,HIGH,WEALTH_CREATION,65.0,HIGH
49,36000.0,29100.0,0.0,879000,111000.0,15100,13,1,1,RARELY,HIGH,TAX_SAVING,43.0,MEDIUM
64,54000.0,35100.0,10600.0,1541000,339000.0,8300,7,2,1,MONTHLY,MEDIUM,SHORT_TERM_GOAL,42.0,HIGH
36,71000.0,22200.0,14300.0,313000,9000.0,34500,3,2,4,MONTHLY,MEDIUM,SHORT_TERM_GOAL,78.0,LOW
24,86000.0,34800.0,43100.0,1596000,172000.0,8100,2,1,2,QUARTERLY,HIGH,TAX_SAVING,32.0,MEDIUM
46,131000.0,42200.0,83400.0,461000,31000.0,5400,14,4,5,MONTHLY,HIGH,SHORT_TERM_GOAL,91.0,HIGH
48,57000.0,41800.0,1600.0,2299000,71000.0,13600,19,4,1,MONTHLY,MEDIUM,WEALTH_CREATION,65.0,HIGH
42,56000.0,51500.0,0.0,939000,154000.0,9600,3,3,4,MONTHLY,MEDIUM,EMERGENCY_FUND,86.0,HIGH
50,21000.0,11600.0,3000.0,527000,103000.0,6400,4,4,5,RARELY,LOW,RETIREMENT,90.0,HIGH
27,110000.0,101200.0,0.0,2774000,1011000.0,21400,10,3,3,MONTHLY,MEDIUM,SHORT_TERM_GOAL,67.0,HIGH
39,79000.0,35000.0,14100.0,1245000,87000.0,29900,2,1,3,MONTHLY,LOW,TAX_SAVING,59.0,HIGH
25,40000.0,17700.0,11600.0,480000,135000.0,10700,2,3,5,RARELY,LOW,EMERGENCY_FUND,79.0,HIGH
54,136000.0,83100.0,44900.0,873000,303000.0,8000,7,2,2,MONTHLY,MEDIUM,WEALTH_CREATION,55.0,HIGH
24,75000.0,46200.0,14600.0,2433000,401000.0,14200,12,1,3,QUARTERLY,LOW,EMERGENCY_FUND,66.0,HIGH
55,30000.0,12800.0,10400.0,247000,18000.0,6800,15,2,3,RARELY,MEDIUM,RETIREMENT,70.0,HIGH
32,65000.0,41900.0,22000.0,244000,38000.0,1100,17,2,5,LUMP_SUM,LOW,RETIREMENT,74.0,HIGH
38,72000.0,42500.0,16500.0,1288000,147000.0,13000,20,1,1,MONTHLY,MEDIUM,TAX_SAVING,31.0,HIGH
27,33000.0,23200.0,0.0,1071000,97000.0,14100,3,3,4,RARELY,LOW,WEALTH_CREATION,77.0,HIGH
36,63000.0,39800.0,0.0,367000,5000.0,23800,3,1,1,MONTHLY,LOW,EMERGENCY_FUND,48.0,LOW
35,40000.0,12000.0,21400.0,63000,27000.0,6600,2,1,2,MONTHLY,LOW,RETIREMENT,62.0,HIGH
26,79000.0,66500.0,0.0,1108000,192000.0,22400,1,1,1,MONTHLY,LOW,EMERGENCY_FUND,71.0,LOW
61,97000.0,46300.0,41500.0,1339000,439000.0,9200,4,2,3,LUMP_SUM,HIGH,EMERGENCY_FUND,49.0,HIGH
57,114000.0,65200.0,20000.0,1345000,428000.0,28800,2,4,2,QUARTERLY,MEDIUM,SHORT_TERM_GOAL,93.0,HIGH
39,50000.0,24400.0,8300.0,397000,67000.0,17300,11,2,2,RARELY,HIGH,TAX_SAVING,47.0,LOW
26,62000.0,42500.0,3400.0,956000,376000.0,16100,3,1,4,LUMP_SUM,HIGH,SHORT_TERM_GOAL,59.0,MEDIUM
27,37000.0,18600.0,16300.0,59000,4000.0,2100,20,1,2,MONTHLY,MEDIUM,SHORT_TERM_GOAL,41.0,MEDIUM
52,111000.0,78800.0,6800.0,1332000,141000.0,25400,13,2,2,QUARTERLY,HIGH,TAX_SAVING,48.0,HIGH
54,47000.0,27200.0,0.0,1047000,105000.0,22300,23,1,4,MONTHLY,MEDIUM,TAX_SAVING,63.0,HIGH
49,196000.0,128500.0,4900.0,955000,52000.0,62600,21,1,3,MONTHLY,MEDIUM,WEALTH_CREATION,64.0,MEDIUM
26,105000.0,68200.0,17400.0,518000,113000.0,19400,5,3,1,MONTHLY,MEDIUM,TAX_SAVING,65.0,MEDIUM
55,49000.0,31700.0,6500.0,2360000,502000.0,10800,11,1,1,MONTHLY,HIGH,RETIREMENT,28.0,HIGH
34,55000.0,34400.0,6400.0,1029000,272000.0,14200,15,2,1,MONTHLY,HIGH,SHORT_TERM_GOAL,55.0,HIGH
25,69000.0,50200.0,15000.0,1482000,155000.0,3800,6,2,2,LUMP_SUM,LOW,RETIREMENT,79.0,HIGH
31,22000.0,12100.0,0.0,751000,23000.0,10000,1,2,2,RARELY,HIGH,SHORT_TERM_GOAL,53.0,HIGH
49,59000.0,22900.0,30900.0,276000,7000.0,5200,13,1,1,QUARTERLY,MEDIUM,SHORT_TERM_GOAL,54.0,MEDIUM
49,69000.0,50000.0,14200.0,1171000,518000.0,4800,1,2,1,MONTHLY,MEDIUM,SHORT_TERM_GOAL,46.0,HIGH
26,131000.0,78700.0,51300.0,3024000,1782000.0,1000,4,2,4,RARELY,HIGH,TAX_SAVING,61.0,HIGH
41,39000.0,22100.0,11200.0,698000,206000.0,5700,23,3,4,MONTHLY,MEDIUM,EMERGENCY_FUND,77.0,HIGH
58,68000.0,33500.0,19100.0,394000,27000.0,15400,7,3,5,QUARTERLY,MEDIUM,WEALTH_CREATION,67.0,HIGH
35,214000.0,119400.0,0.0,4186000,1092000.0,117700,17,3,4,QUARTERLY,HIGH,SHORT_TERM_GOAL,68.0,HIGH
25,126000.0,56000.0,31700.0,1104000,454000.0,38300,14,1,5,MONTHLY,MEDIUM,SHORT_TERM_GOAL,74.0,HIGH
34,59000.0,49900.0,0.0,576000,216000.0,15000,8,2,3,MONTHLY,MEDIUM,EMERGENCY_FUND,68.0,MEDIUM
61,34000.0,18300.0,9700.0,300000,88000.0,6000,8,1,3,LUMP_SUM,MEDIUM,EMERGENCY_FUND,52.0,MEDIUM
27,27000.0,16900.0,8500.0,142000,23000.0,1600,14,4,5,LUMP_SUM,MEDIUM,EMERGENCY_FUND,92.0,HIGH
45,132000.0,57900.0,63500.0,279000,222000.0,10600,2,1,1,MONTHLY,HIGH,SHORT_TERM_GOAL,36.0,MEDIUM
53,76000.0,32800.0,34900.0,427000,232000.0,8300,3,1,4,RARELY,LOW,RETIREMENT,67.0,HIGH
41,101000.0,48200.0,39700.0,355000,197000.0,13100,4,3,3,MONTHLY,MEDIUM,SHORT_TERM_GOAL,74.0,HIGH
30,40000.0,11200.0,24100.0,422000,104000.0,4700,8,1,5,QUARTERLY,LOW,EMERGENCY_FUND,75.0,HIGH
23,36000.0,22600.0,1700.0,671000,217000.0,11700,11,1,4,MONTHLY,MEDIUM,EMERGENCY_FUND,57.0,MEDIUM
41,156000.0,68500.0,30600.0,4319000,557000.0,56900,10,3,1,RARELY,MEDIUM,WEALTH_CREATION,65.0,HIGH
50,102000.0,51500.0,28200.0,1397000,537000.0,22300,1,1,3,RARELY,LOW,RETIREMENT,69.0,HIGH
57,41000.0,11500.0,11400.0,380000,75000.0,18100,14,3,2,RARELY,LOW,WEALTH_CREATION,66.0,HIGH
65,62000.0,39400.0,11100.0,601000,45000.0,11500,2,2,4,RARELY,MEDIUM,TAX_SAVING,60.0,MEDIUM
59,57000.0,37700.0,18400.0,103000,61000.0,900,4,1,1,MONTHLY,LOW,EMERGENCY_FUND,49.0,LOW
57,46000.0,24400.0,20700.0,854000,223000.0,900,13,2,2,QUARTERLY,HIGH,SHORT_TERM_GOAL,53.0,HIGH
27,22000.0,13800.0,2100.0,235000,27000.0,6100,6,1,4,LUMP_SUM,HIGH,EMERGENCY_FUND,69.0,LOW
43,72000.0,43700.0,8400.0,2258000,363000.0,19900,19,1,2,MONTHLY,HIGH,SHORT_TERM_GOAL,56.0,HIGH
28,41000.0,26500.0,9900.0,507000,120000.0,4600,9,2,1,LUMP_SUM,MEDIUM,EMERGENCY_FUND,51.0,HIGH
36,76000.0,40600.0,29200.0,539000,105000.0,6200,3,2,2,QUARTERLY,HIGH,EMERGENCY_FUND,56.0,HIGH
28,35000.0,32200.0,0.0,232000,82000.0,7900,9,1,3,RARELY,MEDIUM,RETIREMENT,56.0,MEDIUM
64,105000.0,84900.0,17200.0,2613000,510000.0,2900,11,1,1,MONTHLY,LOW,TAX_SAVING,44.0,HIGH
47,103000.0,38200.0,22200.0,1195000,136000.0,42600,13,2,4,MONTHLY,MEDIUM,TAX_SAVING,55.0,MEDIUM
55,20000.0,10100.0,5400.0,173000,103000.0,4500,16,1,1,LUMP_SUM,MEDIUM,WEALTH_CREATION,45.0,HIGH
36,24000.0,22000.0,0.0,321000,49000.0,6900,7,3,2,MONTHLY,MEDIUM,WEALTH_CREATION,74.0,HIGH
21,63000.0,31200.0,12800.0,2525000,703000.0,19000,2,1,4,RARELY,LOW,EMERGENCY_FUND,74.0,HIGH
33,29000.0,13300.0,12700.0,54000,7000.0,3000,23,2,1,MONTHLY,MEDIUM,RETIREMENT,45.0,HIGH
30,20000.0,8500.0,9100.0,316000,35000.0,2400,11,1,4,MONTHLY,MEDIUM,RETIREMENT,72.0,HIGH
58,103000.0,62800.0,39100.0,70000,4000.0,1100,10,3,3,LUMP_SUM,MEDIUM,TAX_SAVING,59.0,HIGH
35,97000.0,78500.0,0.0,1565000,453000.0,42300,16,3,1,MONTHLY,MEDIUM,WEALTH_CREATION,58.0,HIGH
35,46000.0,34900.0,0.0,1305000,594000.0,11900,15,4,3,MONTHLY,MEDIUM,EMERGENCY_FUND,86.0,HIGH
48,244000.0,120900.0,85800.0,2124000,806000.0,37300,7,2,4,MONTHLY,MEDIUM,RETIREMENT,85.0,HIGH
33,50000.0,27400.0,13700.0,527000,114000.0,8900,5,3,2,MONTHLY,HIGH,RETIREMENT,74.0,HIGH
52,78000.0,56100.0,10900.0,2364000,560000.0,11000,6,2,3,MONTHLY,MEDIUM,TAX_SAVING,73.0,HIGH
55,65000.0,47700.0,800.0,689000,192000.0,16500,4,4,1,MONTHLY,HIGH,EMERGENCY_FUND,71.0,MEDIUM
60,136000.0,67400.0,44600.0,1404000,282000.0,24000,16,2,2,RARELY,LOW,EMERGENCY_FUND,63.0,HIGH
33,150000.0,91400.0,8900.0,3200000,135000.0,49700,3,3,1,RARELY,LOW,EMERGENCY_FUND,73.0,HIGH
24,29000.0,13600.0,14200.0,241000,34000.0,1200,10,4,3,QUARTERLY,LOW,WEALTH_CREATION,91.0,HIGH
59,115000.0,59400.0,15900.0,1660000,577000.0,39700,14,3,5,MONTHLY,HIGH,RETIREMENT,75.0,HIGH
54,122000.0,34700.0,21600.0,1365000,888000.0,65700,16,1,2,MONTHLY,LOW,SHORT_TERM_GOAL,36.0,HIGH
65,88000.0,39900.0,1200.0,643000,281000.0,46900,7,2,1,RARELY,HIGH,WEALTH_CREATION,32.0,LOW
25,189000.0,106700.0,28700.0,1818000,62000.0,53600,1,1,4,RARELY,MEDIUM,SHORT_TERM_GOAL,48.0,LOW
37,44000.0,28700.0,700.0,897000,252000.0,14600,18,4,2,RARELY,HIGH,EMERGENCY_FUND,40.0,HIGH
63,196000.0,116700.0,67300.0,1147000,151000.0,12000,5,1,5,LUMP_SUM,MEDIUM,WEALTH_CREATION,73.0,HIGH
63,103000.0,83500.0,0.0,476000,97000.0,23600,9,3,4,MONTHLY,HIGH,SHORT_TERM_GOAL,77.0,MEDIUM
65,102000.0,43600.0,41600.0,1172000,889000.0,16800,22,3,1,MONTHLY,MEDIUM,SHORT_TERM_GOAL,40.0,HIGH
40,50000.0,18000.0,18400.0,483000,23000.0,13600,11,4,2,LUMP_SUM,HIGH,WEALTH_CREATION,57.0,HIGH
38,74000.0,49400.0,7700.0,1023000,438000.0,16900,14,2,4,MONTHLY,MEDIUM,TAX_SAVING,80.0,HIGH
21,73000.0,52000.0,18900.0,589000,41000.0,2100,6,3,3,RARELY,MEDIUM,SHORT_TERM_GOAL,59.0,MEDIUM
27,41000.0,21700.0,14500.0,15000,1000.0,4800,1,1,2,QUARTERLY,HIGH,RETIREMENT,34.0,LOW
61,60000.0,29500.0,17100.0,942000,550000.0,13400,3,2,2,QUARTERLY,MEDIUM,EMERGENCY_FUND,42.0,HIGH
30,56000.0,23900.0,6500.0,543000,191000.0,25600,4,2,3,LUMP_SUM,MEDIUM,WEALTH_CREATION,66.0,MEDIUM
54,50000.0,29900.0,16900.0,111000,12000.0,3200,3,1,1,MONTHLY,MEDIUM,SHORT_TERM_GOAL,49.0,LOW
47,34000.0,31200.0,0.0,1155000,357000.0,5700,22,1,1,LUMP_SUM,LOW,WEALTH_CREATION,61.0,HIGH
33,58000.0,32300.0,6400.0,650000,236000.0,19300,6,2,2,MONTHLY,LOW,TAX_SAVING,62.0,HIGH
46,90000.0,71500.0,0.0,2055000,1417000.0,24300,15,4,2,RARELY,HIGH,TAX_SAVING,60.0,HIGH
62,37000.0,7400.0,28600.0,216000,28000.0,1000,12,2,4,QUARTERLY,MEDIUM,RETIREMENT,74.0,HIGH
48,83000.0,76300.0,0.0,3970000,1499000.0,27600,9,1,2,MONTHLY,LOW,TAX_SAVING,58.0,HIGH
28,153000.0,65100.0,85100.0,279000,71000.0,2800,17,4,2,MONTHLY,MEDIUM,WEALTH_CREATION,78.0,HIGH
55,128000.0,80700.0,0.0,1834000,311000.0,52900,7,1,5,QUARTERLY,MEDIUM,TAX_SAVING,65.0,HIGH
25,29000.0,11700.0,16000.0,193000,139000.0,1300,22,3,3,QUARTERLY,HIGH,WEALTH_CREATION,64.0,HIGH
49,91000.0,67600.0,0.0,636000,144000.0,24100,17,2,1,MONTHLY,LOW,TAX_SAVING,55.0,HIGH
55,72000.0,50500.0,3900.0,564000,64000.0,17600,11,5,3,MONTHLY,MEDIUM,WEALTH_CREATION,83.0,HIGH
45,177000.0,123900.0,50600.0,6034000,924000.0,2500,7,1,5,MONTHLY,HIGH,TAX_SAVING,58.0,HIGH
62,53000.0,18500.0,27500.0,373000,45000.0,7000,4,1,3,QUARTERLY,HIGH,WEALTH_CREATION,56.0,HIGH
57,43000.0,16000.0,20400.0,192000,12000.0,6600,2,3,4,MONTHLY,MEDIUM,WEALTH_CREATION,90.0,HIGH
35,68000.0,31900.0,25600.0,421000,48000.0,10500,3,2,2,RARELY,HIGH,RETIREMENT,42.0,LOW
63,49000.0,20600.0,7200.0,485000,134000.0,21200,21,2,5,LUMP_SUM,MEDIUM,SHORT_TERM_GOAL,60.0,HIGH
54,21000.0,10100.0,4300.0,150000,16000.0,6600,6,1,2,MONTHLY,MEDIUM,WEALTH_CREATION,55.0,MEDIUM
36,135000.0,63200.0,15400.0,1323000,185000.0,56400,2,4,3,RARELY,LOW,RETIREMENT,86.0,HIGH
40,74000.0,43400.0,8500.0,1045000,680000.0,22100,3,1,2,QUARTERLY,LOW,SHORT_TERM_GOAL,54.0,HIGH
27,34000.0,16500.0,12900.0,586000,305000.0,4600,1,3,4,QUARTERLY,HIGH,WEALTH_CREATION,73.0,HIGH
54,50000.0,27600.0,16200.0,515000,274000.0,6200,10,1,3,MONTHLY,MEDIUM,RETIREMENT,48.0,HIGH
24,53000.0,33100.0,15700.0,326000,156000.0,4200,19,2,2,MONTHLY,MEDIUM,WEALTH_CREATION,68.0,HIGH
63,43000.0,31900.0,400.0,420000,70000.0,10700,2,2,3,MONTHLY,HIGH,WEALTH_CREATION,56.0,MEDIUM
25,50000.0,34200.0,9800.0,468000,195000.0,6000,6,1,4,LUMP_SUM,MEDIUM,EMERGENCY_FUND,70.0,LOW
45,188000.0,100800.0,48800.0,1206000,210000.0,38400,2,2,1,MONTHLY,HIGH,EMERGENCY_FUND,38.0,LOW
22,176000.0,93000.0,80300.0,511000,264000.0,2700,11,2,4,MONTHLY,HIGH,WEALTH_CREATION,71.0,HIGH
48,77000.0,61600.0,0.0,699000,142000.0,18400,11,2,3,MONTHLY,HIGH,EMERGENCY_FUND,74.0,LOW
57,63000.0,35700.0,23200.0,383000,104000.0,4100,10,2,3,RARELY,HIGH,WEALTH_CREATION,57.0,HIGH
45,25000.0,13000.0,6800.0,235000,30000.0,5200,7,1,1,LUMP_SUM,MEDIUM,WEALTH_CREATION,43.0,HIGH
44,154000.0,72600.0,36300.0,2076000,482000.0,45100,3,1,3,MONTHLY,MEDIUM,WEALTH_CREATION,52.0,MEDIUM
53,101000.0,60000.0,27100.0,929000,360000.0,13900,4,3,3,QUARTERLY,MEDIUM,WEALTH_CREATION,75.0,HIGH
32,37000.0,11900.0,21100.0,221000,53000.0,4000,22,2,1,MONTHLY,HIGH,WEALTH_CREATION,44.0,HIGH
42,50000.0,27300.0,6800.0,83000,22000.0,15900,13,2,5,MONTHLY,MEDIUM,SHORT_TERM_GOAL,84.0,MEDIUM
25,137000.0,87200.0,1500.0,1085000,669000.0,48300,3,2,2,MONTHLY,MEDIUM,EMERGENCY_FUND,66.0,LOW
49,65000.0,48400.0,12900.0,577000,92000.0,3700,3,3,1,MONTHLY,MEDIUM,TAX_SAVING,67.0,HIGH
45,132000.0,83900.0,37400.0,443000,83000.0,10700,3,2,4,RARELY,MEDIUM,WEALTH_CREATION,66.0,HIGH
21,107000.0,64500.0,16400.0,1592000,447000.0,26100,11,5,5,RARELY,LOW,SHORT_TERM_GOAL,91.0,HIGH
64,62000.0,50200.0,5700.0,856000,322000.0,6100,7,1,2,RARELY,LOW,RETIREMENT,69.0,HIGH
47,158000.0,66300.0,25000.0,3674000,564000.0,66700,12,2,4,MONTHLY,HIGH,WEALTH_CREATION,51.0,HIGH
46,133000.0,78800.0,51400.0,1154000,40000.0,2800,5,2,3,MONTHLY,MEDIUM,RETIREMENT,73.0,HIGH
33,27000.0,24800.0,1200.0,343000,90000.0,1000,2,1,2,LUMP_SUM,HIGH,EMERGENCY_FUND,38.0,LOW
28,28000.0,16600.0,11300.0,67000,7000.0,100,12,4,4,MONTHLY,HIGH,WEALTH_CREATION,86.0,HIGH
41,118000.0,84000.0,0.0,2511000,61000.0,47000,2,1,3,MONTHLY,MEDIUM,SHORT_TERM_GOAL,54.0,LOW
46,68000.0,33700.0,7900.0,1074000,382000.0,26400,6,1,2,MONTHLY,HIGH,WEALTH_CREATION,37.0,MEDIUM
21,126000.0,77000.0,16800.0,438000,164000.0,32200,16,4,2,QUARTERLY,LOW,RETIREMENT,76.0,HIGH
50,70000.0,34900.0,13600.0,1639000,129000.0,21500,6,2,3,QUARTERLY,HIGH,EMERGENCY_FUND,64.0,HIGH
47,79000.0,42000.0,8700.0,1395000,585000.0,28300,4,2,2,MONTHLY,HIGH,EMERGENCY_FUND,49.0,MEDIUM
46,20000.0,11600.0,0.0,426000,55000.0,8700,10,1,2,RARELY,MEDIUM,RETIREMENT,34.0,MEDIUM
62,48000.0,34900.0,0.0,1328000,838000.0,20700,22,2,1,RARELY,HIGH,WEALTH_CREATION,30.0,HIGH
61,51000.0,32800.0,11400.0,1393000,372000.0,6800,18,2,5,LUMP_SUM,HIGH,WEALTH_CREATION,69.0,HIGH
51,79000.0,50200.0,9100.0,837000,499000.0,19700,10,2,4,LUMP_SUM,HIGH,EMERGENCY_FUND,62.0,MEDIUM
62,63000.0,32700.0,19700.0,430000,105000.0,10600,3,1,5,RARELY,LOW,WEALTH_CREATION,74.0,MEDIUM
31,150000.0,117100.0,8100.0,188000,44000.0,24800,17,1,2,RARELY,MEDIUM,WEALTH_CREATION,34.0,LOW
23,61000.0,52100.0,0.0,2602000,436000.0,17500,11,4,4,QUARTERLY,HIGH,TAX_SAVING,84.0,HIGH
27,81000.0,32600.0,20600.0,501000,44000.0,27800,1,3,5,QUARTERLY,HIGH,TAX_SAVING,79.0,MEDIUM
36,74000.0,35600.0,19200.0,1139000,146000.0,19200,16,2,1,MONTHLY,MEDIUM,RETIREMENT,48.0,HIGH
22,103000.0,74900.0,25000.0,3005000,2017000.0,3100,7,1,4,QUARTERLY,LOW,WEALTH_CREATION,78.0,HIGH
62,48000.0,28900.0,3400.0,907000,313000.0,15700,4,4,3,RARELY,MEDIUM,TAX_SAVING,76.0,HIGH
30,86000.0,30000.0,42600.0,392000,100000.0,13400,4,1,1,QUARTERLY,HIGH,EMERGENCY_FUND,21.0,LOW
25,28000.0,19800.0,2900.0,276000,77000.0,5300,6,3,2,MONTHLY,HIGH,WEALTH_CREATION,58.0,MEDIUM
31,104000.0,68500.0,31500.0,776000,260000.0,4000,2,1,5,MONTHLY,MEDIUM,WEALTH_CREATION,74.0,HIGH
42,90000.0,48900.0,14200.0,383000,32000.0,26900,15,2,1,MONTHLY,MEDIUM,WEALTH_CREATION,57.0,MEDIUM
56,44000.0,25400.0,3100.0,1133000,48000.0,15500,8,5,5,QUARTERLY,LOW,RETIREMENT,100.0,HIGH
26,209000.0,151500.0,0.0,2314000,401000.0,103400,14,2,2,QUARTERLY,HIGH,WEALTH_CREATION,61.0,MEDIUM
49,50000.0,31400.0,4400.0,218000,58000.0,14200,1,1,4,MONTHLY,MEDIUM,RETIREMENT,65.0,LOW
40,121000.0,104300.0,0.0,652000,92000.0,30600,4,1,2,RARELY,MEDIUM,EMERGENCY_FUND,33.0,LOW
57,59000.0,51200.0,0.0,4131000,898000.0,19400,1,3,2,RARELY,HIGH,WEALTH_CREATION,46.0,HIGH
55,242000.0,83900.0,117000.0,394000,175000.0,41100,3,2,2,MONTHLY,HIGH,TAX_SAVING,45.0,MEDIUM
46,54000.0,38800.0,11400.0,688000,199000.0,3800,6,2,3,RARELY,HIGH,SHORT_TERM_GOAL,54.0,HIGH
42,35000.0,22800.0,4900.0,615000,189000.0,7300,11,3,3,LUMP_SUM,LOW,WEALTH_CREATION,79.0,HIGH
30,29000.0,21700.0,0.0,1312000,13000.0,9000,9,1,3,MONTHLY,LOW,RETIREMENT,70.0,HIGH
56,33000.0,25800.0,2600.0,181000,39000.0,4600,1,1,1,LUMP_SUM,MEDIUM,TAX_SAVING,33.0,LOW
46,73000.0,45700.0,500.0,2139000,492000.0,26800,10,5,1,LUMP_SUM,MEDIUM,RETIREMENT,91.0,HIGH
50,136000.0,93100.0,17400.0,552000,228000.0,25500,13,3,2,LUMP_SUM,MEDIUM,EMERGENCY_FUND,72.0,MEDIUM
51,226000.0,82100.0,105000.0,1162000,42000.0,38900,13,2,3,RARELY,MEDIUM,SHORT_TERM_GOAL,53.0,LOW
27,36000.0,25700.0,2000.0,329000,19000.0,8300,9,1,3,RARELY,LOW,TAX_SAVING,53.0,HIGH
40,31000.0,14100.0,13500.0,196000,93000.0,3400,11,1,2,LUMP_SUM,MEDIUM,TAX_SAVING,43.0,HIGH
32,117000.0,90400.0,12100.0,353000,92000.0,14500,19,3,4,RARELY,HIGH,EMERGENCY_FUND,61.0,MEDIUM
47,71000.0,36700.0,200.0,1441000,291000.0,34100,22,2,1,RARELY,HIGH,WEALTH_CREATION,43.0,HIGH
45,78000.0,65100.0,0.0,1430000,584000.0,19900,4,2,2,LUMP_SUM,HIGH,TAX_SAVING,40.0,HIGH
34,20000.0,16700.0,0.0,301000,100000.0,3700,17,1,4,MONTHLY,HIGH,WEALTH_CREATION,57.0,HIGH
56,59000.0,31400.0,8500.0,585000,103000.0,19100,7,1,2,LUMP_SUM,HIGH,TAX_SAVING,34.0,LOW
46,55000.0,31000.0,8500.0,799000,142000.0,15500,9,2,3,MONTHLY,HIGH,EMERGENCY_FUND,48.0,MEDIUM
25,36000.0,13000.0,19400.0,734000,221000.0,3600,14,3,1,MONTHLY,MEDIUM,WEALTH_CREATION,67.0,HIGH
55,138000.0,67800.0,53600.0,1054000,150000.0,16600,1,4,4,MONTHLY,MEDIUM,TAX_SAVING,88.0,HIGH
48,86000.0,60600.0,18500.0,1979000,674000.0,6900,15,1,3,MONTHLY,MEDIUM,WEALTH_CREATION,40.0,HIGH
44,40000.0,36800.0,0.0,306000,191000.0,6100,3,4,4,MONTHLY,MEDIUM,RETIREMENT,94.0,HIGH
38,73000.0,39200.0,23600.0,556000,114000.0,10200,4,2,1,RARELY,HIGH,WEALTH_CREATION,10.0,LOW
47,38000.0,15200.0,19100.0,228000,51000.0,3700,8,4,1,MONTHLY,LOW,SHORT_TERM_GOAL,67.0,HIGH
38,48000.0,28300.0,18300.0,426000,22000.0,1400,8,2,3,QUARTERLY,LOW,WEALTH_CREATION,70.0,HIGH
36,155000.0,71500.0,57000.0,436000,26000.0,26500,2,1,3,MONTHLY,LOW,RETIREMENT,74.0,HIGH
27,122000.0,82800.0,38300.0,1223000,143000.0,900,4,4,3,MONTHLY,LOW,RETIREMENT,96.0,HIGH
48,36000.0,29400.0,4700.0,794000,235000.0,1900,3,3,4,MONTHLY,MEDIUM,SHORT_TERM_GOAL,78.0,HIGH
38,270000.0,230500.0,2200.0,5338000,176000.0,37300,14,1,1,MONTHLY,HIGH,RETIREMENT,55.0,HIGH
62,95000.0,38200.0,32700.0,646000,90000.0,24100,13,5,4,RARELY,LOW,TAX_SAVING,98.0,HIGH
39,35000.0,18000.0,7100.0,40000,3000.0,9900,8,2,3,LUMP_SUM,MEDIUM,WEALTH_CREATION,65.0,MEDIUM
59,41000.0,34000.0,3900.0,591000,8000.0,3100,5,5,1,LUMP_SUM,HIGH,TAX_SAVING,54.0,MEDIUM
64,87000.0,37700.0,37900.0,519000,41000.0,11400,1,1,3,MONTHLY,LOW,WEALTH_CREATION,74.0,HIGH
23,69000.0,61000.0,0.0,1279000,446000.0,17100,17,1,4,MONTHLY,HIGH,EMERGENCY_FUND,68.0,HIGH
27,56000.0,33700.0,7100.0,131000,3000.0,15200,5,4,1,RARELY,HIGH,WEALTH_CREATION,40.0,LOW
24,26000.0,17900.0,5900.0,418000,63000.0,2200,13,1,3,RARELY,MEDIUM,EMERGENCY_FUND,48.0,HIGH
21,94000.0,60700.0,19100.0,128000,20000.0,14200,12,3,2,MONTHLY,HIGH,WEALTH_CREATION,37.0,MEDIUM
34,87000.0,25900.0,55700.0,360000,148000.0,5400,1,1,2,MONTHLY,HIGH,RETIREMENT,35.0,HIGH
38,66000.0,30300.0,30200.0,119000,62000.0,5500,12,3,3,MONTHLY,LOW,RETIREMENT,74.0,HIGH
42,25000.0,15500.0,5700.0,178000,113000.0,3800,11,1,3,LUMP_SUM,HIGH,WEALTH_CREATION,63.0,HIGH
32,75000.0,38500.0,25800.0,391000,183000.0,10700,13,2,1,MONTHLY,LOW,TAX_SAVING,65.0,HIGH
31,86000.0,47300.0,32500.0,1316000,506000.0,6200,15,1,5,MONTHLY,HIGH,WEALTH_CREATION,73.0,HIGH
32,69000.0,44500.0,8300.0,920000,203000.0,16200,17,5,3,QUARTERLY,HIGH,WEALTH_CREATION,81.0,HIGH
51,49000.0,26700.0,12000.0,696000,170000.0,10300,15,2,4,LUMP_SUM,MEDIUM,WEALTH_CREATION,70.0,HIGH
33,102000.0,86900.0,0.0,937000,190000.0,25000,5,1,5,RARELY,LOW,WEALTH_CREATION,75.0,MEDIUM
32,111000.0,50100.0,40900.0,1554000,355000.0,20000,5,2,5,MONTHLY,MEDIUM,WEALTH_CREATION,80.0,HIGH
22,159000.0,94900.0,35400.0,4580000,1167000.0,28700,13,1,1,LUMP_SUM,HIGH,WEALTH_CREATION,25.0,HIGH
47,123000.0,97700.0,20600.0,1342000,77000.0,4700,3,4,5,QUARTERLY,MEDIUM,RETIREMENT,100.0,HIGH
58,30000.0,18200.0,5000.0,394000,84000.0,6800,9,2,1,MONTHLY,MEDIUM,TAX_SAVING,40.0,HIGH
57,192000.0,152600.0,0.0,2369000,422000.0,49500,11,1,5,MONTHLY,MEDIUM,WEALTH_CREATION,65.0,HIGH
53,34000.0,18600.0,5800.0,221000,94000.0,9600,3,2,3,RARELY,MEDIUM,RETIREMENT,59.0,LOW
44,45000.0,20700.0,4400.0,228000,0.0,19900,10,3,3,RARELY,HIGH,SHORT_TERM_GOAL,60.0,LOW
58,82000.0,55300.0,4800.0,1289000,384000.0,21900,16,3,4,MONTHLY,LOW,TAX_SAVING,72.0,HIGH
39,45000.0,22500.0,10700.0,478000,295000.0,11800,14,1,3,MONTHLY,MEDIUM,WEALTH_CREATION,62.0,HIGH
24,60000.0,32200.0,15500.0,524000,104000.0,12300,2,4,2,MONTHLY,LOW,SHORT_TERM_GOAL,70.0,HIGH
50,40000.0,28100.0,7900.0,130000,71000.0,4000,9,3,1,MONTHLY,HIGH,RETIREMENT,62.0,MEDIUM
51,50000.0,46000.0,0.0,596000,173000.0,6400,13,3,1,LUMP_SUM,MEDIUM,WEALTH_CREATION,54.0,HIGH
53,58000.0,41800.0,6100.0,388000,354000.0,10100,2,2,2,MONTHLY,HIGH,TAX_SAVING,39.0,LOW
61,109000.0,59600.0,30900.0,1333000,564000.0,18500,16,1,5,MONTHLY,LOW,WEALTH_CREATION,80.0,HIGH
46,36000.0,14300.0,18600.0,160000,34000.0,3100,15,3,2,RARELY,LOW,RETIREMENT,67.0,HIGH
30,150000.0,96900.0,29600.0,1812000,184000.0,23500,2,2,4,LUMP_SUM,LOW,WEALTH_CREATION,72.0,HIGH
55,41000.0,29700.0,7400.0,510000,399000.0,3900,2,2,3,RARELY,LOW,WEALTH_CREATION,71.0,HIGH
28,49000.0,35000.0,9600.0,556000,125000.0,4400,18,1,2,MONTHLY,MEDIUM,RETIREMENT,71.0,HIGH
31,71000.0,32000.0,29000.0,717000,92000.0,10000,3,2,3,LUMP_SUM,MEDIUM,SHORT_TERM_GOAL,56.0,MEDIUM
35,20000.0,12700.0,5700.0,619000,202000.0,1600,5,5,5,LUMP_SUM,HIGH,RETIREMENT,97.0,HIGH
38,48000.0,31200.0,13000.0,25000,4000.0,3800,13,1,3,LUMP_SUM,MEDIUM,EMERGENCY_FUND,47.0,LOW
38,84000.0,64300.0,0.0,774000,268000.0,23400,18,2,2,LUMP_SUM,LOW,RETIREMENT,60.0,HIGH
33,86000.0,56100.0,8700.0,1020000,819000.0,21200,9,3,4,QUARTERLY,LOW,WEALTH_CREATION,84.0,HIGH
21,79000.0,67400.0,0.0,1988000,253000.0,25600,8,1,1,MONTHLY,HIGH,TAX_SAVING,67.0,MEDIUM
21,36000.0,14700.0,15700.0,366000,227000.0,5600,12,3,2,MONTHLY,MEDIUM,WEALTH_CREATION,71.0,HIGH
24,92000.0,36300.0,54300.0,444000,80000.0,1400,9,5,1,MONTHLY,HIGH,WEALTH_CREATION,72.0,HIGH
53,58000.0,48200.0,7900.0,463000,27000.0,1900,4,1,2,LUMP_SUM,MEDIUM,WEALTH_CREATION,54.0,MEDIUM
57,60000.0,34300.0,19700.0,546000,148000.0,6000,24,4,4,LUMP_SUM,MEDIUM,EMERGENCY_FUND,79.0,HIGH
59,94000.0,75900.0,0.0,2141000,342000.0,22300,12,4,2,MONTHLY,MEDIUM,WEALTH_CREATION,74.0,HIGH
61,85000.0,37700.0,39200.0,984000,457000.0,8100,2,4,1,RARELY,MEDIUM,EMERGENCY_FUND,79.0,MEDIUM
37,158000.0,82100.0,30800.0,1353000,198000.0,45100,4,1,4,RARELY,LOW,EMERGENCY_FUND,66.0,LOW
55,49000.0,29400.0,14300.0,777000,259000.0,5300,11,4,1,MONTHLY,LOW,WEALTH_CREATION,84.0,HIGH
23,38000.0,31500.0,400.0,350000,174000.0,6100,7,1,3,MONTHLY,MEDIUM,WEALTH_CREATION,85.0,HIGH
33,31000.0,22100.0,0.0,383000,172000.0,13000,1,1,2,MONTHLY,MEDIUM,RETIREMENT,51.0,MEDIUM
41,118000.0,79100.0,34600.0,1527000,259000.0,4300,6,4,2,LUMP_SUM,MEDIUM,SHORT_TERM_GOAL,78.0,HIGH
50,68000.0,50800.0,0.0,1347000,474000.0,19700,4,3,2,RARELY,MEDIUM,WEALTH_CREATION,65.0,HIGH
62,63000.0,19900.0,22800.0,354000,279000.0,20300,11,1,5,QUARTERLY,HIGH,WEALTH_CREATION,69.0,HIGH
40,143000.0,95800.0,0.0,1349000,765000.0,61300,12,1,4,RARELY,MEDIUM,SHORT_TERM_GOAL,46.0,LOW
48,20000.0,18300.0,0.0,747000,272000.0,3300,6,3,3,LUMP_SUM,HIGH,TAX_SAVING,72.0,HIGH
36,43000.0,19600.0,20800.0,714000,232000.0,2600,7,2,4,QUARTERLY,HIGH,RETIREMENT,64.0,HIGH
31,82000.0,37200.0,28600.0,578000,353000.0,16200,4,1,3,RARELY,LOW,TAX_SAVING,73.0,HIGH
29,30000.0,22500.0,1900.0,406000,226000.0,5600,2,1,2,LUMP_SUM,LOW,SHORT_TERM_GOAL,44.0,MEDIUM
56,114000.0,102000.0,0.0,1345000,136000.0,40900,4,5,3,MONTHLY,MEDIUM,TAX_SAVING,92.0,HIGH
29,37000.0,32200.0,0.0,1577000,539000.0,12200,15,2,1,QUARTERLY,LOW,SHORT_TERM_GOAL,56.0,HIGH
62,25000.0,16100.0,7300.0,191000,53000.0,1600,12,1,2,MONTHLY,LOW,RETIREMENT,59.0,HIGH
40,64000.0,21500.0,36600.0,25000,5000.0,5900,7,2,2,MONTHLY,LOW,EMERGENCY_FUND,50.0,MEDIUM
65,57000.0,17500.0,26900.0,168000,65000.0,12600,10,3,2,MONTHLY,HIGH,RETIREMENT,60.0,HIGH
65,179000.0,164500.0,0.0,693000,30000.0,87600,15,1,5,MONTHLY,MEDIUM,RETIREMENT,85.0,MEDIUM
43,40000.0,30500.0,0.0,758000,171000.0,11400,4,2,4,MONTHLY,HIGH,RETIREMENT,72.0,HIGH
43,55000.0,31600.0,11500.0,375000,13000.0,11900,4,2,3,LUMP_SUM,HIGH,WEALTH_CREATION,60.0,MEDIUM
53,21000.0,13400.0,3200.0,135000,36000.0,4400,14,3,2,MONTHLY,MEDIUM,TAX_SAVING,71.0,MEDIUM
40,50000.0,29400.0,8800.0,356000,58000.0,11800,2,2,2,MONTHLY,HIGH,WEALTH_CREATION,47.0,MEDIUM
37,20000.0,9400.0,4500.0,77000,4000.0,6100,7,4,2,RARELY,HIGH,RETIREMENT,75.0,MEDIUM
60,87000.0,46200.0,2200.0,2445000,620000.0,38600,8,3,4,LUMP_SUM,LOW,WEALTH_CREATION,83.0,HIGH
41,52000.0,32200.0,5900.0,588000,282000.0,13900,12,2,1,MONTHLY,HIGH,WEALTH_CREATION,53.0,MEDIUM
40,47000.0,43200.0,500.0,503000,18000.0,3300,4,1,2,MONTHLY,LOW,WEALTH_CREATION,40.0,HIGH
64,147000.0,105600.0,1200.0,473000,143000.0,40200,4,5,4,LUMP_SUM,LOW,EMERGENCY_FUND,100.0,HIGH
40,29000.0,16700.0,700.0,684000,74000.0,11600,19,3,3,RARELY,MEDIUM,WEALTH_CREATION,63.0,HIGH
63,57000.0,28200.0,23800.0,778000,302000.0,5000,7,3,5,MONTHLY,LOW,TAX_SAVING,96.0,HIGH
28,117000.0,100300.0,4200.0,894000,362000.0,12500,14,2,2,RARELY,MEDIUM,WEALTH_CREATION,46.0,HIGH
44,197000.0,84100.0,107100.0,2871000,788000.0,5800,6,2,1,MONTHLY,MEDIUM,WEALTH_CREATION,56.0,HIGH
32,68000.0,39400.0,21500.0,1359000,574000.0,7100,4,1,1,RARELY,MEDIUM,EMERGENCY_FUND,40.0,HIGH
62,118000.0,68200.0,48900.0,1332000,850000.0,900,8,2,5,LUMP_SUM,LOW,RETIREMENT,82.0,HIGH
39,72000.0,43900.0,24400.0,714000,165000.0,3700,10,4,1,MONTHLY,MEDIUM,RETIREMENT,72.0,HIGH
25,54000.0,31200.0,7000.0,950000,253000.0,15800,2,1,5,QUARTERLY,HIGH,SHORT_TERM_GOAL,59.0,HIGH
45,62000.0,36500.0,21800.0,1168000,169000.0,3700,5,2,3,LUMP_SUM,LOW,RETIREMENT,79.0,HIGH
44,29000.0,17200.0,6700.0,279000,95000.0,5100,2,1,3,MONTHLY,LOW,WEALTH_CREATION,66.0,HIGH
26,138000.0,52000.0,77700.0,547000,154000.0,8300,8,1,5,LUMP_SUM,LOW,WEALTH_CREATION,78.0,HIGH
49,50000.0,29400.0,2700.0,310000,14000.0,17900,6,2,1,RARELY,MEDIUM,TAX_SAVING,38.0,LOW
36,130000.0,58500.0,69300.0,1615000,719000.0,2200,1,1,3,RARELY,MEDIUM,SHORT_TERM_GOAL,47.0,LOW
56,136000.0,83700.0,41000.0,5051000,1383000.0,11300,5,5,3,MONTHLY,MEDIUM,WEALTH_CREATION,93.0,HIGH
59,91000.0,53000.0,10900.0,1676000,532000.0,27100,3,2,1,RARELY,LOW,RETIREMENT,45.0,HIGH
34,99000.0,74700.0,2500.0,840000,205000.0,21800,9,3,2,RARELY,LOW,TAX_SAVING,69.0,HIGH
29,30000.0,21000.0,0.0,987000,178000.0,12700,7,3,2,RARELY,HIGH,WEALTH_CREATION,49.0,HIGH
40,50000.0,42700.0,1100.0,2608000,628000.0,6200,3,1,2,LUMP_SUM,MEDIUM,WEALTH_CREATION,37.0,HIGH
44,88000.0,57600.0,22100.0,3127000,2640000.0,8300,8,5,4,MONTHLY,HIGH,SHORT_TERM_GOAL,81.0,HIGH
52,116000.0,89500.0,4100.0,2098000,659000.0,22400,13,3,3,LUMP_SUM,HIGH,WEALTH_CREATION,80.0,HIGH
28,24000.0,19900.0,0.0,550000,85000.0,7900,17,3,5,MONTHLY,LOW,RETIREMENT,100.0,HIGH
22,31000.0,9900.0,12100.0,181000,14000.0,9000,5,3,4,LUMP_SUM,MEDIUM,WEALTH_CREATION,72.0,MEDIUM
65,51000.0,16000.0,33700.0,135000,60000.0,1300,5,3,5,MONTHLY,MEDIUM,WEALTH_CREATION,87.0,HIGH
21,41000.0,18800.0,16900.0,118000,72000.0,5300,9,2,4,RARELY,MEDIUM,EMERGENCY_FUND,50.0,MEDIUM
57,140000.0,91400.0,21900.0,2382000,518000.0,26700,9,1,3,QUARTERLY,MEDIUM,WEALTH_CREATION,70.0,HIGH
56,59000.0,31200.0,23700.0,130000,46000.0,4100,12,5,4,RARELY,HIGH,WEALTH_CREATION,79.0,HIGH
55,57000.0,27800.0,17100.0,317000,87000.0,12100,4,1,3,MONTHLY,HIGH,EMERGENCY_FUND,63.0,LOW
44,23000.0,15000.0,3200.0,163000,102000.0,4800,21,1,1,MONTHLY,HIGH,EMERGENCY_FUND,28.0,LOW
50,27000.0,15300.0,6800.0,534000,89000.0,4900,14,1,3,QUARTERLY,MEDIUM,TAX_SAVING,48.0,HIGH
65,134000.0,82800.0,19600.0,3377000,844000.0,31600,18,1,1,MONTHLY,HIGH,RETIREMENT,39.0,HIGH
54,95000.0,44300.0,39600.0,412000,135000.0,11100,10,1,3,RARELY,MEDIUM,SHORT_TERM_GOAL,54.0,MEDIUM
39,141000.0,121900.0,0.0,5725000,132000.0,44100,14,3,1,MONTHLY,HIGH,WEALTH_CREATION,41.0,HIGH
55,101000.0,41200.0,53200.0,811000,341000.0,6600,23,1,1,MONTHLY,MEDIUM,WEALTH_CREATION,57.0,HIGH
56,34000.0,16600.0,16100.0,480000,34000.0,1300,17,1,3,MONTHLY,MEDIUM,SHORT_TERM_GOAL,57.0,HIGH
27,113000.0,68000.0,32300.0,498000,44000.0,12700,11,2,1,RARELY,MEDIUM,TAX_SAVING,40.0,MEDIUM
34,130000.0,109100.0,16900.0,567000,47000.0,4000,16,5,3,RARELY,LOW,WEALTH_CREATION,62.0,HIGH
60,95000.0,62200.0,14500.0,1669000,1292000.0,18300,1,2,4,QUARTERLY,HIGH,SHORT_TERM_GOAL,56.0,HIGH
42,60000.0,33300.0,15700.0,1295000,180000.0,11000,15,4,3,MONTHLY,LOW,TAX_SAVING,83.0,HIGH
48,62000.0,39100.0,6300.0,569000,130000.0,16600,1,3,4,RARELY,MEDIUM,RETIREMENT,80.0,HIGH
28,66000.0,51900.0,12600.0,596000,356000.0,1500,6,1,3,MONTHLY,MEDIUM,TAX_SAVING,71.0,HIGH
57,46000.0,29500.0,5000.0,170000,27000.0,11500,7,1,3,MONTHLY,MEDIUM,RETIREMENT,67.0,MEDIUM
37,30000.0,18700.0,8600.0,277000,113000.0,2700,1,4,3,QUARTERLY,MEDIUM,EMERGENCY_FUND,78.0,HIGH
55,109000.0,57500.0,30000.0,1247000,846000.0,21500,2,2,5,RARELY,MEDIUM,WEALTH_CREATION,77.0,HIGH
32,22000.0,17400.0,3000.0,269000,87000.0,1600,13,3,2,LUMP_SUM,HIGH,WEALTH_CREATION,62.0,HIGH
31,205000.0,95400.0,98700.0,1480000,262000.0,10900,9,4,1,RARELY,MEDIUM,WEALTH_CREATION,81.0,HIGH
36,110000.0,63300.0,14700.0,1177000,549000.0,32000,8,1,4,MONTHLY,MEDIUM,EMERGENCY_FUND,69.0,HIGH
37,82000.0,44100.0,21200.0,68000,20000.0,16700,7,3,1,QUARTERLY,LOW,EMERGENCY_FUND,71.0,LOW
22,47000.0,29000.0,4700.0,663000,111000.0,13300,9,1,5,MONTHLY,MEDIUM,RETIREMENT,73.0,HIGH
59,130000.0,26000.0,77600.0,639000,45000.0,26400,9,1,3,LUMP_SUM,MEDIUM,TAX_SAVING,62.0,HIGH
39,112000.0,82600.0,5900.0,6571000,742000.0,23500,2,2,1,MONTHLY,HIGH,TAX_SAVING,41.0,HIGH
27,51000.0,30500.0,5600.0,890000,348000.0,14900,8,3,5,LUMP_SUM,MEDIUM,SHORT_TERM_GOAL,71.0,HIGH
63,23000.0,16800.0,0.0,687000,146000.0,10300,20,1,3,MONTHLY,MEDIUM,RETIREMENT,48.0,HIGH
39,132000.0,67500.0,31800.0,1557000,8000.0,32700,7,4,5,MONTHLY,HIGH,WEALTH_CREATION,80.0,HIGH
47,73000.0,43100.0,23500.0,852000,114000.0,6400,12,2,1,MONTHLY,LOW,EMERGENCY_FUND,57.0,HIGH
27,63000.0,48700.0,8600.0,1828000,725000.0,5700,8,3,2,QUARTERLY,HIGH,EMERGENCY_FUND,55.0,HIGH
61,208000.0,49000.0,99200.0,622000,154000.0,59800,12,2,1,RARELY,HIGH,RETIREMENT,36.0,MEDIUM
40,46000.0,26000.0,700.0,1405000,121000.0,19300,18,1,1,MONTHLY,HIGH,WEALTH_CREATION,29.0,HIGH
22,51000.0,33600.0,2300.0,820000,84000.0,15100,18,3,1,LUMP_SUM,LOW,WEALTH_CREATION,65.0,HIGH
24,136000.0,97400.0,33400.0,2702000,506000.0,5200,5,1,1,MONTHLY,MEDIUM,RETIREMENT,30.0,HIGH
39,53000.0,44000.0,0.0,328000,154000.0,11500,16,3,1,MONTHLY,LOW,SHORT_TERM_GOAL,65.0,HIGH
27,56000.0,35500.0,12400.0,291000,72000.0,8100,2,1,1,QUARTERLY,MEDIUM,WEALTH_CREATION,44.0,LOW
40,79000.0,40500.0,800.0,873000,141000.0,37700,21,3,5,MONTHLY,MEDIUM,TAX_SAVING,77.0,HIGH
61,41000.0,19600.0,10500.0,731000,237000.0,10900,3,2,2,QUARTERLY,MEDIUM,WEALTH_CREATION,57.0,HIGH
43,127000.0,84300.0,10200.0,2270000,158000.0,32500,8,3,2,MONTHLY,MEDIUM,WEALTH_CREATION,74.0,HIGH
47,67000.0,34700.0,16100.0,1547000,640000.0,16200,4,3,4,RARELY,HIGH,EMERGENCY_FUND,71.0,HIGH
40,82000.0,33100.0,25600.0,1946000,288000.0,23300,2,4,2,MONTHLY,HIGH,SHORT_TERM_GOAL,57.0,HIGH
61,32000.0,19700.0,7300.0,301000,91000.0,5000,11,2,3,RARELY,LOW,WEALTH_CREATION,80.0,HIGH
44,75000.0,69000.0,0.0,1041000,413000.0,7500,6,4,1,MONTHLY,MEDIUM,RETIREMENT,74.0,HIGH
51,28000.0,14500.0,5600.0,156000,39000.0,7900,9,1,3,MONTHLY,LOW,EMERGENCY_FUND,54.0,MEDIUM
43,91000.0,28100.0,44600.0,1191000,433000.0,18300,13,4,1,MONTHLY,MEDIUM,EMERGENCY_FUND,69.0,HIGH
38,107000.0,49800.0,36900.0,897000,146000.0,20300,11,1,2,RARELY,HIGH,SHORT_TERM_GOAL,39.0,LOW
36,40000.0,29000.0,7200.0,423000,95000.0,3800,3,1,2,RARELY,HIGH,WEALTH_CREATION,43.0,HIGH
49,115000.0,52100.0,51900.0,677000,359000.0,11000,1,3,1,MONTHLY,MEDIUM,WEALTH_CREATION,69.0,HIGH
33,64000.0,30700.0,27800.0,166000,40000.0,5500,4,3,2,MONTHLY,MEDIUM,TAX_SAVING,67.0,HIGH
57,62000.0,31800.0,1100.0,1470000,230000.0,29100,17,1,2,QUARTERLY,MEDIUM,TAX_SAVING,62.0,HIGH
46,20000.0,17300.0,600.0,228000,115000.0,2100,19,1,1,RARELY,MEDIUM,WEALTH_CREATION,26.0,HIGH
32,133000.0,67000.0,38900.0,3109000,480000.0,27100,7,1,2,QUARTERLY,LOW,SHORT_TERM_GOAL,42.0,HIGH
40,65000.0,43600.0,8400.0,365000,75000.0,13000,2,2,4,RARELY,MEDIUM,EMERGENCY_FUND,67.0,LOW
44,192000.0,139300.0,10900.0,3580000,956000.0,41800,11,2,3,RARELY,MEDIUM,EMERGENCY_FUND,61.0,MEDIUM
54,108000.0,64100.0,38600.0,352000,32000.0,5300,2,3,3,MONTHLY,LOW,WEALTH_CREATION,70.0,HIGH
38,85000.0,75300.0,0.0,1657000,855000.0,24600,2,2,1,MONTHLY,HIGH,EMERGENCY_FUND,52.0,LOW
53,87000.0,52000.0,26500.0,492000,70000.0,8500,1,1,4,RARELY,MEDIUM,WEALTH_CREATION,56.0,LOW
30,70000.0,36100.0,10800.0,1282000,76000.0,23100,4,3,1,QUARTERLY,HIGH,RETIREMENT,40.0,HIGH
38,170000.0,107500.0,38800.0,5226000,1373000.0,23700,20,3,3,RARELY,MEDIUM,EMERGENCY_FUND,44.0,HIGH
25,37000.0,30700.0,0.0,683000,128000.0,17300,20,2,4,MONTHLY,HIGH,RETIREMENT,69.0,HIGH
60,67000.0,34500.0,21900.0,1478000,248000.0,10600,8,5,4,RARELY,MEDIUM,RETIREMENT,97.0,HIGH
48,66000.0,41700.0,0.0,680000,179000.0,27000,6,1,3,QUARTERLY,LOW,EMERGENCY_FUND,54.0,LOW
65,103000.0,84400.0,0.0,973000,240000.0,54700,7,2,3,MONTHLY,HIGH,EMERGENCY_FUND,59.0,LOW
47,52000.0,28800.0,3500.0,1201000,166000.0,19700,2,1,4,RARELY,HIGH,WEALTH_CREATION,56.0,HIGH
57,70000.0,47900.0,20000.0,1347000,92000.0,2100,14,4,3,RARELY,LOW,RETIREMENT,65.0,HIGH
59,89000.0,59200.0,23000.0,1463000,64000.0,6800,11,4,1,MONTHLY,LOW,WEALTH_CREATION,74.0,HIGH
48,123000.0,61700.0,32200.0,165000,69000.0,29100,16,1,4,MONTHLY,HIGH,WEALTH_CREATION,49.0,HIGH
59,48000.0,32400.0,0.0,206000,102000.0,20000,1,3,4,QUARTERLY,HIGH,WEALTH_CREATION,69.0,LOW
34,77000.0,15400.0,59100.0,143000,7000.0,2500,8,5,2,MONTHLY,LOW,TAX_SAVING,92.0,HIGH
21,67000.0,32600.0,26600.0,771000,368000.0,7800,8,1,3,QUARTERLY,MEDIUM,WEALTH_CREATION,77.0,HIGH
25,73000.0,38400.0,26000.0,1157000,54000.0,8600,19,3,2,QUARTERLY,MEDIUM,WEALTH_CREATION,50.0,HIGH
50,183000.0,141500.0,15100.0,2156000,42000.0,26400,12,3,1,MONTHLY,HIGH,WEALTH_CREATION,59.0,HIGH
30,46000.0,29000.0,9700.0,1368000,154000.0,7300,1,1,3,MONTHLY,LOW,RETIREMENT,65.0,HIGH
23,67000.0,33200.0,0.0,650000,16000.0,36800,7,4,2,MONTHLY,HIGH,RETIREMENT,64.0,MEDIUM
35,84000.0,58700.0,5600.0,599000,89000.0,19700,2,3,4,MONTHLY,LOW,RETIREMENT,100.0,HIGH
33,104000.0,53900.0,39400.0,1384000,162000.0,10700,13,3,3,LUMP_SUM,LOW,WEALTH_CREATION,83.0,HIGH
23,179000.0,116000.0,0.0,4410000,402000.0,82600,13,3,2,MONTHLY,MEDIUM,SHORT_TERM_GOAL,68.0,HIGH
33,50000.0,36900.0,0.0,680000,362000.0,24500,2,3,1,MONTHLY,HIGH,EMERGENCY_FUND,38.0,LOW
57,100000.0,55100.0,28500.0,1958000,135000.0,16400,2,2,3,MONTHLY,HIGH,WEALTH_CREATION,41.0,HIGH
35,149000.0,84900.0,60800.0,730000,406000.0,3300,4,3,4,LUMP_SUM,HIGH,WEALTH_CREATION,66.0,HIGH
29,69000.0,61400.0,0.0,171000,24000.0,8300,9,2,3,MONTHLY,MEDIUM,SHORT_TERM_GOAL,65.0,HIGH
54,75000.0,25500.0,26400.0,200000,104000.0,23100,3,3,3,RARELY,HIGH,WEALTH_CREATION,36.0,LOW
38,132000.0,91800.0,3600.0,2532000,1498000.0,36600,6,3,1,MONTHLY,MEDIUM,EMERGENCY_FUND,61.0,HIGH
39,32000.0,15200.0,11600.0,325000,139000.0,5200,4,1,3,LUMP_SUM,HIGH,WEALTH_CREATION,44.0,HIGH
40,32000.0,21200.0,0.0,1004000,116000.0,16200,22,4,1,QUARTERLY,HIGH,TAX_SAVING,48.0,HIGH
27,74000.0,22600.0,49300.0,193000,10000.0,2100,3,4,4,LUMP_SUM,MEDIUM,WEALTH_CREATION,84.0,HIGH
33,73000.0,67100.0,0.0,598000,224000.0,28400,1,1,4,MONTHLY,MEDIUM,RETIREMENT,58.0,LOW
22,215000.0,139300.0,0.0,4570000,1400000.0,80100,17,4,4,RARELY,LOW,WEALTH_CREATION,80.0,HIGH
23,31000.0,16100.0,500.0,266000,148000.0,14400,5,3,4,MONTHLY,MEDIUM,RETIREMENT,86.0,HIGH
62,30000.0,18500.0,4300.0,145000,43000.0,7200,14,2,2,MONTHLY,MEDIUM,WEALTH_CREATION,65.0,HIGH
59,39000.0,18400.0,14200.0,234000,46000.0,6400,5,1,3,LUMP_SUM,LOW,SHORT_TERM_GOAL,46.0,MEDIUM
37,20000.0,5800.0,10100.0,234000,49000.0,4100,6,2,2,MONTHLY,MEDIUM,RETIREMENT,56.0,HIGH
53,103000.0,73300.0,0.0,757000,278000.0,29800,14,4,2,QUARTERLY,HIGH,WEALTH_CREATION,53.0,HIGH
41,33000.0,11800.0,15200.0,376000,147000.0,6000,10,2,2,MONTHLY,LOW,EMERGENCY_FUND,76.0,HIGH
49,100000.0,43800.0,30300.0,837000,215000.0,25900,2,3,2,MONTHLY,HIGH,EMERGENCY_FUND,61.0,LOW
50,335000.0,246900.0,2200.0,4842000,923000.0,85900,20,2,4,LUMP_SUM,LOW,TAX_SAVING,89.0,HIGH
49,23000.0,10800.0,3400.0,190000,52000.0,8800,4,3,4,QUARTERLY,MEDIUM,SHORT_TERM_GOAL,56.0,HIGH
62,107000.0,84300.0,3100.0,4766000,1672000.0,19600,4,2,3,MONTHLY,LOW,EMERGENCY_FUND,77.0,HIGH
21,80000.0,51000.0,0.0,830000,159000.0,30700,7,1,3,RARELY,HIGH,TAX_SAVING,39.0,LOW
46,31000.0,13700.0,14100.0,12000,4000.0,3200,7,5,2,MONTHLY,MEDIUM,RETIREMENT,95.0,HIGH
32,110000.0,75500.0,21400.0,1456000,565000.0,13100,12,1,2,QUARTERLY,MEDIUM,EMERGENCY_FUND,42.0,MEDIUM
49,125000.0,41600.0,58700.0,142000,54000.0,24700,7,4,2,MONTHLY,LOW,SHORT_TERM_GOAL,89.0,MEDIUM
37,314000.0,211700.0,0.0,9402000,394000.0,159200,11,1,1,MONTHLY,HIGH,TAX_SAVING,23.0,HIGH
34,67000.0,37700.0,26400.0,432000,83000.0,2900,1,2,5,LUMP_SUM,LOW,WEALTH_CREATION,88.0,HIGH
46,51000.0,34100.0,9300.0,533000,59000.0,7600,15,3,1,MONTHLY,HIGH,EMERGENCY_FUND,37.0,HIGH
30,138000.0,113000.0,7000.0,1241000,867000.0,18000,13,2,3,MONTHLY,HIGH,RETIREMENT,68.0,HIGH
24,65000.0,43500.0,14100.0,165000,68000.0,7400,19,1,1,LUMP_SUM,MEDIUM,EMERGENCY_FUND,39.0,LOW
33,171000.0,95100.0,29800.0,4070000,938000.0,46100,3,5,1,MONTHLY,HIGH,WEALTH_CREATION,70.0,HIGH
62,51000.0,30000.0,1700.0,1151000,173000.0,19300,20,1,3,MONTHLY,LOW,SHORT_TERM_GOAL,69.0,HIGH
39,60000.0,18500.0,27400.0,276000,90000.0,14100,4,1,4,MONTHLY,HIGH,WEALTH_CREATION,62.0,MEDIUM
46,156000.0,103000.0,48300.0,292000,100000.0,4700,8,1,2,RARELY,MEDIUM,WEALTH_CREATION,62.0,HIGH
32,44000.0,40400.0,0.0,163000,21000.0,9400,2,3,2,MONTHLY,MEDIUM,WEALTH_CREATION,69.0,MEDIUM
53,60000.0,30800.0,23900.0,383000,80000.0,5300,2,3,2,MONTHLY,MEDIUM,WEALTH_CREATION,55.0,HIGH
62,146000.0,35400.0,62700.0,3753000,281000.0,47900,19,3,1,MONTHLY,LOW,EMERGENCY_FUND,79.0,HIGH
46,109000.0,55500.0,12900.0,1308000,328000.0,40600,16,1,2,RARELY,MEDIUM,TAX_SAVING,37.0,MEDIUM
60,48000.0,17300.0,28600.0,784000,21000.0,2100,8,5,3,MONTHLY,MEDIUM,RETIREMENT,100.0,HIGH
21,58000.0,25800.0,13300.0,850000,286000.0,18900,1,3,3,MONTHLY,MEDIUM,SHORT_TERM_GOAL,81.0,HIGH
22,31000.0,22500.0,0.0,599000,60000.0,17000,16,2,3,LUMP_SUM,LOW,WEALTH_CREATION,91.0,HIGH
54,108000.0,93800.0,4600.0,1545000,210000.0,9600,14,4,2,MONTHLY,MEDIUM,RETIREMENT,74.0,HIGH
40,147000.0,126900.0,5400.0,1190000,452000.0,14700,10,3,5,LUMP_SUM,MEDIUM,EMERGENCY_FUND,86.0,HIGH
52,42000.0,26300.0,11800.0,281000,31000.0,3900,17,1,3,MONTHLY,MEDIUM,WEALTH_CREATION,58.0,HIGH
31,75000.0,52600.0,7200.0,3343000,2104000.0,15200,14,1,3,QUARTERLY,LOW,RETIREMENT,66.0,HIGH
58,199000.0,134000.0,64600.0,497000,31000.0,400,12,1,3,MONTHLY,MEDIUM,RETIREMENT,60.0,HIGH
65,95000.0,57000.0,0.0,2091000,559000.0,44200,15,1,1,QUARTERLY,MEDIUM,SHORT_TERM_GOAL,44.0,HIGH
31,79000.0,41500.0,30900.0,589000,66000.0,6600,10,3,1,MONTHLY,HIGH,RETIREMENT,48.0,HIGH
35,85000.0,52700.0,15000.0,454000,88000.0,17300,5,1,2,LUMP_SUM,MEDIUM,RETIREMENT,42.0,LOW
24,47000.0,36200.0,9500.0,1898000,205000.0,1300,8,2,3,MONTHLY,HIGH,EMERGENCY_FUND,45.0,HIGH
32,32000.0,22200.0,0.0,747000,484000.0,11100,8,2,1,MONTHLY,HIGH,TAX_SAVING,42.0,HIGH
59,99000.0,46400.0,25200.0,1831000,606000.0,27400,8,2,5,QUARTERLY,LOW,SHORT_TERM_GOAL,85.0,HIGH
45,52000.0,37800.0,1500.0,190000,22000.0,12700,13,2,4,MONTHLY,HIGH,WEALTH_CREATION,83.0,MEDIUM
29,42000.0,30200.0,0.0,367000,39000.0,13900,12,4,2,RARELY,MEDIUM,SHORT_TERM_GOAL,79.0,HIGH
40,34000.0,22500.0,6100.0,772000,309000.0,5400,5,1,2,QUARTERLY,HIGH,RETIREMENT,36.0,HIGH
53,49000.0,38500.0,0.0,836000,66000.0,11000,8,4,2,QUARTERLY,MEDIUM,WEALTH_CREATION,61.0,HIGH
63,64000.0,41800.0,14600.0,408000,174000.0,7600,7,1,1,MONTHLY,LOW,SHORT_TERM_GOAL,33.0,LOW
38,20000.0,13500.0,5800.0,168000,19000.0,700,14,3,1,RARELY,LOW,SHORT_TERM_GOAL,55.0,HIGH
39,103000.0,77400.0,1900.0,2547000,25000.0,23700,6,2,4,MONTHLY,MEDIUM,SHORT_TERM_GOAL,75.0,HIGH
58,155000.0,78400.0,56500.0,966000,185000.0,20100,18,2,2,LUMP_SUM,HIGH,EMERGENCY_FUND,37.0,MEDIUM
25,51000.0,13100.0,26100.0,48000,11000.0,11800,6,2,1,LUMP_SUM,HIGH,WEALTH_CREATION,47.0,LOW
57,60000.0,33200.0,10500.0,819000,283000.0,16300,11,4,3,LUMP_SUM,HIGH,WEALTH_CREATION,73.0,HIGH
34,101000.0,59500.0,37100.0,1268000,194000.0,4400,23,3,4,MONTHLY,LOW,EMERGENCY_FUND,99.0,HIGH
52,34000.0,23600.0,8900.0,364000,142000.0,1500,7,1,2,LUMP_SUM,HIGH,WEALTH_CREATION,49.0,HIGH
55,28000.0,10800.0,11800.0,194000,49000.0,5400,9,4,1,MONTHLY,MEDIUM,TAX_SAVING,61.0,HIGH
42,75000.0,45700.0,0.0,2100000,447000.0,35800,2,1,3,RARELY,LOW,WEALTH_CREATION,64.0,HIGH
56,44000.0,34800.0,3300.0,902000,338000.0,5900,2,5,3,MONTHLY,LOW,RETIREMENT,100.0,HIGH
46,137000.0,98000.0,13300.0,1551000,285000.0,25700,6,1,4,MONTHLY,HIGH,EMERGENCY_FUND,41.0,LOW
64,211000.0,85900.0,74700.0,2238000,1191000.0,50400,5,5,3,LUMP_SUM,MEDIUM,WEALTH_CREATION,100.0,HIGH
63,30000.0,26500.0,1600.0,185000,65000.0,1900,11,4,3,MONTHLY,LOW,WEALTH_CREATION,93.0,HIGH
53,62000.0,35800.0,11000.0,1970000,40000.0,15200,18,4,3,MONTHLY,HIGH,WEALTH_CREATION,76.0,HIGH
26,130000.0,119600.0,4400.0,3668000,771000.0,6000,4,1,2,MONTHLY,LOW,WEALTH_CREATION,64.0,HIGH
24,20000.0,16800.0,1500.0,166000,27000.0,1700,18,4,3,MONTHLY,LOW,WEALTH_CREATION,90.0,HIGH
65,165000.0,75500.0,68900.0,1054000,85000.0,20600,3,2,4,LUMP_SUM,LOW,WEALTH_CREATION,74.0,HIGH
47,65000.0,26000.0,12700.0,321000,200000.0,26300,7,2,2,MONTHLY,MEDIUM,RETIREMENT,80.0,HIGH
62,86000.0,79100.0,0.0,4210000,3411000.0,11800,19,3,2,MONTHLY,HIGH,EMERGENCY_FUND,58.0,HIGH
65,58000.0,40800.0,6300.0,86000,54000.0,10900,19,1,4,LUMP_SUM,HIGH,WEALTH_CREATION,55.0,MEDIUM
25,252000.0,75600.0,123400.0,2434000,841000.0,53000,9,2,4,QUARTERLY,HIGH,WEALTH_CREATION,84.0,HIGH
23,20000.0,7600.0,8600.0,308000,25000.0,3800,10,2,4,MONTHLY,LOW,SHORT_TERM_GOAL,81.0,HIGH
33,118000.0,44100.0,48900.0,1410000,366000.0,25000,20,3,2,MONTHLY,LOW,EMERGENCY_FUND,63.0,HIGH
42,68000.0,46800.0,0.0,1325000,659000.0,22000,6,1,4,LUMP_SUM,HIGH,WEALTH_CREATION,45.0,HIGH
52,113000.0,70100.0,6300.0,584000,69000.0,36600,11,1,2,MONTHLY,MEDIUM,TAX_SAVING,54.0,LOW
39,48000.0,32100.0,6400.0,452000,198000.0,9500,4,1,3,MONTHLY,MEDIUM,WEALTH_CREATION,68.0,HIGH
48,74000.0,34200.0,29700.0,423000,23000.0,10100,2,1,2,RARELY,MEDIUM,WEALTH_CREATION,61.0,MEDIUM
65,91000.0,46900.0,17800.0,1412000,90000.0,26300,13,2,2,MONTHLY,LOW,RETIREMENT,68.0,HIGH
47,84000.0,64400.0,0.0,1415000,57000.0,31200,2,2,3,MONTHLY,HIGH,EMERGENCY_FUND,58.0,LOW
47,48000.0,28300.0,15400.0,419000,196000.0,4300,8,2,2,RARELY,HIGH,WEALTH_CREATION,26.0,HIGH
55,65000.0,49200.0,7100.0,369000,166000.0,8700,17,1,2,MONTHLY,LOW,EMERGENCY_FUND,74.0,HIGH
25,128000.0,80800.0,25500.0,2359000,1445000.0,21700,1,3,5,MONTHLY,LOW,EMERGENCY_FUND,100.0,HIGH
58,62000.0,37400.0,13700.0,378000,101000.0,10900,13,1,3,LUMP_SUM,HIGH,WEALTH_CREATION,50.0,MEDIUM
55,72000.0,48500.0,22100.0,1052000,233000.0,1400,12,2,2,RARELY,LOW,WEALTH_CREATION,49.0,HIGH
49,54000.0,24600.0,19500.0,1121000,244000.0,9900,3,4,3,MONTHLY,HIGH,WEALTH_CREATION,75.0,HIGH
27,54000.0,38100.0,6200.0,980000,284000.0,9700,5,1,3,QUARTERLY,MEDIUM,EMERGENCY_FUND,52.0,MEDIUM
43,57000.0,42800.0,12700.0,645000,205000.0,1500,4,1,4,MONTHLY,LOW,WEALTH_CREATION,60.0,HIGH
50,100000.0,83400.0,10200.0,1918000,1002000.0,6400,2,3,2,RARELY,MEDIUM,WEALTH_CREATION,60.0,HIGH
46,38000.0,17500.0,17600.0,560000,318000.0,2900,17,1,2,MONTHLY,HIGH,EMERGENCY_FUND,42.0,HIGH
22,56000.0,36700.0,15800.0,113000,15000.0,3500,21,5,3,QUARTERLY,MEDIUM,RETIREMENT,83.0,HIGH
28,81000.0,49500.0,19600.0,621000,76000.0,11900,9,2,4,MONTHLY,HIGH,SHORT_TERM_GOAL,53.0,HIGH
41,84000.0,56300.0,0.0,1619000,338000.0,38500,7,1,1,RARELY,MEDIUM,WEALTH_CREATION,27.0,MEDIUM
24,80000.0,22900.0,38000.0,760000,371000.0,19100,17,1,2,MONTHLY,MEDIUM,WEALTH_CREATION,46.0,HIGH
62,57000.0,52400.0,0.0,1019000,266000.0,6600,15,1,2,MONTHLY,MEDIUM,RETIREMENT,58.0,HIGH
28,106000.0,46600.0,48500.0,514000,136000.0,10900,11,2,2,MONTHLY,MEDIUM,TAX_SAVING,70.0,HIGH
48,107000.0,52200.0,33900.0,200000,94000.0,20900,10,3,1,MONTHLY,LOW,WEALTH_CREATION,63.0,HIGH
23,39000.0,30800.0,6100.0,895000,261000.0,2100,12,2,5,RARELY,MEDIUM,RETIREMENT,63.0,HIGH
63,72000.0,56600.0,3100.0,1138000,260000.0,12300,16,1,2,MONTHLY,MEDIUM,WEALTH_CREATION,33.0,HIGH
54,34000.0,19500.0,8000.0,298000,12000.0,6500,6,1,2,RARELY,LOW,WEALTH_CREATION,49.0,HIGH
28,178000.0,84600.0,51800.0,1374000,42000.0,41600,19,4,1,MONTHLY,HIGH,WEALTH_CREATION,69.0,HIGH
51,24000.0,18500.0,4300.0,144000,52000.0,1200,2,1,2,MONTHLY,MEDIUM,EMERGENCY_FUND,53.0,LOW
35,57000.0,43700.0,7600.0,1561000,830000.0,5700,23,1,3,MONTHLY,HIGH,RETIREMENT,45.0,HIGH
29,90000.0,62500.0,19300.0,284000,20000.0,8200,7,3,4,LUMP_SUM,LOW,RETIREMENT,73.0,HIGH
54,91000.0,56300.0,7700.0,1372000,583000.0,27000,19,2,3,MONTHLY,HIGH,WEALTH_CREATION,48.0,HIGH
51,69000.0,49800.0,0.0,1188000,360000.0,28000,20,2,2,LUMP_SUM,MEDIUM,RETIREMENT,40.0,HIGH
57,31000.0,16500.0,9400.0,137000,24000.0,5100,4,1,2,MONTHLY,MEDIUM,WEALTH_CREATION,28.0,MEDIUM
37,93000.0,68900.0,20000.0,2076000,202000.0,4100,4,5,2,MONTHLY,MEDIUM,WEALTH_CREATION,82.0,HIGH
44,97000.0,84400.0,4100.0,1454000,211000.0,8500,1,2,5,RARELY,MEDIUM,TAX_SAVING,65.0,HIGH
30,102000.0,50600.0,42500.0,877000,54000.0,8900,20,2,4,MONTHLY,MEDIUM,EMERGENCY_FUND,77.0,HIGH
63,33000.0,21200.0,8200.0,553000,148000.0,3600,16,2,3,LUMP_SUM,MEDIUM,EMERGENCY_FUND,61.0,HIGH
27,73000.0,37300.0,10000.0,551000,211000.0,25700,5,2,3,QUARTERLY,MEDIUM,RETIREMENT,70.0,MEDIUM
28,107000.0,98400.0,0.0,372000,79000.0,8700,8,2,2,MONTHLY,MEDIUM,WEALTH_CREATION,64.0,MEDIUM
52,37000.0,30000.0,4400.0,1608000,662000.0,2600,9,1,1,MONTHLY,HIGH,WEALTH_CREATION,35.0,HIGH
64,57000.0,27600.0,8100.0,1708000,56000.0,21300,4,3,1,MONTHLY,HIGH,EMERGENCY_FUND,42.0,MEDIUM
33,26000.0,14700.0,6000.0,882000,216000.0,5300,2,3,3,RARELY,MEDIUM,RETIREMENT,73.0,HIGH
57,71000.0,49100.0,8700.0,708000,175000.0,13200,23,4,5,RARELY,HIGH,RETIREMENT,87.0,HIGH
29,74000.0,46100.0,0.0,2058000,499000.0,40700,18,4,2,RARELY,HIGH,RETIREMENT,46.0,HIGH
22,97000.0,36300.0,38100.0,1323000,292000.0,22600,1,5,3,MONTHLY,LOW,WEALTH_CREATION,95.0,HIGH
62,225000.0,175200.0,0.0,3801000,1722000.0,63800,19,1,4,LUMP_SUM,MEDIUM,SHORT_TERM_GOAL,75.0,HIGH
40,33000.0,21100.0,7800.0,630000,227000.0,4100,4,4,1,MONTHLY,MEDIUM,SHORT_TERM_GOAL,65.0,HIGH
21,51000.0,46600.0,0.0,644000,229000.0,7100,23,2,1,MONTHLY,MEDIUM,WEALTH_CREATION,51.0,HIGH
27,27000.0,12900.0,4400.0,279000,152000.0,9700,4,1,1,MONTHLY,LOW,EMERGENCY_FUND,26.0,LOW
58,41000.0,26100.0,11800.0,1195000,118000.0,3100,12,2,4,LUMP_SUM,HIGH,SHORT_TERM_GOAL,68.0,HIGH
34,70000.0,51600.0,6400.0,1686000,553000.0,12000,4,1,3,MONTHLY,HIGH,WEALTH_CREATION,48.0,HIGH
25,156000.0,102300.0,15700.0,2482000,137000.0,38000,8,2,5,LUMP_SUM,MEDIUM,WEALTH_CREATION,86.0,HIGH
27,34000.0,22300.0,0.0,221000,16000.0,12600,12,2,2,MONTHLY,MEDIUM,WEALTH_CREATION,61.0,LOW
29,83000.0,51300.0,24000.0,1183000,241000.0,7700,11,2,2,MONTHLY,MEDIUM,TAX_SAVING,67.0,HIGH
53,210000.0,193200.0,0.0,2510000,197000.0,33200,20,1,1,RARELY,LOW,TAX_SAVING,36.0,MEDIUM
25,100000.0,55700.0,36300.0,941000,597000.0,8000,23,1,2,MONTHLY,LOW,RETIREMENT,71.0,HIGH
24,76000.0,53900.0,0.0,2360000,537000.0,28800,18,2,4,RARELY,LOW,TAX_SAVING,69.0,HIGH
41,108000.0,78000.0,25600.0,1408000,127000.0,4400,17,1,4,LUMP_SUM,LOW,TAX_SAVING,74.0,HIGH
42,55000.0,36000.0,3600.0,873000,93000.0,15400,7,1,3,MONTHLY,LOW,SHORT_TERM_GOAL,71.0,HIGH
32,52000.0,10500.0,25500.0,132000,69000.0,16000,10,5,2,LUMP_SUM,LOW,EMERGENCY_FUND,83.0,HIGH
65,38000.0,28400.0,600.0,271000,15000.0,9000,12,2,2,LUMP_SUM,HIGH,SHORT_TERM_GOAL,47.0,LOW
43,52000.0,47800.0,0.0,722000,74000.0,7400,14,2,1,MONTHLY,MEDIUM,WEALTH_CREATION,50.0,HIGH
51,146000.0,124000.0,0.0,2032000,728000.0,25800,3,2,2,QUARTERLY,LOW,WEALTH_CREATION,61.0,HIGH
43,109000.0,73300.0,26100.0,1132000,582000.0,9600,17,2,3,RARELY,LOW,WEALTH_CREATION,54.0,HIGH
40,42000.0,19700.0,18200.0,475000,62000.0,4100,18,3,2,QUARTERLY,LOW,TAX_SAVING,80.0,HIGH
60,55000.0,30700.0,20200.0,699000,175000.0,4100,11,1,4,RARELY,MEDIUM,TAX_SAVING,62.0,HIGH
63,24000.0,18300.0,1700.0,459000,100000.0,4000,13,2,5,MONTHLY,HIGH,WEALTH_CREATION,69.0,HIGH
40,47000.0,24300.0,18900.0,842000,185000.0,3800,2,2,2,MONTHLY,LOW,RETIREMENT,54.0,HIGH
54,48000.0,27700.0,9100.0,172000,46000.0,11200,2,4,5,RARELY,HIGH,TAX_SAVING,56.0,LOW
44,96000.0,75000.0,16200.0,782000,53000.0,4800,3,1,4,MONTHLY,HIGH,WEALTH_CREATION,64.0,MEDIUM
44,70000.0,64400.0,0.0,1237000,469000.0,28700,9,1,4,MONTHLY,LOW,SHORT_TERM_GOAL,70.0,HIGH
54,27000.0,16200.0,4000.0,262000,51000.0,6800,16,1,4,MONTHLY,HIGH,RETIREMENT,76.0,HIGH
57,26000.0,11300.0,7200.0,42000,1000.0,7500,16,2,5,RARELY,MEDIUM,RETIREMENT,55.0,HIGH
62,110000.0,95200.0,0.0,3765000,458000.0,21700,1,2,2,RARELY,MEDIUM,EMERGENCY_FUND,58.0,HIGH
50,174000.0,91300.0,64700.0,1152000,134000.0,18000,7,2,4,MONTHLY,LOW,WEALTH_CREATION,91.0,HIGH
56,169000.0,104700.0,17000.0,2225000,306000.0,47300,1,5,1,MONTHLY,MEDIUM,SHORT_TERM_GOAL,80.0,MEDIUM
65,100000.0,63700.0,24800.0,797000,43000.0,11500,1,2,1,MONTHLY,LOW,RETIREMENT,68.0,MEDIUM
43,56000.0,29400.0,5100.0,301000,236000.0,21500,8,1,4,MONTHLY,HIGH,EMERGENCY_FUND,51.0,LOW
63,34000.0,27100.0,0.0,594000,272000.0,7400,1,3,2,RARELY,HIGH,SHORT_TERM_GOAL,40.0,MEDIUM
27,56000.0,27500.0,16300.0,1787000,120000.0,12200,15,2,3,MONTHLY,MEDIUM,RETIREMENT,50.0,HIGH
62,135000.0,64500.0,69100.0,589000,169000.0,1400,16,4,3,QUARTERLY,MEDIUM,RETIREMENT,80.0,HIGH
61,25000.0,14400.0,0.0,21000,3000.0,10600,4,3,1,RARELY,HIGH,WEALTH_CREATION,24.0,LOW
28,152000.0,99600.0,8900.0,2848000,408000.0,43500,9,3,4,MONTHLY,LOW,WEALTH_CREATION,88.0,HIGH
62,79000.0,49900.0,9400.0,1672000,199000.0,19700,5,3,3,MONTHLY,MEDIUM,RETIREMENT,73.0,HIGH
64,69000.0,28500.0,26400.0,598000,75000.0,14100,14,5,3,MONTHLY,HIGH,TAX_SAVING,67.0,HIGH
25,140000.0,108700.0,1000.0,3183000,122000.0,30300,2,3,4,MONTHLY,HIGH,EMERGENCY_FUND,82.0,HIGH
58,44000.0,23900.0,6100.0,300000,166000.0,14000,8,1,5,LUMP_SUM,MEDIUM,SHORT_TERM_GOAL,67.0,MEDIUM
63,54000.0,31200.0,7400.0,397000,167000.0,15400,6,3,1,MONTHLY,MEDIUM,RETIREMENT,78.0,HIGH
52,91000.0,49600.0,0.0,1038000,57000.0,42400,18,2,3,LUMP_SUM,MEDIUM,TAX_SAVING,58.0,MEDIUM
37,32000.0,14400.0,15500.0,445000,135000.0,2100,8,1,3,QUARTERLY,HIGH,WEALTH_CREATION,56.0,HIGH
63,218000.0,138400.0,51900.0,1247000,459000.0,27700,1,1,1,MONTHLY,HIGH,TAX_SAVING,40.0,LOW
27,59000.0,22900.0,27800.0,881000,311000.0,8300,1,5,4,MONTHLY,LOW,WEALTH_CREATION,100.0,HIGH
64,56000.0,29800.0,7000.0,858000,170000.0,19200,7,1,1,MONTHLY,MEDIUM,WEALTH_CREATION,36.0,HIGH
49,99000.0,23700.0,63600.0,709000,208000.0,11700,13,3,1,MONTHLY,MEDIUM,EMERGENCY_FUND,49.0,HIGH
65,59000.0,49800.0,0.0,1351000,264000.0,20200,8,4,4,RARELY,LOW,WEALTH_CREATION,77.0,HIGH
55,81000.0,55900.0,12200.0,1191000,451000.0,12900,1,1,3,RARELY,HIGH,SHORT_TERM_GOAL,53.0,LOW
46,80000.0,50100.0,0.0,1367000,189000.0,31500,2,4,1,RARELY,HIGH,EMERGENCY_FUND,65.0,LOW
25,89000.0,44800.0,23000.0,682000,331000.0,21200,7,3,2,LUMP_SUM,LOW,WEALTH_CREATION,77.0,HIGH
45,80000.0,71200.0,4100.0,1540000,592000.0,4700,1,1,1,RARELY,MEDIUM,RETIREMENT,41.0,HIGH
50,24000.0,9000.0,11500.0,257000,9000.0,3500,1,1,4,QUARTERLY,MEDIUM,WEALTH_CREATION,56.0,HIGH
40,83000.0,51700.0,8500.0,419000,50000.0,22800,3,2,4,MONTHLY,LOW,WEALTH_CREATION,83.0,HIGH
43,141000.0,96900.0,10600.0,1714000,963000.0,33500,12,2,5,LUMP_SUM,HIGH,RETIREMENT,66.0,HIGH
53,47000.0,28800.0,8900.0,1008000,424000.0,9300,11,1,3,LUMP_SUM,LOW,TAX_SAVING,56.0,HIGH
48,78000.0,33500.0,12800.0,531000,38000.0,31700,20,2,3,MONTHLY,MEDIUM,TAX_SAVING,71.0,HIGH
37,400000.0,238900.0,120600.0,9364000,1209000.0,40500,5,2,3,LUMP_SUM,HIGH,EMERGENCY_FUND,47.0,HIGH
27,43000.0,36200.0,0.0,1322000,445000.0,7000,4,2,4,RARELY,MEDIUM,WEALTH_CREATION,58.0,HIGH
43,79000.0,46600.0,22900.0,1865000,342000.0,9500,4,2,3,QUARTERLY,HIGH,RETIREMENT,53.0,HIGH
45,40000.0,29900.0,9500.0,327000,140000.0,600,13,2,4,MONTHLY,MEDIUM,EMERGENCY_FUND,62.0,HIGH
55,39000.0,19100.0,13000.0,346000,39000.0,6900,11,1,2,RARELY,MEDIUM,EMERGENCY_FUND,44.0,LOW
49,97000.0,62800.0,25500.0,232000,56000.0,8700,13,5,3,MONTHLY,HIGH,TAX_SAVING,100.0,HIGH
43,47000.0,29700.0,11900.0,1353000,216000.0,5400,1,3,4,RARELY,MEDIUM,WEALTH_CREATION,63.0,HIGH
39,55000.0,36300.0,16600.0,245000,40000.0,2100,9,3,2,MONTHLY,MEDIUM,WEALTH_CREATION,50.0,HIGH
50,35000.0,29200.0,2100.0,214000,80000.0,3700,14,1,2,MONTHLY,LOW,EMERGENCY_FUND,51.0,MEDIUM
55,94000.0,43900.0,42300.0,731000,381000.0,7800,11,2,5,MONTHLY,MEDIUM,EMERGENCY_FUND,72.0,HIGH
29,43000.0,16200.0,10500.0,203000,29000.0,16300,20,1,1,RARELY,MEDIUM,SHORT_TERM_GOAL,33.0,LOW
34,58000.0,33900.0,20200.0,465000,89000.0,3900,12,2,1,MONTHLY,LOW,EMERGENCY_FUND,76.0,HIGH
59,78000.0,37100.0,16800.0,740000,62000.0,24100,9,4,2,LUMP_SUM,HIGH,EMERGENCY_FUND,62.0,MEDIUM
59,63000.0,31200.0,13100.0,1098000,293000.0,18700,10,3,1,RARELY,MEDIUM,EMERGENCY_FUND,32.0,MEDIUM
41,31000.0,17800.0,10200.0,559000,246000.0,3000,18,2,2,MONTHLY,LOW,WEALTH_CREATION,50.0,HIGH
35,206000.0,125900.0,61900.0,1019000,366000.0,18200,17,1,2,MONTHLY,MEDIUM,WEALTH_CREATION,67.0,HIGH
57,44000.0,25200.0,7100.0,222000,8000.0,11700,11,1,2,MONTHLY,LOW,WEALTH_CREATION,65.0,HIGH
62,124000.0,65100.0,40900.0,2922000,174000.0,18000,17,1,3,LUMP_SUM,LOW,WEALTH_CREATION,67.0,HIGH
58,58000.0,27800.0,24900.0,153000,26000.0,5300,17,3,3,MONTHLY,LOW,WEALTH_CREATION,82.0,HIGH
28,35000.0,30300.0,0.0,1505000,335000.0,9900,2,3,4,RARELY,LOW,EMERGENCY_FUND,93.0,HIGH
59,136000.0,86300.0,41600.0,3226000,1427000.0,8100,4,1,1,LUMP_SUM,MEDIUM,TAX_SAVING,45.0,HIGH
50,130000.0,109100.0,7700.0,4857000,152000.0,13200,15,3,5,MONTHLY,MEDIUM,SHORT_TERM_GOAL,100.0,HIGH
40,70000.0,52000.0,9100.0,130000,61000.0,8900,2,3,3,MONTHLY,MEDIUM,RETIREMENT,77.0,MEDIUM
24,124000.0,53200.0,55300.0,310000,46000.0,15500,10,3,4,MONTHLY,LOW,SHORT_TERM_GOAL,82.0,HIGH
33,25000.0,13400.0,7200.0,279000,141000.0,4400,15,3,5,MONTHLY,MEDIUM,RETIREMENT,100.0,HIGH
21,59000.0,38900.0,10400.0,1053000,92000.0,9700,15,3,3,LUMP_SUM,MEDIUM,WEALTH_CREATION,68.0,HIGH
63,91000.0,59900.0,24800.0,551000,344000.0,6300,7,2,3,MONTHLY,LOW,SHORT_TERM_GOAL,61.0,HIGH
24,66000.0,57000.0,5900.0,518000,333000.0,3100,13,3,4,LUMP_SUM,HIGH,WEALTH_CREATION,80.0,HIGH
63,79000.0,72600.0,0.0,1865000,679000.0,26200,3,4,4,RARELY,MEDIUM,WEALTH_CREATION,61.0,HIGH
38,106000.0,56700.0,29700.0,1177000,149000.0,19600,5,3,1,RARELY,HIGH,SHORT_TERM_GOAL,29.0,LOW
39,32000.0,10500.0,6700.0,269000,159000.0,14800,18,2,4,MONTHLY,LOW,WEALTH_CREATION,77.0,HIGH
45,20000.0,16800.0,500.0,4000,0.0,2700,16,1,2,RARELY,LOW,TAX_SAVING,37.0,LOW
42,106000.0,73400.0,14400.0,1835000,592000.0,18200,15,2,3,MONTHLY,HIGH,TAX_SAVING,54.0,HIGH
48,123000.0,101500.0,0.0,1715000,61000.0,39800,6,1,4,MONTHLY,HIGH,TAX_SAVING,64.0,MEDIUM
39,32000.0,25100.0,5600.0,403000,178000.0,1300,4,1,4,MONTHLY,LOW,RETIREMENT,91.0,HIGH
45,22000.0,12700.0,7700.0,325000,106000.0,1600,10,3,3,MONTHLY,MEDIUM,WEALTH_CREATION,70.0,HIGH
52,85000.0,39700.0,25000.0,2709000,1700000.0,20300,10,3,1,MONTHLY,MEDIUM,SHORT_TERM_GOAL,64.0,HIGH
35,28000.0,16700.0,9600.0,412000,176000.0,1700,15,5,3,MONTHLY,MEDIUM,SHORT_TERM_GOAL,94.0,HIGH
63,85000.0,61700.0,11900.0,484000,165000.0,11400,18,2,2,QUARTERLY,LOW,TAX_SAVING,81.0,HIGH
62,59000.0,31700.0,14700.0,914000,256000.0,12600,23,3,3,MONTHLY,MEDIUM,WEALTH_CREATION,74.0,HIGH
57,59000.0,48400.0,0.0,1052000,277000.0,13900,11,1,2,RARELY,HIGH,WEALTH_CREATION,33.0,MEDIUM
61,100000.0,72300.0,16300.0,1080000,857000.0,11400,14,2,5,MONTHLY,MEDIUM,SHORT_TERM_GOAL,95.0,HIGH
54,97000.0,19400.0,32200.0,540000,161000.0,45400,11,3,4,LUMP_SUM,MEDIUM,SHORT_TERM_GOAL,72.0,HIGH
60,48000.0,20900.0,14900.0,183000,22000.0,12200,3,1,4,MONTHLY,LOW,WEALTH_CREATION,70.0,HIGH
26,40000.0,19700.0,0.0,299000,75000.0,21800,1,3,5,LUMP_SUM,MEDIUM,WEALTH_CREATION,78.0,MEDIUM
28,149000.0,74100.0,31100.0,839000,296000.0,43800,5,1,1,MONTHLY,MEDIUM,RETIREMENT,41.0,MEDIUM
60,62000.0,32500.0,27300.0,819000,62000.0,2200,11,3,3,MONTHLY,HIGH,TAX_SAVING,58.0,HIGH
50,52000.0,34900.0,0.0,689000,140000.0,25700,16,4,3,MONTHLY,LOW,WEALTH_CREATION,89.0,HIGH
65,187000.0,107700.0,36200.0,2547000,103000.0,43100,6,2,3,LUMP_SUM,HIGH,WEALTH_CREATION,49.0,MEDIUM
42,94000.0,86400.0,0.0,3852000,1841000.0,26200,7,1,4,LUMP_SUM,MEDIUM,RETIREMENT,71.0,HIGH
46,71000.0,46400.0,6500.0,896000,568000.0,18100,5,2,4,MONTHLY,MEDIUM,WEALTH_CREATION,75.0,HIGH
43,39000.0,17900.0,12500.0,235000,7000.0,8600,15,3,2,QUARTERLY,MEDIUM,WEALTH_CREATION,77.0,HIGH
48,42000.0,27600.0,3200.0,453000,308000.0,11200,10,2,5,MONTHLY,HIGH,RETIREMENT,85.0,HIGH
40,97000.0,36500.0,52700.0,603000,41000.0,7800,4,3,5,MONTHLY,MEDIUM,SHORT_TERM_GOAL,100.0,HIGH
65,50000.0,34300.0,6000.0,44000,6000.0,9700,2,3,2,RARELY,MEDIUM,RETIREMENT,62.0,LOW
45,112000.0,42300.0,63000.0,491000,213000.0,6700,17,2,1,MONTHLY,LOW,SHORT_TERM_GOAL,67.0,HIGH
64,85000.0,51600.0,23000.0,365000,157000.0,10400,2,4,3,QUARTERLY,MEDIUM,SHORT_TERM_GOAL,72.0,HIGH
27,70000.0,33200.0,14100.0,1526000,512000.0,22700,1,1,2,MONTHLY,MEDIUM,RETIREMENT,58.0,HIGH
65,73000.0,14600.0,49900.0,347000,164000.0,8500,5,2,4,RARELY,HIGH,RETIREMENT,65.0,HIGH
28,59000.0,40100.0,15600.0,313000,103000.0,3300,2,2,3,QUARTERLY,MEDIUM,TAX_SAVING,62.0,HIGH
64,20000.0,7700.0,11600.0,232000,68000.0,700,19,3,4,LUMP_SUM,MEDIUM,WEALTH_CREATION,83.0,HIGH
44,323000.0,200800.0,107000.0,2876000,1194000.0,15200,22,5,2,QUARTERLY,LOW,WEALTH_CREATION,100.0,HIGH
33,88000.0,61800.0,0.0,305000,4000.0,26300,10,1,5,MONTHLY,MEDIUM,TAX_SAVING,89.0,LOW
38,209000.0,162900.0,13600.0,6166000,3964000.0,32500,4,5,2,RARELY,LOW,TAX_SAVING,84.0,HIGH
46,41000.0,14000.0,12600.0,370000,27000.0,14400,7,2,5,MONTHLY,LOW,WEALTH_CREATION,92.0,HIGH
44,38000.0,16500.0,17500.0,285000,66000.0,4000,1,3,4,QUARTERLY,HIGH,TAX_SAVING,68.0,HIGH
25,97000.0,62800.0,0.0,3080000,1261000.0,35200,7,2,3,MONTHLY,MEDIUM,EMERGENCY_FUND,64.0,HIGH
24,100000.0,68700.0,16600.0,243000,4000.0,14700,19,5,4,RARELY,MEDIUM,EMERGENCY_FUND,85.0,MEDIUM
50,77000.0,16300.0,52800.0,120000,6000.0,7900,17,4,4,RARELY,HIGH,WEALTH_CREATION,76.0,HIGH
35,59000.0,40200.0,14400.0,380000,153000.0,4400,6,1,3,MONTHLY,LOW,WEALTH_CREATION,58.0,HIGH
42,32000.0,21500.0,2200.0,795000,265000.0,8300,2,2,3,LUMP_SUM,LOW,WEALTH_CREATION,77.0,HIGH
29,70000.0,43700.0,5800.0,656000,188000.0,20500,4,1,4,MONTHLY,MEDIUM,WEALTH_CREATION,69.0,HIGH
28,131000.0,84200.0,10400.0,2231000,265000.0,36400,7,2,3,MONTHLY,HIGH,EMERGENCY_FUND,57.0,MEDIUM
21,25000.0,7200.0,13900.0,63000,12000.0,3900,16,3,4,MONTHLY,LOW,WEALTH_CREATION,80.0,HIGH
28,45000.0,33100.0,10000.0,667000,17000.0,1900,12,2,2,MONTHLY,HIGH,WEALTH_CREATION,48.0,HIGH
57,50000.0,31100.0,0.0,511000,150000.0,27500,7,1,3,QUARTERLY,MEDIUM,WEALTH_CREATION,47.0,HIGH
61,74000.0,43400.0,11500.0,651000,40000.0,19100,1,4,2,LUMP_SUM,LOW,SHORT_TERM_GOAL,78.0,MEDIUM
63,57000.0,33000.0,4000.0,717000,41000.0,20000,7,2,3,MONTHLY,MEDIUM,WEALTH_CREATION,67.0,HIGH
25,60000.0,37700.0,5700.0,2015000,39000.0,16600,9,2,4,LUMP_SUM,MEDIUM,EMERGENCY_FUND,82.0,HIGH
52,176000.0,88700.0,25800.0,2025000,354000.0,61500,2,1,3,MONTHLY,HIGH,EMERGENCY_FUND,68.0,LOW
34,57000.0,48400.0,0.0,253000,180000.0,11300,12,3,1,MONTHLY,HIGH,RETIREMENT,55.0,MEDIUM
59,38000.0,23700.0,5800.0,213000,73000.0,8500,22,2,1,MONTHLY,MEDIUM,WEALTH_CREATION,49.0,HIGH
23,214000.0,154900.0,55000.0,2799000,1843000.0,4100,10,3,4,LUMP_SUM,MEDIUM,SHORT_TERM_GOAL,74.0,HIGH
25,50000.0,29800.0,0.0,260000,112000.0,20800,1,4,5,MONTHLY,MEDIUM,WEALTH_CREATION,100.0,HIGH
42,55000.0,21200.0,23200.0,595000,16000.0,10600,4,4,5,QUARTERLY,LOW,RETIREMENT,100.0,HIGH
55,98000.0,72100.0,6800.0,750000,49000.0,19100,7,1,5,MONTHLY,HIGH,EMERGENCY_FUND,56.0,MEDIUM
64,22000.0,12900.0,8900.0,146000,68000.0,200,5,2,1,MONTHLY,MEDIUM,WEALTH_CREATION,43.0,HIGH
49,52000.0,31200.0,0.0,722000,168000.0,28600,5,2,3,RARELY,LOW,TAX_SAVING,74.0,MEDIUM
21,91000.0,81500.0,0.0,913000,188000.0,13000,4,3,1,MONTHLY,MEDIUM,WEALTH_CREATION,49.0,HIGH
65,71000.0,40800.0,20000.0,1245000,95000.0,10200,9,4,3,MONTHLY,MEDIUM,TAX_SAVING,91.0,HIGH
60,117000.0,37000.0,54100.0,2220000,1043000.0,25900,20,2,3,MONTHLY,HIGH,TAX_SAVING,70.0,HIGH
36,40000.0,20800.0,9100.0,1252000,1048000.0,10100,17,2,3,RARELY,HIGH,EMERGENCY_FUND,48.0,HIGH
53,71000.0,31900.0,25000.0,581000,92000.0,14100,4,4,4,MONTHLY,MEDIUM,WEALTH_CREATION,93.0,HIGH
48,73000.0,33500.0,22200.0,1341000,533000.0,17300,2,5,4,MONTHLY,MEDIUM,TAX_SAVING,100.0,HIGH
48,81000.0,53200.0,0.0,523000,23000.0,36500,12,2,4,QUARTERLY,MEDIUM,WEALTH_CREATION,73.0,HIGH
59,107000.0,48100.0,41300.0,549000,214000.0,17600,4,3,4,LUMP_SUM,LOW,WEALTH_CREATION,99.0,HIGH
61,87000.0,48300.0,21500.0,1231000,793000.0,17200,6,5,1,LUMP_SUM,HIGH,EMERGENCY_FUND,64.0,HIGH
22,53000.0,17600.0,24200.0,255000,11000.0,11200,20,3,5,MONTHLY,MEDIUM,WEALTH_CREATION,89.0,HIGH
54,70000.0,52200.0,2200.0,1779000,656000.0,15600,1,2,3,MONTHLY,LOW,SHORT_TERM_GOAL,65.0,HIGH
46,52000.0,45200.0,0.0,1126000,555000.0,14200,7,1,3,LUMP_SUM,MEDIUM,RETIREMENT,41.0,HIGH
23,101000.0,51300.0,44400.0,274000,22000.0,5300,4,2,4,MONTHLY,HIGH,RETIREMENT,70.0,HIGH
61,100000.0,75000.0,2000.0,1915000,563000.0,23000,8,4,4,LUMP_SUM,LOW,WEALTH_CREATION,95.0,HIGH
60,25000.0,9000.0,8700.0,225000,24000.0,7300,14,3,2,MONTHLY,HIGH,EMERGENCY_FUND,74.0,HIGH
58,39000.0,30100.0,0.0,394000,43000.0,12700,9,1,4,MONTHLY,HIGH,RETIREMENT,58.0,MEDIUM
50,79000.0,67500.0,0.0,769000,237000.0,17800,18,1,3,LUMP_SUM,MEDIUM,WEALTH_CREATION,61.0,HIGH
51,134000.0,76700.0,48000.0,1043000,154000.0,9300,4,1,3,RARELY,MEDIUM,WEALTH_CREATION,41.0,MEDIUM
28,82000.0,47400.0,26200.0,284000,59000.0,8400,1,1,1,MONTHLY,LOW,EMERGENCY_FUND,42.0,LOW
22,99000.0,62500.0,19600.0,1399000,134000.0,16900,5,2,3,RARELY,HIGH,TAX_SAVING,49.0,MEDIUM
31,58000.0,30200.0,10500.0,1793000,238000.0,17300,2,2,4,MONTHLY,LOW,WEALTH_CREATION,78.0,HIGH
26,36000.0,30900.0,3400.0,390000,219000.0,1700,8,1,4,RARELY,MEDIUM,RETIREMENT,60.0,HIGH
30,44000.0,29800.0,3000.0,866000,264000.0,11200,7,2,3,RARELY,HIGH,RETIREMENT,44.0,HIGH
63,32000.0,27300.0,0.0,602000,147000.0,10500,4,3,1,MONTHLY,LOW,EMERGENCY_FUND,63.0,HIGH
53,84000.0,70400.0,0.0,193000,22000.0,18400,15,1,2,MONTHLY,HIGH,WEALTH_CREATION,47.0,MEDIUM
59,134000.0,101200.0,19500.0,918000,133000.0,13300,23,2,3,RARELY,LOW,RETIREMENT,83.0,HIGH
33,55000.0,39900.0,8900.0,2496000,47000.0,6200,6,3,3,MONTHLY,LOW,SHORT_TERM_GOAL,75.0,HIGH
61,83000.0,64700.0,17100.0,1742000,116000.0,1200,2,4,3,MONTHLY,LOW,SHORT_TERM_GOAL,68.0,HIGH
55,114000.0,102300.0,0.0,3269000,1327000.0,16200,6,1,5,MONTHLY,LOW,TAX_SAVING,84.0,HIGH
41,175000.0,73200.0,91900.0,1789000,573000.0,9900,10,2,2,QUARTERLY,MEDIUM,SHORT_TERM_GOAL,56.0,HIGH
26,215000.0,135700.0,0.0,5844000,3290000.0,109500,12,1,1,MONTHLY,HIGH,WEALTH_CREATION,20.0,HIGH
37,74000.0,29000.0,26800.0,85000,0.0,18200,1,1,3,LUMP_SUM,MEDIUM,SHORT_TERM_GOAL,44.0,LOW
26,76000.0,63800.0,0.0,493000,111000.0,14700,16,1,4,MONTHLY,LOW,WEALTH_CREATION,62.0,HIGH
52,76000.0,32500.0,29300.0,214000,13000.0,14200,5,2,1,RARELY,MEDIUM,TAX_SAVING,31.0,LOW
50,112000.0,91800.0,0.0,1235000,419000.0,24800,2,1,2,RARELY,LOW,WEALTH_CREATION,41.0,MEDIUM
65,25000.0,12500.0,12300.0,444000,224000.0,200,18,3,5,QUARTERLY,LOW,SHORT_TERM_GOAL,98.0,HIGH
39,41000.0,26100.0,12700.0,759000,51000.0,2200,8,2,3,MONTHLY,MEDIUM,RETIREMENT,64.0,HIGH
53,83000.0,56400.0,26100.0,307000,29000.0,500,16,5,3,MONTHLY,MEDIUM,SHORT_TERM_GOAL,88.0,HIGH
39,60000.0,47000.0,0.0,96000,8000.0,19600,4,1,1,QUARTERLY,LOW,TAX_SAVING,58.0,LOW
33,101000.0,30100.0,60500.0,537000,231000.0,10400,13,2,3,MONTHLY,HIGH,RETIREMENT,73.0,HIGH
48,39000.0,34900.0,0.0,756000,202000.0,5800,10,4,5,MONTHLY,HIGH,RETIREMENT,85.0,HIGH
47,102000.0,54100.0,30400.0,686000,255000.0,17500,4,4,4,RARELY,HIGH,RETIREMENT,72.0,HIGH
37,20000.0,15500.0,800.0,290000,54000.0,3700,8,2,1,MONTHLY,HIGH,WEALTH_CREATION,43.0,HIGH
38,110000.0,56600.0,11500.0,429000,46000.0,41900,9,1,2,RARELY,MEDIUM,WEALTH_CREATION,45.0,LOW
45,32000.0,17000.0,7600.0,219000,10000.0,7400,7,1,2,MONTHLY,MEDIUM,SHORT_TERM_GOAL,58.0,LOW
33,64000.0,51300.0,1500.0,947000,32000.0,11200,1,3,2,MONTHLY,MEDIUM,WEALTH_CREATION,73.0,HIGH
28,85000.0,60300.0,8100.0,208000,46000.0,16600,7,2,3,MONTHLY,HIGH,WEALTH_CREATION,58.0,MEDIUM
22,34000.0,16300.0,6800.0,243000,28000.0,10900,3,2,3,QUARTERLY,LOW,TAX_SAVING,77.0,HIGH
42,61000.0,40200.0,14500.0,750000,40000.0,6300,1,3,4,MONTHLY,HIGH,SHORT_TERM_GOAL,62.0,MEDIUM
33,49000.0,28700.0,13700.0,273000,40000.0,6600,10,1,5,LUMP_SUM,HIGH,TAX_SAVING,57.0,HIGH
60,35000.0,18700.0,7800.0,366000,129000.0,8500,24,5,1,MONTHLY,HIGH,RETIREMENT,84.0,HIGH
31,118000.0,94800.0,0.0,389000,89000.0,28000,15,3,3,MONTHLY,LOW,TAX_SAVING,73.0,HIGH
65,45000.0,18000.0,3300.0,513000,130000.0,23700,1,4,1,LUMP_SUM,HIGH,RETIREMENT,61.0,LOW
27,89000.0,48700.0,23700.0,848000,266000.0,16600,4,2,5,LUMP_SUM,HIGH,EMERGENCY_FUND,68.0,LOW
49,43000.0,35900.0,0.0,333000,129000.0,10600,12,1,2,LUMP_SUM,MEDIUM,RETIREMENT,45.0,MEDIUM
53,40000.0,25300.0,1700.0,295000,71000.0,13000,17,1,4,QUARTERLY,MEDIUM,EMERGENCY_FUND,67.0,MEDIUM
60,133000.0,86000.0,0.0,3519000,298000.0,73100,12,4,2,RARELY,LOW,WEALTH_CREATION,59.0,HIGH
34,73000.0,33900.0,35600.0,477000,90000.0,3500,9,1,3,RARELY,LOW,WEALTH_CREATION,61.0,HIGH
22,34000.0,24600.0,3400.0,622000,46000.0,6000,9,5,2,RARELY,MEDIUM,WEALTH_CREATION,53.0,HIGH
44,23000.0,17200.0,1000.0,300000,116000.0,4800,12,3,3,MONTHLY,HIGH,RETIREMENT,64.0,HIGH
38,77000.0,42400.0,31500.0,578000,307000.0,3100,14,1,2,MONTHLY,LOW,EMERGENCY_FUND,64.0,HIGH
51,37000.0,20100.0,4500.0,472000,87000.0,12400,3,1,2,MONTHLY,MEDIUM,RETIREMENT,77.0,MEDIUM
63,79000.0,26600.0,46800.0,960000,169000.0,5600,10,1,4,QUARTERLY,HIGH,EMERGENCY_FUND,58.0,MEDIUM
27,49000.0,27600.0,21400.0,92000,13000.0,0,11,1,3,MONTHLY,HIGH,RETIREMENT,44.0,HIGH
36,52000.0,17400.0,25100.0,189000,21000.0,9500,5,4,4,QUARTERLY,MEDIUM,TAX_SAVING,100.0,HIGH
50,63000.0,25100.0,31400.0,299000,33000.0,6500,6,2,2,MONTHLY,LOW,WEALTH_CREATION,59.0,HIGH
56,79000.0,53600.0,11700.0,239000,35000.0,13700,14,3,3,MONTHLY,MEDIUM,WEALTH_CREATION,71.0,HIGH
56,142000.0,65400.0,46400.0,627000,82000.0,30200,3,3,4,MONTHLY,LOW,SHORT_TERM_GOAL,99.0,HIGH
58,91000.0,51200.0,17900.0,1316000,441000.0,21900,9,1,3,QUARTERLY,HIGH,TAX_SAVING,46.0,HIGH
53,44000.0,22200.0,2900.0,1929000,682000.0,18900,1,3,3,QUARTERLY,HIGH,EMERGENCY_FUND,55.0,HIGH
50,53000.0,19000.0,29200.0,337000,133000.0,4800,20,2,4,LUMP_SUM,LOW,EMERGENCY_FUND,79.0,HIGH
46,43000.0,13000.0,14200.0,456000,37000.0,15800,9,2,2,LUMP_SUM,HIGH,WEALTH_CREATION,48.0,HIGH
55,60000.0,55200.0,0.0,1160000,247000.0,32500,19,4,4,MONTHLY,MEDIUM,TAX_SAVING,73.0,HIGH
52,69000.0,44800.0,21300.0,1276000,277000.0,2900,3,1,4,RARELY,HIGH,EMERGENCY_FUND,51.0,MEDIUM
32,105000.0,93300.0,0.0,1544000,217000.0,12600,7,1,2,RARELY,MEDIUM,SHORT_TERM_GOAL,35.0,LOW
32,55000.0,35300.0,4200.0,387000,225000.0,15500,14,3,4,RARELY,MEDIUM,RETIREMENT,75.0,HIGH
48,57000.0,47700.0,0.0,1643000,523000.0,13700,19,3,1,MONTHLY,LOW,RETIREMENT,66.0,HIGH
51,140000.0,44900.0,85100.0,295000,190000.0,10000,8,1,5,LUMP_SUM,LOW,RETIREMENT,74.0,HIGH
47,67000.0,41000.0,20800.0,1227000,346000.0,5200,18,1,3,QUARTERLY,LOW,RETIREMENT,68.0,HIGH
35,241000.0,96400.0,74100.0,1466000,177000.0,70500,4,1,5,MONTHLY,HIGH,SHORT_TERM_GOAL,53.0,MEDIUM
52,58000.0,17700.0,33600.0,302000,8000.0,6700,10,1,2,LUMP_SUM,HIGH,WEALTH_CREATION,36.0,MEDIUM
37,69000.0,40300.0,17500.0,1213000,350000.0,11200,3,1,2,MONTHLY,HIGH,TAX_SAVING,50.0,HIGH
47,115000.0,105800.0,900.0,2164000,1233000.0,8300,7,3,1,MONTHLY,MEDIUM,EMERGENCY_FUND,55.0,HIGH
27,54000.0,44200.0,0.0,1011000,505000.0,16400,1,1,5,MONTHLY,MEDIUM,TAX_SAVING,81.0,HIGH
27,26000.0,12800.0,0.0,193000,97000.0,14300,22,4,2,RARELY,MEDIUM,RETIREMENT,62.0,MEDIUM
38,32000.0,22600.0,4600.0,737000,278000.0,4800,6,1,5,RARELY,LOW,WEALTH_CREATION,55.0,HIGH
45,76000.0,15200.0,54200.0,30000,10000.0,6600,5,1,5,MONTHLY,LOW,WEALTH_CREATION,84.0,HIGH
54,156000.0,89700.0,47500.0,835000,37000.0,18800,14,2,2,RARELY,LOW,WEALTH_CREATION,61.0,HIGH
48,50000.0,33300.0,4300.0,1318000,72000.0,12400,11,1,2,MONTHLY,MEDIUM,WEALTH_CREATION,52.0,HIGH
37,97000.0,48200.0,23800.0,1821000,690000.0,25000,17,5,4,RARELY,HIGH,EMERGENCY_FUND,58.0,HIGH
33,61000.0,33500.0,20700.0,626000,102000.0,6800,21,3,4,LUMP_SUM,HIGH,RETIREMENT,68.0,HIGH
47,31000.0,8700.0,15200.0,384000,294000.0,7100,9,3,2,LUMP_SUM,MEDIUM,RETIREMENT,58.0,HIGH
41,76000.0,39100.0,32800.0,1016000,221000.0,4100,1,3,3,LUMP_SUM,MEDIUM,WEALTH_CREATION,76.0,HIGH
45,21000.0,18400.0,0.0,925000,58000.0,5300,6,4,4,LUMP_SUM,LOW,WEALTH_CREATION,83.0,HIGH
22,80000.0,50200.0,21100.0,2096000,539000.0,8700,4,2,4,MONTHLY,LOW,SHORT_TERM_GOAL,78.0,HIGH
51,53000.0,42400.0,0.0,295000,94000.0,25000,3,1,5,MONTHLY,LOW,EMERGENCY_FUND,60.0,LOW
37,44000.0,20500.0,22700.0,164000,79000.0,800,1,1,5,RARELY,LOW,TAX_SAVING,65.0,HIGH
53,58000.0,23200.0,31700.0,124000,19000.0,3100,13,2,2,MONTHLY,LOW,SHORT_TERM_GOAL,58.0,HIGH
42,51000.0,33200.0,2600.0,1191000,312000.0,15200,3,1,2,MONTHLY,MEDIUM,SHORT_TERM_GOAL,48.0,HIGH
48,55000.0,31600.0,16200.0,441000,5000.0,7200,14,2,4,MONTHLY,MEDIUM,WEALTH_CREATION,77.0,HIGH
51,115000.0,56100.0,16400.0,1256000,493000.0,42500,2,1,4,QUARTERLY,LOW,WEALTH_CREATION,73.0,HIGH
51,82000.0,60500.0,7200.0,428000,32000.0,14300,2,3,2,QUARTERLY,MEDIUM,RETIREMENT,79.0,LOW
61,66000.0,42700.0,14200.0,690000,202000.0,9100,9,4,4,QUARTERLY,MEDIUM,WEALTH_CREATION,92.0,HIGH
65,223000.0,205100.0,0.0,6073000,686000.0,52300,15,1,5,MONTHLY,MEDIUM,WEALTH_CREATION,69.0,HIGH
63,57000.0,45700.0,2400.0,1366000,236000.0,8900,6,2,2,QUARTERLY,LOW,WEALTH_CREATION,62.0,HIGH
64,57000.0,52400.0,800.0,618000,254000.0,3800,1,4,3,LUMP_SUM,MEDIUM,EMERGENCY_FUND,65.0,MEDIUM
56,39000.0,24800.0,12400.0,87000,4000.0,1800,2,4,2,RARELY,HIGH,EMERGENCY_FUND,41.0,LOW
29,57000.0,27300.0,0.0,1300000,87000.0,31300,1,2,4,LUMP_SUM,MEDIUM,RETIREMENT,64.0,MEDIUM
21,49000.0,43700.0,0.0,274000,103000.0,24800,17,3,5,RARELY,MEDIUM,EMERGENCY_FUND,82.0,LOW
64,50000.0,28200.0,10800.0,269000,92000.0,11000,3,1,3,LUMP_SUM,MEDIUM,RETIREMENT,58.0,MEDIUM
23,65000.0,40500.0,8100.0,898000,222000.0,16400,4,1,3,MONTHLY,MEDIUM,EMERGENCY_FUND,58.0,MEDIUM
24,54000.0,30900.0,13200.0,1805000,666000.0,9900,1,2,4,LUMP_SUM,MEDIUM,TAX_SAVING,69.0,HIGH
44,42000.0,9300.0,28500.0,227000,44000.0,4200,6,1,2,RARELY,HIGH,RETIREMENT,30.0,MEDIUM
57,43000.0,21900.0,17500.0,901000,459000.0,3600,3,2,2,MONTHLY,MEDIUM,SHORT_TERM_GOAL,52.0,HIGH
43,99000.0,83000.0,0.0,2221000,1512000.0,39200,11,2,3,MONTHLY,LOW,SHORT_TERM_GOAL,72.0,HIGH
62,132000.0,109600.0,13500.0,1068000,172000.0,8900,4,2,4,LUMP_SUM,LOW,SHORT_TERM_GOAL,76.0,MEDIUM
48,89000.0,21000.0,25000.0,1459000,380000.0,43000,17,1,3,MONTHLY,LOW,WEALTH_CREATION,71.0,HIGH
56,151000.0,136900.0,0.0,8710000,3677000.0,36600,10,2,3,MONTHLY,HIGH,SHORT_TERM_GOAL,68.0,HIGH
29,34000.0,18500.0,14200.0,319000,85000.0,1300,9,4,2,MONTHLY,LOW,WEALTH_CREATION,86.0,HIGH
64,46000.0,32500.0,11900.0,671000,59000.0,1600,21,4,3,RARELY,HIGH,WEALTH_CREATION,58.0,HIGH
30,44000.0,40400.0,2300.0,152000,54000.0,1300,19,3,3,RARELY,MEDIUM,WEALTH_CREATION,65.0,HIGH
28,109000.0,56900.0,18000.0,372000,110000.0,34100,1,2,2,MONTHLY,MEDIUM,SHORT_TERM_GOAL,67.0,LOW
53,73000.0,50500.0,16100.0,1256000,711000.0,6400,3,2,3,MONTHLY,HIGH,RETIREMENT,80.0,HIGH
28,34000.0,27800.0,4400.0,59000,6000.0,1800,3,1,3,LUMP_SUM,MEDIUM,EMERGENCY_FUND,54.0,LOW
27,128000.0,66400.0,29500.0,1424000,920000.0,32100,13,4,4,RARELY,MEDIUM,WEALTH_CREATION,83.0,HIGH
34,35000.0,18400.0,11600.0,387000,16000.0,5000,24,1,3,MONTHLY,LOW,EMERGENCY_FUND,61.0,HIGH
27,32000.0,18600.0,0.0,241000,151000.0,16900,11,2,1,LUMP_SUM,LOW,TAX_SAVING,55.0,MEDIUM
47,152000.0,79700.0,38600.0,545000,185000.0,33700,4,2,2,MONTHLY,MEDIUM,WEALTH_CREATION,63.0,MEDIUM
49,37000.0,20900.0,7500.0,358000,21000.0,8600,9,2,1,QUARTERLY,HIGH,TAX_SAVING,54.0,MEDIUM
33,67000.0,47600.0,12500.0,405000,18000.0,6900,13,3,1,LUMP_SUM,LOW,TAX_SAVING,52.0,HIGH
58,243000.0,138600.0,61800.0,5140000,3382000.0,42600,14,2,4,MONTHLY,MEDIUM,EMERGENCY_FUND,66.0,HIGH
22,74000.0,50600.0,3000.0,1770000,287000.0,20400,23,3,4,RARELY,HIGH,WEALTH_CREATION,58.0,HIGH
60,52000.0,43000.0,6500.0,1094000,293000.0,2500,5,3,5,RARELY,LOW,WEALTH_CREATION,74.0,HIGH
65,161000.0,104900.0,0.0,4377000,812000.0,63100,6,3,4,QUARTERLY,MEDIUM,SHORT_TERM_GOAL,78.0,HIGH
57,91000.0,46200.0,37200.0,1802000,521000.0,7600,3,4,1,RARELY,MEDIUM,WEALTH_CREATION,62.0,HIGH
24,90000.0,82800.0,0.0,785000,12000.0,23900,4,2,4,MONTHLY,LOW,WEALTH_CREATION,56.0,MEDIUM
36,97000.0,85600.0,6900.0,2137000,561000.0,4500,3,3,4,LUMP_SUM,HIGH,WEALTH_CREATION,71.0,HIGH
52,80000.0,27700.0,15900.0,736000,102000.0,36400,17,2,4,QUARTERLY,MEDIUM,WEALTH_CREATION,71.0,HIGH
57,60000.0,41600.0,17500.0,1224000,430000.0,900,4,5,2,LUMP_SUM,MEDIUM,TAX_SAVING,73.0,HIGH
24,27000.0,23800.0,0.0,344000,18000.0,9600,2,5,1,MONTHLY,LOW,WEALTH_CREATION,84.0,HIGH
54,64000.0,54000.0,8100.0,1095000,461000.0,1900,3,3,3,QUARTERLY,HIGH,RETIREMENT,80.0,HIGH
23,39000.0,19500.0,3200.0,165000,58000.0,16300,16,2,1,QUARTERLY,HIGH,RETIREMENT,48.0,LOW
48,121000.0,67600.0,12400.0,843000,249000.0,41000,17,1,4,MONTHLY,HIGH,WEALTH_CREATION,58.0,HIGH
37,34000.0,20800.0,9000.0,606000,277000.0,4200,3,4,1,MONTHLY,MEDIUM,WEALTH_CREATION,76.0,HIGH
34,25000.0,16000.0,4600.0,255000,19000.0,4400,3,2,2,LUMP_SUM,MEDIUM,WEALTH_CREATION,45.0,MEDIUM
41,112000.0,86600.0,21700.0,917000,347000.0,3700,18,5,5,MONTHLY,HIGH,WEALTH_CREATION,92.0,HIGH
56,106000.0,81400.0,14900.0,933000,314000.0,9700,1,1,4,MONTHLY,HIGH,EMERGENCY_FUND,65.0,LOW
46,53000.0,42800.0,1200.0,216000,18000.0,9000,12,1,2,RARELY,MEDIUM,EMERGENCY_FUND,42.0,LOW
21,57000.0,38100.0,12400.0,720000,131000.0,6500,5,2,2,LUMP_SUM,HIGH,RETIREMENT,52.0,HIGH
64,114000.0,53500.0,48300.0,635000,184000.0,12200,17,1,3,MONTHLY,MEDIUM,RETIREMENT,52.0,HIGH
62,62000.0,37000.0,5300.0,375000,8000.0,19700,2,2,1,MONTHLY,MEDIUM,EMERGENCY_FUND,54.0,LOW
47,129000.0,85900.0,22200.0,2411000,704000.0,20900,12,2,1,MONTHLY,MEDIUM,SHORT_TERM_GOAL,44.0,HIGH
39,154000.0,74500.0,75900.0,1411000,25000.0,3600,6,3,2,MONTHLY,HIGH,TAX_SAVING,58.0,HIGH
35,91000.0,74700.0,0.0,3574000,833000.0,26300,3,3,3,RARELY,HIGH,RETIREMENT,58.0,HIGH
35,52000.0,21500.0,28800.0,335000,55000.0,1700,20,1,1,LUMP_SUM,MEDIUM,TAX_SAVING,58.0,HIGH
62,97000.0,52500.0,18500.0,1046000,139000.0,26000,2,1,4,LUMP_SUM,HIGH,TAX_SAVING,41.0,MEDIUM
42,47000.0,24400.0,15400.0,186000,19000.0,7200,16,2,3,MONTHLY,HIGH,EMERGENCY_FUND,58.0,MEDIUM
49,123000.0,102600.0,0.0,2918000,1061000.0,48600,7,1,1,RARELY,HIGH,WEALTH_CREATION,28.0,MEDIUM
33,42000.0,29500.0,5700.0,284000,41000.0,6800,8,2,3,MONTHLY,MEDIUM,WEALTH_CREATION,75.0,HIGH
43,46000.0,23700.0,13300.0,1489000,196000.0,9000,8,2,5,LUMP_SUM,HIGH,TAX_SAVING,69.0,HIGH
33,40000.0,21400.0,5800.0,661000,186000.0,12800,20,3,5,MONTHLY,MEDIUM,TAX_SAVING,93.0,HIGH
37,162000.0,92500.0,41400.0,406000,290000.0,28100,10,1,2,RARELY,MEDIUM,TAX_SAVING,46.0,LOW
22,21000.0,16900.0,3900.0,485000,139000.0,200,12,3,3,MONTHLY,MEDIUM,RETIREMENT,69.0,HIGH
41,98000.0,67900.0,12200.0,1089000,129000.0,17900,3,1,2,MONTHLY,HIGH,RETIREMENT,44.0,LOW
35,47000.0,20700.0,17100.0,454000,152000.0,9200,15,2,5,LUMP_SUM,LOW,EMERGENCY_FUND,92.0,HIGH
63,86000.0,34500.0,43400.0,876000,85000.0,8100,8,4,2,MONTHLY,LOW,WEALTH_CREATION,83.0,HIGH
50,284000.0,241300.0,0.0,3084000,143000.0,76000,6,5,2,MONTHLY,MEDIUM,TAX_SAVING,81.0,MEDIUM
40,140000.0,97500.0,33000.0,3156000,292000.0,9500,3,1,5,MONTHLY,MEDIUM,RETIREMENT,72.0,HIGH
55,51000.0,22600.0,17300.0,485000,158000.0,11100,4,1,1,LUMP_SUM,MEDIUM,EMERGENCY_FUND,39.0,LOW
32,63000.0,33700.0,8200.0,623000,105000.0,21100,1,2,3,MONTHLY,HIGH,WEALTH_CREATION,69.0,HIGH
22,153000.0,98800.0,33400.0,850000,229000.0,20800,1,3,2,RARELY,MEDIUM,RETIREMENT,61.0,MEDIUM
39,31000.0,7200.0,9600.0,258000,67000.0,14200,1,2,3,QUARTERLY,HIGH,SHORT_TERM_GOAL,50.0,LOW
35,41000.0,24400.0,12100.0,134000,22000.0,4500,7,4,2,LUMP_SUM,HIGH,RETIREMENT,59.0,MEDIUM
44,52000.0,23200.0,26900.0,552000,118000.0,1900,23,3,2,MONTHLY,HIGH,RETIREMENT,58.0,HIGH
54,67000.0,52900.0,5900.0,1014000,584000.0,8200,5,2,1,RARELY,LOW,SHORT_TERM_GOAL,61.0,HIGH
46,95000.0,53900.0,31300.0,1385000,256000.0,9800,12,1,4,RARELY,HIGH,EMERGENCY_FUND,40.0,MEDIUM
32,26000.0,10300.0,13400.0,222000,125000.0,2300,4,1,2,LUMP_SUM,LOW,TAX_SAVING,60.0,HIGH
29,80000.0,65400.0,13200.0,634000,59000.0,1400,2,1,4,RARELY,HIGH,SHORT_TERM_GOAL,64.0,LOW
58,35000.0,18200.0,14700.0,66000,31000.0,2100,22,4,3,MONTHLY,LOW,TAX_SAVING,93.0,HIGH
28,30000.0,15200.0,12100.0,369000,249000.0,2700,14,4,1,LUMP_SUM,MEDIUM,TAX_SAVING,57.0,HIGH
45,63000.0,51700.0,0.0,529000,122000.0,12900,16,4,3,RARELY,MEDIUM,WEALTH_CREATION,87.0,HIGH
54,36000.0,20400.0,3700.0,620000,90000.0,11900,14,2,3,RARELY,MEDIUM,TAX_SAVING,69.0,HIGH
22,55000.0,42100.0,0.0,394000,13000.0,16200,8,2,4,RARELY,MEDIUM,RETIREMENT,74.0,MEDIUM
52,23000.0,17400.0,0.0,613000,254000.0,6000,8,4,4,MONTHLY,MEDIUM,SHORT_TERM_GOAL,83.0,HIGH
40,25000.0,19500.0,0.0,265000,117000.0,6600,19,3,2,MONTHLY,LOW,WEALTH_CREATION,77.0,HIGH
22,104000.0,73800.0,19500.0,1217000,106000.0,10700,1,2,5,RARELY,HIGH,WEALTH_CREATION,62.0,HIGH
52,88000.0,45500.0,0.0,1657000,624000.0,43200,2,2,2,RARELY,MEDIUM,SHORT_TERM_GOAL,50.0,MEDIUM
34,33000.0,23800.0,0.0,596000,336000.0,9300,12,2,3,MONTHLY,HIGH,WEALTH_CREATION,57.0,HIGH
34,41000.0,19900.0,4700.0,1026000,289000.0,16400,9,2,3,RARELY,LOW,RETIREMENT,51.0,HIGH
49,136000.0,60200.0,55300.0,683000,123000.0,20500,11,3,2,MONTHLY,MEDIUM,RETIREMENT,61.0,HIGH
29,43000.0,31000.0,6000.0,969000,161000.0,6000,20,3,2,LUMP_SUM,MEDIUM,WEALTH_CREATION,60.0,HIGH
25,108000.0,66700.0,2400.0,1951000,677000.0,38900,20,2,4,MONTHLY,HIGH,WEALTH_CREATION,66.0,HIGH
62,103000.0,69200.0,5900.0,3196000,213000.0,27900,10,1,4,RARELY,MEDIUM,EMERGENCY_FUND,55.0,HIGH
31,92000.0,38600.0,46000.0,447000,150000.0,7400,14,1,2,QUARTERLY,HIGH,WEALTH_CREATION,31.0,HIGH
28,58000.0,35500.0,13200.0,1253000,145000.0,9300,7,1,3,MONTHLY,HIGH,WEALTH_CREATION,36.0,HIGH
47,36000.0,27500.0,200.0,334000,43000.0,8300,8,1,2,QUARTERLY,MEDIUM,TAX_SAVING,51.0,LOW
25,39000.0,20200.0,15900.0,460000,200000.0,2900,8,2,3,QUARTERLY,MEDIUM,RETIREMENT,61.0,HIGH
61,37000.0,16000.0,11200.0,304000,47000.0,9800,2,2,3,QUARTERLY,MEDIUM,WEALTH_CREATION,66.0,MEDIUM
53,59000.0,50100.0,6100.0,761000,183000.0,2800,11,1,4,QUARTERLY,LOW,EMERGENCY_FUND,67.0,HIGH
52,110000.0,92700.0,0.0,1796000,84000.0,49900,17,2,5,MONTHLY,HIGH,RETIREMENT,89.0,HIGH
47,85000.0,44600.0,20900.0,2472000,843000.0,19500,8,1,3,MONTHLY,HIGH,EMERGENCY_FUND,53.0,HIGH
31,94000.0,86400.0,0.0,541000,346000.0,8300,1,3,3,MONTHLY,LOW,SHORT_TERM_GOAL,74.0,MEDIUM
61,22000.0,16100.0,3800.0,379000,72000.0,2100,11,2,4,RARELY,MEDIUM,WEALTH_CREATION,56.0,HIGH
57,50000.0,22100.0,21800.0,582000,54000.0,6100,8,4,2,QUARTERLY,MEDIUM,RETIREMENT,66.0,HIGH
34,67000.0,46400.0,4300.0,2113000,887000.0,16300,13,5,4,MONTHLY,MEDIUM,RETIREMENT,100.0,HIGH
31,104000.0,34400.0,59400.0,819000,189000.0,10200,3,3,2,MONTHLY,HIGH,WEALTH_CREATION,67.0,HIGH
26,118000.0,72000.0,30200.0,340000,153000.0,15800,9,3,2,MONTHLY,LOW,TAX_SAVING,85.0,HIGH
62,72000.0,22900.0,30900.0,419000,170000.0,18200,3,1,4,MONTHLY,MEDIUM,EMERGENCY_FUND,55.0,MEDIUM
47,36000.0,20700.0,14000.0,227000,39000.0,1300,6,2,3,MONTHLY,LOW,RETIREMENT,72.0,HIGH
44,60000.0,44100.0,10600.0,514000,11000.0,5300,7,3,3,MONTHLY,LOW,WEALTH_CREATION,81.0,HIGH
47,63000.0,38500.0,10700.0,712000,256000.0,13800,10,5,1,QUARTERLY,HIGH,WEALTH_CREATION,70.0,HIGH
48,168000.0,52100.0,89900.0,708000,120000.0,26000,1,3,2,MONTHLY,MEDIUM,RETIREMENT,63.0,HIGH
61,158000.0,98700.0,34900.0,3384000,246000.0,24400,9,1,4,MONTHLY,HIGH,RETIREMENT,63.0,HIGH
49,25000.0,15700.0,4700.0,457000,81000.0,4600,10,3,2,MONTHLY,MEDIUM,RETIREMENT,71.0,HIGH
53,95000.0,68600.0,13100.0,214000,8000.0,13300,13,4,2,QUARTERLY,MEDIUM,RETIREMENT,79.0,HIGH
57,72000.0,61500.0,0.0,1999000,1380000.0,12700,1,3,3,LUMP_SUM,LOW,TAX_SAVING,71.0,HIGH
48,56000.0,28500.0,16900.0,1710000,701000.0,10600,4,5,3,RARELY,MEDIUM,WEALTH_CREATION,74.0,HIGH
34,240000.0,132000.0,98200.0,709000,166000.0,9800,1,1,4,MONTHLY,MEDIUM,WEALTH_CREATION,61.0,HIGH
33,61000.0,28500.0,6200.0,497000,43000.0,26300,7,1,1,LUMP_SUM,HIGH,WEALTH_CREATION,35.0,LOW
45,60000.0,33200.0,13600.0,242000,109000.0,13200,1,2,5,MONTHLY,LOW,EMERGENCY_FUND,91.0,MEDIUM
64,143000.0,91400.0,39100.0,1088000,500000.0,12500,11,3,1,MONTHLY,HIGH,WEALTH_CREATION,59.0,HIGH
61,76000.0,63200.0,0.0,571000,60000.0,15800,9,5,2,MONTHLY,LOW,SHORT_TERM_GOAL,99.0,HIGH
54,130000.0,96400.0,19400.0,367000,84000.0,14200,14,2,4,LUMP_SUM,LOW,RETIREMENT,81.0,HIGH
34,104000.0,71800.0,25400.0,448000,48000.0,6800,8,2,1,RARELY,MEDIUM,EMERGENCY_FUND,43.0,LOW
63,61000.0,35400.0,17900.0,595000,10000.0,7700,11,1,4,LUMP_SUM,MEDIUM,RETIREMENT,61.0,HIGH
62,53000.0,34900.0,1100.0,1156000,119000.0,17000,3,3,1,MONTHLY,MEDIUM,EMERGENCY_FUND,68.0,HIGH
61,110000.0,85800.0,16900.0,2259000,271000.0,7300,10,3,1,RARELY,HIGH,RETIREMENT,43.0,HIGH
56,62000.0,28600.0,17200.0,424000,132000.0,16200,3,1,1,MONTHLY,HIGH,TAX_SAVING,42.0,MEDIUM
46,102000.0,69100.0,15700.0,397000,149000.0,17200,18,1,4,LUMP_SUM,MEDIUM,SHORT_TERM_GOAL,75.0,LOW
43,107000.0,84400.0,3400.0,564000,194000.0,19200,7,1,3,LUMP_SUM,LOW,EMERGENCY_FUND,53.0,MEDIUM
25,33000.0,16000.0,8600.0,978000,130000.0,8400,8,1,4,MONTHLY,HIGH,WEALTH_CREATION,34.0,HIGH
56,52000.0,41600.0,4800.0,256000,19000.0,5600,1,1,1,MONTHLY,LOW,WEALTH_CREATION,40.0,MEDIUM
22,57000.0,38200.0,4200.0,55000,13000.0,14600,8,1,3,MONTHLY,MEDIUM,SHORT_TERM_GOAL,55.0,LOW
52,60000.0,33800.0,6500.0,554000,88000.0,19700,4,2,2,QUARTERLY,MEDIUM,SHORT_TERM_GOAL,59.0,MEDIUM
46,77000.0,50300.0,18000.0,372000,37000.0,8700,8,2,4,LUMP_SUM,MEDIUM,WEALTH_CREATION,63.0,HIGH
55,66000.0,25100.0,15500.0,159000,26000.0,25400,12,3,4,MONTHLY,MEDIUM,RETIREMENT,73.0,HIGH
23,153000.0,128400.0,0.0,3000000,1584000.0,47300,2,3,2,QUARTERLY,LOW,RETIREMENT,74.0,HIGH
45,25000.0,17000.0,3000.0,653000,138000.0,5000,7,4,5,MONTHLY,MEDIUM,WEALTH_CREATION,88.0,HIGH
65,72000.0,38500.0,31200.0,563000,119000.0,2300,8,3,2,LUMP_SUM,MEDIUM,TAX_SAVING,60.0,HIGH
22,34000.0,22300.0,3100.0,407000,11000.0,8600,6,3,2,QUARTERLY,MEDIUM,RETIREMENT,81.0,HIGH
55,49000.0,25900.0,5600.0,293000,35000.0,17500,7,3,2,QUARTERLY,HIGH,WEALTH_CREATION,52.0,LOW
60,53000.0,19300.0,30800.0,167000,55000.0,2900,12,2,3,QUARTERLY,LOW,TAX_SAVING,77.0,HIGH
43,37000.0,34000.0,0.0,649000,72000.0,13700,20,1,2,LUMP_SUM,HIGH,WEALTH_CREATION,31.0,MEDIUM
35,58000.0,43300.0,0.0,1450000,773000.0,17400,3,4,1,MONTHLY,HIGH,SHORT_TERM_GOAL,56.0,HIGH
32,90000.0,35200.0,43500.0,180000,6000.0,11300,5,4,5,MONTHLY,HIGH,EMERGENCY_FUND,74.0,MEDIUM
55,123000.0,93000.0,24000.0,342000,184000.0,6000,14,3,1,RARELY,LOW,TAX_SAVING,61.0,HIGH
29,60000.0,24100.0,24300.0,208000,97000.0,11600,1,2,3,QUARTERLY,HIGH,EMERGENCY_FUND,61.0,LOW
64,55000.0,19500.0,24300.0,454000,96000.0,11200,9,1,1,MONTHLY,LOW,EMERGENCY_FUND,57.0,MEDIUM
52,191000.0,93400.0,61500.0,2249000,285000.0,36100,1,3,2,MONTHLY,HIGH,RETIREMENT,71.0,HIGH
35,36000.0,20200.0,9000.0,472000,135000.0,6800,14,3,2,LUMP_SUM,LOW,EMERGENCY_FUND,72.0,HIGH
36,99000.0,64800.0,19900.0,2594000,483000.0,14300,12,1,1,MONTHLY,HIGH,TAX_SAVING,30.0,HIGH
53,79000.0,52200.0,22700.0,1592000,647000.0,4100,6,3,2,MONTHLY,MEDIUM,TAX_SAVING,74.0,HIGH
38,24000.0,17100.0,1600.0,381000,143000.0,5300,5,2,3,MONTHLY,HIGH,SHORT_TERM_GOAL,53.0,MEDIUM
51,83000.0,55500.0,23200.0,847000,119000.0,4300,2,3,3,QUARTERLY,HIGH,SHORT_TERM_GOAL,65.0,MEDIUM
27,31000.0,17200.0,3000.0,539000,51000.0,10800,19,1,2,MONTHLY,HIGH,TAX_SAVING,42.0,HIGH
35,144000.0,91400.0,34300.0,1894000,220000.0,18300,8,1,3,MONTHLY,LOW,TAX_SAVING,70.0,HIGH
55,162000.0,85900.0,58500.0,1402000,341000.0,17600,16,2,2,RARELY,LOW,RETIREMENT,55.0,HIGH
48,32000.0,19800.0,5500.0,492000,47000.0,6700,16,2,2,MONTHLY,MEDIUM,EMERGENCY_FUND,70.0,HIGH
37,35000.0,26900.0,4100.0,357000,185000.0,4000,1,4,5,RARELY,MEDIUM,RETIREMENT,87.0,HIGH
49,58000.0,53300.0,0.0,1621000,112000.0,16800,13,3,2,MONTHLY,HIGH,EMERGENCY_FUND,48.0,HIGH
48,32000.0,16300.0,0.0,280000,43000.0,17600,13,3,2,MONTHLY,HIGH,WEALTH_CREATION,57.0,MEDIUM
40,103000.0,45100.0,49600.0,329000,74000.0,8300,13,4,3,MONTHLY,HIGH,RETIREMENT,64.0,HIGH
43,22000.0,17400.0,300.0,455000,137000.0,4300,2,1,1,MONTHLY,LOW,SHORT_TERM_GOAL,55.0,HIGH
41,66000.0,49700.0,0.0,652000,162000.0,23400,11,1,4,LUMP_SUM,MEDIUM,WEALTH_CREATION,63.0,MEDIUM
36,106000.0,73400.0,14100.0,1229000,326000.0,18500,3,1,4,MONTHLY,HIGH,WEALTH_CREATION,42.0,HIGH
50,42000.0,16800.0,19900.0,247000,47000.0,5300,7,1,4,MONTHLY,LOW,WEALTH_CREATION,81.0,HIGH
22,145000.0,115200.0,14100.0,953000,412000.0,15700,12,4,3,LUMP_SUM,LOW,WEALTH_CREATION,67.0,HIGH
41,229000.0,134200.0,66500.0,5465000,361000.0,28300,1,1,2,MONTHLY,MEDIUM,WEALTH_CREATION,32.0,HIGH
49,70000.0,55600.0,0.0,301000,229000.0,19200,3,4,4,MONTHLY,HIGH,EMERGENCY_FUND,80.0,LOW
50,29000.0,13800.0,5100.0,346000,157000.0,10100,13,1,4,QUARTERLY,HIGH,WEALTH_CREATION,60.0,HIGH
59,77000.0,70800.0,0.0,1916000,223000.0,27200,8,1,2,MONTHLY,HIGH,SHORT_TERM_GOAL,59.0,MEDIUM
36,172000.0,78800.0,49200.0,2312000,1091000.0,44000,10,2,3,MONTHLY,MEDIUM,RETIREMENT,78.0,HIGH
33,170000.0,114000.0,16800.0,2412000,345000.0,39200,5,3,5,RARELY,HIGH,SHORT_TERM_GOAL,71.0,MEDIUM
23,47000.0,34900.0,9700.0,432000,113000.0,2400,10,1,4,RARELY,MEDIUM,TAX_SAVING,56.0,HIGH
22,44000.0,30200.0,5800.0,189000,9000.0,8000,9,4,1,QUARTERLY,LOW,WEALTH_CREATION,81.0,HIGH
41,20000.0,11500.0,4600.0,336000,132000.0,3900,2,2,4,RARELY,HIGH,RETIREMENT,44.0,MEDIUM
59,37000.0,28200.0,500.0,337000,67000.0,8300,5,2,5,QUARTERLY,HIGH,EMERGENCY_FUND,65.0,LOW
58,37000.0,17100.0,5200.0,489000,127000.0,14700,23,3,4,LUMP_SUM,LOW,WEALTH_CREATION,75.0,HIGH
32,24000.0,17300.0,0.0,212000,2000.0,10100,7,2,2,MONTHLY,MEDIUM,TAX_SAVING,65.0,LOW
35,41000.0,21600.0,18400.0,650000,366000.0,1000,6,1,2,RARELY,MEDIUM,WEALTH_CREATION,42.0,HIGH
27,275000.0,142000.0,87700.0,2303000,467000.0,45300,6,1,4,MONTHLY,MEDIUM,SHORT_TERM_GOAL,66.0,HIGH
58,103000.0,82600.0,0.0,1942000,178000.0,24400,7,1,3,MONTHLY,MEDIUM,RETIREMENT,56.0,HIGH
26,97000.0,59000.0,3100.0,1296000,317000.0,34900,9,1,5,LUMP_SUM,LOW,SHORT_TERM_GOAL,68.0,HIGH
60,86000.0,19100.0,55800.0,193000,70000.0,11100,3,1,2,LUMP_SUM,LOW,WEALTH_CREATION,61.0,HIGH
48,47000.0,31700.0,7300.0,184000,23000.0,8000,4,2,5,RARELY,LOW,WEALTH_CREATION,90.0,HIGH
59,96000.0,71600.0,0.0,3526000,206000.0,44100,12,4,1,MONTHLY,MEDIUM,WEALTH_CREATION,81.0,HIGH
34,36000.0,18400.0,9500.0,263000,13000.0,8100,9,1,3,QUARTERLY,HIGH,WEALTH_CREATION,49.0,MEDIUM
53,56000.0,35600.0,6600.0,1456000,370000.0,13800,10,4,1,QUARTERLY,LOW,WEALTH_CREATION,76.0,HIGH
27,150000.0,86800.0,10700.0,430000,181000.0,52500,10,2,2,MONTHLY,LOW,WEALTH_CREATION,75.0,HIGH
49,63000.0,31400.0,14000.0,423000,96000.0,17600,17,5,4,LUMP_SUM,MEDIUM,WEALTH_CREATION,88.0,HIGH
63,39000.0,32400.0,0.0,736000,26000.0,15200,7,5,3,RARELY,HIGH,WEALTH_CREATION,64.0,HIGH
26,195000.0,173400.0,16600.0,3082000,123000.0,5000,21,3,2,LUMP_SUM,MEDIUM,RETIREMENT,72.0,HIGH
45,68000.0,47200.0,12300.0,916000,275000.0,8500,14,2,3,RARELY,LOW,RETIREMENT,60.0,HIGH
32,23000.0,12900.0,9800.0,66000,17000.0,300,6,1,2,LUMP_SUM,LOW,EMERGENCY_FUND,56.0,MEDIUM
27,23000.0,12200.0,3500.0,633000,14000.0,7300,6,1,4,QUARTERLY,MEDIUM,TAX_SAVING,59.0,HIGH
63,81000.0,66700.0,8200.0,974000,572000.0,6100,7,1,4,RARELY,LOW,WEALTH_CREATION,65.0,HIGH
56,46000.0,37600.0,3100.0,1081000,520000.0,5300,1,3,2,MONTHLY,HIGH,RETIREMENT,57.0,HIGH
22,75000.0,43800.0,28800.0,399000,132000.0,2400,8,5,2,LUMP_SUM,LOW,SHORT_TERM_GOAL,89.0,HIGH
39,193000.0,91100.0,89500.0,3791000,442000.0,12400,13,4,3,MONTHLY,HIGH,RETIREMENT,53.0,HIGH
36,33000.0,14400.0,5200.0,359000,48000.0,13400,11,3,2,MONTHLY,LOW,WEALTH_CREATION,85.0,HIGH
45,21000.0,8300.0,9000.0,252000,50000.0,3700,12,1,2,MONTHLY,LOW,WEALTH_CREATION,49.0,HIGH
28,42000.0,22600.0,0.0,583000,285000.0,23100,1,3,3,LUMP_SUM,LOW,SHORT_TERM_GOAL,61.0,MEDIUM
54,52000.0,31500.0,3000.0,412000,134000.0,17500,1,1,1,QUARTERLY,MEDIUM,RETIREMENT,58.0,LOW
52,120000.0,103100.0,0.0,4662000,910000.0,18400,1,2,1,RARELY,HIGH,RETIREMENT,28.0,HIGH
59,24000.0,9900.0,11200.0,55000,29000.0,2900,3,3,2,MONTHLY,MEDIUM,WEALTH_CREATION,79.0,HIGH
34,38000.0,27300.0,8600.0,308000,8000.0,2100,4,3,4,MONTHLY,HIGH,RETIREMENT,74.0,HIGH
34,29000.0,7400.0,14700.0,189000,56000.0,6900,3,1,2,MONTHLY,LOW,WEALTH_CREATION,66.0,HIGH
61,26000.0,18900.0,1700.0,227000,23000.0,5400,6,4,2,MONTHLY,HIGH,SHORT_TERM_GOAL,74.0,MEDIUM
23,55000.0,28600.0,16300.0,1352000,94000.0,10100,22,3,3,MONTHLY,MEDIUM,WEALTH_CREATION,73.0,HIGH
39,155000.0,92300.0,33000.0,704000,256000.0,29700,19,5,3,RARELY,HIGH,WEALTH_CREATION,61.0,HIGH
43,88000.0,75200.0,0.0,1450000,425000.0,28200,18,2,4,QUARTERLY,HIGH,RETIREMENT,68.0,HIGH
59,74000.0,55700.0,0.0,523000,238000.0,26700,19,2,1,RARELY,HIGH,EMERGENCY_FUND,14.0,LOW
36,28000.0,20800.0,4800.0,637000,328000.0,2400,7,1,5,RARELY,HIGH,SHORT_TERM_GOAL,76.0,HIGH
36,52000.0,30300.0,16100.0,183000,106000.0,5600,19,2,1,LUMP_SUM,LOW,TAX_SAVING,52.0,HIGH
21,35000.0,21500.0,900.0,1043000,261000.0,12600,6,4,1,MONTHLY,LOW,WEALTH_CREATION,84.0,HIGH
27,49000.0,21100.0,24800.0,180000,36000.0,3100,9,2,5,MONTHLY,MEDIUM,SHORT_TERM_GOAL,68.0,HIGH
33,41000.0,31900.0,0.0,1149000,145000.0,19600,21,2,5,MONTHLY,HIGH,RETIREMENT,74.0,HIGH
41,88000.0,56200.0,26800.0,645000,28000.0,5000,3,2,2,MONTHLY,LOW,WEALTH_CREATION,78.0,HIGH
40,44000.0,25100.0,16100.0,328000,119000.0,2800,1,2,2,RARELY,MEDIUM,SHORT_TERM_GOAL,58.0,MEDIUM
52,79000.0,54700.0,17100.0,596000,158000.0,7200,8,4,1,LUMP_SUM,HIGH,TAX_SAVING,53.0,HIGH
21,46000.0,42300.0,0.0,1713000,843000.0,4600,16,1,2,MONTHLY,MEDIUM,TAX_SAVING,41.0,HIGH
57,61000.0,47800.0,6600.0,1416000,1056000.0,6600,7,1,1,MONTHLY,MEDIUM,SHORT_TERM_GOAL,60.0,HIGH
40,49000.0,40100.0,0.0,777000,21000.0,9200,16,2,4,LUMP_SUM,MEDIUM,RETIREMENT,93.0,HIGH
25,61000.0,33200.0,9300.0,600000,190000.0,18500,4,1,1,MONTHLY,LOW,SHORT_TERM_GOAL,69.0,MEDIUM
39,27000.0,15900.0,10000.0,96000,13000.0,1100,1,2,4,MONTHLY,MEDIUM,TAX_SAVING,64.0,MEDIUM
43,64000.0,40700.0,6100.0,550000,96000.0,17200,1,1,2,MONTHLY,LOW,WEALTH_CREATION,63.0,HIGH
33,146000.0,79200.0,31000.0,570000,90000.0,35800,14,5,2,MONTHLY,HIGH,WEALTH_CREATION,94.0,MEDIUM
42,74000.0,43700.0,2600.0,310000,13000.0,27700,2,2,2,MONTHLY,MEDIUM,RETIREMENT,56.0,LOW
65,49000.0,38500.0,0.0,2427000,646000.0,22400,15,2,5,RARELY,LOW,EMERGENCY_FUND,78.0,HIGH
26,111000.0,69900.0,26300.0,664000,354000.0,14800,16,2,4,MONTHLY,HIGH,SHORT_TERM_GOAL,69.0,HIGH
46,38000.0,23500.0,9100.0,265000,45000.0,5400,10,3,4,QUARTERLY,MEDIUM,WEALTH_CREATION,91.0,HIGH
61,29000.0,19600.0,1300.0,319000,56000.0,8100,1,2,5,QUARTERLY,LOW,EMERGENCY_FUND,89.0,HIGH
44,49000.0,28700.0,0.0,713000,252000.0,26900,3,4,1,MONTHLY,MEDIUM,RETIREMENT,82.0,HIGH
54,133000.0,122300.0,0.0,2162000,1359000.0,44500,6,5,4,LUMP_SUM,MEDIUM,WEALTH_CREATION,93.0,HIGH
55,29000.0,19400.0,7900.0,452000,112000.0,1700,9,2,1,MONTHLY,MEDIUM,WEALTH_CREATION,61.0,HIGH
32,52000.0,34200.0,8400.0,560000,210000.0,9400,7,1,4,MONTHLY,MEDIUM,SHORT_TERM_GOAL,58.0,HIGH
40,65000.0,46300.0,2700.0,372000,49000.0,16000,3,2,4,MONTHLY,HIGH,WEALTH_CREATION,79.0,HIGH
31,59000.0,39500.0,7200.0,471000,213000.0,12300,1,3,2,MONTHLY,LOW,SHORT_TERM_GOAL,60.0,HIGH
30,33000.0,16200.0,6700.0,342000,26000.0,10100,23,4,4,QUARTERLY,LOW,WEALTH_CREATION,94.0,HIGH
44,189000.0,158400.0,15000.0,408000,48000.0,15600,1,3,5,MONTHLY,MEDIUM,RETIREMENT,91.0,HIGH
56,104000.0,40500.0,41100.0,545000,132000.0,22400,11,3,4,RARELY,LOW,EMERGENCY_FUND,66.0,HIGH
54,26000.0,13100.0,8800.0,75000,11000.0,4100,4,1,2,LUMP_SUM,MEDIUM,RETIREMENT,28.0,LOW
53,77000.0,58600.0,800.0,560000,229000.0,17600,5,1,2,MONTHLY,MEDIUM,TAX_SAVING,50.0,MEDIUM
35,99000.0,52900.0,39100.0,390000,17000.0,7000,9,2,5,QUARTERLY,HIGH,WEALTH_CREATION,70.0,HIGH
61,138000.0,103000.0,0.0,1255000,320000.0,35800,2,3,2,QUARTERLY,MEDIUM,TAX_SAVING,61.0,MEDIUM
23,60000.0,39400.0,11300.0,256000,25000.0,9300,5,4,3,MONTHLY,HIGH,EMERGENCY_FUND,86.0,MEDIUM
33,62000.0,23800.0,29200.0,707000,208000.0,9000,15,1,4,RARELY,MEDIUM,WEALTH_CREATION,65.0,HIGH
25,220000.0,149100.0,40200.0,3239000,1132000.0,30700,11,2,2,MONTHLY,MEDIUM,WEALTH_CREATION,78.0,HIGH
47,48000.0,35700.0,4900.0,609000,159000.0,7400,2,4,2,MONTHLY,MEDIUM,WEALTH_CREATION,92.0,HIGH
49,33000.0,15400.0,8400.0,304000,49000.0,9200,13,2,3,QUARTERLY,MEDIUM,WEALTH_CREATION,76.0,HIGH
37,69000.0,37700.0,4600.0,99000,16000.0,26700,17,3,4,MONTHLY,MEDIUM,EMERGENCY_FUND,72.0,HIGH
49,74000.0,51400.0,0.0,2235000,355000.0,40700,3,1,1,MONTHLY,LOW,WEALTH_CREATION,59.0,HIGH
54,140000.0,51700.0,31100.0,720000,12000.0,57200,12,2,1,QUARTERLY,MEDIUM,SHORT_TERM_GOAL,51.0,LOW
30,107000.0,69400.0,23000.0,3170000,189000.0,14600,14,1,1,MONTHLY,MEDIUM,EMERGENCY_FUND,47.0,HIGH
43,32000.0,27000.0,0.0,223000,110000.0,9900,1,3,2,RARELY,HIGH,TAX_SAVING,61.0,LOW
44,45000.0,31000.0,8300.0,1128000,194000.0,5700,7,2,2,LUMP_SUM,MEDIUM,RETIREMENT,48.0,HIGH
50,26000.0,14400.0,7900.0,189000,34000.0,3700,21,3,1,RARELY,LOW,TAX_SAVING,60.0,HIGH
38,75000.0,49200.0,16800.0,19000,6000.0,9000,7,3,3,MONTHLY,MEDIUM,WEALTH_CREATION,60.0,HIGH
61,66000.0,48600.0,6000.0,1726000,278000.0,11400,13,1,2,LUMP_SUM,LOW,WEALTH_CREATION,56.0,HIGH
33,50000.0,30000.0,4000.0,260000,54000.0,16000,4,2,2,RARELY,MEDIUM,TAX_SAVING,45.0,LOW
43,79000.0,41000.0,18800.0,436000,28000.0,19200,2,4,3,MONTHLY,MEDIUM,RETIREMENT,98.0,HIGH
23,20000.0,10600.0,8500.0,48000,15000.0,900,12,1,2,MONTHLY,HIGH,WEALTH_CREATION,34.0,HIGH
37,99000.0,36300.0,46900.0,705000,54000.0,15800,10,5,3,LUMP_SUM,LOW,TAX_SAVING,86.0,HIGH
50,45000.0,24600.0,2000.0,377000,133000.0,18400,13,1,3,MONTHLY,MEDIUM,WEALTH_CREATION,67.0,HIGH
23,90000.0,26300.0,56600.0,442000,198000.0,7100,6,1,5,LUMP_SUM,HIGH,RETIREMENT,73.0,HIGH
23,79000.0,72600.0,0.0,716000,356000.0,13500,1,2,2,MONTHLY,MEDIUM,TAX_SAVING,68.0,MEDIUM
28,35000.0,24900.0,4900.0,219000,130000.0,5200,1,4,3,MONTHLY,LOW,RETIREMENT,85.0,HIGH
60,75000.0,49200.0,6100.0,485000,112000.0,19700,13,1,2,RARELY,MEDIUM,WEALTH_CREATION,40.0,LOW
57,47000.0,24500.0,14600.0,190000,19000.0,7900,2,2,3,LUMP_SUM,HIGH,WEALTH_CREATION,45.0,LOW
26,128000.0,80000.0,13600.0,717000,395000.0,34400,3,1,2,RARELY,MEDIUM,TAX_SAVING,32.0,MEDIUM
36,48000.0,24600.0,6100.0,382000,10000.0,17300,18,4,3,LUMP_SUM,MEDIUM,WEALTH_CREATION,91.0,HIGH
65,96000.0,34200.0,9000.0,406000,188000.0,52800,3,3,2,MONTHLY,HIGH,WEALTH_CREATION,50.0,MEDIUM
21,112000.0,81300.0,15100.0,507000,52000.0,15600,1,1,1,MONTHLY,HIGH,WEALTH_CREATION,42.0,LOW
57,151000.0,68100.0,32100.0,1603000,566000.0,50800,12,1,3,QUARTERLY,LOW,TAX_SAVING,60.0,HIGH
31,20000.0,13500.0,0.0,747000,237000.0,7400,4,3,2,QUARTERLY,HIGH,WEALTH_CREATION,41.0,HIGH
26,96000.0,64100.0,26500.0,2284000,994000.0,5400,4,1,3,MONTHLY,MEDIUM,WEALTH_CREATION,44.0,HIGH
56,55000.0,20700.0,23400.0,466000,102000.0,10900,9,2,5,QUARTERLY,MEDIUM,WEALTH_CREATION,70.0,HIGH
65,52000.0,36400.0,0.0,1067000,245000.0,16700,7,5,2,MONTHLY,MEDIUM,RETIREMENT,88.0,HIGH
43,87000.0,72100.0,12300.0,421000,201000.0,2600,19,5,1,MONTHLY,HIGH,WEALTH_CREATION,63.0,HIGH
27,54000.0,32500.0,0.0,619000,5000.0,25200,3,4,3,QUARTERLY,HIGH,RETIREMENT,79.0,MEDIUM
61,69000.0,37500.0,8000.0,822000,347000.0,23500,8,1,1,QUARTERLY,MEDIUM,EMERGENCY_FUND,39.0,LOW
23,34000.0,28600.0,0.0,623000,124000.0,10800,8,2,1,LUMP_SUM,HIGH,RETIREMENT,37.0,MEDIUM
65,84000.0,34700.0,29900.0,625000,73000.0,19400,1,2,4,MONTHLY,MEDIUM,SHORT_TERM_GOAL,67.0,MEDIUM
47,53000.0,31200.0,11900.0,550000,115000.0,9900,13,4,3,QUARTERLY,HIGH,RETIREMENT,78.0,HIGH
55,64000.0,49400.0,3200.0,320000,60000.0,11400,7,2,2,RARELY,HIGH,SHORT_TERM_GOAL,55.0,LOW
43,52000.0,39500.0,9700.0,337000,156000.0,2800,17,1,4,RARELY,HIGH,WEALTH_CREATION,42.0,HIGH
45,98000.0,33100.0,35400.0,299000,32000.0,29500,7,1,2,LUMP_SUM,HIGH,WEALTH_CREATION,35.0,MEDIUM
44,98000.0,49300.0,9000.0,1422000,523000.0,39700,4,4,2,LUMP_SUM,MEDIUM,SHORT_TERM_GOAL,79.0,MEDIUM
25,70000.0,60600.0,3900.0,1445000,343000.0,5500,6,1,2,QUARTERLY,HIGH,TAX_SAVING,47.0,HIGH
22,109000.0,54100.0,31900.0,295000,76000.0,23000,11,4,4,MONTHLY,LOW,RETIREMENT,100.0,HIGH
48,150000.0,38600.0,61200.0,3280000,1023000.0,50200,5,1,2,LUMP_SUM,MEDIUM,SHORT_TERM_GOAL,44.0,HIGH
62,82000.0,49500.0,18100.0,2943000,1409000.0,14400,11,2,4,MONTHLY,MEDIUM,WEALTH_CREATION,64.0,HIGH
51,74000.0,52500.0,0.0,1575000,898000.0,25100,6,4,5,QUARTERLY,HIGH,WEALTH_CREATION,93.0,HIGH
42,52000.0,30100.0,14400.0,228000,51000.0,7500,15,3,5,MONTHLY,LOW,TAX_SAVING,88.0,HIGH
47,86000.0,73700.0,0.0,795000,188000.0,17800,1,3,4,QUARTERLY,LOW,WEALTH_CREATION,85.0,HIGH
27,86000.0,79100.0,0.0,1627000,656000.0,23000,13,3,4,MONTHLY,LOW,TAX_SAVING,87.0,HIGH
44,89000.0,64100.0,13400.0,465000,52000.0,11500,15,3,3,LUMP_SUM,LOW,WEALTH_CREATION,67.0,HIGH
51,93000.0,80500.0,0.0,2027000,1111000.0,27600,13,1,2,MONTHLY,MEDIUM,TAX_SAVING,61.0,HIGH
41,51000.0,26800.0,11900.0,938000,672000.0,12300,8,2,3,QUARTERLY,MEDIUM,TAX_SAVING,63.0,HIGH
54,129000.0,77200.0,14300.0,2115000,574000.0,37500,11,1,2,LUMP_SUM,MEDIUM,TAX_SAVING,44.0,HIGH
61,45000.0,20500.0,19300.0,361000,31000.0,5200,8,2,1,RARELY,MEDIUM,WEALTH_CREATION,53.0,HIGH
36,55000.0,50600.0,0.0,1207000,108000.0,22900,14,2,5,MONTHLY,HIGH,SHORT_TERM_GOAL,73.0,HIGH
30,76000.0,39900.0,27300.0,695000,201000.0,8800,2,2,3,RARELY,LOW,TAX_SAVING,57.0,HIGH
21,59000.0,30000.0,8100.0,433000,72000.0,20900,2,1,4,MONTHLY,HIGH,WEALTH_CREATION,77.0,MEDIUM
39,87000.0,59800.0,22500.0,605000,109000.0,4700,5,1,4,RARELY,MEDIUM,TAX_SAVING,71.0,HIGH
57,23000.0,10600.0,3300.0,228000,30000.0,9100,12,4,3,MONTHLY,LOW,SHORT_TERM_GOAL,79.0,HIGH
34,82000.0,54500.0,20800.0,564000,98000.0,6700,2,2,3,MONTHLY,HIGH,RETIREMENT,64.0,MEDIUM
49,130000.0,75800.0,41700.0,234000,24000.0,12500,13,4,1,QUARTERLY,MEDIUM,WEALTH_CREATION,79.0,HIGH
64,50000.0,34200.0,10900.0,485000,242000.0,4900,11,2,2,MONTHLY,MEDIUM,WEALTH_CREATION,62.0,HIGH
55,39000.0,24900.0,12900.0,360000,33000.0,1200,3,4,2,LUMP_SUM,HIGH,EMERGENCY_FUND,51.0,LOW
30,60000.0,21500.0,15700.0,1057000,434000.0,22800,5,1,3,QUARTERLY,MEDIUM,WEALTH_CREATION,58.0,HIGH
49,90000.0,65300.0,13800.0,1640000,84000.0,10900,15,4,3,MONTHLY,MEDIUM,WEALTH_CREATION,72.0,HIGH
31,88000.0,57800.0,10900.0,645000,142000.0,19300,1,2,1,MONTHLY,HIGH,EMERGENCY_FUND,37.0,LOW
38,61000.0,46000.0,3200.0,302000,18000.0,11800,10,4,4,LUMP_SUM,HIGH,WEALTH_CREATION,80.0,HIGH
30,50000.0,29100.0,9400.0,1467000,71000.0,11500,7,3,3,MONTHLY,LOW,WEALTH_CREATION,91.0,HIGH
25,70000.0,31100.0,38500.0,342000,116000.0,400,17,2,5,MONTHLY,HIGH,EMERGENCY_FUND,81.0,HIGH
42,45000.0,26600.0,12500.0,231000,76000.0,5900,9,5,3,RARELY,MEDIUM,WEALTH_CREATION,93.0,HIGH
64,65000.0,59800.0,0.0,1603000,772000.0,5700,8,1,5,RARELY,MEDIUM,WEALTH_CREATION,58.0,HIGH
56,49000.0,25300.0,14100.0,520000,86000.0,9600,5,3,2,MONTHLY,LOW,EMERGENCY_FUND,67.0,HIGH
30,41000.0,29300.0,3800.0,202000,37000.0,7900,5,4,3,RARELY,HIGH,RETIREMENT,67.0,MEDIUM
48,67000.0,35000.0,22400.0,725000,146000.0,9600,22,1,3,MONTHLY,LOW,EMERGENCY_FUND,62.0,HIGH
64,76000.0,44100.0,24100.0,348000,41000.0,7800,1,2,3,LUMP_SUM,HIGH,WEALTH_CREATION,56.0,MEDIUM
49,70000.0,36800.0,29500.0,253000,98000.0,3700,5,1,3,RARELY,LOW,TAX_SAVING,52.0,HIGH
40,46000.0,29700.0,3000.0,1501000,286000.0,13300,25,4,3,LUMP_SUM,LOW,EMERGENCY_FUND,89.0,HIGH
52,33000.0,30300.0,0.0,978000,119000.0,7800,2,1,1,QUARTERLY,LOW,SHORT_TERM_GOAL,81.0,HIGH
27,38000.0,23100.0,2500.0,125000,42000.0,12400,9,2,3,LUMP_SUM,HIGH,WEALTH_CREATION,50.0,LOW
47,74000.0,50700.0,5300.0,917000,135000.0,18000,3,2,3,LUMP_SUM,MEDIUM,EMERGENCY_FUND,75.0,LOW
42,26000.0,16700.0,8100.0,393000,89000.0,1200,1,2,5,RARELY,LOW,WEALTH_CREATION,72.0,HIGH
34,50000.0,42800.0,0.0,1408000,224000.0,13600,3,2,4,QUARTERLY,LOW,WEALTH_CREATION,81.0,HIGH
25,63000.0,50000.0,0.0,116000,21000.0,13800,1,2,2,QUARTERLY,HIGH,WEALTH_CREATION,37.0,LOW
29,92000.0,67600.0,0.0,692000,154000.0,24900,14,1,2,MONTHLY,MEDIUM,WEALTH_CREATION,47.0,MEDIUM
53,91000.0,65300.0,0.0,3511000,764000.0,29500,15,3,3,MONTHLY,LOW,SHORT_TERM_GOAL,85.0,HIGH
60,46000.0,20900.0,21500.0,334000,221000.0,3600,8,2,3,MONTHLY,HIGH,WEALTH_CREATION,54.0,HIGH
47,187000.0,125500.0,34700.0,1806000,196000.0,26800,1,3,3,RARELY,HIGH,SHORT_TERM_GOAL,61.0,LOW
50,60000.0,54700.0,0.0,609000,47000.0,14400,2,2,5,QUARTERLY,LOW,RETIREMENT,85.0,HIGH
21,30000.0,14600.0,12000.0,67000,40000.0,3400,4,1,2,LUMP_SUM,MEDIUM,WEALTH_CREATION,64.0,MEDIUM
60,140000.0,85100.0,5700.0,1110000,30000.0,49200,3,1,1,MONTHLY,LOW,WEALTH_CREATION,40.0,LOW
54,60000.0,38000.0,16000.0,273000,157000.0,6000,7,2,3,MONTHLY,HIGH,WEALTH_CREATION,54.0,HIGH
56,163000.0,114900.0,15000.0,3958000,1628000.0,33100,1,1,3,LUMP_SUM,LOW,SHORT_TERM_GOAL,61.0,HIGH
39,29000.0,15600.0,11100.0,141000,14000.0,2300,3,2,1,LUMP_SUM,MEDIUM,EMERGENCY_FUND,50.0,LOW
36,39000.0,22600.0,4400.0,397000,112000.0,12000,11,2,2,LUMP_SUM,MEDIUM,EMERGENCY_FUND,59.0,MEDIUM
24,52000.0,44100.0,0.0,74000,25000.0,7900,14,3,2,LUMP_SUM,HIGH,WEALTH_CREATION,55.0,MEDIUM
31,21000.0,9600.0,6300.0,33000,7000.0,5100,1,1,1,QUARTERLY,HIGH,WEALTH_CREATION,38.0,LOW
32,112000.0,67300.0,10900.0,1444000,74000.0,33800,3,1,1,MONTHLY,MEDIUM,RETIREMENT,55.0,MEDIUM
24,257000.0,210600.0,35000.0,702000,80000.0,11400,12,4,5,MONTHLY,MEDIUM,TAX_SAVING,100.0,HIGH
30,59000.0,43800.0,3600.0,2752000,918000.0,11600,10,3,4,MONTHLY,LOW,EMERGENCY_FUND,97.0,HIGH
60,43000.0,14000.0,19900.0,355000,17000.0,9100,13,4,2,MONTHLY,MEDIUM,RETIREMENT,76.0,HIGH
49,88000.0,70200.0,0.0,1882000,262000.0,32700,5,4,3,MONTHLY,LOW,TAX_SAVING,78.0,HIGH
33,97000.0,61400.0,26100.0,724000,291000.0,9500,1,3,2,LUMP_SUM,LOW,WEALTH_CREATION,78.0,HIGH
21,36000.0,20200.0,0.0,518000,189000.0,19800,7,1,3,QUARTERLY,MEDIUM,TAX_SAVING,48.0,MEDIUM
31,68000.0,40100.0,11400.0,612000,55000.0,16500,9,2,1,MONTHLY,HIGH,WEALTH_CREATION,52.0,LOW
28,93000.0,47000.0,0.0,369000,31000.0,47700,22,1,2,LUMP_SUM,HIGH,TAX_SAVING,48.0,LOW
47,56000.0,30200.0,17400.0,1350000,152000.0,8400,1,1,1,MONTHLY,MEDIUM,WEALTH_CREATION,39.0,HIGH
46,69000.0,62700.0,3300.0,114000,2000.0,3000,1,1,3,RARELY,LOW,TAX_SAVING,67.0,MEDIUM
26,168000.0,66400.0,97500.0,528000,219000.0,4100,10,3,3,MONTHLY,HIGH,WEALTH_CREATION,52.0,HIGH
41,109000.0,52200.0,22200.0,588000,331000.0,34600,2,1,3,RARELY,MEDIUM,WEALTH_CREATION,49.0,MEDIUM
31,50000.0,21400.0,27500.0,373000,103000.0,1100,2,2,1,QUARTERLY,MEDIUM,RETIREMENT,36.0,HIGH
25,26000.0,14300.0,10300.0,319000,5000.0,1400,3,4,2,MONTHLY,MEDIUM,EMERGENCY_FUND,61.0,HIGH
65,70000.0,50900.0,1500.0,415000,107000.0,17600,23,1,1,MONTHLY,LOW,WEALTH_CREATION,58.0,HIGH
59,43000.0,39500.0,0.0,112000,17000.0,10900,13,3,3,MONTHLY,MEDIUM,WEALTH_CREATION,68.0,HIGH
49,58000.0,34700.0,19200.0,1365000,346000.0,4100,1,1,4,QUARTERLY,MEDIUM,EMERGENCY_FUND,75.0,HIGH
48,47000.0,43200.0,2100.0,1316000,633000.0,1700,7,1,2,LUMP_SUM,LOW,RETIREMENT,40.0,HIGH
39,80000.0,73600.0,0.0,818000,45000.0,14600,10,5,5,MONTHLY,LOW,RETIREMENT,100.0,HIGH
59,20000.0,10300.0,7400.0,495000,202000.0,2300,17,2,3,LUMP_SUM,HIGH,WEALTH_CREATION,71.0,HIGH
40,101000.0,61000.0,30400.0,1176000,707000.0,9600,14,2,1,MONTHLY,MEDIUM,TAX_SAVING,69.0,HIGH
61,157000.0,66000.0,77000.0,1670000,1074000.0,14000,4,3,4,MONTHLY,HIGH,RETIREMENT,80.0,HIGH
62,109000.0,87300.0,1200.0,1928000,873000.0,20500,18,2,3,RARELY,MEDIUM,TAX_SAVING,55.0,HIGH
54,99000.0,41700.0,15900.0,973000,160000.0,41400,1,1,3,RARELY,LOW,WEALTH_CREATION,65.0,MEDIUM
61,54000.0,43600.0,0.0,761000,224000.0,11300,14,2,4,MONTHLY,HIGH,RETIREMENT,60.0,HIGH
52,65000.0,41300.0,1000.0,905000,629000.0,22700,2,2,4,QUARTERLY,MEDIUM,RETIREMENT,53.0,HIGH
37,148000.0,107100.0,18400.0,2105000,520000.0,22500,13,4,3,LUMP_SUM,LOW,EMERGENCY_FUND,73.0,HIGH
29,109000.0,71200.0,33300.0,1323000,363000.0,4500,6,4,5,MONTHLY,LOW,RETIREMENT,100.0,HIGH
56,78000.0,43700.0,32500.0,404000,65000.0,1800,2,2,1,LUMP_SUM,LOW,EMERGENCY_FUND,59.0,LOW
50,37000.0,20600.0,12400.0,580000,77000.0,4000,11,1,3,MONTHLY,HIGH,WEALTH_CREATION,55.0,HIGH
54,83000.0,59300.0,16700.0,1638000,322000.0,7000,24,1,4,RARELY,LOW,WEALTH_CREATION,55.0,HIGH
22,34000.0,8600.0,20000.0,268000,61000.0,5400,13,3,1,QUARTERLY,LOW,TAX_SAVING,57.0,HIGH
36,148000.0,80800.0,300.0,1427000,446000.0,66900,9,1,4,MONTHLY,HIGH,EMERGENCY_FUND,59.0,LOW
24,35000.0,19000.0,8700.0,367000,30000.0,7300,22,3,3,MONTHLY,LOW,WEALTH_CREATION,85.0,HIGH
54,62000.0,44400.0,1100.0,438000,57000.0,16500,18,1,2,LUMP_SUM,LOW,RETIREMENT,45.0,HIGH
32,20000.0,12200.0,2500.0,64000,45000.0,5300,8,3,4,MONTHLY,MEDIUM,TAX_SAVING,76.0,MEDIUM
23,55000.0,30000.0,6000.0,1479000,231000.0,19000,12,5,1,RARELY,MEDIUM,TAX_SAVING,56.0,HIGH
33,42000.0,27900.0,12300.0,218000,56000.0,1800,9,1,1,QUARTERLY,LOW,WEALTH_CREATION,43.0,MEDIUM
30,86000.0,40200.0,20900.0,2181000,828000.0,24900,5,2,3,QUARTERLY,MEDIUM,SHORT_TERM_GOAL,66.0,HIGH
24,59000.0,38300.0,14200.0,778000,464000.0,6500,8,4,3,QUARTERLY,HIGH,SHORT_TERM_GOAL,73.0,HIGH
30,51000.0,35300.0,14000.0,527000,247000.0,1700,1,2,2,RARELY,MEDIUM,WEALTH_CREATION,48.0,HIGH
50,101000.0,59300.0,11400.0,1477000,154000.0,30300,3,2,2,QUARTERLY,LOW,WEALTH_CREATION,59.0,HIGH
54,99000.0,34100.0,27700.0,901000,121000.0,37200,20,3,5,RARELY,HIGH,WEALTH_CREATION,85.0,HIGH
49,26000.0,15700.0,5400.0,303000,84000.0,4900,14,1,2,RARELY,HIGH,WEALTH_CREATION,22.0,MEDIUM
32,60000.0,36200.0,16700.0,148000,32000.0,7100,7,4,3,RARELY,HIGH,WEALTH_CREATION,69.0,MEDIUM
29,230000.0,156300.0,28500.0,3205000,468000.0,45200,6,4,1,MONTHLY,MEDIUM,WEALTH_CREATION,76.0,HIGH
50,103000.0,79400.0,3100.0,1013000,391000.0,20500,5,2,3,MONTHLY,LOW,TAX_SAVING,80.0,HIGH
52,97000.0,38100.0,34200.0,503000,19000.0,24700,11,2,2,MONTHLY,MEDIUM,WEALTH_CREATION,54.0,HIGH
59,61000.0,37500.0,0.0,1052000,42000.0,28000,3,2,3,MONTHLY,MEDIUM,WEALTH_CREATION,68.0,MEDIUM
39,71000.0,47300.0,0.0,954000,285000.0,24700,1,1,4,QUARTERLY,MEDIUM,SHORT_TERM_GOAL,56.0,LOW
50,70000.0,37900.0,14000.0,181000,6000.0,18100,2,3,1,MONTHLY,LOW,WEALTH_CREATION,66.0,MEDIUM
55,73000.0,42400.0,13200.0,945000,488000.0,17400,2,1,1,RARELY,MEDIUM,RETIREMENT,42.0,MEDIUM
24,49000.0,33300.0,3500.0,1544000,480000.0,12200,6,1,3,MONTHLY,MEDIUM,TAX_SAVING,46.0,HIGH
61,36000.0,23100.0,0.0,856000,412000.0,14200,9,1,3,MONTHLY,LOW,WEALTH_CREATION,66.0,HIGH
52,82000.0,61100.0,1600.0,397000,124000.0,19300,6,3,4,RARELY,LOW,WEALTH_CREATION,74.0,HIGH
21,62000.0,37000.0,20900.0,218000,48000.0,4100,3,3,5,RARELY,HIGH,WEALTH_CREATION,62.0,HIGH
53,41000.0,28400.0,9900.0,289000,99000.0,2700,3,2,2,RARELY,MEDIUM,EMERGENCY_FUND,50.0,LOW
42,28000.0,14600.0,8500.0,19000,8000.0,4900,7,1,4,MONTHLY,MEDIUM,EMERGENCY_FUND,74.0,LOW
25,35000.0,26800.0,7000.0,431000,94000.0,1200,8,2,3,MONTHLY,HIGH,WEALTH_CREATION,68.0,HIGH
48,73000.0,28600.0,42300.0,1177000,363000.0,2100,20,2,3,QUARTERLY,MEDIUM,WEALTH_CREATION,76.0,HIGH
53,91000.0,57300.0,28200.0,819000,69000.0,5500,3,1,1,MONTHLY,HIGH,WEALTH_CREATION,36.0,LOW
51,26000.0,21500.0,4100.0,612000,94000.0,400,4,1,1,MONTHLY,LOW,EMERGENCY_FUND,54.0,HIGH
57,92000.0,54200.0,28400.0,556000,134000.0,9400,2,2,3,RARELY,HIGH,EMERGENCY_FUND,51.0,LOW
44,117000.0,59500.0,0.0,1648000,590000.0,64300,6,3,3,MONTHLY,MEDIUM,TAX_SAVING,68.0,HIGH
52,115000.0,105800.0,0.0,1466000,706000.0,11500,2,1,2,MONTHLY,MEDIUM,WEALTH_CREATION,55.0,HIGH
32,71000.0,19000.0,25200.0,234000,140000.0,26800,3,1,4,MONTHLY,LOW,EMERGENCY_FUND,68.0,MEDIUM
56,46000.0,40300.0,0.0,296000,47000.0,10900,3,2,2,MONTHLY,MEDIUM,WEALTH_CREATION,46.0,MEDIUM
53,126000.0,82100.0,33300.0,1927000,469000.0,10600,8,1,3,LUMP_SUM,LOW,RETIREMENT,86.0,HIGH
34,60000.0,38500.0,16200.0,436000,225000.0,5300,6,1,4,LUMP_SUM,LOW,SHORT_TERM_GOAL,71.0,MEDIUM
41,127000.0,68100.0,50000.0,950000,302000.0,8900,1,3,3,MONTHLY,LOW,WEALTH_CREATION,96.0,HIGH
31,55000.0,27100.0,0.0,435000,6000.0,29100,15,3,3,QUARTERLY,MEDIUM,WEALTH_CREATION,75.0,MEDIUM
59,44000.0,30100.0,8300.0,1368000,228000.0,5600,7,2,2,MONTHLY,HIGH,WEALTH_CREATION,69.0,HIGH
49,75000.0,17100.0,50800.0,336000,44000.0,7100,12,1,3,QUARTERLY,MEDIUM,RETIREMENT,58.0,HIGH
41,124000.0,79100.0,37300.0,859000,192000.0,7600,5,1,3,MONTHLY,MEDIUM,RETIREMENT,52.0,HIGH
48,60000.0,31300.0,5200.0,560000,66000.0,23500,3,1,2,QUARTERLY,MEDIUM,SHORT_TERM_GOAL,48.0,LOW
23,20000.0,10500.0,6900.0,188000,50000.0,2600,20,4,1,LUMP_SUM,LOW,SHORT_TERM_GOAL,74.0,HIGH
62,88000.0,30900.0,31600.0,1652000,1048000.0,25500,2,2,4,MONTHLY,HIGH,SHORT_TERM_GOAL,57.0,HIGH
50,48000.0,36400.0,3800.0,1950000,972000.0,7800,11,3,4,MONTHLY,HIGH,TAX_SAVING,79.0,HIGH
21,91000.0,66400.0,0.0,2906000,50000.0,31500,18,3,5,LUMP_SUM,HIGH,RETIREMENT,65.0,HIGH
57,206000.0,134900.0,50600.0,609000,107000.0,20500,5,2,1,MONTHLY,MEDIUM,WEALTH_CREATION,51.0,HIGH
32,121000.0,69600.0,21400.0,875000,175000.0,30000,4,1,4,RARELY,HIGH,WEALTH_CREATION,32.0,LOW
64,48000.0,28300.0,15600.0,369000,50000.0,4100,14,3,2,MONTHLY,LOW,WEALTH_CREATION,60.0,HIGH
49,34000.0,22800.0,0.0,238000,123000.0,11900,6,1,2,RARELY,HIGH,RETIREMENT,49.0,LOW
65,59000.0,29200.0,27200.0,319000,111000.0,2600,5,2,2,QUARTERLY,MEDIUM,TAX_SAVING,65.0,HIGH
56,49000.0,19500.0,17200.0,460000,86000.0,12300,4,1,3,MONTHLY,LOW,TAX_SAVING,72.0,HIGH
44,93000.0,65300.0,0.0,468000,172000.0,27700,13,1,2,QUARTERLY,HIGH,SHORT_TERM_GOAL,44.0,LOW
63,52000.0,27300.0,13500.0,384000,106000.0,11200,7,1,3,MONTHLY,MEDIUM,WEALTH_CREATION,59.0,HIGH
60,100000.0,82900.0,11800.0,654000,34000.0,5300,17,2,3,LUMP_SUM,MEDIUM,EMERGENCY_FUND,84.0,MEDIUM
40,53000.0,22800.0,22300.0,770000,181000.0,7900,4,2,3,RARELY,MEDIUM,RETIREMENT,69.0,HIGH
65,142000.0,130600.0,0.0,458000,78000.0,15700,2,1,1,MONTHLY,MEDIUM,WEALTH_CREATION,51.0,LOW
45,36000.0,22300.0,8800.0,223000,25000.0,4900,1,1,3,MONTHLY,MEDIUM,EMERGENCY_FUND,76.0,MEDIUM
63,67000.0,36400.0,21300.0,198000,27000.0,9300,5,3,1,LUMP_SUM,MEDIUM,TAX_SAVING,59.0,MEDIUM
27,82000.0,44000.0,24400.0,313000,46000.0,13600,8,2,1,MONTHLY,MEDIUM,RETIREMENT,61.0,MEDIUM
21,89000.0,46000.0,37600.0,2486000,176000.0,5400,17,1,4,QUARTERLY,HIGH,WEALTH_CREATION,52.0,HIGH
58,187000.0,78100.0,19200.0,4031000,1167000.0,89700,4,3,1,QUARTERLY,MEDIUM,RETIREMENT,68.0,HIGH
50,45000.0,15000.0,26900.0,184000,116000.0,3100,14,1,3,MONTHLY,LOW,WEALTH_CREATION,62.0,HIGH
28,55000.0,34700.0,15100.0,268000,109000.0,5200,5,1,1,QUARTERLY,MEDIUM,SHORT_TERM_GOAL,38.0,MEDIUM
37,71000.0,33200.0,36100.0,305000,94000.0,1700,7,1,3,QUARTERLY,LOW,RETIREMENT,61.0,HIGH
41,81000.0,53900.0,11300.0,1249000,690000.0,15800,17,2,1,MONTHLY,LOW,WEALTH_CREATION,64.0,HIGH
34,109000.0,60000.0,45500.0,1761000,205000.0,3500,4,1,3,LUMP_SUM,MEDIUM,WEALTH_CREATION,56.0,HIGH
55,176000.0,137100.0,37900.0,1608000,434000.0,1000,16,3,1,MONTHLY,HIGH,TAX_SAVING,57.0,HIGH
43,61000.0,41800.0,2400.0,1914000,1072000.0,16800,7,1,3,MONTHLY,MEDIUM,RETIREMENT,58.0,HIGH
48,45000.0,32500.0,0.0,402000,190000.0,12700,10,3,2,LUMP_SUM,HIGH,RETIREMENT,51.0,HIGH
42,47000.0,20700.0,22100.0,377000,154000.0,4200,8,3,4,LUMP_SUM,MEDIUM,RETIREMENT,92.0,HIGH
42,22000.0,16700.0,1200.0,243000,144000.0,4100,5,2,1,MONTHLY,HIGH,TAX_SAVING,42.0,MEDIUM
27,39000.0,20900.0,0.0,680000,16000.0,19200,2,2,1,LUMP_SUM,MEDIUM,TAX_SAVING,47.0,LOW
54,76000.0,50800.0,10400.0,157000,62000.0,14800,21,4,5,MONTHLY,HIGH,RETIREMENT,90.0,HIGH
51,91000.0,39700.0,11800.0,44000,1000.0,39500,9,4,4,LUMP_SUM,HIGH,WEALTH_CREATION,76.0,MEDIUM
21,65000.0,52600.0,3500.0,1358000,284000.0,8900,14,4,3,QUARTERLY,MEDIUM,WEALTH_CREATION,86.0,HIGH
40,115000.0,76400.0,33100.0,319000,53000.0,5500,5,4,4,MONTHLY,MEDIUM,SHORT_TERM_GOAL,82.0,HIGH
37,74000.0,34700.0,22300.0,637000,84000.0,17000,4,2,2,QUARTERLY,MEDIUM,TAX_SAVING,55.0,MEDIUM
48,42000.0,23700.0,8600.0,1843000,52000.0,9700,7,2,1,MONTHLY,HIGH,WEALTH_CREATION,42.0,HIGH
45,34000.0,20200.0,9400.0,341000,88000.0,4400,3,1,3,MONTHLY,LOW,RETIREMENT,49.0,HIGH
59,60000.0,34400.0,13000.0,1180000,228000.0,12600,2,4,3,MONTHLY,MEDIUM,WEALTH_CREATION,97.0,HIGH
59,46000.0,30100.0,13500.0,555000,81000.0,2400,16,5,3,MONTHLY,MEDIUM,TAX_SAVING,94.0,HIGH
64,89000.0,44200.0,39000.0,779000,96000.0,5800,5,4,3,RARELY,MEDIUM,WEALTH_CREATION,74.0,HIGH
56,34000.0,29900.0,0.0,783000,248000.0,10300,7,2,3,LUMP_SUM,MEDIUM,WEALTH_CREATION,71.0,HIGH
31,31000.0,26800.0,0.0,313000,43000.0,7400,19,2,3,RARELY,LOW,WEALTH_CREATION,75.0,HIGH
45,24000.0,14100.0,6300.0,173000,28000.0,3600,2,1,4,RARELY,MEDIUM,TAX_SAVING,49.0,MEDIUM
36,195000.0,110500.0,72900.0,1567000,355000.0,11600,5,2,2,LUMP_SUM,HIGH,WEALTH_CREATION,60.0,MEDIUM
39,69000.0,40700.0,20500.0,1142000,521000.0,7800,16,4,4,MONTHLY,LOW,TAX_SAVING,90.0,HIGH
29,116000.0,76500.0,26200.0,2317000,83000.0,13300,13,4,2,QUARTERLY,MEDIUM,SHORT_TERM_GOAL,63.0,HIGH
22,37000.0,17000.0,16100.0,305000,59000.0,3900,8,3,4,MONTHLY,LOW,RETIREMENT,88.0,HIGH
51,43000.0,20200.0,18900.0,454000,81000.0,3900,14,2,5,MONTHLY,MEDIUM,EMERGENCY_FUND,87.0,HIGH
56,20000.0,13200.0,5100.0,42000,14000.0,1700,10,1,3,LUMP_SUM,HIGH,EMERGENCY_FUND,33.0,LOW
21,79000.0,50100.0,11100.0,2114000,453000.0,17800,12,2,3,LUMP_SUM,MEDIUM,EMERGENCY_FUND,49.0,HIGH
33,160000.0,106500.0,12300.0,4658000,1670000.0,41200,5,3,3,QUARTERLY,LOW,SHORT_TERM_GOAL,86.0,HIGH
27,60000.0,34900.0,14800.0,509000,174000.0,10300,2,4,3,MONTHLY,HIGH,WEALTH_CREATION,64.0,HIGH
63,28000.0,21600.0,2400.0,882000,262000.0,4000,6,1,4,RARELY,HIGH,RETIREMENT,57.0,HIGH
52,138000.0,69300.0,39600.0,1877000,352000.0,29100,3,1,4,MONTHLY,HIGH,TAX_SAVING,58.0,HIGH
49,22000.0,9000.0,10900.0,202000,44000.0,2100,8,2,2,LUMP_SUM,LOW,RETIREMENT,56.0,HIGH
63,208000.0,147600.0,53800.0,1492000,60000.0,6600,4,1,3,RARELY,LOW,RETIREMENT,62.0,MEDIUM
48,119000.0,62900.0,52000.0,1228000,124000.0,4100,1,2,3,MONTHLY,LOW,WEALTH_CREATION,92.0,HIGH
63,87000.0,53400.0,15100.0,1273000,251000.0,18500,17,2,1,MONTHLY,LOW,SHORT_TERM_GOAL,54.0,HIGH
25,116000.0,77000.0,24500.0,782000,106000.0,14500,17,1,3,MONTHLY,MEDIUM,SHORT_TERM_GOAL,59.0,HIGH
48,93000.0,76100.0,16100.0,1620000,617000.0,800,14,1,3,MONTHLY,LOW,RETIREMENT,58.0,HIGH
56,130000.0,101000.0,100.0,4642000,294000.0,28900,2,1,2,RARELY,MEDIUM,EMERGENCY_FUND,47.0,HIGH
37,124000.0,114000.0,0.0,2770000,768000.0,20600,16,5,1,LUMP_SUM,HIGH,EMERGENCY_FUND,58.0,HIGH
47,74000.0,30200.0,19000.0,518000,177000.0,24800,9,2,3,QUARTERLY,HIGH,RETIREMENT,47.0,HIGH
36,313000.0,202800.0,64200.0,1781000,517000.0,46000,2,1,4,MONTHLY,MEDIUM,WEALTH_CREATION,63.0,HIGH
43,35000.0,16500.0,9200.0,380000,143000.0,9300,16,2,2,MONTHLY,MEDIUM,EMERGENCY_FUND,55.0,HIGH
50,141000.0,85900.0,31700.0,512000,82000.0,23400,4,1,3,LUMP_SUM,LOW,EMERGENCY_FUND,64.0,LOW
48,60000.0,30200.0,19500.0,741000,243000.0,10300,9,1,1,MONTHLY,LOW,RETIREMENT,59.0,HIGH
61,59000.0,51500.0,0.0,325000,141000.0,7800,3,3,3,RARELY,HIGH,SHORT_TERM_GOAL,68.0,LOW
48,136000.0,85100.0,0.0,1584000,232000.0,59400,2,4,3,RARELY,MEDIUM,RETIREMENT,60.0,MEDIUM
24,39000.0,14900.0,17900.0,149000,41000.0,6200,7,1,1,LUMP_SUM,MEDIUM,TAX_SAVING,58.0,LOW
57,54000.0,19700.0,22900.0,505000,72000.0,11400,2,5,2,QUARTERLY,MEDIUM,TAX_SAVING,71.0,HIGH
36,89000.0,46300.0,37000.0,1031000,635000.0,5700,5,1,3,MONTHLY,LOW,WEALTH_CREATION,57.0,HIGH
33,79000.0,52400.0,9600.0,1548000,18000.0,17000,8,2,1,MONTHLY,LOW,EMERGENCY_FUND,54.0,HIGH
57,57000.0,25100.0,18700.0,290000,121000.0,13200,11,1,4,RARELY,LOW,TAX_SAVING,71.0,HIGH
61,39000.0,12400.0,12600.0,80000,22000.0,14000,2,3,5,RARELY,MEDIUM,SHORT_TERM_GOAL,79.0,MEDIUM
37,70000.0,32900.0,30600.0,612000,47000.0,6500,13,3,3,QUARTERLY,MEDIUM,WEALTH_CREATION,70.0,HIGH
54,21000.0,9900.0,8600.0,409000,115000.0,2500,23,3,2,MONTHLY,HIGH,WEALTH_CREATION,62.0,HIGH
22,26000.0,21900.0,0.0,216000,3000.0,8600,6,1,4,LUMP_SUM,HIGH,EMERGENCY_FUND,53.0,LOW
52,27000.0,16900.0,0.0,488000,277000.0,12500,8,2,2,MONTHLY,MEDIUM,SHORT_TERM_GOAL,57.0,MEDIUM
56,78000.0,61300.0,0.0,705000,342000.0,39800,4,2,4,QUARTERLY,MEDIUM,TAX_SAVING,69.0,MEDIUM
32,91000.0,60800.0,8600.0,1414000,686000.0,21600,1,2,4,MONTHLY,HIGH,TAX_SAVING,75.0,HIGH
27,67000.0,45200.0,200.0,1417000,92000.0,21600,3,3,3,MONTHLY,HIGH,WEALTH_CREATION,64.0,HIGH
65,159000.0,79800.0,73600.0,989000,269000.0,5600,3,3,3,MONTHLY,MEDIUM,WEALTH_CREATION,79.0,HIGH
39,97000.0,50400.0,43500.0,1024000,101000.0,3100,21,1,3,MONTHLY,MEDIUM,RETIREMENT,62.0,HIGH
40,108000.0,49700.0,14200.0,492000,104000.0,44100,5,3,3,MONTHLY,LOW,WEALTH_CREATION,79.0,HIGH
64,56000.0,48300.0,0.0,890000,341000.0,17000,7,2,5,LUMP_SUM,MEDIUM,SHORT_TERM_GOAL,83.0,HIGH
54,100000.0,69100.0,22400.0,1075000,32000.0,8500,6,5,1,MONTHLY,HIGH,RETIREMENT,83.0,HIGH
35,42000.0,18900.0,15500.0,639000,108000.0,7600,4,3,3,MONTHLY,MEDIUM,WEALTH_CREATION,84.0,HIGH
22,40000.0,17500.0,2700.0,348000,38000.0,19800,11,2,1,MONTHLY,HIGH,RETIREMENT,27.0,MEDIUM
32,155000.0,103900.0,16000.0,2492000,830000.0,35100,5,2,3,MONTHLY,MEDIUM,WEALTH_CREATION,70.0,HIGH
62,123000.0,67100.0,15200.0,347000,29000.0,40700,23,3,2,MONTHLY,MEDIUM,WEALTH_CREATION,81.0,HIGH
50,78000.0,64700.0,0.0,612000,134000.0,18500,9,2,1,MONTHLY,MEDIUM,WEALTH_CREATION,54.0,MEDIUM
50,67000.0,41700.0,21400.0,225000,113000.0,3900,22,1,3,MONTHLY,LOW,EMERGENCY_FUND,71.0,HIGH
46,39000.0,29600.0,1300.0,613000,147000.0,8100,10,5,3,LUMP_SUM,LOW,SHORT_TERM_GOAL,74.0,HIGH
44,100000.0,50300.0,25800.0,1467000,468000.0,23900,1,3,2,MONTHLY,MEDIUM,RETIREMENT,74.0,HIGH
51,40000.0,21700.0,8100.0,670000,107000.0,10200,5,1,3,QUARTERLY,MEDIUM,RETIREMENT,50.0,HIGH
32,55000.0,31700.0,0.0,501000,56000.0,27100,2,3,4,RARELY,HIGH,SHORT_TERM_GOAL,69.0,LOW
27,103000.0,80400.0,6800.0,638000,297000.0,15800,3,3,3,MONTHLY,MEDIUM,TAX_SAVING,70.0,MEDIUM
22,91000.0,54900.0,8600.0,654000,176000.0,27500,8,1,5,MONTHLY,MEDIUM,EMERGENCY_FUND,94.0,MEDIUM
59,101000.0,82200.0,0.0,411000,104000.0,40300,4,1,3,MONTHLY,MEDIUM,EMERGENCY_FUND,58.0,LOW
33,79000.0,55700.0,8800.0,1555000,107000.0,14500,5,3,2,QUARTERLY,MEDIUM,TAX_SAVING,64.0,HIGH
44,47000.0,16700.0,11500.0,327000,145000.0,18800,8,2,3,MONTHLY,LOW,WEALTH_CREATION,64.0,HIGH
45,27000.0,18100.0,7500.0,147000,29000.0,1400,11,2,3,QUARTERLY,HIGH,TAX_SAVING,59.0,MEDIUM
27,35000.0,22400.0,10600.0,246000,60000.0,2000,20,1,1,LUMP_SUM,LOW,WEALTH_CREATION,37.0,HIGH
49,26000.0,21600.0,300.0,152000,40000.0,4100,9,2,2,MONTHLY,HIGH,WEALTH_CREATION,41.0,MEDIUM
60,36000.0,19100.0,13600.0,735000,62000.0,3300,16,4,4,QUARTERLY,MEDIUM,EMERGENCY_FUND,83.0,HIGH
57,92000.0,68300.0,22200.0,777000,85000.0,1500,11,1,4,LUMP_SUM,MEDIUM,WEALTH_CREATION,66.0,HIGH
51,84000.0,63400.0,10500.0,1852000,392000.0,10100,24,4,1,QUARTERLY,LOW,RETIREMENT,71.0,HIGH
65,90000.0,77600.0,0.0,3531000,861000.0,36100,3,4,2,MONTHLY,MEDIUM,RETIREMENT,76.0,HIGH
22,23000.0,18800.0,0.0,55000,15000.0,4400,1,3,3,MONTHLY,LOW,WEALTH_CREATION,75.0,MEDIUM
40,44000.0,32900.0,0.0,841000,165000.0,14900,3,4,5,MONTHLY,MEDIUM,WEALTH_CREATION,92.0,HIGH
63,103000.0,88800.0,0.0,3522000,1063000.0,17200,1,1,2,MONTHLY,HIGH,RETIREMENT,53.0,HIGH
65,170000.0,96000.0,48800.0,2573000,1265000.0,25200,5,2,1,MONTHLY,LOW,WEALTH_CREATION,56.0,HIGH
50,51000.0,35500.0,2500.0,142000,18000.0,13000,14,2,4,MONTHLY,HIGH,EMERGENCY_FUND,65.0,LOW
61,77000.0,57100.0,0.0,635000,150000.0,22300,9,3,1,MONTHLY,MEDIUM,WEALTH_CREATION,57.0,MEDIUM
55,161000.0,60300.0,53300.0,552000,129000.0,47400,16,4,2,LUMP_SUM,LOW,EMERGENCY_FUND,79.0,HIGH
64,172000.0,91200.0,49800.0,2039000,1810000.0,31000,14,3,3,MONTHLY,MEDIUM,WEALTH_CREATION,65.0,HIGH
38,67000.0,33300.0,23100.0,931000,300000.0,10600,24,1,3,MONTHLY,LOW,TAX_SAVING,73.0,HIGH
22,126000.0,79800.0,9100.0,1067000,232000.0,37100,19,5,5,LUMP_SUM,MEDIUM,SHORT_TERM_GOAL,100.0,HIGH
21,136000.0,125100.0,0.0,1856000,932000.0,21000,5,1,1,LUMP_SUM,HIGH,EMERGENCY_FUND,22.0,LOW
38,85000.0,52700.0,18700.0,1197000,331000.0,13600,12,3,1,QUARTERLY,HIGH,WEALTH_CREATION,50.0,HIGH
38,27000.0,22500.0,0.0,804000,143000.0,7100,10,1,1,RARELY,HIGH,RETIREMENT,24.0,HIGH
63,89000.0,44200.0,33300.0,937000,34000.0,11500,2,1,3,MONTHLY,HIGH,EMERGENCY_FUND,33.0,LOW
21,64000.0,51900.0,0.0,707000,239000.0,17500,7,4,1,MONTHLY,HIGH,RETIREMENT,81.0,HIGH
64,83000.0,56000.0,12000.0,827000,234000.0,15000,10,2,5,QUARTERLY,LOW,WEALTH_CREATION,78.0,HIGH
43,28000.0,20200.0,5500.0,930000,276000.0,2300,16,1,1,RARELY,HIGH,EMERGENCY_FUND,34.0,HIGH
53,68000.0,48100.0,0.0,477000,94000.0,35200,10,2,3,MONTHLY,HIGH,WEALTH_CREATION,57.0,MEDIUM
51,44000.0,25700.0,8500.0,147000,44000.0,9800,20,3,4,RARELY,LOW,RETIREMENT,97.0,HIGH
58,89000.0,52400.0,33600.0,1090000,581000.0,3000,5,2,2,MONTHLY,MEDIUM,RETIREMENT,54.0,HIGH
50,111000.0,83500.0,20500.0,1362000,15000.0,7000,11,4,2,RARELY,HIGH,RETIREMENT,56.0,HIGH
62,91000.0,35400.0,49500.0,305000,80000.0,6100,8,2,4,MONTHLY,MEDIUM,RETIREMENT,75.0,HIGH
31,57000.0,52400.0,2300.0,1430000,872000.0,2300,4,2,3,MONTHLY,HIGH,WEALTH_CREATION,70.0,HIGH
47,103000.0,74300.0,1100.0,696000,187000.0,27600,11,4,2,MONTHLY,LOW,WEALTH_CREATION,73.0,HIGH
54,62000.0,47900.0,0.0,809000,73000.0,20700,13,1,1,MONTHLY,MEDIUM,SHORT_TERM_GOAL,42.0,LOW
35,73000.0,49600.0,19800.0,1142000,585000.0,3600,12,3,2,LUMP_SUM,LOW,RETIREMENT,90.0,HIGH
29,31000.0,11900.0,11800.0,253000,98000.0,7300,6,2,4,MONTHLY,MEDIUM,SHORT_TERM_GOAL,51.0,MEDIUM
31,43000.0,36500.0,2600.0,557000,108000.0,3900,16,4,3,RARELY,HIGH,SHORT_TERM_GOAL,65.0,MEDIUM
25,42000.0,38600.0,0.0,455000,103000.0,10700,13,5,2,MONTHLY,MEDIUM,RETIREMENT,89.0,HIGH
58,240000.0,197100.0,34200.0,853000,112000.0,8700,7,4,3,MONTHLY,HIGH,RETIREMENT,80.0,HIGH
61,89000.0,76000.0,0.0,1143000,463000.0,22500,15,1,2,MONTHLY,MEDIUM,WEALTH_CREATION,57.0,HIGH
27,37000.0,17500.0,17300.0,480000,129000.0,2200,8,4,2,MONTHLY,HIGH,WEALTH_CREATION,61.0,HIGH
41,33000.0,23600.0,8500.0,580000,70000.0,900,5,3,3,QUARTERLY,MEDIUM,WEALTH_CREATION,55.0,HIGH
45,32000.0,20500.0,8700.0,41000,25000.0,2800,8,1,4,RARELY,MEDIUM,RETIREMENT,48.0,MEDIUM
38,96000.0,51700.0,0.0,987000,346000.0,47600,12,3,2,MONTHLY,MEDIUM,WEALTH_CREATION,72.0,HIGH
52,105000.0,80600.0,7200.0,1002000,487000.0,17200,15,4,3,LUMP_SUM,MEDIUM,EMERGENCY_FUND,58.0,HIGH
22,44000.0,27800.0,9800.0,343000,129000.0,6400,4,3,1,LUMP_SUM,LOW,TAX_SAVING,73.0,HIGH
34,124000.0,82100.0,12600.0,1592000,196000.0,29300,9,1,4,MONTHLY,HIGH,TAX_SAVING,49.0,HIGH
27,125000.0,72000.0,27700.0,1579000,511000.0,25300,9,3,1,MONTHLY,LOW,RETIREMENT,71.0,HIGH
51,74000.0,39500.0,20000.0,587000,98000.0,14500,13,2,2,MONTHLY,HIGH,WEALTH_CREATION,44.0,MEDIUM
28,42000.0,25600.0,0.0,230000,113000.0,18500,12,2,3,QUARTERLY,HIGH,EMERGENCY_FUND,80.0,MEDIUM
45,63000.0,36700.0,12900.0,1209000,175000.0,13400,22,4,1,MONTHLY,MEDIUM,SHORT_TERM_GOAL,59.0,HIGH
64,76000.0,47700.0,5000.0,1410000,195000.0,23300,9,2,3,RARELY,MEDIUM,WEALTH_CREATION,61.0,HIGH
55,57000.0,20100.0,31900.0,581000,67000.0,5000,2,2,1,RARELY,HIGH,TAX_SAVING,31.0,MEDIUM
27,127000.0,67500.0,17800.0,3560000,417000.0,41700,8,1,3,RARELY,HIGH,EMERGENCY_FUND,49.0,MEDIUM
59,87000.0,66700.0,0.0,737000,193000.0,24000,21,2,2,QUARTERLY,MEDIUM,TAX_SAVING,36.0,MEDIUM
33,94000.0,32300.0,40700.0,763000,57000.0,21000,25,1,3,LUMP_SUM,MEDIUM,TAX_SAVING,60.0,HIGH
42,137000.0,71100.0,56200.0,890000,557000.0,9700,8,1,3,MONTHLY,HIGH,EMERGENCY_FUND,42.0,MEDIUM
53,49000.0,16200.0,21100.0,317000,117000.0,11700,12,2,3,RARELY,MEDIUM,WEALTH_CREATION,63.0,HIGH
52,38000.0,24100.0,10300.0,539000,151000.0,3600,3,4,1,MONTHLY,MEDIUM,RETIREMENT,86.0,HIGH
36,146000.0,99700.0,38900.0,1856000,596000.0,7400,16,4,2,MONTHLY,HIGH,WEALTH_CREATION,69.0,HIGH
37,76000.0,57000.0,9400.0,147000,42000.0,9600,7,5,1,MONTHLY,MEDIUM,WEALTH_CREATION,83.0,HIGH
30,37000.0,24600.0,7800.0,683000,137000.0,4600,11,1,4,QUARTERLY,MEDIUM,EMERGENCY_FUND,70.0,HIGH
60,69000.0,43500.0,0.0,2163000,11000.0,28000,10,2,2,RARELY,MEDIUM,EMERGENCY_FUND,54.0,MEDIUM
26,61000.0,46700.0,0.0,754000,128000.0,23900,2,2,3,MONTHLY,HIGH,WEALTH_CREATION,64.0,MEDIUM
22,102000.0,44000.0,55700.0,542000,31000.0,2300,3,2,1,MONTHLY,MEDIUM,TAX_SAVING,33.0,MEDIUM
22,77000.0,63500.0,0.0,848000,199000.0,37700,11,2,4,MONTHLY,MEDIUM,WEALTH_CREATION,95.0,HIGH
43,158000.0,86800.0,51800.0,621000,447000.0,19400,3,4,4,RARELY,HIGH,WEALTH_CREATION,63.0,HIGH
27,61000.0,39100.0,18200.0,1031000,57000.0,3700,4,3,1,QUARTERLY,HIGH,TAX_SAVING,30.0,HIGH
38,28000.0,17000.0,5800.0,126000,53000.0,5200,4,1,3,LUMP_SUM,HIGH,RETIREMENT,39.0,LOW
29,132000.0,56300.0,52900.0,504000,162000.0,22800,4,1,2,LUMP_SUM,HIGH,WEALTH_CREATION,40.0,MEDIUM
54,67000.0,31500.0,20300.0,402000,169000.0,15200,3,1,2,MONTHLY,HIGH,WEALTH_CREATION,56.0,MEDIUM
37,64000.0,46100.0,14500.0,1249000,52000.0,3400,11,2,2,MONTHLY,HIGH,RETIREMENT,49.0,HIGH
34,97000.0,76300.0,3400.0,1166000,242000.0,17300,22,3,3,RARELY,MEDIUM,RETIREMENT,69.0,HIGH
28,35000.0,16300.0,17800.0,104000,35000.0,900,13,3,4,MONTHLY,MEDIUM,EMERGENCY_FUND,79.0,HIGH
62,218000.0,157100.0,11300.0,2428000,284000.0,49600,9,2,4,QUARTERLY,MEDIUM,SHORT_TERM_GOAL,63.0,MEDIUM
32,37000.0,28600.0,300.0,32000,11000.0,8100,3,2,1,MONTHLY,MEDIUM,WEALTH_CREATION,55.0,LOW
56,25000.0,17500.0,3500.0,301000,21000.0,4000,18,4,5,QUARTERLY,LOW,WEALTH_CREATION,98.0,HIGH
46,20000.0,16800.0,0.0,185000,59000.0,3500,1,1,3,RARELY,HIGH,WEALTH_CREATION,50.0,MEDIUM
25,134000.0,101700.0,0.0,2479000,266000.0,33800,15,2,1,MONTHLY,MEDIUM,EMERGENCY_FUND,61.0,HIGH
52,68000.0,36800.0,30000.0,159000,14000.0,1200,3,3,5,QUARTERLY,MEDIUM,EMERGENCY_FUND,89.0,HIGH
53,37000.0,25000.0,0.0,1325000,56000.0,14500,10,1,5,MONTHLY,MEDIUM,WEALTH_CREATION,69.0,HIGH
33,38000.0,20600.0,8000.0,98000,22000.0,9400,5,4,1,MONTHLY,LOW,TAX_SAVING,73.0,HIGH
21,30000.0,16200.0,9000.0,304000,34000.0,4800,13,1,1,MONTHLY,MEDIUM,WEALTH_CREATION,49.0,HIGH
49,51000.0,29000.0,16200.0,648000,154000.0,5800,3,1,2,LUMP_SUM,HIGH,WEALTH_CREATION,34.0,MEDIUM
47,54000.0,20600.0,20700.0,301000,126000.0,12700,3,4,4,QUARTERLY,LOW,SHORT_TERM_GOAL,100.0,HIGH
53,122000.0,99000.0,0.0,2506000,1017000.0,23300,6,1,4,MONTHLY,LOW,SHORT_TERM_GOAL,81.0,HIGH
35,44000.0,39500.0,0.0,543000,110000.0,5300,17,3,2,QUARTERLY,MEDIUM,TAX_SAVING,61.0,HIGH
28,89000.0,50300.0,31600.0,405000,29000.0,7100,16,5,1,LUMP_SUM,HIGH,SHORT_TERM_GOAL,67.0,HIGH
37,132000.0,62700.0,58900.0,361000,56000.0,10400,1,1,3,MONTHLY,MEDIUM,WEALTH_CREATION,70.0,MEDIUM
58,95000.0,23100.0,33900.0,1527000,173000.0,38000,8,3,3,LUMP_SUM,MEDIUM,WEALTH_CREATION,81.0,HIGH
48,37000.0,15300.0,15200.0,440000,116000.0,6500,24,1,3,RARELY,HIGH,WEALTH_CREATION,48.0,HIGH
47,64000.0,49300.0,11900.0,727000,90000.0,2800,17,3,2,MONTHLY,HIGH,WEALTH_CREATION,40.0,HIGH
34,59000.0,40100.0,0.0,1072000,214000.0,25800,4,2,1,MONTHLY,MEDIUM,EMERGENCY_FUND,42.0,MEDIUM
43,76000.0,25000.0,48600.0,317000,28000.0,2400,10,5,2,MONTHLY,LOW,TAX_SAVING,67.0,HIGH
32,82000.0,75400.0,0.0,2028000,557000.0,37100,11,2,4,QUARTERLY,MEDIUM,RETIREMENT,73.0,HIGH
55,29000.0,11900.0,13700.0,76000,1000.0,3400,9,2,1,LUMP_SUM,MEDIUM,RETIREMENT,49.0,HIGH
32,335000.0,241000.0,71800.0,512000,90000.0,22200,3,2,2,MONTHLY,HIGH,RETIREMENT,62.0,MEDIUM
62,52000.0,24100.0,22200.0,165000,50000.0,5700,6,2,5,LUMP_SUM,LOW,RETIREMENT,84.0,HIGH
29,112000.0,48700.0,49900.0,2079000,1385000.0,13400,4,4,4,QUARTERLY,MEDIUM,SHORT_TERM_GOAL,89.0,HIGH
31,38000.0,19200.0,14100.0,344000,36000.0,4700,21,1,4,MONTHLY,HIGH,TAX_SAVING,75.0,HIGH
24,145000.0,64400.0,45700.0,835000,150000.0,34900,4,3,3,MONTHLY,HIGH,EMERGENCY_FUND,72.0,MEDIUM
51,75000.0,45600.0,20700.0,563000,145000.0,8700,3,1,2,LUMP_SUM,HIGH,SHORT_TERM_GOAL,50.0,LOW
57,32000.0,23800.0,4500.0,332000,167000.0,3700,2,3,1,MONTHLY,MEDIUM,TAX_SAVING,54.0,MEDIUM
44,43000.0,29600.0,8100.0,987000,75000.0,5300,14,1,2,MONTHLY,LOW,SHORT_TERM_GOAL,70.0,HIGH
25,66000.0,36700.0,12800.0,252000,47000.0,16500,12,2,5,MONTHLY,HIGH,SHORT_TERM_GOAL,80.0,MEDIUM
40,96000.0,64900.0,25500.0,1310000,397000.0,5600,3,1,3,RARELY,LOW,TAX_SAVING,59.0,HIGH
29,53000.0,46100.0,0.0,952000,26000.0,16900,11,1,1,MONTHLY,MEDIUM,TAX_SAVING,56.0,HIGH
50,155000.0,85600.0,57700.0,506000,96000.0,11700,8,4,2,MONTHLY,MEDIUM,EMERGENCY_FUND,91.0,HIGH
44,121000.0,67800.0,34300.0,719000,60000.0,18900,1,4,3,MONTHLY,LOW,WEALTH_CREATION,98.0,HIGH
57,31000.0,18900.0,4900.0,367000,51000.0,7200,21,2,4,RARELY,MEDIUM,WEALTH_CREATION,64.0,HIGH
23,37000.0,23400.0,10800.0,111000,9000.0,2800,2,1,2,QUARTERLY,LOW,SHORT_TERM_GOAL,40.0,LOW
29,27000.0,17200.0,7700.0,309000,51000.0,2100,5,1,5,MONTHLY,HIGH,EMERGENCY_FUND,64.0,MEDIUM
65,60000.0,34500.0,11700.0,593000,201000.0,13800,8,2,3,MONTHLY,MEDIUM,RETIREMENT,57.0,MEDIUM
35,57000.0,33300.0,18800.0,150000,19000.0,4900,13,3,3,RARELY,HIGH,EMERGENCY_FUND,69.0,MEDIUM
35,93000.0,66200.0,2100.0,754000,152000.0,24700,9,3,1,RARELY,HIGH,WEALTH_CREATION,57.0,LOW
29,63000.0,36100.0,20100.0,474000,22000.0,6800,3,1,1,MONTHLY,LOW,SHORT_TERM_GOAL,47.0,MEDIUM
65,55000.0,38500.0,0.0,1436000,444000.0,21000,14,1,4,MONTHLY,MEDIUM,WEALTH_CREATION,55.0,HIGH
40,69000.0,54500.0,8400.0,1488000,255000.0,6100,8,1,4,RARELY,HIGH,RETIREMENT,56.0,HIGH
30,113000.0,65500.0,36700.0,1205000,430000.0,10800,5,2,2,QUARTERLY,LOW,RETIREMENT,79.0,HIGH
61,41000.0,30000.0,5100.0,289000,83000.0,5900,9,2,3,MONTHLY,MEDIUM,RETIREMENT,60.0,HIGH
45,28000.0,14700.0,6800.0,335000,117000.0,6500,6,3,4,MONTHLY,MEDIUM,WEALTH_CREATION,83.0,HIGH
64,109000.0,59400.0,32800.0,72000,19000.0,16800,2,2,3,LUMP_SUM,LOW,SHORT_TERM_GOAL,64.0,LOW
46,39000.0,18600.0,10200.0,1046000,257000.0,10200,14,4,1,QUARTERLY,LOW,WEALTH_CREATION,68.0,HIGH
35,180000.0,60400.0,105000.0,717000,382000.0,14600,2,4,3,MONTHLY,MEDIUM,WEALTH_CREATION,92.0,HIGH
29,61000.0,37800.0,7900.0,726000,204000.0,15300,11,3,4,MONTHLY,HIGH,RETIREMENT,78.0,HIGH
54,75000.0,37000.0,27200.0,934000,629000.0,10800,12,4,2,LUMP_SUM,HIGH,WEALTH_CREATION,49.0,HIGH
52,52000.0,26100.0,20600.0,161000,79000.0,5300,10,1,4,RARELY,HIGH,RETIREMENT,38.0,MEDIUM
30,48000.0,23300.0,20600.0,950000,90000.0,4100,19,1,1,QUARTERLY,MEDIUM,RETIREMENT,38.0,HIGH
24,59000.0,45100.0,11900.0,969000,227000.0,2000,10,1,3,QUARTERLY,LOW,WEALTH_CREATION,71.0,HIGH
56,72000.0,42700.0,26300.0,1086000,427000.0,3000,18,1,5,LUMP_SUM,MEDIUM,EMERGENCY_FUND,65.0,HIGH
52,124000.0,78900.0,30700.0,1798000,495000.0,14400,2,2,5,LUMP_SUM,LOW,WEALTH_CREATION,82.0,HIGH
55,52000.0,33300.0,11900.0,388000,263000.0,6800,19,3,3,QUARTERLY,HIGH,TAX_SAVING,67.0,HIGH
28,132000.0,88200.0,8900.0,1035000,39000.0,34900,15,5,3,RARELY,LOW,EMERGENCY_FUND,100.0,HIGH
48,50000.0,30200.0,12500.0,338000,66000.0,7300,9,4,2,MONTHLY,HIGH,WEALTH_CREATION,56.0,HIGH
33,32000.0,28600.0,0.0,1033000,540000.0,9600,16,1,5,MONTHLY,MEDIUM,SHORT_TERM_GOAL,64.0,HIGH
47,52000.0,29000.0,19200.0,387000,6000.0,3800,3,1,5,MONTHLY,MEDIUM,WEALTH_CREATION,92.0,HIGH
41,92000.0,66300.0,13500.0,2314000,647000.0,12200,14,4,3,MONTHLY,MEDIUM,EMERGENCY_FUND,100.0,HIGH
57,69000.0,45900.0,17100.0,1230000,256000.0,6000,3,1,1,MONTHLY,MEDIUM,SHORT_TERM_GOAL,58.0,MEDIUM
23,77000.0,21600.0,36800.0,601000,81000.0,18600,1,1,3,LUMP_SUM,MEDIUM,WEALTH_CREATION,42.0,HIGH
48,157000.0,131500.0,0.0,5771000,2519000.0,66800,6,2,1,MONTHLY,LOW,WEALTH_CREATION,52.0,HIGH
31,72000.0,42000.0,10200.0,1067000,512000.0,19800,14,1,3,QUARTERLY,MEDIUM,WEALTH_CREATION,47.0,HIGH
47,205000.0,103000.0,42300.0,787000,231000.0,59700,18,3,1,RARELY,MEDIUM,RETIREMENT,46.0,MEDIUM
22,55000.0,28100.0,18700.0,579000,164000.0,8200,8,4,4,QUARTERLY,MEDIUM,WEALTH_CREATION,89.0,HIGH
52,74000.0,53300.0,10800.0,163000,70000.0,9900,17,1,3,MONTHLY,LOW,WEALTH_CREATION,92.0,HIGH
46,79000.0,40000.0,31000.0,122000,56000.0,8000,10,2,1,MONTHLY,MEDIUM,TAX_SAVING,56.0,MEDIUM
37,108000.0,40400.0,22100.0,743000,22000.0,45500,14,1,4,RARELY,MEDIUM,WEALTH_CREATION,78.0,MEDIUM
50,106000.0,73800.0,0.0,902000,501000.0,58300,1,1,1,LUMP_SUM,HIGH,EMERGENCY_FUND,38.0,LOW
23,62000.0,31500.0,2500.0,1059000,185000.0,28000,5,2,3,QUARTERLY,HIGH,TAX_SAVING,55.0,MEDIUM
36,43000.0,30500.0,6600.0,748000,140000.0,5900,13,4,3,LUMP_SUM,MEDIUM,RETIREMENT,70.0,HIGH
29,44000.0,32800.0,0.0,631000,305000.0,22000,14,1,5,MONTHLY,MEDIUM,WEALTH_CREATION,77.0,HIGH
38,123000.0,98700.0,0.0,1175000,613000.0,32400,20,2,3,RARELY,MEDIUM,SHORT_TERM_GOAL,69.0,HIGH
57,34000.0,15400.0,8500.0,137000,12000.0,10100,1,1,1,RARELY,MEDIUM,TAX_SAVING,37.0,LOW
57,188000.0,51900.0,44200.0,1683000,297000.0,91900,3,1,2,MONTHLY,HIGH,EMERGENCY_FUND,53.0,LOW
53,30000.0,24000.0,800.0,215000,14000.0,5200,3,2,2,LUMP_SUM,MEDIUM,TAX_SAVING,42.0,LOW
61,42000.0,25200.0,11900.0,2158000,1557000.0,4900,16,2,3,MONTHLY,MEDIUM,EMERGENCY_FUND,75.0,HIGH
35,59000.0,31800.0,20500.0,763000,98000.0,6700,7,1,1,LUMP_SUM,MEDIUM,EMERGENCY_FUND,36.0,MEDIUM
25,127000.0,106300.0,11900.0,2741000,2278000.0,8800,15,3,4,RARELY,MEDIUM,WEALTH_CREATION,69.0,HIGH
32,87000.0,62300.0,9100.0,1052000,386000.0,15600,15,1,1,MONTHLY,MEDIUM,RETIREMENT,56.0,HIGH
62,167000.0,64200.0,75900.0,426000,64000.0,26900,4,1,3,MONTHLY,MEDIUM,WEALTH_CREATION,54.0,MEDIUM
59,23000.0,12300.0,8900.0,42000,19000.0,1800,7,2,2,MONTHLY,MEDIUM,RETIREMENT,64.0,HIGH
60,158000.0,82800.0,45500.0,936000,300000.0,29700,12,3,1,MONTHLY,LOW,SHORT_TERM_GOAL,81.0,HIGH
42,42000.0,29000.0,5400.0,778000,142000.0,7600,3,2,3,RARELY,MEDIUM,WEALTH_CREATION,69.0,HIGH
31,61000.0,51200.0,2700.0,174000,27000.0,7100,4,2,4,MONTHLY,HIGH,WEALTH_CREATION,54.0,MEDIUM
36,44000.0,22900.0,16200.0,108000,49000.0,4900,2,4,3,MONTHLY,MEDIUM,SHORT_TERM_GOAL,91.0,MEDIUM
28,75000.0,57300.0,0.0,2170000,314000.0,41200,18,3,1,QUARTERLY,MEDIUM,RETIREMENT,57.0,HIGH
54,33000.0,15600.0,2300.0,561000,98000.0,15100,8,1,1,MONTHLY,MEDIUM,SHORT_TERM_GOAL,54.0,HIGH
65,62000.0,25600.0,24200.0,398000,76000.0,12200,4,5,4,RARELY,LOW,RETIREMENT,92.0,HIGH
56,153000.0,83300.0,56400.0,2074000,39000.0,13300,9,4,3,LUMP_SUM,HIGH,EMERGENCY_FUND,54.0,MEDIUM
27,69000.0,40500.0,11200.0,1716000,177000.0,17300,23,4,5,MONTHLY,LOW,TAX_SAVING,89.0,HIGH
52,70000.0,25700.0,35000.0,161000,76000.0,9300,15,1,1,QUARTERLY,LOW,RETIREMENT,49.0,HIGH
37,33000.0,30300.0,0.0,45000,7000.0,7400,10,2,3,MONTHLY,MEDIUM,WEALTH_CREATION,62.0,MEDIUM
55,122000.0,71700.0,40400.0,387000,106000.0,9900,9,2,3,QUARTERLY,MEDIUM,WEALTH_CREATION,70.0,HIGH
37,79000.0,47700.0,0.0,660000,180000.0,33500,21,3,4,MONTHLY,LOW,WEALTH_CREATION,97.0,HIGH
42,64000.0,43000.0,100.0,940000,239000.0,20900,6,3,2,RARELY,HIGH,WEALTH_CREATION,55.0,MEDIUM
57,70000.0,59700.0,0.0,1681000,642000.0,18400,18,5,4,QUARTERLY,LOW,WEALTH_CREATION,100.0,HIGH
58,59000.0,34500.0,9300.0,323000,268000.0,15200,1,2,3,MONTHLY,MEDIUM,RETIREMENT,61.0,LOW
37,127000.0,82700.0,14700.0,3238000,183000.0,29600,1,3,2,MONTHLY,MEDIUM,EMERGENCY_FUND,67.0,HIGH
56,84000.0,55900.0,8100.0,1351000,237000.0,20000,12,4,1,QUARTERLY,HIGH,WEALTH_CREATION,57.0,HIGH
56,82000.0,57300.0,0.0,838000,307000.0,33300,13,3,1,MONTHLY,MEDIUM,WEALTH_CREATION,48.0,HIGH
36,160000.0,111600.0,41100.0,876000,64000.0,7300,4,2,5,MONTHLY,HIGH,TAX_SAVING,64.0,HIGH
65,94000.0,40700.0,18000.0,1332000,125000.0,35300,7,5,2,MONTHLY,MEDIUM,TAX_SAVING,77.0,HIGH
61,59000.0,54200.0,0.0,61000,28000.0,20200,3,2,1,MONTHLY,MEDIUM,EMERGENCY_FUND,48.0,LOW
35,48000.0,20800.0,12900.0,1673000,558000.0,14300,19,1,2,MONTHLY,MEDIUM,TAX_SAVING,49.0,HIGH
40,67000.0,33200.0,31100.0,185000,59000.0,2700,10,1,4,QUARTERLY,HIGH,TAX_SAVING,71.0,HIGH
63,48000.0,30300.0,7000.0,1021000,37000.0,10700,4,5,2,MONTHLY,MEDIUM,SHORT_TERM_GOAL,93.0,HIGH
56,89000.0,46900.0,35700.0,699000,126000.0,6400,1,1,2,QUARTERLY,MEDIUM,RETIREMENT,34.0,MEDIUM
49,77000.0,50200.0,26200.0,805000,139000.0,600,14,4,2,MONTHLY,MEDIUM,WEALTH_CREATION,76.0,HIGH
64,31000.0,17500.0,10400.0,160000,34000.0,3100,3,2,4,RARELY,HIGH,WEALTH_CREATION,52.0,HIGH
47,54000.0,14300.0,22200.0,213000,53000.0,17500,2,1,3,RARELY,MEDIUM,RETIREMENT,57.0,LOW
65,40000.0,27400.0,4700.0,534000,79000.0,7900,3,1,3,RARELY,MEDIUM,RETIREMENT,40.0,LOW
30,76000.0,59000.0,600.0,1278000,258000.0,16400,3,1,2,RARELY,MEDIUM,RETIREMENT,32.0,MEDIUM
48,40000.0,23600.0,14300.0,565000,36000.0,2100,6,1,3,MONTHLY,MEDIUM,EMERGENCY_FUND,59.0,HIGH
50,64000.0,26100.0,2700.0,821000,27000.0,35200,1,1,5,RARELY,MEDIUM,WEALTH_CREATION,76.0,LOW
63,69000.0,33500.0,23400.0,860000,87000.0,12100,4,1,1,MONTHLY,LOW,RETIREMENT,49.0,HIGH
26,43000.0,15200.0,26200.0,221000,37000.0,1600,6,1,1,QUARTERLY,MEDIUM,WEALTH_CREATION,53.0,HIGH
35,22000.0,20200.0,0.0,198000,52000.0,2900,12,2,1,MONTHLY,LOW,RETIREMENT,54.0,HIGH
25,62000.0,55000.0,0.0,260000,62000.0,18100,13,1,1,LUMP_SUM,LOW,RETIREMENT,53.0,LOW
24,174000.0,93300.0,0.0,2182000,387000.0,92200,2,3,2,MONTHLY,LOW,WEALTH_CREATION,74.0,MEDIUM
45,87000.0,68900.0,0.0,2078000,600000.0,22300,1,5,2,MONTHLY,MEDIUM,WEALTH_CREATION,83.0,HIGH
25,59000.0,29000.0,17200.0,392000,35000.0,12800,17,1,5,RARELY,MEDIUM,WEALTH_CREATION,70.0,HIGH
31,84000.0,33300.0,43800.0,495000,170000.0,6900,3,3,3,RARELY,HIGH,RETIREMENT,60.0,MEDIUM
55,140000.0,45400.0,59200.0,1586000,382000.0,35400,1,1,4,QUARTERLY,HIGH,RETIREMENT,36.0,MEDIUM
57,104000.0,58800.0,24400.0,911000,274000.0,20800,4,2,3,MONTHLY,LOW,TAX_SAVING,54.0,HIGH
48,120000.0,60400.0,41900.0,680000,303000.0,17700,4,3,1,QUARTERLY,LOW,RETIREMENT,65.0,HIGH
54,184000.0,133400.0,39000.0,6334000,2804000.0,11600,11,1,1,LUMP_SUM,LOW,WEALTH_CREATION,69.0,HIGH
22,79000.0,35700.0,37200.0,735000,3000.0,6100,4,1,3,MONTHLY,HIGH,TAX_SAVING,56.0,HIGH
51,64000.0,41500.0,7300.0,522000,70000.0,15200,4,1,2,MONTHLY,LOW,WEALTH_CREATION,54.0,HIGH
36,94000.0,61900.0,3600.0,2852000,262000.0,28500,11,1,2,RARELY,MEDIUM,RETIREMENT,48.0,HIGH
42,79000.0,40700.0,21500.0,1703000,537000.0,16800,4,1,1,LUMP_SUM,MEDIUM,RETIREMENT,29.0,HIGH
31,119000.0,59900.0,22800.0,2479000,691000.0,36300,20,5,5,MONTHLY,MEDIUM,EMERGENCY_FUND,98.0,HIGH
44,55000.0,31600.0,13400.0,870000,68000.0,10000,6,2,3,MONTHLY,MEDIUM,RETIREMENT,61.0,HIGH
39,175000.0,40900.0,119200.0,287000,27000.0,14900,7,5,4,LUMP_SUM,LOW,WEALTH_CREATION,98.0,HIGH
29,35000.0,22400.0,4700.0,639000,208000.0,7900,13,2,1,MONTHLY,LOW,TAX_SAVING,73.0,HIGH
43,34000.0,31200.0,0.0,488000,79000.0,7900,6,3,1,QUARTERLY,MEDIUM,EMERGENCY_FUND,43.0,LOW
59,124000.0,45800.0,64900.0,225000,34000.0,13300,6,1,1,MONTHLY,LOW,WEALTH_CREATION,43.0,HIGH
26,68000.0,60400.0,0.0,1797000,601000.0,31900,2,4,1,MONTHLY,LOW,SHORT_TERM_GOAL,69.0,HIGH
61,164000.0,76900.0,48500.0,3946000,2710000.0,38600,5,1,5,MONTHLY,MEDIUM,EMERGENCY_FUND,72.0,HIGH
53,147000.0,96400.0,36600.0,2387000,1123000.0,14000,1,1,5,MONTHLY,MEDIUM,RETIREMENT,88.0,HIGH
60,65000.0,36700.0,16200.0,458000,212000.0,12100,15,3,4,MONTHLY,LOW,EMERGENCY_FUND,96.0,HIGH
43,49000.0,31400.0,9000.0,204000,65000.0,8600,6,3,4,LUMP_SUM,MEDIUM,EMERGENCY_FUND,98.0,MEDIUM
42,106000.0,74600.0,25400.0,1641000,729000.0,6000,10,5,1,QUARTERLY,MEDIUM,SHORT_TERM_GOAL,66.0,HIGH
42,166000.0,137400.0,9800.0,1072000,552000.0,18800,24,2,3,MONTHLY,LOW,WEALTH_CREATION,71.0,HIGH
24,28000.0,23200.0,4000.0,156000,30000.0,800,21,3,1,LUMP_SUM,LOW,WEALTH_CREATION,73.0,HIGH
32,51000.0,39700.0,0.0,1644000,253000.0,15800,7,1,3,LUMP_SUM,LOW,TAX_SAVING,58.0,HIGH
45,94000.0,60500.0,11400.0,1869000,1476000.0,22100,22,3,3,QUARTERLY,LOW,RETIREMENT,80.0,HIGH
63,99000.0,56700.0,21400.0,245000,37000.0,20900,5,2,2,MONTHLY,MEDIUM,RETIREMENT,50.0,LOW
59,63000.0,47000.0,11700.0,812000,189000.0,4300,7,1,4,MONTHLY,LOW,TAX_SAVING,70.0,HIGH
35,80000.0,51400.0,23200.0,962000,281000.0,5400,20,1,5,MONTHLY,LOW,WEALTH_CREATION,78.0,HIGH
46,39000.0,34300.0,0.0,1101000,485000.0,6500,14,3,1,LUMP_SUM,HIGH,TAX_SAVING,50.0,HIGH
53,28000.0,14500.0,12000.0,435000,38000.0,1500,6,1,4,QUARTERLY,LOW,EMERGENCY_FUND,62.0,HIGH
52,74000.0,29800.0,31300.0,353000,44000.0,12900,2,4,2,QUARTERLY,HIGH,WEALTH_CREATION,58.0,HIGH
56,74000.0,34700.0,26600.0,928000,126000.0,12700,15,2,5,MONTHLY,LOW,WEALTH_CREATION,83.0,HIGH
63,67000.0,37900.0,21100.0,411000,109000.0,8000,9,2,2,RARELY,LOW,SHORT_TERM_GOAL,43.0,HIGH
64,26000.0,15800.0,3600.0,390000,5000.0,6600,5,1,1,MONTHLY,HIGH,WEALTH_CREATION,34.0,MEDIUM
32,61000.0,44000.0,1500.0,867000,201000.0,15500,5,3,3,RARELY,HIGH,EMERGENCY_FUND,48.0,LOW
40,62000.0,49500.0,9100.0,610000,144000.0,3400,2,1,3,MONTHLY,MEDIUM,RETIREMENT,52.0,HIGH
60,83000.0,50600.0,26900.0,1977000,105000.0,5500,4,4,1,MONTHLY,MEDIUM,RETIREMENT,68.0,HIGH
37,29000.0,15500.0,5300.0,183000,97000.0,8200,15,1,2,LUMP_SUM,LOW,EMERGENCY_FUND,69.0,HIGH
36,41000.0,28400.0,10400.0,298000,53000.0,2200,5,3,3,MONTHLY,MEDIUM,RETIREMENT,72.0,HIGH
50,57000.0,39000.0,0.0,1561000,228000.0,23100,21,3,1,LUMP_SUM,HIGH,WEALTH_CREATION,56.0,HIGH
58,81000.0,38200.0,34800.0,1890000,372000.0,8000,20,5,3,QUARTERLY,LOW,RETIREMENT,87.0,HIGH
37,94000.0,44300.0,44700.0,93000,4000.0,5000,17,2,2,QUARTERLY,MEDIUM,TAX_SAVING,61.0,HIGH
47,102000.0,71000.0,11000.0,385000,121000.0,20000,16,1,1,MONTHLY,LOW,EMERGENCY_FUND,45.0,MEDIUM
45,42000.0,19600.0,10900.0,858000,416000.0,11500,20,2,3,MONTHLY,MEDIUM,EMERGENCY_FUND,56.0,HIGH
27,47000.0,28400.0,12200.0,399000,125000.0,6400,15,4,2,QUARTERLY,LOW,RETIREMENT,85.0,HIGH
28,75000.0,48900.0,0.0,1943000,345000.0,32800,5,3,2,MONTHLY,MEDIUM,SHORT_TERM_GOAL,66.0,HIGH
53,55000.0,45500.0,2000.0,668000,196000.0,7500,9,2,5,LUMP_SUM,MEDIUM,SHORT_TERM_GOAL,85.0,HIGH
43,149000.0,73300.0,40200.0,382000,66000.0,35500,9,4,5,MONTHLY,HIGH,RETIREMENT,97.0,HIGH
25,94000.0,26800.0,26700.0,649000,56000.0,40500,13,2,1,QUARTERLY,HIGH,RETIREMENT,45.0,MEDIUM
61,36000.0,27800.0,5100.0,745000,255000.0,3100,6,1,1,MONTHLY,MEDIUM,WEALTH_CREATION,52.0,HIGH
60,105000.0,62900.0,19400.0,1271000,192000.0,22700,4,1,2,RARELY,MEDIUM,SHORT_TERM_GOAL,46.0,LOW
54,51000.0,33200.0,8900.0,53000,16000.0,8900,10,4,5,QUARTERLY,MEDIUM,WEALTH_CREATION,100.0,HIGH
60,20000.0,13700.0,900.0,145000,60000.0,5400,16,3,1,RARELY,HIGH,TAX_SAVING,53.0,LOW
33,39000.0,15700.0,14000.0,311000,26000.0,9300,4,2,3,LUMP_SUM,MEDIUM,TAX_SAVING,69.0,HIGH
27,77000.0,40300.0,27400.0,1433000,226000.0,9300,4,3,4,MONTHLY,HIGH,EMERGENCY_FUND,72.0,HIGH
57,127000.0,79300.0,30900.0,3046000,874000.0,16800,2,1,3,LUMP_SUM,LOW,WEALTH_CREATION,52.0,HIGH
62,58000.0,51200.0,0.0,270000,81000.0,10100,1,5,3,MONTHLY,MEDIUM,RETIREMENT,87.0,HIGH
50,57000.0,39800.0,9500.0,467000,86000.0,7700,12,4,2,MONTHLY,MEDIUM,SHORT_TERM_GOAL,78.0,HIGH
62,205000.0,127000.0,45400.0,1923000,906000.0,32600,3,2,2,MONTHLY,HIGH,TAX_SAVING,37.0,MEDIUM
62,164000.0,97600.0,46400.0,1065000,580000.0,20000,6,1,3,MONTHLY,MEDIUM,TAX_SAVING,64.0,HIGH
31,39000.0,19500.0,11400.0,234000,139000.0,8100,5,4,5,LUMP_SUM,MEDIUM,WEALTH_CREATION,94.0,HIGH
55,57000.0,41800.0,0.0,846000,386000.0,16400,22,4,2,RARELY,MEDIUM,TAX_SAVING,66.0,HIGH
61,131000.0,78600.0,20300.0,1027000,527000.0,32100,19,2,1,MONTHLY,MEDIUM,RETIREMENT,41.0,HIGH
43,59000.0,32900.0,14300.0,1203000,248000.0,11800,5,2,5,RARELY,MEDIUM,SHORT_TERM_GOAL,72.0,HIGH
30,48000.0,25600.0,14500.0,874000,243000.0,7900,5,2,1,RARELY,HIGH,EMERGENCY_FUND,59.0,MEDIUM
28,25000.0,15000.0,6400.0,64000,23000.0,3600,5,2,2,RARELY,MEDIUM,WEALTH_CREATION,55.0,LOW
38,39000.0,21500.0,11000.0,953000,312000.0,6500,18,1,4,QUARTERLY,MEDIUM,WEALTH_CREATION,57.0,HIGH
52,61000.0,38500.0,17000.0,1440000,449000.0,5500,1,5,4,QUARTERLY,HIGH,TAX_SAVING,87.0,HIGH
58,51000.0,37300.0,5400.0,847000,25000.0,8300,7,1,3,MONTHLY,HIGH,WEALTH_CREATION,50.0,HIGH
59,63000.0,27100.0,24500.0,1035000,489000.0,11400,5,2,2,MONTHLY,LOW,RETIREMENT,60.0,HIGH
35,112000.0,60000.0,6700.0,2271000,253000.0,45300,20,2,3,MONTHLY,MEDIUM,SHORT_TERM_GOAL,60.0,HIGH
61,47000.0,27500.0,8400.0,403000,12000.0,11100,19,1,2,RARELY,MEDIUM,TAX_SAVING,38.0,MEDIUM
37,60000.0,24400.0,15100.0,210000,84000.0,20500,11,3,5,MONTHLY,MEDIUM,RETIREMENT,87.0,HIGH
43,87000.0,48000.0,32800.0,139000,28000.0,6200,18,1,3,MONTHLY,HIGH,WEALTH_CREATION,52.0,HIGH
23,57000.0,21700.0,20600.0,504000,252000.0,14700,6,1,2,RARELY,MEDIUM,TAX_SAVING,32.0,LOW
37,51000.0,30500.0,0.0,1207000,61000.0,28000,1,1,4,MONTHLY,HIGH,SHORT_TERM_GOAL,52.0,MEDIUM
38,55000.0,44700.0,7500.0,976000,255000.0,2800,10,2,4,MONTHLY,LOW,SHORT_TERM_GOAL,71.0,HIGH
29,69000.0,18800.0,25300.0,381000,67000.0,24900,14,3,1,MONTHLY,HIGH,SHORT_TERM_GOAL,72.0,MEDIUM
55,103000.0,87200.0,0.0,1901000,597000.0,25300,4,4,5,QUARTERLY,MEDIUM,WEALTH_CREATION,83.0,HIGH
22,281000.0,174000.0,37700.0,2191000,829000.0,69300,19,1,4,RARELY,MEDIUM,WEALTH_CREATION,57.0,HIGH
44,54000.0,28700.0,19500.0,1005000,309000.0,5800,9,5,2,MONTHLY,LOW,TAX_SAVING,85.0,HIGH
63,87000.0,49300.0,2200.0,372000,23000.0,35500,19,1,2,MONTHLY,LOW,RETIREMENT,46.0,MEDIUM
39,42000.0,26800.0,4500.0,380000,67000.0,10700,6,5,3,MONTHLY,LOW,EMERGENCY_FUND,99.0,HIGH
48,36000.0,16500.0,16500.0,500000,142000.0,3000,1,1,2,RARELY,HIGH,RETIREMENT,23.0,HIGH
53,159000.0,49600.0,86700.0,307000,20000.0,22700,7,2,1,MONTHLY,LOW,TAX_SAVING,60.0,HIGH
28,137000.0,40700.0,54400.0,1832000,220000.0,41900,6,4,3,RARELY,HIGH,WEALTH_CREATION,63.0,HIGH
24,65000.0,34900.0,7500.0,1702000,775000.0,22600,18,4,2,RARELY,HIGH,RETIREMENT,75.0,HIGH
55,37000.0,27300.0,0.0,1606000,874000.0,20300,4,4,1,MONTHLY,HIGH,SHORT_TERM_GOAL,54.0,HIGH
44,46000.0,41700.0,0.0,601000,171000.0,7500,2,1,3,LUMP_SUM,MEDIUM,SHORT_TERM_GOAL,59.0,LOW
63,262000.0,175000.0,55900.0,542000,7000.0,31100,1,1,2,MONTHLY,MEDIUM,WEALTH_CREATION,52.0,LOW
33,90000.0,51900.0,24500.0,1130000,823000.0,13600,7,4,3,MONTHLY,LOW,WEALTH_CREATION,86.0,HIGH
52,41000.0,18800.0,18300.0,278000,63000.0,3900,9,1,5,MONTHLY,MEDIUM,SHORT_TERM_GOAL,52.0,HIGH
55,216000.0,110200.0,98000.0,3104000,1433000.0,7800,11,4,3,MONTHLY,LOW,WEALTH_CREATION,86.0,HIGH
60,56000.0,24000.0,20600.0,795000,335000.0,11400,3,1,2,RARELY,LOW,SHORT_TERM_GOAL,52.0,MEDIUM
42,47000.0,43200.0,100.0,1339000,795000.0,3700,19,3,4,LUMP_SUM,MEDIUM,WEALTH_CREATION,79.0,HIGH
43,50000.0,36000.0,7900.0,1181000,217000.0,6100,17,1,2,RARELY,MEDIUM,WEALTH_CREATION,43.0,HIGH
31,25000.0,15900.0,0.0,125000,29000.0,13700,2,4,4,MONTHLY,HIGH,WEALTH_CREATION,82.0,MEDIUM
53,90000.0,72400.0,0.0,1547000,153000.0,21500,9,4,2,LUMP_SUM,HIGH,WEALTH_CREATION,70.0,HIGH
42,28000.0,20800.0,0.0,310000,6000.0,11500,4,1,3,MONTHLY,LOW,WEALTH_CREATION,54.0,HIGH
28,53000.0,26800.0,13200.0,621000,158000.0,13000,4,3,1,MONTHLY,MEDIUM,WEALTH_CREATION,43.0,HIGH
42,67000.0,49800.0,7400.0,846000,51000.0,9800,1,3,1,MONTHLY,MEDIUM,SHORT_TERM_GOAL,63.0,MEDIUM
39,32000.0,13000.0,16800.0,259000,69000.0,2200,4,1,1,RARELY,MEDIUM,RETIREMENT,29.0,MEDIUM
32,145000.0,89600.0,13600.0,2701000,488000.0,41800,3,1,1,LUMP_SUM,LOW,RETIREMENT,36.0,MEDIUM
39,55000.0,28600.0,17300.0,719000,115000.0,9100,1,1,3,MONTHLY,MEDIUM,EMERGENCY_FUND,72.0,MEDIUM
49,90000.0,57400.0,27600.0,819000,173000.0,5000,12,1,3,MONTHLY,MEDIUM,SHORT_TERM_GOAL,50.0,HIGH
25,151000.0,71800.0,36500.0,1810000,645000.0,42700,21,2,2,MONTHLY,HIGH,WEALTH_CREATION,57.0,HIGH
21,58000.0,45000.0,8800.0,915000,515000.0,4200,7,3,1,MONTHLY,LOW,RETIREMENT,71.0,HIGH
30,38000.0,30300.0,0.0,385000,55000.0,10100,3,3,4,MONTHLY,HIGH,TAX_SAVING,77.0,MEDIUM
51,136000.0,66800.0,11000.0,4379000,616000.0,58200,6,1,2,MONTHLY,MEDIUM,TAX_SAVING,38.0,HIGH
63,47000.0,25600.0,8200.0,245000,64000.0,13200,15,1,2,MONTHLY,LOW,WEALTH_CREATION,41.0,HIGH
40,31000.0,13100.0,12600.0,235000,38000.0,5300,6,1,2,MONTHLY,MEDIUM,RETIREMENT,60.0,HIGH
43,155000.0,118300.0,500.0,2450000,925000.0,36200,6,2,4,QUARTERLY,MEDIUM,SHORT_TERM_GOAL,81.0,HIGH
27,92000.0,77300.0,0.0,973000,616000.0,30400,8,1,5,MONTHLY,MEDIUM,EMERGENCY_FUND,62.0,MEDIUM
63,54000.0,44300.0,5300.0,173000,20000.0,4400,17,3,3,RARELY,MEDIUM,RETIREMENT,67.0,MEDIUM
21,55000.0,32200.0,8900.0,1520000,330000.0,13900,11,3,3,MONTHLY,MEDIUM,TAX_SAVING,77.0,HIGH
53,83000.0,75200.0,5900.0,1959000,946000.0,1900,11,3,3,RARELY,MEDIUM,EMERGENCY_FUND,49.0,HIGH
48,129000.0,80200.0,19700.0,157000,29000.0,29100,4,3,2,QUARTERLY,HIGH,EMERGENCY_FUND,68.0,LOW
37,29000.0,24200.0,0.0,94000,32000.0,5200,6,4,4,MONTHLY,MEDIUM,WEALTH_CREATION,77.0,HIGH
56,86000.0,35300.0,40400.0,554000,125000.0,10300,8,4,2,RARELY,HIGH,WEALTH_CREATION,82.0,HIGH
53,31000.0,13900.0,10600.0,240000,86000.0,6500,15,2,1,MONTHLY,MEDIUM,SHORT_TERM_GOAL,49.0,MEDIUM
51,51000.0,46900.0,0.0,2288000,454000.0,11200,10,2,4,MONTHLY,HIGH,SHORT_TERM_GOAL,72.0,HIGH
53,115000.0,40600.0,30900.0,730000,198000.0,43500,3,4,3,MONTHLY,LOW,EMERGENCY_FUND,98.0,MEDIUM
40,47000.0,22500.0,20400.0,1778000,145000.0,4100,3,1,1,LUMP_SUM,MEDIUM,WEALTH_CREATION,49.0,HIGH
21,57000.0,45600.0,1400.0,1590000,659000.0,10000,5,2,2,MONTHLY,LOW,EMERGENCY_FUND,79.0,HIGH
38,67000.0,45500.0,10400.0,979000,726000.0,11100,6,1,3,MONTHLY,MEDIUM,RETIREMENT,77.0,HIGH
22,78000.0,58500.0,10400.0,1108000,528000.0,9100,8,1,4,MONTHLY,HIGH,WEALTH_CREATION,59.0,HIGH
55,136000.0,65200.0,46000.0,1444000,626000.0,24800,7,3,1,MONTHLY,LOW,WEALTH_CREATION,74.0,HIGH
28,68000.0,51900.0,3400.0,568000,47000.0,12700,6,1,2,MONTHLY,MEDIUM,WEALTH_CREATION,45.0,HIGH
57,49000.0,34800.0,10800.0,355000,138000.0,3400,18,1,5,QUARTERLY,MEDIUM,SHORT_TERM_GOAL,74.0,HIGH
33,36000.0,23500.0,0.0,869000,115000.0,18300,3,1,3,LUMP_SUM,HIGH,TAX_SAVING,47.0,MEDIUM
62,66000.0,35400.0,14800.0,1026000,231000.0,15800,15,2,2,MONTHLY,LOW,RETIREMENT,59.0,HIGH
35,74000.0,68000.0,0.0,786000,163000.0,14400,18,1,2,MONTHLY,LOW,WEALTH_CREATION,60.0,HIGH
44,116000.0,80500.0,24600.0,1924000,31000.0,10900,21,1,4,MONTHLY,HIGH,WEALTH_CREATION,46.0,HIGH
61,57000.0,38200.0,15100.0,1532000,343000.0,3700,16,2,3,MONTHLY,LOW,TAX_SAVING,76.0,HIGH
40,80000.0,52900.0,0.0,2817000,660000.0,34900,4,3,5,LUMP_SUM,MEDIUM,SHORT_TERM_GOAL,86.0,HIGH
50,112000.0,40600.0,57600.0,360000,38000.0,13800,1,2,5,LUMP_SUM,MEDIUM,SHORT_TERM_GOAL,78.0,HIGH
46,20000.0,10400.0,9400.0,85000,26000.0,200,16,1,4,RARELY,HIGH,EMERGENCY_FUND,43.0,LOW
44,52000.0,30500.0,11800.0,1227000,638000.0,9700,8,3,5,MONTHLY,MEDIUM,WEALTH_CREATION,84.0,HIGH
51,29000.0,11500.0,12600.0,114000,23000.0,4900,16,3,2,MONTHLY,MEDIUM,RETIREMENT,67.0,HIGH
57,50000.0,30700.0,12600.0,460000,114000.0,6700,6,1,3,LUMP_SUM,HIGH,WEALTH_CREATION,61.0,HIGH
32,161000.0,116900.0,0.0,1770000,289000.0,63400,14,1,4,LUMP_SUM,MEDIUM,EMERGENCY_FUND,62.0,HIGH
44,96000.0,42000.0,22000.0,647000,123000.0,32000,11,1,2,RARELY,MEDIUM,SHORT_TERM_GOAL,31.0,LOW
60,57000.0,29300.0,23000.0,858000,291000.0,4700,3,3,5,RARELY,MEDIUM,RETIREMENT,66.0,HIGH
56,48000.0,37900.0,6400.0,595000,194000.0,3700,6,1,3,MONTHLY,LOW,WEALTH_CREATION,70.0,HIGH
48,25000.0,11600.0,5200.0,598000,27000.0,8200,14,2,4,LUMP_SUM,MEDIUM,SHORT_TERM_GOAL,69.0,HIGH
29,87000.0,60300.0,19100.0,1494000,76000.0,7600,3,1,2,QUARTERLY,MEDIUM,EMERGENCY_FUND,31.0,MEDIUM
60,126000.0,63400.0,44500.0,729000,32000.0,18100,3,4,3,RARELY,MEDIUM,WEALTH_CREATION,76.0,HIGH
64,121000.0,93300.0,0.0,316000,94000.0,41900,6,1,3,LUMP_SUM,MEDIUM,RETIREMENT,55.0,LOW
50,69000.0,41700.0,0.0,486000,174000.0,37900,1,2,1,LUMP_SUM,LOW,TAX_SAVING,76.0,LOW
42,26000.0,13900.0,6400.0,784000,172000.0,5700,1,2,4,MONTHLY,HIGH,RETIREMENT,76.0,HIGH
24,165000.0,91000.0,60100.0,3170000,1258000.0,13900,9,1,3,RARELY,HIGH,TAX_SAVING,36.0,HIGH
26,93000.0,70500.0,3700.0,218000,162000.0,18800,17,1,3,MONTHLY,LOW,EMERGENCY_FUND,54.0,HIGH
54,122000.0,99400.0,1600.0,741000,30000.0,21000,4,3,3,QUARTERLY,HIGH,TAX_SAVING,84.0,MEDIUM
50,64000.0,37400.0,8600.0,429000,78000.0,18000,2,3,5,MONTHLY,MEDIUM,RETIREMENT,87.0,HIGH
49,104000.0,37000.0,65300.0,409000,123000.0,1700,3,1,3,LUMP_SUM,LOW,EMERGENCY_FUND,60.0,LOW
34,133000.0,68300.0,19600.0,1930000,646000.0,45100,16,1,4,QUARTERLY,MEDIUM,TAX_SAVING,43.0,HIGH
50,72000.0,26400.0,21900.0,129000,80000.0,23700,11,1,3,MONTHLY,MEDIUM,RETIREMENT,57.0,MEDIUM
63,55000.0,39000.0,12500.0,738000,61000.0,3500,17,3,1,MONTHLY,MEDIUM,WEALTH_CREATION,66.0,HIGH
55,62000.0,52000.0,2700.0,356000,159000.0,7300,6,2,3,LUMP_SUM,LOW,EMERGENCY_FUND,60.0,MEDIUM
48,66000.0,40200.0,19100.0,251000,23000.0,6700,7,2,2,RARELY,MEDIUM,RETIREMENT,33.0,MEDIUM
37,229000.0,120100.0,66900.0,4177000,796000.0,42000,8,4,2,QUARTERLY,HIGH,SHORT_TERM_GOAL,65.0,HIGH
30,20000.0,12700.0,300.0,101000,20000.0,7000,17,3,3,RARELY,HIGH,WEALTH_CREATION,50.0,MEDIUM
45,50000.0,45500.0,0.0,941000,420000.0,12000,9,2,2,QUARTERLY,MEDIUM,TAX_SAVING,63.0,HIGH
29,74000.0,48800.0,0.0,1213000,155000.0,26500,9,2,4,MONTHLY,HIGH,EMERGENCY_FUND,47.0,MEDIUM
65,65000.0,35100.0,20900.0,1217000,50000.0,9000,3,2,3,MONTHLY,LOW,WEALTH_CREATION,90.0,HIGH
60,55000.0,43000.0,900.0,571000,328000.0,11100,15,3,4,QUARTERLY,MEDIUM,TAX_SAVING,68.0,HIGH
53,94000.0,48400.0,40900.0,467000,57000.0,4700,15,3,3,MONTHLY,HIGH,SHORT_TERM_GOAL,72.0,HIGH
64,111000.0,83800.0,0.0,2495000,1207000.0,50600,4,4,2,MONTHLY,LOW,RETIREMENT,82.0,HIGH
39,108000.0,99300.0,0.0,3170000,995000.0,22500,5,1,4,QUARTERLY,MEDIUM,SHORT_TERM_GOAL,45.0,HIGH
45,135000.0,94400.0,29300.0,1393000,165000.0,11300,9,2,2,MONTHLY,MEDIUM,WEALTH_CREATION,74.0,HIGH
33,68000.0,62500.0,0.0,557000,10000.0,37400,2,5,2,RARELY,MEDIUM,WEALTH_CREATION,86.0,LOW
61,41000.0,37500.0,0.0,148000,35000.0,11800,6,4,3,LUMP_SUM,LOW,EMERGENCY_FUND,85.0,MEDIUM
29,116000.0,97200.0,7700.0,2325000,732000.0,11100,20,5,1,LUMP_SUM,HIGH,SHORT_TERM_GOAL,62.0,HIGH
64,24000.0,14900.0,2300.0,152000,13000.0,6800,4,4,3,MONTHLY,MEDIUM,WEALTH_CREATION,87.0,HIGH
23,35000.0,13200.0,16700.0,432000,129000.0,5100,14,1,5,QUARTERLY,MEDIUM,WEALTH_CREATION,65.0,HIGH
25,85000.0,55800.0,800.0,633000,228000.0,28400,20,4,2,MONTHLY,HIGH,WEALTH_CREATION,66.0,MEDIUM
28,74000.0,37100.0,22500.0,1493000,134000.0,14400,10,4,1,LUMP_SUM,MEDIUM,TAX_SAVING,77.0,HIGH
32,51000.0,40400.0,0.0,119000,31000.0,19000,1,1,4,MONTHLY,MEDIUM,RETIREMENT,61.0,MEDIUM
24,54000.0,41000.0,0.0,1837000,281000.0,28900,1,5,4,MONTHLY,HIGH,RETIREMENT,93.0,HIGH
42,20000.0,13100.0,0.0,728000,66000.0,9100,15,5,4,LUMP_SUM,MEDIUM,TAX_SAVING,95.0,HIGH
36,68000.0,47400.0,4600.0,327000,19000.0,16000,8,3,4,QUARTERLY,HIGH,RETIREMENT,75.0,MEDIUM
59,36000.0,20200.0,11500.0,35000,9000.0,4300,5,4,2,MONTHLY,MEDIUM,TAX_SAVING,70.0,MEDIUM
30,77000.0,46800.0,23100.0,718000,239000.0,7100,11,1,1,QUARTERLY,MEDIUM,WEALTH_CREATION,36.0,HIGH
43,41000.0,29800.0,2400.0,749000,245000.0,8800,13,2,1,MONTHLY,LOW,WEALTH_CREATION,38.0,HIGH
31,145000.0,90700.0,33700.0,4185000,925000.0,20600,9,5,2,QUARTERLY,LOW,TAX_SAVING,100.0,HIGH
51,170000.0,72600.0,56700.0,1846000,411000.0,40700,10,3,2,LUMP_SUM,MEDIUM,RETIREMENT,68.0,HIGH
50,195000.0,154000.0,29000.0,3344000,1300000.0,12000,1,1,4,MONTHLY,HIGH,WEALTH_CREATION,61.0,HIGH
22,52000.0,46400.0,0.0,540000,293000.0,17800,1,2,3,QUARTERLY,LOW,WEALTH_CREATION,72.0,HIGH
56,96000.0,72800.0,4800.0,1497000,170000.0,18400,5,3,1,LUMP_SUM,MEDIUM,RETIREMENT,57.0,HIGH
47,121000.0,94400.0,9200.0,414000,113000.0,17400,10,1,3,LUMP_SUM,MEDIUM,SHORT_TERM_GOAL,51.0,LOW
61,38000.0,16400.0,18700.0,159000,28000.0,2900,2,1,2,MONTHLY,LOW,RETIREMENT,49.0,HIGH
36,71000.0,51500.0,0.0,946000,154000.0,37700,7,1,2,MONTHLY,HIGH,WEALTH_CREATION,41.0,MEDIUM
30,150000.0,61500.0,80500.0,2593000,479000.0,8000,2,1,1,LUMP_SUM,LOW,WEALTH_CREATION,55.0,HIGH
61,87000.0,50500.0,0.0,2319000,1300000.0,42500,3,1,3,MONTHLY,MEDIUM,WEALTH_CREATION,73.0,HIGH
56,85000.0,51300.0,29900.0,386000,122000.0,3800,4,4,2,RARELY,LOW,EMERGENCY_FUND,71.0,MEDIUM
46,23000.0,7100.0,9900.0,167000,29000.0,6000,17,4,3,MONTHLY,MEDIUM,RETIREMENT,88.0,HIGH
37,111000.0,53500.0,43700.0,1047000,308000.0,13800,1,5,3,LUMP_SUM,MEDIUM,EMERGENCY_FUND,100.0,HIGH
38,92000.0,81600.0,4000.0,812000,57000.0,6400,1,4,2,MONTHLY,MEDIUM,SHORT_TERM_GOAL,87.0,MEDIUM
44,123000.0,78200.0,27200.0,1808000,616000.0,17600,13,2,3,QUARTERLY,MEDIUM,SHORT_TERM_GOAL,70.0,HIGH
37,48000.0,35200.0,5500.0,1768000,762000.0,7300,1,2,3,QUARTERLY,HIGH,RETIREMENT,54.0,HIGH
44,53000.0,26900.0,21500.0,510000,95000.0,4600,23,2,4,QUARTERLY,HIGH,RETIREMENT,64.0,HIGH
29,90000.0,60100.0,12500.0,2847000,267000.0,17400,10,1,1,QUARTERLY,HIGH,RETIREMENT,38.0,HIGH
21,30000.0,24600.0,0.0,721000,107000.0,10400,7,1,4,MONTHLY,HIGH,WEALTH_CREATION,54.0,HIGH
54,32000.0,23900.0,6700.0,553000,323000.0,1400,10,4,3,RARELY,MEDIUM,WEALTH_CREATION,89.0,HIGH
58,130000.0,77900.0,21700.0,2759000,622000.0,30400,2,3,3,MONTHLY,MEDIUM,RETIREMENT,73.0,HIGH
24,41000.0,13000.0,25600.0,11000,4000.0,2400,4,3,5,MONTHLY,MEDIUM,WEALTH_CREATION,89.0,HIGH
44,97000.0,57800.0,10600.0,1105000,330000.0,28600,20,1,3,MONTHLY,MEDIUM,TAX_SAVING,61.0,HIGH
54,87000.0,74100.0,6600.0,1163000,204000.0,6300,7,3,5,RARELY,HIGH,WEALTH_CREATION,74.0,HIGH
26,42000.0,21300.0,11300.0,253000,59000.0,9400,3,2,2,MONTHLY,MEDIUM,RETIREMENT,58.0,HIGH
24,145000.0,89600.0,12100.0,1043000,204000.0,43300,5,4,3,MONTHLY,LOW,WEALTH_CREATION,99.0,HIGH
21,88000.0,62000.0,500.0,2651000,921000.0,25500,19,4,2,MONTHLY,HIGH,TAX_SAVING,77.0,HIGH
54,79000.0,49200.0,20900.0,758000,399000.0,8900,1,5,5,MONTHLY,HIGH,EMERGENCY_FUND,100.0,HIGH
49,146000.0,89300.0,43900.0,836000,144000.0,12800,10,1,5,LUMP_SUM,MEDIUM,TAX_SAVING,79.0,HIGH
62,90000.0,73500.0,0.0,1644000,54000.0,20700,1,1,3,MONTHLY,HIGH,WEALTH_CREATION,58.0,HIGH
63,113000.0,66000.0,42100.0,425000,133000.0,4900,13,1,1,LUMP_SUM,MEDIUM,WEALTH_CREATION,40.0,HIGH
21,57000.0,49200.0,0.0,499000,83000.0,12500,10,3,3,MONTHLY,MEDIUM,WEALTH_CREATION,89.0,HIGH
42,53000.0,23000.0,12900.0,1084000,306000.0,17100,13,1,4,MONTHLY,MEDIUM,RETIREMENT,73.0,HIGH
54,31000.0,28500.0,0.0,323000,13000.0,4100,13,2,2,MONTHLY,MEDIUM,WEALTH_CREATION,65.0,HIGH
51,52000.0,47800.0,600.0,249000,24000.0,3600,13,2,5,RARELY,MEDIUM,RETIREMENT,62.0,HIGH
25,37000.0,16400.0,10600.0,126000,46000.0,10000,9,4,1,LUMP_SUM,MEDIUM,EMERGENCY_FUND,68.0,LOW
60,96000.0,80800.0,6600.0,1863000,488000.0,8600,20,3,1,MONTHLY,MEDIUM,WEALTH_CREATION,43.0,HIGH
25,63000.0,45100.0,2100.0,1218000,89000.0,15800,7,4,4,MONTHLY,MEDIUM,EMERGENCY_FUND,82.0,HIGH
21,52000.0,31200.0,17300.0,388000,20000.0,3500,15,1,4,RARELY,HIGH,SHORT_TERM_GOAL,46.0,MEDIUM
22,56000.0,27900.0,4700.0,379000,53000.0,23400,9,1,3,RARELY,LOW,RETIREMENT,49.0,MEDIUM
52,122000.0,51600.0,51000.0,2004000,218000.0,19400,8,1,5,RARELY,HIGH,WEALTH_CREATION,62.0,HIGH
22,125000.0,72500.0,0.0,894000,262000.0,68000,2,3,1,LUMP_SUM,MEDIUM,SHORT_TERM_GOAL,65.0,LOW
29,67000.0,26900.0,34900.0,132000,5000.0,5200,2,4,3,RARELY,HIGH,RETIREMENT,65.0,MEDIUM
33,80000.0,57500.0,6600.0,286000,19000.0,15900,12,4,3,MONTHLY,LOW,RETIREMENT,91.0,HIGH
28,251000.0,201000.0,0.0,2922000,1670000.0,52500,5,3,1,LUMP_SUM,HIGH,RETIREMENT,46.0,MEDIUM
48,71000.0,26100.0,34800.0,739000,171000.0,10100,4,2,2,LUMP_SUM,LOW,EMERGENCY_FUND,70.0,HIGH
54,68000.0,32800.0,6100.0,220000,78000.0,29100,21,1,3,LUMP_SUM,LOW,TAX_SAVING,52.0,MEDIUM
38,103000.0,66000.0,18700.0,785000,44000.0,18300,14,1,1,QUARTERLY,HIGH,EMERGENCY_FUND,41.0,LOW
29,84000.0,47200.0,24400.0,1010000,137000.0,12400,4,1,5,MONTHLY,MEDIUM,TAX_SAVING,58.0,HIGH
50,72000.0,18800.0,39700.0,189000,52000.0,13500,13,3,2,RARELY,MEDIUM,RETIREMENT,44.0,HIGH
46,89000.0,81800.0,3600.0,2781000,855000.0,3600,8,1,3,LUMP_SUM,MEDIUM,EMERGENCY_FUND,59.0,HIGH
43,79000.0,49300.0,14400.0,1785000,454000.0,15300,7,1,1,LUMP_SUM,HIGH,WEALTH_CREATION,36.0,HIGH
43,79000.0,48900.0,21800.0,905000,228000.0,8300,10,3,3,MONTHLY,LOW,WEALTH_CREATION,64.0,HIGH
35,148000.0,63600.0,80200.0,1235000,503000.0,4200,11,3,4,QUARTERLY,LOW,SHORT_TERM_GOAL,93.0,HIGH
24,104000.0,38500.0,36500.0,2475000,371000.0,29000,4,4,5,MONTHLY,HIGH,RETIREMENT,100.0,HIGH
58,37000.0,26400.0,0.0,189000,58000.0,13500,8,4,3,MONTHLY,LOW,SHORT_TERM_GOAL,92.0,MEDIUM
52,146000.0,61000.0,60400.0,1364000,165000.0,24600,2,3,4,LUMP_SUM,HIGH,SHORT_TERM_GOAL,69.0,MEDIUM
47,88000.0,80900.0,0.0,3156000,2260000.0,33800,6,1,4,RARELY,HIGH,WEALTH_CREATION,52.0,HIGH
54,43000.0,11100.0,22600.0,69000,6000.0,9300,15,1,1,MONTHLY,HIGH,WEALTH_CREATION,31.0,MEDIUM
56,67000.0,40400.0,18800.0,1259000,109000.0,7800,5,2,5,MONTHLY,MEDIUM,EMERGENCY_FUND,78.0,HIGH
64,38000.0,17300.0,11400.0,36000,11000.0,9300,13,3,1,LUMP_SUM,HIGH,TAX_SAVING,48.0,LOW
59,20000.0,14100.0,4000.0,144000,42000.0,1900,6,1,4,QUARTERLY,HIGH,RETIREMENT,51.0,MEDIUM
45,53000.0,38300.0,3600.0,514000,18000.0,11100,11,2,2,MONTHLY,LOW,SHORT_TERM_GOAL,50.0,HIGH
48,44000.0,36600.0,0.0,663000,92000.0,9500,1,2,1,LUMP_SUM,MEDIUM,TAX_SAVING,38.0,MEDIUM
40,46000.0,27800.0,13000.0,475000,51000.0,5200,1,3,1,MONTHLY,HIGH,TAX_SAVING,40.0,MEDIUM
32,38000.0,12000.0,21200.0,263000,130000.0,4800,6,2,1,MONTHLY,MEDIUM,SHORT_TERM_GOAL,46.0,MEDIUM
31,82000.0,63400.0,15000.0,1095000,369000.0,3600,2,1,4,MONTHLY,HIGH,WEALTH_CREATION,62.0,HIGH
59,66000.0,52200.0,0.0,559000,62000.0,16000,17,1,4,MONTHLY,MEDIUM,WEALTH_CREATION,74.0,HIGH
60,61000.0,29900.0,26000.0,312000,52000.0,5100,1,3,3,QUARTERLY,MEDIUM,WEALTH_CREATION,85.0,HIGH
65,81000.0,43500.0,21800.0,1291000,112000.0,15700,10,3,3,RARELY,LOW,RETIREMENT,61.0,HIGH
52,50000.0,31200.0,0.0,1082000,625000.0,27000,10,2,3,RARELY,MEDIUM,WEALTH_CREATION,78.0,HIGH
51,36000.0,18400.0,9700.0,497000,34000.0,7900,1,2,1,QUARTERLY,LOW,WEALTH_CREATION,60.0,HIGH
21,36000.0,26500.0,0.0,560000,288000.0,14100,2,2,1,LUMP_SUM,MEDIUM,WEALTH_CREATION,50.0,HIGH
36,27000.0,21300.0,0.0,164000,17000.0,10700,4,2,3,MONTHLY,HIGH,RETIREMENT,60.0,LOW
53,63000.0,37500.0,3300.0,275000,88000.0,22200,12,4,3,MONTHLY,MEDIUM,RETIREMENT,76.0,MEDIUM
64,37000.0,18900.0,8100.0,1068000,59000.0,10000,8,2,3,RARELY,MEDIUM,EMERGENCY_FUND,52.0,HIGH
56,194000.0,76900.0,80000.0,480000,93000.0,37100,17,1,3,MONTHLY,HIGH,RETIREMENT,44.0,HIGH
44,64000.0,42500.0,16000.0,2035000,548000.0,5500,14,1,4,MONTHLY,HIGH,SHORT_TERM_GOAL,56.0,HIGH
28,20000.0,11100.0,6500.0,47000,7000.0,2400,13,1,3,LUMP_SUM,HIGH,WEALTH_CREATION,33.0,MEDIUM
39,87000.0,63900.0,18600.0,1600000,511000.0,4500,12,1,4,QUARTERLY,HIGH,SHORT_TERM_GOAL,49.0,HIGH
31,66000.0,39100.0,5800.0,621000,90000.0,21100,11,2,1,QUARTERLY,HIGH,RETIREMENT,39.0,LOW
41,20000.0,6400.0,12600.0,55000,6000.0,1000,10,2,4,MONTHLY,MEDIUM,WEALTH_CREATION,81.0,HIGH
25,100000.0,44400.0,53200.0,644000,50000.0,2400,7,3,5,MONTHLY,MEDIUM,WEALTH_CREATION,93.0,HIGH
45,51000.0,36400.0,9500.0,807000,164000.0,5100,12,3,3,LUMP_SUM,MEDIUM,WEALTH_CREATION,90.0,HIGH
40,400000.0,277200.0,96100.0,1364000,496000.0,26700,5,2,4,RARELY,HIGH,WEALTH_CREATION,68.0,MEDIUM
21,192000.0,94800.0,67300.0,2627000,107000.0,29900,5,5,3,MONTHLY,MEDIUM,EMERGENCY_FUND,84.0,HIGH
50,65000.0,46700.0,9800.0,1071000,299000.0,8500,2,2,3,MONTHLY,MEDIUM,SHORT_TERM_GOAL,65.0,HIGH
32,96000.0,50100.0,39100.0,290000,21000.0,6800,14,1,3,MONTHLY,LOW,TAX_SAVING,67.0,HIGH
27,51000.0,39300.0,0.0,848000,237000.0,28000,8,5,1,RARELY,HIGH,WEALTH_CREATION,56.0,MEDIUM
64,34000.0,16900.0,13200.0,108000,27000.0,3900,12,1,2,LUMP_SUM,HIGH,WEALTH_CREATION,56.0,HIGH
44,55000.0,35600.0,8500.0,544000,78000.0,10900,3,1,1,RARELY,MEDIUM,WEALTH_CREATION,36.0,LOW
53,33000.0,19400.0,12200.0,442000,145000.0,1400,1,3,3,LUMP_SUM,HIGH,TAX_SAVING,74.0,HIGH
31,139000.0,47000.0,15600.0,370000,44000.0,76400,4,1,2,RARELY,MEDIUM,WEALTH_CREATION,37.0,LOW
27,169000.0,148100.0,0.0,4792000,1891000.0,36500,16,3,1,LUMP_SUM,HIGH,SHORT_TERM_GOAL,62.0,HIGH
32,42000.0,20000.0,8900.0,702000,402000.0,13100,5,1,2,MONTHLY,MEDIUM,RETIREMENT,57.0,HIGH
30,193000.0,68600.0,94500.0,867000,132000.0,29900,12,4,4,MONTHLY,HIGH,TAX_SAVING,80.0,HIGH
47,39000.0,28400.0,0.0,800000,151000.0,13500,6,3,5,LUMP_SUM,MEDIUM,EMERGENCY_FUND,93.0,HIGH
41,74000.0,39100.0,15500.0,1238000,366000.0,19400,23,3,1,RARELY,LOW,EMERGENCY_FUND,62.0,HIGH
61,63000.0,39400.0,0.0,507000,168000.0,25300,17,2,3,LUMP_SUM,LOW,RETIREMENT,82.0,HIGH
30,35000.0,25000.0,6600.0,337000,98000.0,3400,3,2,4,LUMP_SUM,LOW,SHORT_TERM_GOAL,75.0,HIGH
65,78000.0,15600.0,43600.0,409000,123000.0,18800,21,2,3,RARELY,MEDIUM,TAX_SAVING,58.0,HIGH
21,48000.0,17600.0,8300.0,530000,108000.0,22100,1,1,2,RARELY,MEDIUM,RETIREMENT,48.0,LOW
36,76000.0,41700.0,21900.0,904000,297000.0,12400,1,2,4,MONTHLY,LOW,WEALTH_CREATION,82.0,HIGH
55,44000.0,24800.0,17800.0,195000,25000.0,1400,12,3,3,LUMP_SUM,HIGH,WEALTH_CREATION,68.0,HIGH
52,116000.0,106700.0,0.0,3273000,1335000.0,26900,10,4,3,MONTHLY,MEDIUM,WEALTH_CREATION,87.0,HIGH
62,159000.0,97600.0,37800.0,2059000,615000.0,23600,10,1,3,LUMP_SUM,MEDIUM,EMERGENCY_FUND,45.0,HIGH
59,89000.0,54500.0,24000.0,1363000,372000.0,10500,15,5,4,MONTHLY,HIGH,RETIREMENT,87.0,HIGH
61,264000.0,148100.0,97800.0,3205000,238000.0,18100,14,3,3,RARELY,HIGH,WEALTH_CREATION,55.0,HIGH
60,44000.0,20600.0,23000.0,91000,13000.0,400,6,2,3,MONTHLY,MEDIUM,EMERGENCY_FUND,71.0,MEDIUM
46,37000.0,23300.0,8800.0,584000,131000.0,4900,10,1,5,MONTHLY,MEDIUM,WEALTH_CREATION,69.0,HIGH
54,45000.0,34200.0,8200.0,805000,90000.0,2600,7,4,4,LUMP_SUM,LOW,TAX_SAVING,95.0,HIGH
64,90000.0,63800.0,21000.0,877000,145000.0,5200,2,1,4,LUMP_SUM,MEDIUM,EMERGENCY_FUND,51.0,LOW
24,81000.0,63300.0,11400.0,1176000,230000.0,6300,2,2,3,MONTHLY,MEDIUM,TAX_SAVING,88.0,HIGH
48,113000.0,92700.0,100.0,1672000,490000.0,20200,15,2,5,MONTHLY,HIGH,EMERGENCY_FUND,74.0,HIGH
33,57000.0,25400.0,27900.0,636000,238000.0,3700,10,1,1,MONTHLY,MEDIUM,TAX_SAVING,50.0,HIGH
36,114000.0,80000.0,27500.0,271000,82000.0,6500,16,4,1,MONTHLY,LOW,TAX_SAVING,83.0,HIGH
46,197000.0,157000.0,0.0,2394000,736000.0,58500,10,3,2,MONTHLY,MEDIUM,EMERGENCY_FUND,70.0,HIGH
54,34000.0,28700.0,0.0,119000,34000.0,7700,7,1,3,LUMP_SUM,LOW,RETIREMENT,66.0,MEDIUM
41,54000.0,31800.0,17800.0,374000,79000.0,4400,7,2,2,MONTHLY,LOW,RETIREMENT,56.0,HIGH
62,29000.0,17100.0,11600.0,498000,182000.0,300,3,3,2,MONTHLY,LOW,TAX_SAVING,71.0,HIGH
54,33000.0,14800.0,17900.0,375000,282000.0,300,2,4,5,LUMP_SUM,MEDIUM,RETIREMENT,95.0,HIGH
25,60000.0,48700.0,0.0,1692000,498000.0,23000,2,1,2,MONTHLY,MEDIUM,TAX_SAVING,49.0,HIGH
64,48000.0,28600.0,9300.0,712000,5000.0,10100,5,2,4,MONTHLY,MEDIUM,WEALTH_CREATION,92.0,HIGH
59,49000.0,45000.0,0.0,987000,336000.0,13100,7,1,4,MONTHLY,MEDIUM,EMERGENCY_FUND,44.0,HIGH
28,47000.0,27200.0,9200.0,405000,47000.0,10600,20,2,3,MONTHLY,LOW,TAX_SAVING,58.0,HIGH
26,48000.0,44100.0,0.0,492000,136000.0,23600,13,2,3,MONTHLY,MEDIUM,TAX_SAVING,57.0,MEDIUM
28,35000.0,22400.0,9200.0,502000,98000.0,3400,8,5,1,MONTHLY,LOW,RETIREMENT,92.0,HIGH
63,100000.0,69900.0,18500.0,2828000,1315000.0,11600,19,3,5,MONTHLY,HIGH,WEALTH_CREATION,76.0,HIGH
30,130000.0,105200.0,12200.0,2397000,382000.0,12600,3,1,3,MONTHLY,MEDIUM,RETIREMENT,60.0,HIGH
62,75000.0,50300.0,19700.0,725000,28000.0,5000,12,1,1,MONTHLY,MEDIUM,WEALTH_CREATION,36.0,HIGH
32,47000.0,24800.0,19600.0,199000,51000.0,2600,6,1,1,MONTHLY,HIGH,RETIREMENT,23.0,MEDIUM
28,67000.0,45600.0,0.0,252000,196000.0,27600,4,2,2,LUMP_SUM,LOW,RETIREMENT,67.0,LOW
22,90000.0,49800.0,32100.0,941000,429000.0,8100,1,5,5,MONTHLY,MEDIUM,WEALTH_CREATION,91.0,HIGH
52,114000.0,53400.0,47300.0,188000,18000.0,13300,3,2,2,LUMP_SUM,HIGH,WEALTH_CREATION,56.0,MEDIUM
39,86000.0,60000.0,0.0,1136000,356000.0,35800,2,1,1,RARELY,MEDIUM,TAX_SAVING,37.0,LOW
22,193000.0,156600.0,32900.0,1759000,141000.0,3500,15,2,5,MONTHLY,LOW,RETIREMENT,87.0,HIGH
42,50000.0,37300.0,11000.0,578000,37000.0,1700,6,3,4,MONTHLY,MEDIUM,WEALTH_CREATION,86.0,HIGH
46,75000.0,24100.0,19300.0,972000,134000.0,31600,17,1,5,MONTHLY,MEDIUM,RETIREMENT,83.0,HIGH
25,88000.0,58300.0,9600.0,1423000,495000.0,20100,17,5,3,MONTHLY,MEDIUM,WEALTH_CREATION,89.0,HIGH
46,46000.0,24800.0,2600.0,285000,144000.0,18600,3,3,3,MONTHLY,LOW,WEALTH_CREATION,87.0,MEDIUM
50,49000.0,43400.0,0.0,1059000,72000.0,6700,8,2,3,MONTHLY,LOW,TAX_SAVING,76.0,HIGH
59,44000.0,29000.0,5100.0,247000,40000.0,9900,3,1,5,RARELY,LOW,WEALTH_CREATION,66.0,HIGH
21,28000.0,21800.0,0.0,256000,19000.0,14000,11,1,1,RARELY,HIGH,SHORT_TERM_GOAL,24.0,LOW
29,52000.0,36000.0,8800.0,298000,158000.0,7200,2,1,1,QUARTERLY,MEDIUM,WEALTH_CREATION,32.0,MEDIUM
23,79000.0,40200.0,33400.0,189000,68000.0,5400,2,4,3,MONTHLY,HIGH,RETIREMENT,86.0,HIGH
45,57000.0,29400.0,25700.0,282000,31000.0,1900,5,1,5,MONTHLY,LOW,SHORT_TERM_GOAL,86.0,MEDIUM
25,82000.0,70900.0,0.0,533000,102000.0,23000,4,1,3,MONTHLY,MEDIUM,EMERGENCY_FUND,63.0,MEDIUM
23,75000.0,61600.0,0.0,918000,311000.0,22500,13,2,2,MONTHLY,MEDIUM,SHORT_TERM_GOAL,37.0,MEDIUM
56,64000.0,38500.0,10400.0,747000,62000.0,15100,12,3,5,QUARTERLY,HIGH,TAX_SAVING,68.0,HIGH
21,103000.0,58600.0,40900.0,1168000,46000.0,3500,4,2,2,MONTHLY,HIGH,SHORT_TERM_GOAL,46.0,MEDIUM
35,45000.0,28600.0,0.0,268000,86000.0,17500,20,1,4,QUARTERLY,LOW,RETIREMENT,67.0,HIGH
39,42000.0,17600.0,19300.0,204000,62000.0,5100,23,1,3,MONTHLY,MEDIUM,RETIREMENT,63.0,HIGH
52,90000.0,62900.0,9300.0,1082000,639000.0,17800,19,3,2,MONTHLY,LOW,WEALTH_CREATION,88.0,HIGH
27,110000.0,54700.0,9100.0,2899000,1084000.0,46200,13,3,1,LUMP_SUM,MEDIUM,TAX_SAVING,56.0,HIGH
64,151000.0,91300.0,6400.0,1248000,316000.0,53300,7,3,3,MONTHLY,HIGH,WEALTH_CREATION,69.0,MEDIUM
24,48000.0,26900.0,16400.0,287000,135000.0,4700,12,5,2,MONTHLY,LOW,TAX_SAVING,95.0,HIGH
31,128000.0,92400.0,30000.0,59000,19000.0,5600,14,4,1,LUMP_SUM,MEDIUM,RETIREMENT,60.0,HIGH
23,67000.0,30800.0,31600.0,256000,178000.0,4600,9,2,5,QUARTERLY,MEDIUM,SHORT_TERM_GOAL,76.0,HIGH
21,51000.0,25100.0,8300.0,1049000,366000.0,17600,16,4,1,MONTHLY,HIGH,SHORT_TERM_GOAL,71.0,HIGH
60,132000.0,78100.0,23400.0,2997000,1612000.0,30500,17,2,4,QUARTERLY,LOW,WEALTH_CREATION,89.0,HIGH
32,76000.0,53900.0,6300.0,930000,380000.0,15800,14,1,2,MONTHLY,MEDIUM,WEALTH_CREATION,51.0,HIGH
54,64000.0,55400.0,0.0,2053000,87000.0,21600,1,2,2,RARELY,HIGH,TAX_SAVING,47.0,HIGH
31,29000.0,21700.0,3900.0,106000,19000.0,3400,13,4,5,MONTHLY,MEDIUM,WEALTH_CREATION,91.0,HIGH
53,102000.0,62800.0,18600.0,1189000,521000.0,20600,3,1,4,MONTHLY,MEDIUM,TAX_SAVING,66.0,HIGH
62,91000.0,61300.0,0.0,497000,280000.0,32300,9,2,1,MONTHLY,MEDIUM,WEALTH_CREATION,47.0,LOW
37,55000.0,35900.0,6800.0,6000,0.0,12300,20,1,2,LUMP_SUM,MEDIUM,SHORT_TERM_GOAL,44.0,LOW
51,113000.0,78400.0,15500.0,720000,431000.0,19100,3,2,4,LUMP_SUM,LOW,WEALTH_CREATION,73.0,HIGH
35,103000.0,47800.0,1400.0,1652000,141000.0,53800,14,2,1,MONTHLY,LOW,TAX_SAVING,73.0,HIGH
31,77000.0,32600.0,38000.0,315000,60000.0,6400,1,1,3,LUMP_SUM,MEDIUM,WEALTH_CREATION,71.0,HIGH
57,99000.0,49400.0,41100.0,319000,73000.0,8500,18,2,2,RARELY,LOW,TAX_SAVING,62.0,HIGH
28,64000.0,41400.0,17900.0,805000,77000.0,4700,11,1,1,QUARTERLY,HIGH,EMERGENCY_FUND,44.0,MEDIUM
29,38000.0,21400.0,10600.0,434000,74000.0,6000,8,4,3,MONTHLY,MEDIUM,WEALTH_CREATION,81.0,HIGH
35,53000.0,42700.0,0.0,611000,126000.0,10300,12,2,2,MONTHLY,MEDIUM,TAX_SAVING,54.0,MEDIUM
56,84000.0,45400.0,16600.0,736000,224000.0,22000,14,3,4,MONTHLY,MEDIUM,EMERGENCY_FUND,85.0,HIGH
46,60000.0,24400.0,12200.0,500000,20000.0,23400,15,3,3,LUMP_SUM,MEDIUM,EMERGENCY_FUND,62.0,MEDIUM
33,128000.0,50500.0,32000.0,1511000,239000.0,45500,5,2,3,MONTHLY,MEDIUM,WEALTH_CREATION,74.0,HIGH
60,42000.0,34500.0,0.0,263000,72000.0,11200,18,3,3,LUMP_SUM,LOW,SHORT_TERM_GOAL,74.0,MEDIUM
23,51000.0,36900.0,0.0,1514000,511000.0,21200,4,3,3,RARELY,MEDIUM,RETIREMENT,55.0,HIGH
21,32000.0,13600.0,4000.0,799000,30000.0,14400,6,1,2,MONTHLY,MEDIUM,RETIREMENT,74.0,HIGH
49,57000.0,35400.0,10600.0,41000,10000.0,11000,2,1,3,MONTHLY,MEDIUM,TAX_SAVING,59.0,LOW
55,52000.0,29400.0,21700.0,1378000,129000.0,900,5,1,2,LUMP_SUM,MEDIUM,SHORT_TERM_GOAL,61.0,HIGH
34,89000.0,58700.0,23200.0,60000,7000.0,7100,13,2,3,MONTHLY,MEDIUM,RETIREMENT,56.0,HIGH
58,65000.0,31200.0,10800.0,1793000,325000.0,23000,4,1,5,RARELY,HIGH,WEALTH_CREATION,62.0,HIGH
51,184000.0,110100.0,43800.0,1151000,506000.0,30100,7,3,1,MONTHLY,HIGH,SHORT_TERM_GOAL,66.0,HIGH
47,31000.0,24200.0,4900.0,165000,110000.0,1900,3,3,4,QUARTERLY,MEDIUM,SHORT_TERM_GOAL,89.0,HIGH
32,102000.0,76600.0,13100.0,821000,71000.0,12300,5,3,3,MONTHLY,LOW,RETIREMENT,86.0,HIGH
30,58000.0,44500.0,0.0,494000,147000.0,13900,4,2,4,RARELY,MEDIUM,WEALTH_CREATION,60.0,MEDIUM
46,321000.0,295300.0,0.0,2682000,52000.0,42100,6,1,1,MONTHLY,LOW,SHORT_TERM_GOAL,52.0,LOW
44,66000.0,35700.0,26800.0,526000,33000.0,3500,22,3,1,MONTHLY,MEDIUM,SHORT_TERM_GOAL,65.0,HIGH
64,60000.0,23700.0,22600.0,134000,20000.0,13700,5,2,3,MONTHLY,LOW,RETIREMENT,81.0,HIGH
49,109000.0,88200.0,0.0,669000,102000.0,38300,9,3,1,RARELY,LOW,EMERGENCY_FUND,50.0,LOW
62,49000.0,41100.0,2900.0,252000,53000.0,5000,6,4,4,RARELY,HIGH,RETIREMENT,69.0,MEDIUM
61,47000.0,39700.0,0.0,227000,54000.0,9900,6,3,4,MONTHLY,HIGH,RETIREMENT,68.0,MEDIUM
62,123000.0,108400.0,0.0,1345000,515000.0,35100,1,1,4,MONTHLY,HIGH,SHORT_TERM_GOAL,59.0,LOW
64,118000.0,54900.0,35800.0,1419000,372000.0,27300,7,2,3,RARELY,HIGH,EMERGENCY_FUND,61.0,MEDIUM
37,99000.0,35900.0,38900.0,933000,279000.0,24200,6,2,5,QUARTERLY,HIGH,WEALTH_CREATION,68.0,HIGH
34,273000.0,111900.0,114500.0,2313000,306000.0,46600,9,3,5,LUMP_SUM,MEDIUM,WEALTH_CREATION,74.0,HIGH
63,230000.0,106500.0,95700.0,1067000,281000.0,27800,23,4,4,MONTHLY,HIGH,SHORT_TERM_GOAL,76.0,HIGH
64,34000.0,16900.0,14500.0,452000,164000.0,2600,1,3,1,RARELY,HIGH,SHORT_TERM_GOAL,27.0,MEDIUM
44,117000.0,107600.0,0.0,1671000,530000.0,16300,4,1,1,LUMP_SUM,MEDIUM,WEALTH_CREATION,40.0,HIGH
64,62000.0,43700.0,0.0,430000,92000.0,25100,2,3,4,LUMP_SUM,HIGH,WEALTH_CREATION,73.0,MEDIUM
33,23000.0,14000.0,8000.0,167000,8000.0,1000,2,3,5,MONTHLY,MEDIUM,SHORT_TERM_GOAL,94.0,HIGH
23,123000.0,74700.0,39400.0,354000,112000.0,8900,15,3,5,LUMP_SUM,MEDIUM,WEALTH_CREATION,89.0,HIGH
28,67000.0,34800.0,0.0,421000,30000.0,36800,21,2,4,MONTHLY,MEDIUM,SHORT_TERM_GOAL,76.0,LOW
43,120000.0,81900.0,0.0,1956000,597000.0,55000,17,1,3,LUMP_SUM,HIGH,EMERGENCY_FUND,55.0,LOW
23,42000.0,30600.0,3800.0,426000,31000.0,7600,15,2,1,RARELY,MEDIUM,TAX_SAVING,26.0,MEDIUM
49,132000.0,56500.0,66600.0,2409000,730000.0,8900,19,1,1,RARELY,MEDIUM,WEALTH_CREATION,31.0,HIGH
31,111000.0,68700.0,8300.0,1741000,135000.0,34000,1,1,2,MONTHLY,MEDIUM,WEALTH_CREATION,47.0,MEDIUM
43,86000.0,57500.0,5200.0,831000,155000.0,23300,6,3,5,MONTHLY,MEDIUM,RETIREMENT,97.0,HIGH
34,30000.0,9200.0,12800.0,144000,61000.0,8000,5,1,4,MONTHLY,MEDIUM,WEALTH_CREATION,76.0,HIGH
26,36000.0,27300.0,0.0,1226000,475000.0,11900,1,2,3,MONTHLY,LOW,WEALTH_CREATION,80.0,HIGH
26,126000.0,81000.0,24200.0,1733000,616000.0,20800,6,1,4,LUMP_SUM,LOW,WEALTH_CREATION,52.0,HIGH
65,66000.0,54400.0,1400.0,1653000,595000.0,10200,19,1,2,LUMP_SUM,LOW,WEALTH_CREATION,51.0,HIGH
49,161000.0,108200.0,37900.0,888000,392000.0,14900,10,2,4,LUMP_SUM,MEDIUM,WEALTH_CREATION,62.0,HIGH
23,119000.0,76900.0,16400.0,466000,103000.0,25700,14,1,3,RARELY,HIGH,RETIREMENT,43.0,LOW
57,87000.0,47600.0,24700.0,317000,38000.0,14700,7,1,2,MONTHLY,LOW,TAX_SAVING,58.0,MEDIUM
53,104000.0,77000.0,4300.0,2457000,774000.0,22700,18,4,4,QUARTERLY,LOW,EMERGENCY_FUND,87.0,HIGH
27,54000.0,13200.0,35600.0,235000,2000.0,5200,1,1,3,MONTHLY,LOW,SHORT_TERM_GOAL,76.0,HIGH
44,82000.0,43100.0,1200.0,1194000,648000.0,37700,2,4,4,QUARTERLY,MEDIUM,WEALTH_CREATION,93.0,HIGH
40,119000.0,97500.0,0.0,4739000,776000.0,25000,3,1,3,QUARTERLY,LOW,WEALTH_CREATION,58.0,HIGH
35,66000.0,38300.0,12800.0,516000,181000.0,14900,3,2,2,LUMP_SUM,LOW,TAX_SAVING,53.0,MEDIUM
50,72000.0,36700.0,16200.0,333000,128000.0,19100,7,1,5,QUARTERLY,HIGH,EMERGENCY_FUND,61.0,LOW
53,35000.0,25300.0,2800.0,840000,168000.0,6900,13,5,1,MONTHLY,MEDIUM,EMERGENCY_FUND,75.0,HIGH
22,56000.0,43500.0,7900.0,1797000,398000.0,4600,11,4,3,RARELY,LOW,WEALTH_CREATION,82.0,HIGH
61,206000.0,165900.0,1600.0,414000,61000.0,38500,12,5,1,RARELY,LOW,WEALTH_CREATION,80.0,HIGH
24,60000.0,48200.0,0.0,1210000,135000.0,15300,2,2,3,RARELY,MEDIUM,WEALTH_CREATION,52.0,HIGH
48,102000.0,90500.0,0.0,669000,271000.0,36400,5,2,3,RARELY,HIGH,WEALTH_CREATION,48.0,LOW
28,119000.0,61200.0,21500.0,2427000,766000.0,36300,12,2,4,MONTHLY,MEDIUM,TAX_SAVING,77.0,HIGH
50,77000.0,44800.0,28800.0,162000,25000.0,3400,10,2,5,MONTHLY,HIGH,WEALTH_CREATION,74.0,HIGH
39,54000.0,30700.0,12200.0,302000,163000.0,11100,15,4,2,QUARTERLY,MEDIUM,WEALTH_CREATION,75.0,HIGH
60,20000.0,14900.0,2300.0,134000,12000.0,2800,20,1,1,QUARTERLY,MEDIUM,WEALTH_CREATION,49.0,HIGH
37,25000.0,15500.0,7400.0,462000,14000.0,2100,6,1,1,RARELY,HIGH,TAX_SAVING,25.0,MEDIUM
60,144000.0,108400.0,21700.0,2909000,354000.0,13900,5,1,2,LUMP_SUM,LOW,SHORT_TERM_GOAL,48.0,HIGH
26,34000.0,13500.0,8000.0,302000,93000.0,12500,5,1,2,MONTHLY,LOW,RETIREMENT,60.0,HIGH
32,56000.0,44200.0,2400.0,254000,37000.0,9400,10,2,3,QUARTERLY,MEDIUM,TAX_SAVING,54.0,MEDIUM
26,82000.0,36600.0,41100.0,156000,26000.0,4300,3,2,4,RARELY,HIGH,EMERGENCY_FUND,54.0,LOW
48,108000.0,58200.0,35500.0,661000,311000.0,14300,21,2,2,MONTHLY,HIGH,TAX_SAVING,50.0,HIGH
36,35000.0,25000.0,6300.0,212000,1000.0,3700,5,1,4,MONTHLY,MEDIUM,WEALTH_CREATION,76.0,HIGH
44,46000.0,30600.0,0.0,267000,40000.0,22600,2,4,5,MONTHLY,MEDIUM,WEALTH_CREATION,100.0,HIGH
36,33000.0,13600.0,10300.0,889000,58000.0,9100,15,2,2,MONTHLY,LOW,WEALTH_CREATION,65.0,HIGH
59,68000.0,38000.0,26100.0,706000,188000.0,3900,2,2,1,MONTHLY,MEDIUM,WEALTH_CREATION,56.0,HIGH
53,65000.0,50400.0,4700.0,674000,122000.0,9900,4,3,4,RARELY,MEDIUM,EMERGENCY_FUND,59.0,MEDIUM
27,74000.0,50200.0,20800.0,264000,21000.0,3000,1,1,1,MONTHLY,HIGH,RETIREMENT,39.0,LOW
33,90000.0,61800.0,5500.0,423000,48000.0,22700,2,2,2,MONTHLY,LOW,WEALTH_CREATION,89.0,HIGH
62,156000.0,89000.0,35300.0,256000,152000.0,31700,3,3,1,QUARTERLY,MEDIUM,RETIREMENT,48.0,LOW
32,56000.0,33300.0,13500.0,995000,128000.0,9200,11,1,2,RARELY,MEDIUM,RETIREMENT,38.0,HIGH
39,79000.0,29300.0,27600.0,1538000,1018000.0,22100,5,1,4,LUMP_SUM,MEDIUM,SHORT_TERM_GOAL,67.0,HIGH
21,51000.0,32500.0,2200.0,581000,26000.0,16300,3,2,2,MONTHLY,LOW,WEALTH_CREATION,78.0,MEDIUM
58,80000.0,58800.0,19300.0,370000,8000.0,1900,9,4,2,RARELY,MEDIUM,WEALTH_CREATION,41.0,HIGH
39,44000.0,20700.0,17200.0,618000,105000.0,6100,12,1,2,QUARTERLY,HIGH,TAX_SAVING,39.0,HIGH
59,91000.0,32700.0,17900.0,719000,134000.0,40400,12,2,1,MONTHLY,LOW,RETIREMENT,80.0,HIGH
54,78000.0,51600.0,13800.0,680000,107000.0,12600,1,2,1,MONTHLY,HIGH,RETIREMENT,45.0,MEDIUM
43,43000.0,27900.0,2400.0,395000,54000.0,12700,1,3,1,MONTHLY,MEDIUM,TAX_SAVING,65.0,MEDIUM
62,70000.0,44600.0,17100.0,2334000,771000.0,8300,23,2,5,MONTHLY,LOW,RETIREMENT,76.0,HIGH
52,85000.0,55100.0,20300.0,569000,96000.0,9600,8,1,5,MONTHLY,HIGH,RETIREMENT,76.0,HIGH
24,30000.0,18500.0,5800.0,673000,169000.0,5700,1,4,4,QUARTERLY,MEDIUM,WEALTH_CREATION,91.0,HIGH
57,134000.0,48800.0,74800.0,356000,187000.0,10400,10,1,3,RARELY,HIGH,WEALTH_CREATION,43.0,MEDIUM
36,62000.0,42700.0,9700.0,987000,252000.0,9600,5,4,5,MONTHLY,MEDIUM,WEALTH_CREATION,91.0,HIGH
24,48000.0,18200.0,16100.0,808000,75000.0,13700,3,1,2,MONTHLY,LOW,WEALTH_CREATION,70.0,HIGH
44,113000.0,83900.0,20000.0,611000,225000.0,9100,11,2,5,MONTHLY,HIGH,WEALTH_CREATION,77.0,HIGH
58,58000.0,53300.0,0.0,1516000,622000.0,14800,22,1,3,LUMP_SUM,MEDIUM,RETIREMENT,60.0,HIGH
48,76000.0,47600.0,14300.0,1197000,353000.0,14100,2,1,3,QUARTERLY,LOW,EMERGENCY_FUND,70.0,HIGH
59,58000.0,37200.0,3500.0,1010000,161000.0,17300,7,2,1,MONTHLY,MEDIUM,RETIREMENT,57.0,HIGH
23,111000.0,78400.0,19200.0,1694000,372000.0,13400,4,3,2,MONTHLY,LOW,WEALTH_CREATION,70.0,HIGH
51,62000.0,51700.0,0.0,1063000,97000.0,29600,13,4,2,RARELY,HIGH,WEALTH_CREATION,57.0,HIGH
33,65000.0,52900.0,4200.0,1004000,18000.0,7900,22,2,5,MONTHLY,MEDIUM,RETIREMENT,61.0,HIGH
36,48000.0,22500.0,23000.0,805000,353000.0,2500,19,3,5,LUMP_SUM,LOW,TAX_SAVING,98.0,HIGH
32,64000.0,53600.0,0.0,3108000,1745000.0,25500,7,1,4,LUMP_SUM,MEDIUM,WEALTH_CREATION,54.0,HIGH
37,55000.0,21700.0,30600.0,480000,182000.0,2700,16,2,5,MONTHLY,MEDIUM,RETIREMENT,89.0,HIGH
54,74000.0,33000.0,37700.0,500000,43000.0,3300,5,3,2,QUARTERLY,LOW,RETIREMENT,72.0,HIGH
26,34000.0,14400.0,12700.0,399000,125000.0,6900,1,2,5,MONTHLY,MEDIUM,WEALTH_CREATION,83.0,HIGH
44,31000.0,18100.0,9500.0,109000,34000.0,3400,1,4,4,MONTHLY,HIGH,WEALTH_CREATION,91.0,HIGH
57,156000.0,102400.0,29800.0,950000,487000.0,23800,3,1,4,QUARTERLY,MEDIUM,RETIREMENT,63.0,MEDIUM
45,34000.0,14500.0,7600.0,141000,82000.0,11900,13,3,3,MONTHLY,MEDIUM,RETIREMENT,63.0,HIGH
42,41000.0,30200.0,0.0,416000,46000.0,11200,10,1,3,RARELY,HIGH,EMERGENCY_FUND,26.0,LOW
64,73000.0,43900.0,17600.0,125000,10000.0,11500,3,2,2,MONTHLY,MEDIUM,RETIREMENT,41.0,MEDIUM
57,37000.0,15600.0,8800.0,327000,68000.0,12600,21,3,1,LUMP_SUM,HIGH,SHORT_TERM_GOAL,62.0,MEDIUM
50,30000.0,23400.0,5500.0,72000,5000.0,1100,13,3,3,LUMP_SUM,MEDIUM,SHORT_TERM_GOAL,80.0,HIGH
34,109000.0,81800.0,7500.0,1224000,118000.0,19700,4,2,2,MONTHLY,MEDIUM,EMERGENCY_FUND,52.0,LOW
63,62000.0,30700.0,29300.0,213000,61000.0,2000,8,4,4,RARELY,MEDIUM,WEALTH_CREATION,93.0,HIGH
45,78000.0,52300.0,21300.0,1125000,479000.0,4400,6,2,2,RARELY,LOW,SHORT_TERM_GOAL,52.0,HIGH
40,154000.0,122400.0,0.0,48000,6000.0,59000,23,2,3,MONTHLY,LOW,SHORT_TERM_GOAL,75.0,LOW
26,59000.0,35800.0,500.0,1429000,841000.0,22700,5,1,1,RARELY,MEDIUM,WEALTH_CREATION,34.0,HIGH
56,97000.0,76800.0,0.0,851000,203000.0,32700,6,3,1,RARELY,MEDIUM,WEALTH_CREATION,43.0,LOW
62,36000.0,23400.0,0.0,549000,97000.0,15900,9,2,1,LUMP_SUM,LOW,RETIREMENT,60.0,MEDIUM
59,20000.0,10300.0,0.0,196000,56000.0,10800,7,2,2,MONTHLY,HIGH,WEALTH_CREATION,68.0,LOW
58,35000.0,23300.0,8800.0,90000,27000.0,2900,2,2,4,RARELY,HIGH,TAX_SAVING,75.0,LOW
55,86000.0,41700.0,25900.0,1882000,679000.0,18400,5,2,1,QUARTERLY,LOW,WEALTH_CREATION,46.0,HIGH
51,43000.0,25500.0,8400.0,1305000,602000.0,9100,7,4,5,RARELY,MEDIUM,WEALTH_CREATION,84.0,HIGH
22,37000.0,22200.0,2600.0,492000,21000.0,12200,5,1,2,RARELY,MEDIUM,SHORT_TERM_GOAL,42.0,LOW
52,83000.0,41200.0,9700.0,2350000,692000.0,32100,25,1,4,MONTHLY,LOW,SHORT_TERM_GOAL,69.0,HIGH
38,153000.0,107700.0,0.0,6450000,1989000.0,84100,3,1,5,LUMP_SUM,LOW,RETIREMENT,69.0,HIGH
57,89000.0,54800.0,7200.0,913000,586000.0,27000,5,1,4,LUMP_SUM,MEDIUM,WEALTH_CREATION,63.0,HIGH
29,144000.0,83600.0,52300.0,2973000,305000.0,8100,15,2,1,RARELY,LOW,TAX_SAVING,40.0,HIGH
58,38000.0,23700.0,400.0,937000,136000.0,13900,12,1,1,LUMP_SUM,MEDIUM,RETIREMENT,51.0,HIGH
49,82000.0,48800.0,8700.0,1689000,212000.0,24500,1,1,4,LUMP_SUM,LOW,WEALTH_CREATION,65.0,HIGH
57,164000.0,101600.0,5100.0,5511000,586000.0,57300,6,1,3,QUARTERLY,MEDIUM,RETIREMENT,46.0,HIGH
33,87000.0,72900.0,4800.0,874000,92000.0,9300,10,1,2,QUARTERLY,LOW,EMERGENCY_FUND,57.0,MEDIUM
56,58000.0,32100.0,9300.0,580000,87000.0,16600,6,2,2,RARELY,HIGH,WEALTH_CREATION,46.0,HIGH
41,36000.0,27000.0,2900.0,133000,68000.0,6100,1,2,4,RARELY,LOW,EMERGENCY_FUND,76.0,LOW
62,54000.0,38400.0,10800.0,1461000,207000.0,4800,1,2,2,MONTHLY,MEDIUM,SHORT_TERM_GOAL,60.0,HIGH
56,92000.0,39000.0,13800.0,870000,220000.0,39200,1,4,2,LUMP_SUM,HIGH,RETIREMENT,64.0,MEDIUM
64,125000.0,95500.0,0.0,1558000,881000.0,31700,17,4,3,LUMP_SUM,MEDIUM,SHORT_TERM_GOAL,100.0,HIGH
65,100000.0,51500.0,34600.0,2437000,490000.0,13900,10,1,3,MONTHLY,HIGH,RETIREMENT,65.0,HIGH
39,42000.0,34700.0,0.0,178000,83000.0,7400,5,1,4,MONTHLY,MEDIUM,WEALTH_CREATION,56.0,MEDIUM
21,26000.0,17900.0,3000.0,113000,22000.0,5100,1,1,2,QUARTERLY,MEDIUM,EMERGENCY_FUND,43.0,LOW
63,20000.0,15000.0,0.0,419000,145000.0,7900,3,2,3,MONTHLY,MEDIUM,WEALTH_CREATION,75.0,HIGH
32,67000.0,52200.0,5500.0,851000,621000.0,9300,1,2,1,QUARTERLY,MEDIUM,WEALTH_CREATION,43.0,HIGH
61,70000.0,52100.0,12900.0,1310000,268000.0,5000,18,4,3,MONTHLY,HIGH,WEALTH_CREATION,72.0,HIGH
64,115000.0,55400.0,22400.0,4447000,626000.0,37200,12,1,3,QUARTERLY,LOW,TAX_SAVING,68.0,HIGH
40,37000.0,21900.0,12100.0,107000,5000.0,3000,9,3,3,LUMP_SUM,MEDIUM,RETIREMENT,74.0,HIGH
44,60000.0,37900.0,3800.0,474000,119000.0,18300,16,1,3,RARELY,MEDIUM,RETIREMENT,52.0,MEDIUM
60,65000.0,38300.0,11200.0,423000,42000.0,15500,9,1,2,MONTHLY,LOW,WEALTH_CREATION,53.0,HIGH
58,104000.0,66000.0,33000.0,1192000,217000.0,5000,11,2,2,QUARTERLY,HIGH,WEALTH_CREATION,43.0,HIGH
47,51000.0,30900.0,400.0,666000,353000.0,19700,4,5,1,MONTHLY,LOW,EMERGENCY_FUND,100.0,HIGH
41,42000.0,27000.0,3700.0,658000,72000.0,11300,4,5,3,MONTHLY,MEDIUM,SHORT_TERM_GOAL,82.0,HIGH
48,192000.0,169200.0,0.0,1226000,517000.0,32000,6,3,4,MONTHLY,HIGH,WEALTH_CREATION,73.0,HIGH
38,90000.0,55600.0,0.0,1884000,170000.0,43000,11,3,4,MONTHLY,LOW,WEALTH_CREATION,84.0,HIGH
37,132000.0,62900.0,25400.0,1786000,192000.0,43700,19,5,4,LUMP_SUM,HIGH,TAX_SAVING,75.0,HIGH
52,69000.0,63400.0,0.0,734000,324000.0,11300,14,1,4,MONTHLY,MEDIUM,WEALTH_CREATION,73.0,HIGH
42,39000.0,33500.0,0.0,558000,50000.0,14400,6,3,4,MONTHLY,LOW,WEALTH_CREATION,83.0,HIGH
31,32000.0,12300.0,17200.0,152000,34000.0,2500,5,2,2,MONTHLY,HIGH,TAX_SAVING,75.0,HIGH
36,83000.0,44800.0,16200.0,564000,172000.0,22000,18,2,4,MONTHLY,LOW,RETIREMENT,84.0,HIGH
31,39000.0,29800.0,5200.0,488000,327000.0,4000,6,1,2,QUARTERLY,MEDIUM,SHORT_TERM_GOAL,70.0,HIGH
40,78000.0,71700.0,0.0,1122000,319000.0,23800,9,1,2,MONTHLY,MEDIUM,RETIREMENT,51.0,HIGH
42,23000.0,21100.0,0.0,380000,95000.0,6300,19,1,2,QUARTERLY,LOW,WEALTH_CREATION,46.0,HIGH
62,35000.0,15300.0,8100.0,119000,54000.0,11600,11,2,1,LUMP_SUM,MEDIUM,RETIREMENT,54.0,MEDIUM
59,183000.0,69800.0,89700.0,1478000,194000.0,23500,9,2,5,RARELY,HIGH,WEALTH_CREATION,64.0,HIGH
31,50000.0,37600.0,11300.0,1174000,231000.0,1100,17,1,3,LUMP_SUM,MEDIUM,TAX_SAVING,45.0,HIGH
56,64000.0,24700.0,32900.0,258000,184000.0,6400,15,4,1,RARELY,MEDIUM,TAX_SAVING,57.0,HIGH
65,56000.0,38900.0,8000.0,1155000,537000.0,9100,18,2,5,QUARTERLY,MEDIUM,EMERGENCY_FUND,88.0,HIGH
63,50000.0,30600.0,4200.0,1427000,277000.0,15200,1,3,3,RARELY,HIGH,WEALTH_CREATION,59.0,HIGH
38,184000.0,100100.0,33800.0,346000,120000.0,50100,15,5,5,RARELY,HIGH,RETIREMENT,78.0,HIGH
56,35000.0,15800.0,15400.0,225000,63000.0,3800,8,2,2,LUMP_SUM,HIGH,WEALTH_CREATION,71.0,HIGH
62,22000.0,17000.0,4600.0,84000,27000.0,400,15,1,4,MONTHLY,MEDIUM,WEALTH_CREATION,73.0,HIGH
39,60000.0,42400.0,0.0,1244000,494000.0,17900,5,1,1,MONTHLY,LOW,TAX_SAVING,58.0,HIGH
38,92000.0,67500.0,15400.0,1874000,233000.0,9100,4,5,3,MONTHLY,MEDIUM,WEALTH_CREATION,100.0,HIGH
65,66000.0,54900.0,5000.0,850000,161000.0,6100,1,1,2,LUMP_SUM,MEDIUM,WEALTH_CREATION,56.0,HIGH
29,80000.0,66700.0,6400.0,1349000,370000.0,6900,17,3,5,LUMP_SUM,HIGH,WEALTH_CREATION,56.0,HIGH
63,41000.0,25700.0,0.0,363000,89000.0,16500,6,1,3,LUMP_SUM,LOW,WEALTH_CREATION,44.0,MEDIUM
47,76000.0,54700.0,0.0,795000,396000.0,22400,4,2,3,MONTHLY,HIGH,TAX_SAVING,75.0,MEDIUM
54,40000.0,25900.0,11300.0,349000,65000.0,2800,19,1,4,MONTHLY,MEDIUM,EMERGENCY_FUND,75.0,HIGH
47,118000.0,83100.0,29200.0,733000,231000.0,5700,5,4,4,LUMP_SUM,HIGH,WEALTH_CREATION,87.0,HIGH
62,93000.0,60100.0,9100.0,786000,505000.0,23800,3,3,4,LUMP_SUM,MEDIUM,WEALTH_CREATION,75.0,HIGH
57,99000.0,45500.0,16100.0,1357000,474000.0,37400,15,3,1,QUARTERLY,HIGH,WEALTH_CREATION,43.0,HIGH
29,34000.0,28200.0,3600.0,454000,108000.0,2200,20,1,1,MONTHLY,MEDIUM,TAX_SAVING,51.0,HIGH
63,38000.0,19200.0,17400.0,87000,41000.0,1400,10,3,3,RARELY,MEDIUM,WEALTH_CREATION,51.0,MEDIUM
64,116000.0,57000.0,14500.0,2257000,694000.0,44500,13,4,2,MONTHLY,LOW,WEALTH_CREATION,77.0,HIGH
62,124000.0,79700.0,18500.0,2990000,651000.0,25800,1,1,1,MONTHLY,MEDIUM,EMERGENCY_FUND,58.0,HIGH
27,192000.0,145900.0,12600.0,4901000,1382000.0,33500,1,2,4,LUMP_SUM,HIGH,TAX_SAVING,41.0,HIGH
29,114000.0,68900.0,25700.0,325000,57000.0,19400,4,4,1,LUMP_SUM,HIGH,WEALTH_CREATION,55.0,LOW
27,114000.0,29500.0,77900.0,86000,18000.0,6600,16,4,2,MONTHLY,MEDIUM,WEALTH_CREATION,86.0,HIGH
63,38000.0,23900.0,0.0,948000,319000.0,14300,13,4,1,LUMP_SUM,MEDIUM,TAX_SAVING,62.0,HIGH
49,175000.0,124400.0,23000.0,1768000,110000.0,27600,9,2,1,LUMP_SUM,LOW,WEALTH_CREATION,44.0,HIGH
25,104000.0,80200.0,0.0,1463000,403000.0,29100,3,4,2,MONTHLY,LOW,EMERGENCY_FUND,74.0,MEDIUM
47,83000.0,57000.0,0.0,696000,127000.0,27900,4,3,4,LUMP_SUM,MEDIUM,SHORT_TERM_GOAL,87.0,HIGH
27,74000.0,47300.0,0.0,612000,105000.0,31400,4,2,4,MONTHLY,LOW,SHORT_TERM_GOAL,86.0,HIGH
34,60000.0,54800.0,0.0,338000,8000.0,27200,4,1,3,LUMP_SUM,HIGH,EMERGENCY_FUND,51.0,LOW
57,121000.0,81200.0,0.0,939000,546000.0,64300,12,1,1,MONTHLY,HIGH,TAX_SAVING,55.0,LOW
23,60000.0,34300.0,4600.0,958000,170000.0,21100,4,2,3,MONTHLY,HIGH,TAX_SAVING,72.0,MEDIUM
29,127000.0,72300.0,47900.0,1847000,585000.0,6800,20,3,1,LUMP_SUM,HIGH,WEALTH_CREATION,45.0,HIGH
64,121000.0,93800.0,2200.0,696000,230000.0,25000,3,1,3,MONTHLY,MEDIUM,RETIREMENT,60.0,MEDIUM
64,72000.0,66200.0,0.0,445000,11000.0,13600,9,1,3,QUARTERLY,LOW,RETIREMENT,75.0,HIGH
30,37000.0,25300.0,7300.0,576000,111000.0,4400,20,4,1,QUARTERLY,LOW,WEALTH_CREATION,75.0,HIGH
54,20000.0,16200.0,0.0,233000,35000.0,5100,1,1,4,MONTHLY,LOW,RETIREMENT,68.0,MEDIUM
48,120000.0,81500.0,26800.0,452000,244000.0,11700,5,4,2,MONTHLY,MEDIUM,WEALTH_CREATION,81.0,MEDIUM
41,105000.0,86500.0,0.0,5247000,1119000.0,19500,15,1,3,QUARTERLY,LOW,SHORT_TERM_GOAL,72.0,HIGH
29,48000.0,34400.0,9900.0,790000,386000.0,3700,8,1,1,RARELY,MEDIUM,SHORT_TERM_GOAL,37.0,MEDIUM
27,75000.0,52000.0,13700.0,433000,42000.0,9300,12,1,3,RARELY,LOW,WEALTH_CREATION,52.0,HIGH
39,87000.0,67700.0,1700.0,493000,99000.0,17600,23,2,3,MONTHLY,HIGH,WEALTH_CREATION,61.0,HIGH
53,51000.0,21000.0,25600.0,366000,28000.0,4400,13,3,3,LUMP_SUM,HIGH,RETIREMENT,48.0,HIGH
38,54000.0,36100.0,0.0,309000,46000.0,29700,1,1,4,LUMP_SUM,MEDIUM,SHORT_TERM_GOAL,40.0,LOW
23,75000.0,22700.0,39200.0,158000,56000.0,13100,6,2,2,MONTHLY,MEDIUM,RETIREMENT,59.0,MEDIUM
56,40000.0,21600.0,13000.0,759000,60000.0,5400,7,1,1,MONTHLY,LOW,EMERGENCY_FUND,44.0,HIGH
35,152000.0,69500.0,76800.0,556000,171000.0,5700,9,3,2,RARELY,LOW,WEALTH_CREATION,73.0,HIGH
55,83000.0,44800.0,19900.0,1934000,493000.0,18300,12,1,2,MONTHLY,HIGH,SHORT_TERM_GOAL,45.0,HIGH
35,47000.0,28400.0,12400.0,574000,56000.0,6200,2,1,4,RARELY,HIGH,TAX_SAVING,42.0,MEDIUM
50,29000.0,19600.0,7600.0,625000,164000.0,1800,10,5,2,MONTHLY,LOW,RETIREMENT,86.0,HIGH
21,43000.0,24200.0,13200.0,328000,55000.0,5600,4,3,1,MONTHLY,LOW,RETIREMENT,68.0,HIGH
59,50000.0,27200.0,13100.0,402000,138000.0,9700,3,4,5,RARELY,MEDIUM,TAX_SAVING,100.0,HIGH
44,20000.0,12500.0,7000.0,66000,23000.0,500,24,2,4,MONTHLY,LOW,EMERGENCY_FUND,76.0,HIGH
34,25000.0,19600.0,800.0,482000,52000.0,4600,4,3,4,RARELY,MEDIUM,RETIREMENT,66.0,HIGH
44,70000.0,43500.0,20500.0,678000,329000.0,6000,13,2,4,MONTHLY,MEDIUM,WEALTH_CREATION,80.0,HIGH
26,108000.0,94500.0,100.0,4613000,2641000.0,13400,15,3,1,LUMP_SUM,LOW,SHORT_TERM_GOAL,64.0,HIGH
43,71000.0,39100.0,19800.0,158000,75000.0,12100,16,2,2,RARELY,LOW,TAX_SAVING,60.0,MEDIUM
29,29000.0,18700.0,900.0,1431000,457000.0,9400,11,3,2,RARELY,HIGH,WEALTH_CREATION,40.0,HIGH
39,130000.0,67100.0,44900.0,923000,161000.0,18000,2,1,4,QUARTERLY,HIGH,SHORT_TERM_GOAL,52.0,HIGH
57,123000.0,93700.0,20700.0,2862000,682000.0,8600,3,1,2,MONTHLY,LOW,WEALTH_CREATION,61.0,HIGH
21,66000.0,33600.0,16300.0,347000,128000.0,16100,17,4,2,MONTHLY,MEDIUM,TAX_SAVING,89.0,HIGH
50,29000.0,21000.0,0.0,1586000,375000.0,13900,11,1,5,MONTHLY,LOW,WEALTH_CREATION,66.0,HIGH
53,59000.0,45600.0,7700.0,536000,323000.0,5700,14,1,5,LUMP_SUM,MEDIUM,SHORT_TERM_GOAL,69.0,HIGH
63,20000.0,8700.0,6100.0,147000,32000.0,5200,5,1,4,MONTHLY,MEDIUM,WEALTH_CREATION,63.0,HIGH
39,164000.0,120900.0,27200.0,6327000,1670000.0,15900,5,1,3,LUMP_SUM,LOW,WEALTH_CREATION,46.0,HIGH
64,91000.0,65700.0,16700.0,1350000,8000.0,8600,13,4,2,MONTHLY,MEDIUM,WEALTH_CREATION,76.0,HIGH
21,47000.0,30000.0,1600.0,573000,230000.0,15400,13,4,3,RARELY,LOW,TAX_SAVING,85.0,HIGH
56,42000.0,24900.0,0.0,267000,12000.0,18300,11,3,2,MONTHLY,MEDIUM,RETIREMENT,74.0,HIGH
53,54000.0,23100.0,29400.0,174000,60000.0,1500,11,2,4,RARELY,HIGH,RETIREMENT,42.0,HIGH
32,34000.0,21600.0,0.0,2664000,1614000.0,15400,17,2,2,MONTHLY,MEDIUM,RETIREMENT,72.0,HIGH
24,34000.0,18100.0,13400.0,349000,86000.0,2500,12,3,4,RARELY,HIGH,TAX_SAVING,64.0,HIGH
26,181000.0,125200.0,26300.0,2085000,492000.0,29500,2,3,1,MONTHLY,HIGH,TAX_SAVING,69.0,HIGH
36,47000.0,33000.0,8400.0,578000,2000.0,5600,18,3,1,MONTHLY,HIGH,EMERGENCY_FUND,58.0,MEDIUM
33,183000.0,126100.0,16300.0,4461000,1032000.0,40600,9,3,2,QUARTERLY,MEDIUM,EMERGENCY_FUND,55.0,HIGH
55,60000.0,33800.0,0.0,1155000,267000.0,29200,21,4,3,RARELY,MEDIUM,WEALTH_CREATION,61.0,HIGH
46,146000.0,107500.0,11800.0,3053000,253000.0,26700,15,1,1,MONTHLY,LOW,RETIREMENT,70.0,HIGH
21,99000.0,79100.0,0.0,1991000,1188000.0,32000,3,2,4,RARELY,HIGH,EMERGENCY_FUND,42.0,HIGH
39,67000.0,56700.0,6800.0,1203000,459000.0,3500,4,3,3,RARELY,MEDIUM,TAX_SAVING,70.0,HIGH
65,30000.0,12100.0,11800.0,234000,59000.0,6100,3,5,3,MONTHLY,HIGH,WEALTH_CREATION,77.0,HIGH
25,104000.0,71900.0,8700.0,535000,120000.0,23400,8,2,3,MONTHLY,MEDIUM,TAX_SAVING,82.0,MEDIUM
44,85000.0,58000.0,16000.0,827000,196000.0,11000,8,1,3,LUMP_SUM,MEDIUM,SHORT_TERM_GOAL,62.0,MEDIUM
48,46000.0,40600.0,0.0,653000,252000.0,7400,10,5,1,LUMP_SUM,MEDIUM,TAX_SAVING,72.0,HIGH
22,47000.0,34300.0,3200.0,436000,65000.0,9500,17,2,1,MONTHLY,LOW,TAX_SAVING,61.0,HIGH
55,60000.0,29200.0,16100.0,1318000,125000.0,14700,2,5,2,RARELY,LOW,RETIREMENT,89.0,HIGH
60,38000.0,20400.0,10000.0,578000,319000.0,7600,2,2,3,MONTHLY,HIGH,WEALTH_CREATION,64.0,HIGH
36,105000.0,89900.0,7800.0,709000,363000.0,7300,3,4,2,MONTHLY,MEDIUM,WEALTH_CREATION,61.0,HIGH
21,57000.0,24800.0,25800.0,726000,151000.0,6400,1,5,1,LUMP_SUM,HIGH,WEALTH_CREATION,70.0,HIGH
29,81000.0,61900.0,8900.0,760000,326000.0,10200,4,1,5,QUARTERLY,HIGH,TAX_SAVING,62.0,HIGH
58,40000.0,30700.0,0.0,1360000,910000.0,11000,11,2,4,MONTHLY,HIGH,TAX_SAVING,73.0,HIGH
21,40000.0,34200.0,3800.0,259000,116000.0,2000,10,1,4,QUARTERLY,MEDIUM,WEALTH_CREATION,58.0,HIGH
39,100000.0,62200.0,16600.0,512000,130000.0,21200,8,5,3,MONTHLY,LOW,TAX_SAVING,100.0,HIGH
33,33000.0,23100.0,5700.0,562000,45000.0,4200,4,4,2,RARELY,LOW,WEALTH_CREATION,86.0,HIGH
45,235000.0,161800.0,0.0,3388000,730000.0,129200,1,1,4,MONTHLY,MEDIUM,TAX_SAVING,59.0,MEDIUM
62,55000.0,12100.0,41800.0,183000,84000.0,1100,16,3,4,QUARTERLY,MEDIUM,WEALTH_CREATION,44.0,HIGH
44,49000.0,36200.0,6300.0,262000,98000.0,6500,7,1,2,MONTHLY,MEDIUM,SHORT_TERM_GOAL,50.0,MEDIUM
36,72000.0,32400.0,33900.0,269000,53000.0,5700,12,1,4,RARELY,MEDIUM,EMERGENCY_FUND,49.0,MEDIUM
35,25000.0,19400.0,2900.0,261000,23000.0,2700,15,1,3,MONTHLY,HIGH,SHORT_TERM_GOAL,39.0,MEDIUM
29,20000.0,15500.0,0.0,108000,12000.0,6100,4,1,2,MONTHLY,MEDIUM,WEALTH_CREATION,59.0,MEDIUM
37,140000.0,66100.0,17600.0,2748000,220000.0,56300,4,1,3,QUARTERLY,MEDIUM,WEALTH_CREATION,55.0,HIGH
38,100000.0,31400.0,63400.0,239000,54000.0,5200,1,2,3,MONTHLY,LOW,WEALTH_CREATION,83.0,HIGH
42,64000.0,30700.0,8700.0,2311000,1255000.0,24600,8,2,2,LUMP_SUM,HIGH,TAX_SAVING,47.0,HIGH
63,182000.0,73800.0,32300.0,2518000,1476000.0,75900,7,2,3,LUMP_SUM,MEDIUM,WEALTH_CREATION,63.0,HIGH
60,78000.0,49300.0,21200.0,1362000,250000.0,7500,6,2,4,MONTHLY,MEDIUM,WEALTH_CREATION,74.0,HIGH
64,107000.0,76300.0,0.0,1124000,93000.0,48900,11,1,3,MONTHLY,HIGH,TAX_SAVING,54.0,MEDIUM
22,44000.0,32400.0,5000.0,840000,69000.0,6600,14,1,5,MONTHLY,LOW,TAX_SAVING,89.0,HIGH
56,67000.0,38700.0,7800.0,42000,24000.0,20500,1,4,5,MONTHLY,LOW,WEALTH_CREATION,97.0,MEDIUM
24,191000.0,143800.0,4400.0,2763000,1107000.0,42800,3,3,5,LUMP_SUM,MEDIUM,EMERGENCY_FUND,70.0,HIGH
33,79000.0,65700.0,10000.0,1581000,349000.0,3300,6,1,2,RARELY,LOW,EMERGENCY_FUND,55.0,HIGH
45,68000.0,40300.0,17800.0,861000,262000.0,9900,1,1,3,MONTHLY,MEDIUM,TAX_SAVING,62.0,MEDIUM
24,241000.0,143200.0,51100.0,3792000,1185000.0,46700,4,2,4,LUMP_SUM,MEDIUM,WEALTH_CREATION,78.0,HIGH
48,127000.0,59300.0,56500.0,651000,102000.0,11200,13,3,4,RARELY,HIGH,SHORT_TERM_GOAL,46.0,MEDIUM
34,59000.0,22000.0,12700.0,1954000,31000.0,24300,5,4,3,MONTHLY,MEDIUM,WEALTH_CREATION,89.0,HIGH
26,178000.0,129400.0,0.0,3636000,639000.0,52800,5,2,4,QUARTERLY,MEDIUM,WEALTH_CREATION,60.0,HIGH
61,22000.0,16600.0,4400.0,73000,16000.0,1000,4,4,3,QUARTERLY,MEDIUM,EMERGENCY_FUND,75.0,MEDIUM
27,69000.0,55300.0,300.0,1703000,1089000.0,13400,11,1,1,RARELY,MEDIUM,RETIREMENT,32.0,HIGH
27,37000.0,26600.0,6000.0,173000,78000.0,4400,1,2,4,LUMP_SUM,MEDIUM,WEALTH_CREATION,47.0,MEDIUM
59,37000.0,21000.0,11400.0,279000,9000.0,4600,9,1,3,QUARTERLY,MEDIUM,SHORT_TERM_GOAL,58.0,HIGH
29,59000.0,41100.0,8300.0,1681000,702000.0,9600,5,3,3,MONTHLY,HIGH,WEALTH_CREATION,87.0,HIGH
23,72000.0,31100.0,32800.0,52000,13000.0,8100,2,2,1,QUARTERLY,MEDIUM,WEALTH_CREATION,40.0,MEDIUM
58,50000.0,37000.0,11900.0,460000,95000.0,1100,6,1,2,QUARTERLY,LOW,WEALTH_CREATION,46.0,HIGH
37,33000.0,21200.0,5000.0,434000,65000.0,6800,10,1,3,LUMP_SUM,MEDIUM,EMERGENCY_FUND,43.0,MEDIUM
63,122000.0,60000.0,31700.0,805000,221000.0,30300,11,1,4,LUMP_SUM,LOW,RETIREMENT,63.0,HIGH
25,189000.0,144000.0,0.0,2990000,1769000.0,53600,9,5,4,MONTHLY,MEDIUM,EMERGENCY_FUND,100.0,HIGH
43,55000.0,23300.0,27000.0,686000,26000.0,4700,10,5,2,MONTHLY,MEDIUM,RETIREMENT,98.0,HIGH
56,140000.0,99100.0,4800.0,6946000,2686000.0,36100,4,3,1,MONTHLY,HIGH,WEALTH_CREATION,48.0,HIGH
28,25000.0,9000.0,13000.0,104000,0.0,3000,16,2,2,MONTHLY,MEDIUM,SHORT_TERM_GOAL,59.0,HIGH
36,42000.0,37900.0,0.0,354000,125000.0,5400,6,3,2,MONTHLY,HIGH,SHORT_TERM_GOAL,50.0,LOW
57,20000.0,9500.0,4400.0,64000,8000.0,6100,1,1,3,RARELY,HIGH,RETIREMENT,32.0,LOW
65,66000.0,31700.0,13400.0,1498000,686000.0,20900,5,1,1,LUMP_SUM,MEDIUM,TAX_SAVING,43.0,HIGH
52,97000.0,53800.0,24900.0,2283000,117000.0,18300,15,2,1,LUMP_SUM,MEDIUM,WEALTH_CREATION,45.0,HIGH
42,174000.0,123200.0,41700.0,946000,773000.0,9100,13,2,1,MONTHLY,MEDIUM,TAX_SAVING,60.0,HIGH
39,80000.0,73600.0,0.0,1445000,250000.0,10900,13,2,1,QUARTERLY,MEDIUM,SHORT_TERM_GOAL,66.0,HIGH
34,95000.0,49800.0,0.0,447000,196000.0,52200,6,2,1,MONTHLY,MEDIUM,RETIREMENT,67.0,LOW
59,49000.0,22300.0,18100.0,329000,195000.0,8600,8,1,1,MONTHLY,HIGH,TAX_SAVING,41.0,MEDIUM
41,113000.0,82400.0,0.0,1860000,511000.0,47400,7,4,4,RARELY,HIGH,WEALTH_CREATION,71.0,HIGH
52,29000.0,11300.0,10300.0,442000,71000.0,7400,6,3,1,QUARTERLY,MEDIUM,SHORT_TERM_GOAL,59.0,HIGH
31,56000.0,41300.0,0.0,1040000,397000.0,22000,7,1,2,LUMP_SUM,MEDIUM,TAX_SAVING,61.0,MEDIUM
41,78000.0,35800.0,35400.0,1100000,86000.0,6800,13,2,1,LUMP_SUM,HIGH,EMERGENCY_FUND,48.0,MEDIUM
44,42000.0,38600.0,0.0,750000,266000.0,19900,6,1,3,QUARTERLY,MEDIUM,RETIREMENT,56.0,MEDIUM
63,96000.0,88300.0,0.0,577000,226000.0,9800,16,1,5,MONTHLY,LOW,RETIREMENT,77.0,HIGH
55,79000.0,47600.0,30800.0,437000,37000.0,600,1,4,3,QUARTERLY,LOW,WEALTH_CREATION,80.0,HIGH
32,20000.0,9600.0,0.0,215000,78000.0,11000,1,2,2,RARELY,MEDIUM,SHORT_TERM_GOAL,46.0,LOW
39,125000.0,96500.0,0.0,1523000,249000.0,48200,12,1,4,MONTHLY,HIGH,RETIREMENT,50.0,MEDIUM
38,85000.0,39500.0,32600.0,266000,68000.0,12900,13,1,2,QUARTERLY,LOW,WEALTH_CREATION,63.0,HIGH
27,60000.0,38900.0,14400.0,282000,244000.0,6700,14,4,1,QUARTERLY,LOW,WEALTH_CREATION,86.0,HIGH
61,88000.0,56000.0,16800.0,1064000,278000.0,15200,12,2,5,MONTHLY,LOW,TAX_SAVING,97.0,HIGH
42,30000.0,17800.0,8700.0,96000,48000.0,3500,18,2,5,RARELY,MEDIUM,SHORT_TERM_GOAL,65.0,HIGH
57,57000.0,44500.0,0.0,831000,378000.0,15900,6,3,3,MONTHLY,MEDIUM,WEALTH_CREATION,88.0,HIGH
64,21000.0,16300.0,1500.0,317000,35000.0,3200,1,2,4,RARELY,MEDIUM,WEALTH_CREATION,60.0,HIGH
57,49000.0,20800.0,21000.0,65000,21000.0,7200,3,1,5,MONTHLY,HIGH,TAX_SAVING,68.0,HIGH
45,163000.0,122000.0,8200.0,442000,34000.0,32800,4,2,2,RARELY,HIGH,WEALTH_CREATION,52.0,LOW
30,45000.0,17800.0,25400.0,489000,126000.0,1800,4,1,3,RARELY,LOW,WEALTH_CREATION,52.0,HIGH
48,65000.0,38300.0,0.0,680000,113000.0,28700,3,1,4,MONTHLY,LOW,EMERGENCY_FUND,77.0,MEDIUM
49,73000.0,41200.0,22000.0,1037000,42000.0,9800,5,2,2,MONTHLY,HIGH,WEALTH_CREATION,49.0,MEDIUM
51,80000.0,48100.0,14300.0,1346000,432000.0,17600,3,2,1,QUARTERLY,HIGH,RETIREMENT,33.0,MEDIUM
40,161000.0,94900.0,34800.0,1225000,431000.0,31300,9,3,5,LUMP_SUM,HIGH,EMERGENCY_FUND,81.0,MEDIUM
52,37000.0,34000.0,1200.0,327000,42000.0,1800,3,1,4,QUARTERLY,HIGH,EMERGENCY_FUND,76.0,LOW
64,129000.0,93300.0,18600.0,2516000,967000.0,17100,22,1,2,RARELY,LOW,RETIREMENT,57.0,HIGH
44,49000.0,29100.0,12500.0,1203000,17000.0,7400,8,3,3,MONTHLY,MEDIUM,SHORT_TERM_GOAL,75.0,HIGH
41,36000.0,20800.0,1100.0,605000,169000.0,14100,7,4,4,MONTHLY,MEDIUM,RETIREMENT,97.0,HIGH
64,81000.0,51100.0,9400.0,244000,169000.0,20500,4,4,3,LUMP_SUM,MEDIUM,WEALTH_CREATION,79.0,HIGH
61,37000.0,13400.0,22200.0,248000,111000.0,1400,21,2,3,MONTHLY,HIGH,TAX_SAVING,56.0,HIGH
60,75000.0,59400.0,0.0,1050000,402000.0,26600,1,1,2,LUMP_SUM,MEDIUM,RETIREMENT,54.0,MEDIUM
40,27000.0,17500.0,7600.0,120000,26000.0,1900,12,3,2,RARELY,LOW,EMERGENCY_FUND,75.0,MEDIUM
45,53000.0,25800.0,0.0,546000,13000.0,27600,12,3,2,RARELY,HIGH,RETIREMENT,43.0,LOW
63,102000.0,54300.0,24100.0,333000,181000.0,23600,4,3,1,QUARTERLY,MEDIUM,WEALTH_CREATION,67.0,MEDIUM
64,59000.0,48300.0,0.0,3172000,226000.0,16100,4,1,1,MONTHLY,LOW,WEALTH_CREATION,50.0,HIGH
21,95000.0,52100.0,41000.0,428000,88000.0,1900,7,1,5,MONTHLY,MEDIUM,SHORT_TERM_GOAL,73.0,HIGH
21,43000.0,22900.0,14800.0,165000,30000.0,5300,16,2,1,MONTHLY,MEDIUM,RETIREMENT,46.0,HIGH
56,60000.0,32600.0,20000.0,709000,58000.0,7400,16,1,2,LUMP_SUM,HIGH,WEALTH_CREATION,26.0,HIGH
27,46000.0,18000.0,15500.0,544000,326000.0,12500,8,2,3,QUARTERLY,LOW,RETIREMENT,80.0,HIGH
48,124000.0,98600.0,0.0,2224000,303000.0,31500,3,1,3,MONTHLY,LOW,SHORT_TERM_GOAL,80.0,MEDIUM
23,45000.0,23300.0,20000.0,723000,138000.0,1700,7,4,2,LUMP_SUM,MEDIUM,WEALTH_CREATION,78.0,HIGH
40,77000.0,55000.0,5200.0,709000,81000.0,16800,18,2,3,QUARTERLY,LOW,WEALTH_CREATION,69.0,HIGH
36,60000.0,45800.0,0.0,713000,477000.0,15100,1,2,4,QUARTERLY,LOW,WEALTH_CREATION,85.0,HIGH
58,78000.0,49000.0,20000.0,840000,373000.0,9000,2,5,2,RARELY,LOW,WEALTH_CREATION,56.0,HIGH
33,64000.0,35900.0,12900.0,1167000,73000.0,15200,1,2,3,RARELY,MEDIUM,WEALTH_CREATION,64.0,HIGH
33,77000.0,39900.0,11100.0,19000,2000.0,26000,4,1,1,MONTHLY,LOW,TAX_SAVING,48.0,LOW
21,126000.0,100900.0,0.0,4901000,1323000.0,54200,2,1,3,MONTHLY,MEDIUM,SHORT_TERM_GOAL,66.0,HIGH
35,34000.0,23800.0,6100.0,660000,179000.0,4100,13,1,4,MONTHLY,MEDIUM,EMERGENCY_FUND,73.0,HIGH
50,39000.0,12400.0,17800.0,659000,391000.0,8800,20,1,2,LUMP_SUM,HIGH,EMERGENCY_FUND,48.0,HIGH
58,94000.0,66800.0,0.0,1118000,168000.0,37900,3,4,1,QUARTERLY,HIGH,EMERGENCY_FUND,51.0,LOW
63,119000.0,80800.0,20300.0,1173000,140000.0,17900,21,2,1,LUMP_SUM,HIGH,SHORT_TERM_GOAL,20.0,MEDIUM
57,151000.0,130900.0,0.0,1034000,555000.0,43100,9,1,2,QUARTERLY,MEDIUM,EMERGENCY_FUND,36.0,MEDIUM
49,56000.0,44200.0,9900.0,1409000,507000.0,1900,24,3,3,MONTHLY,LOW,WEALTH_CREATION,77.0,HIGH
55,55000.0,39400.0,9700.0,253000,75000.0,5900,2,2,2,RARELY,HIGH,TAX_SAVING,45.0,LOW
24,68000.0,39200.0,14600.0,366000,22000.0,14200,1,1,1,MONTHLY,MEDIUM,RETIREMENT,44.0,LOW
35,64000.0,23100.0,11800.0,773000,144000.0,29100,19,1,2,MONTHLY,HIGH,EMERGENCY_FUND,48.0,MEDIUM
59,40000.0,24400.0,3100.0,788000,269000.0,12500,4,1,1,QUARTERLY,HIGH,WEALTH_CREATION,39.0,MEDIUM
49,47000.0,43200.0,1400.0,840000,219000.0,2400,5,2,5,MONTHLY,MEDIUM,WEALTH_CREATION,78.0,HIGH
63,83000.0,45600.0,31300.0,131000,24000.0,6100,18,2,5,MONTHLY,HIGH,WEALTH_CREATION,67.0,HIGH
37,76000.0,54300.0,17600.0,250000,95000.0,4100,13,1,3,MONTHLY,MEDIUM,WEALTH_CREATION,45.0,HIGH
57,103000.0,80300.0,0.0,1452000,226000.0,28900,8,5,4,QUARTERLY,MEDIUM,EMERGENCY_FUND,88.0,HIGH
44,94000.0,46800.0,11000.0,782000,171000.0,36200,9,4,2,MONTHLY,MEDIUM,RETIREMENT,64.0,HIGH
59,86000.0,49000.0,28700.0,1571000,9000.0,8300,2,2,4,MONTHLY,LOW,EMERGENCY_FUND,79.0,HIGH
26,60000.0,32600.0,24900.0,1073000,721000.0,2500,2,1,3,MONTHLY,HIGH,SHORT_TERM_GOAL,47.0,HIGH
54,62000.0,24600.0,3300.0,1465000,530000.0,34100,5,4,2,MONTHLY,LOW,SHORT_TERM_GOAL,60.0,HIGH
36,92000.0,64200.0,2100.0,2538000,144000.0,25700,19,2,3,LUMP_SUM,MEDIUM,EMERGENCY_FUND,51.0,HIGH
55,93000.0,70500.0,15600.0,304000,55000.0,6900,1,2,2,MONTHLY,MEDIUM,WEALTH_CREATION,66.0,MEDIUM
45,125000.0,66900.0,51800.0,983000,780000.0,6300,25,3,1,QUARTERLY,MEDIUM,WEALTH_CREATION,75.0,HIGH
58,94000.0,44400.0,40700.0,1332000,293000.0,8900,19,5,2,MONTHLY,MEDIUM,RETIREMENT,83.0,HIGH
35,204000.0,144100.0,29000.0,5987000,961000.0,30900,20,4,2,MONTHLY,LOW,SHORT_TERM_GOAL,85.0,HIGH
59,72000.0,37900.0,21600.0,1013000,323000.0,12500,8,1,4,MONTHLY,HIGH,TAX_SAVING,66.0,HIGH
22,117000.0,99500.0,0.0,1624000,727000.0,21400,4,3,3,MONTHLY,MEDIUM,SHORT_TERM_GOAL,64.0,HIGH
43,91000.0,56600.0,33000.0,1414000,629000.0,1400,4,3,4,MONTHLY,MEDIUM,EMERGENCY_FUND,84.0,HIGH
41,26000.0,17900.0,1100.0,185000,29000.0,7000,5,1,1,MONTHLY,LOW,TAX_SAVING,63.0,LOW
60,41000.0,14100.0,25200.0,145000,12000.0,1700,7,5,5,RARELY,HIGH,TAX_SAVING,89.0,HIGH
28,73000.0,53600.0,4400.0,1053000,375000.0,15000,10,1,5,QUARTERLY,LOW,WEALTH_CREATION,79.0,HIGH
22,74000.0,26400.0,38900.0,1453000,216000.0,8700,3,3,1,QUARTERLY,LOW,WEALTH_CREATION,56.0,HIGH
40,66000.0,46900.0,15300.0,440000,69000.0,3800,7,1,5,LUMP_SUM,LOW,RETIREMENT,62.0,HIGH
49,91000.0,64500.0,21300.0,908000,568000.0,5200,4,1,4,RARELY,LOW,WEALTH_CREATION,53.0,HIGH
27,40000.0,21400.0,16600.0,747000,403000.0,2000,7,2,1,LUMP_SUM,MEDIUM,SHORT_TERM_GOAL,66.0,HIGH
62,186000.0,99400.0,66300.0,747000,386000.0,20300,12,4,2,LUMP_SUM,HIGH,WEALTH_CREATION,80.0,HIGH
65,43000.0,22300.0,10200.0,312000,47000.0,10500,5,4,4,RARELY,MEDIUM,SHORT_TERM_GOAL,74.0,MEDIUM
25,163000.0,70700.0,51500.0,1108000,465000.0,40800,13,3,3,MONTHLY,HIGH,WEALTH_CREATION,79.0,HIGH
25,112000.0,63100.0,33000.0,1241000,29000.0,15900,13,2,2,LUMP_SUM,LOW,EMERGENCY_FUND,52.0,HIGH
54,97000.0,45900.0,33300.0,341000,86000.0,17800,7,3,5,MONTHLY,MEDIUM,WEALTH_CREATION,89.0,HIGH
61,21000.0,13500.0,6300.0,159000,85000.0,1200,4,4,3,MONTHLY,MEDIUM,WEALTH_CREATION,69.0,HIGH
51,75000.0,36500.0,30100.0,1121000,232000.0,8400,4,3,1,RARELY,MEDIUM,RETIREMENT,51.0,HIGH
21,164000.0,111700.0,9300.0,3203000,31000.0,43000,18,3,4,LUMP_SUM,MEDIUM,EMERGENCY_FUND,76.0,HIGH
31,145000.0,89300.0,14700.0,6043000,1916000.0,41000,13,2,3,MONTHLY,MEDIUM,SHORT_TERM_GOAL,72.0,HIGH
51,41000.0,16500.0,11700.0,467000,101000.0,12800,1,3,2,MONTHLY,HIGH,WEALTH_CREATION,55.0,HIGH
25,88000.0,56000.0,23300.0,1922000,275000.0,8700,23,2,1,RARELY,MEDIUM,SHORT_TERM_GOAL,28.0,HIGH
38,113000.0,59100.0,29500.0,1684000,131000.0,24400,7,1,2,RARELY,MEDIUM,TAX_SAVING,29.0,MEDIUM
47,85000.0,58300.0,9700.0,934000,274000.0,17000,19,4,4,LUMP_SUM,LOW,WEALTH_CREATION,77.0,HIGH
31,75000.0,40700.0,11300.0,590000,241000.0,23000,16,3,2,MONTHLY,HIGH,WEALTH_CREATION,57.0,HIGH
30,69000.0,63400.0,0.0,650000,455000.0,18400,3,2,2,RARELY,MEDIUM,WEALTH_CREATION,43.0,LOW
36,138000.0,67400.0,24900.0,644000,147000.0,45700,21,2,4,QUARTERLY,LOW,SHORT_TERM_GOAL,86.0,HIGH
33,50000.0,37300.0,8000.0,225000,28000.0,4700,17,5,1,LUMP_SUM,HIGH,WEALTH_CREATION,78.0,HIGH
21,71000.0,55700.0,4900.0,1460000,90000.0,10400,5,4,1,RARELY,MEDIUM,SHORT_TERM_GOAL,58.0,HIGH
65,46000.0,36500.0,0.0,528000,213000.0,10100,4,3,1,MONTHLY,MEDIUM,TAX_SAVING,71.0,HIGH
38,60000.0,29900.0,28600.0,958000,185000.0,1500,8,4,5,LUMP_SUM,MEDIUM,WEALTH_CREATION,95.0,HIGH
22,65000.0,28000.0,23700.0,325000,49000.0,13300,18,3,1,MONTHLY,MEDIUM,EMERGENCY_FUND,59.0,HIGH
42,96000.0,67400.0,0.0,687000,258000.0,43100,2,1,3,MONTHLY,MEDIUM,TAX_SAVING,58.0,LOW
21,72000.0,34800.0,21400.0,828000,111000.0,15800,11,2,3,LUMP_SUM,MEDIUM,RETIREMENT,59.0,HIGH
49,59000.0,35800.0,13700.0,563000,19000.0,9500,24,2,2,MONTHLY,LOW,WEALTH_CREATION,56.0,HIGH
51,26000.0,15900.0,6700.0,169000,17000.0,3400,13,3,1,MONTHLY,HIGH,RETIREMENT,46.0,MEDIUM
64,153000.0,90600.0,33400.0,2153000,92000.0,29000,16,3,2,RARELY,LOW,TAX_SAVING,68.0,HIGH
24,61000.0,47000.0,0.0,1500000,415000.0,14700,15,2,4,RARELY,MEDIUM,TAX_SAVING,59.0,HIGH
57,122000.0,58300.0,40100.0,1733000,180000.0,23600,5,2,2,MONTHLY,LOW,EMERGENCY_FUND,55.0,MEDIUM
30,65000.0,42000.0,2900.0,1809000,169000.0,20100,3,3,3,MONTHLY,MEDIUM,RETIREMENT,69.0,HIGH
52,87000.0,78300.0,0.0,1512000,595000.0,9600,18,2,5,MONTHLY,MEDIUM,WEALTH_CREATION,83.0,HIGH
65,193000.0,110900.0,33000.0,1354000,378000.0,49100,16,3,1,MONTHLY,HIGH,EMERGENCY_FUND,71.0,LOW
27,82000.0,30900.0,34800.0,209000,27000.0,16300,11,2,4,MONTHLY,LOW,EMERGENCY_FUND,85.0,HIGH
45,93000.0,58300.0,4000.0,640000,303000.0,30700,16,3,1,MONTHLY,LOW,WEALTH_CREATION,66.0,HIGH
27,207000.0,117200.0,23000.0,1322000,371000.0,66800,7,1,2,LUMP_SUM,HIGH,EMERGENCY_FUND,42.0,LOW
23,32000.0,18100.0,3200.0,494000,100000.0,10700,2,3,4,MONTHLY,HIGH,EMERGENCY_FUND,64.0,MEDIUM
39,92000.0,72600.0,14700.0,4276000,2877000.0,4700,15,5,3,MONTHLY,LOW,SHORT_TERM_GOAL,92.0,HIGH
57,123000.0,70200.0,35100.0,2973000,545000.0,17700,6,1,1,RARELY,MEDIUM,RETIREMENT,32.0,HIGH
45,24000.0,22000.0,0.0,1427000,149000.0,3100,8,2,4,MONTHLY,HIGH,WEALTH_CREATION,62.0,HIGH
61,78000.0,54400.0,0.0,464000,111000.0,32800,7,1,1,RARELY,MEDIUM,WEALTH_CREATION,38.0,LOW
30,51000.0,35800.0,6300.0,953000,381000.0,8900,13,4,3,MONTHLY,HIGH,RETIREMENT,78.0,HIGH
58,60000.0,35900.0,18900.0,406000,23000.0,5200,15,2,2,MONTHLY,LOW,EMERGENCY_FUND,60.0,HIGH
50,78000.0,33200.0,32900.0,411000,25000.0,11900,18,2,5,MONTHLY,MEDIUM,SHORT_TERM_GOAL,83.0,HIGH
41,64000.0,31300.0,27900.0,614000,102000.0,4800,2,3,1,MONTHLY,MEDIUM,EMERGENCY_FUND,56.0,MEDIUM
59,38000.0,25200.0,8000.0,414000,173000.0,4800,9,1,3,QUARTERLY,HIGH,WEALTH_CREATION,62.0,HIGH
65,34000.0,21200.0,3900.0,572000,120000.0,8900,14,1,2,LUMP_SUM,HIGH,EMERGENCY_FUND,37.0,LOW
60,89000.0,81800.0,0.0,1224000,460000.0,15400,11,1,1,RARELY,HIGH,RETIREMENT,34.0,LOW
31,57000.0,21700.0,27100.0,367000,10000.0,8200,2,2,5,MONTHLY,MEDIUM,WEALTH_CREATION,84.0,HIGH
25,85000.0,37100.0,29100.0,424000,35000.0,18800,15,1,2,RARELY,MEDIUM,WEALTH_CREATION,34.0,MEDIUM
43,40000.0,11000.0,22200.0,807000,225000.0,6800,9,2,5,RARELY,HIGH,WEALTH_CREATION,60.0,HIGH
30,106000.0,68600.0,1400.0,1202000,339000.0,36000,12,1,2,MONTHLY,MEDIUM,TAX_SAVING,43.0,MEDIUM
27,22000.0,12200.0,5300.0,488000,7000.0,4500,15,2,5,QUARTERLY,HIGH,TAX_SAVING,63.0,HIGH
62,32000.0,12800.0,16900.0,395000,85000.0,2300,7,1,3,MONTHLY,LOW,RETIREMENT,56.0,HIGH
53,53000.0,21300.0,21300.0,442000,126000.0,10400,21,1,1,RARELY,MEDIUM,WEALTH_CREATION,18.0,MEDIUM
39,56000.0,31500.0,13100.0,1114000,464000.0,11400,2,1,2,LUMP_SUM,LOW,WEALTH_CREATION,42.0,HIGH
52,44000.0,11600.0,14200.0,757000,359000.0,18200,9,1,3,LUMP_SUM,MEDIUM,RETIREMENT,55.0,HIGH
65,126000.0,50500.0,51100.0,1649000,1356000.0,24400,3,2,4,MONTHLY,MEDIUM,SHORT_TERM_GOAL,75.0,HIGH
61,165000.0,96800.0,60700.0,2283000,569000.0,7500,8,4,3,QUARTERLY,LOW,RETIREMENT,85.0,HIGH
29,95000.0,37200.0,35200.0,364000,28000.0,22600,6,5,3,QUARTERLY,LOW,EMERGENCY_FUND,93.0,HIGH
46,101000.0,72700.0,22800.0,559000,31000.0,5500,11,1,4,QUARTERLY,HIGH,WEALTH_CREATION,75.0,HIGH
64,124000.0,76200.0,29900.0,228000,36000.0,17900,11,2,5,RARELY,HIGH,WEALTH_CREATION,64.0,MEDIUM
52,42000.0,30400.0,4700.0,601000,135000.0,6900,24,4,4,QUARTERLY,LOW,SHORT_TERM_GOAL,91.0,HIGH
47,72000.0,45000.0,1200.0,453000,67000.0,25800,1,4,4,RARELY,MEDIUM,WEALTH_CREATION,70.0,MEDIUM
24,59000.0,37500.0,9000.0,1179000,73000.0,12500,2,2,3,LUMP_SUM,HIGH,WEALTH_CREATION,56.0,HIGH
31,101000.0,66900.0,7700.0,2062000,1362000.0,26400,18,1,2,MONTHLY,LOW,WEALTH_CREATION,52.0,HIGH
35,80000.0,26200.0,11600.0,2994000,208000.0,42200,21,3,4,RARELY,HIGH,RETIREMENT,61.0,HIGH
41,150000.0,97000.0,11900.0,2034000,565000.0,41100,12,3,3,RARELY,HIGH,RETIREMENT,50.0,HIGH
40,68000.0,47200.0,11200.0,473000,42000.0,9600,8,1,4,RARELY,LOW,WEALTH_CREATION,70.0,HIGH
41,127000.0,83600.0,32700.0,836000,50000.0,10700,13,2,3,RARELY,HIGH,RETIREMENT,50.0,HIGH
52,38000.0,32400.0,0.0,1596000,215000.0,6400,8,1,4,LUMP_SUM,LOW,EMERGENCY_FUND,79.0,HIGH
23,61000.0,28500.0,25800.0,162000,3000.0,6700,10,3,2,MONTHLY,MEDIUM,WEALTH_CREATION,86.0,HIGH
34,44000.0,33000.0,4400.0,707000,219000.0,6600,4,2,2,MONTHLY,MEDIUM,WEALTH_CREATION,61.0,HIGH
55,84000.0,40500.0,40500.0,428000,174000.0,3000,9,2,2,MONTHLY,MEDIUM,TAX_SAVING,55.0,HIGH
47,64000.0,54400.0,0.0,1047000,122000.0,24400,5,2,4,MONTHLY,MEDIUM,WEALTH_CREATION,70.0,HIGH
24,88000.0,51700.0,18500.0,345000,84000.0,17800,8,1,1,MONTHLY,LOW,WEALTH_CREATION,55.0,MEDIUM
24,93000.0,59400.0,30600.0,287000,58000.0,3000,5,2,2,MONTHLY,MEDIUM,WEALTH_CREATION,49.0,HIGH
39,54000.0,36800.0,16200.0,307000,43000.0,1000,7,1,5,QUARTERLY,MEDIUM,EMERGENCY_FUND,74.0,HIGH
60,63000.0,30900.0,29200.0,530000,225000.0,2900,8,2,5,RARELY,HIGH,WEALTH_CREATION,54.0,HIGH
22,25000.0,12400.0,4800.0,813000,255000.0,7800,7,4,2,MONTHLY,LOW,RETIREMENT,69.0,HIGH
63,42000.0,26700.0,1900.0,620000,117000.0,13400,17,5,1,MONTHLY,MEDIUM,RETIREMENT,64.0,HIGH
57,64000.0,58800.0,0.0,870000,159000.0,13700,12,2,1,QUARTERLY,LOW,WEALTH_CREATION,56.0,HIGH
65,20000.0,11900.0,5800.0,248000,19000.0,2300,10,2,2,QUARTERLY,MEDIUM,TAX_SAVING,78.0,HIGH
51,37000.0,24600.0,0.0,523000,131000.0,15500,6,1,3,QUARTERLY,HIGH,WEALTH_CREATION,39.0,MEDIUM
54,55000.0,20000.0,25300.0,396000,149000.0,9700,2,2,4,MONTHLY,HIGH,RETIREMENT,56.0,MEDIUM
35,40000.0,14200.0,20600.0,435000,259000.0,5200,19,2,1,QUARTERLY,MEDIUM,TAX_SAVING,52.0,HIGH
42,85000.0,61300.0,1200.0,2566000,1081000.0,22500,5,4,4,MONTHLY,MEDIUM,TAX_SAVING,96.0,HIGH
63,74000.0,37100.0,31600.0,1052000,478000.0,5300,2,3,3,QUARTERLY,LOW,EMERGENCY_FUND,74.0,HIGH
24,71000.0,53000.0,7100.0,915000,267000.0,10900,14,1,4,MONTHLY,LOW,WEALTH_CREATION,84.0,HIGH
56,55000.0,30100.0,18900.0,1377000,238000.0,6000,3,2,4,QUARTERLY,HIGH,WEALTH_CREATION,66.0,HIGH
58,63000.0,45200.0,11100.0,771000,20000.0,6700,4,4,5,MONTHLY,MEDIUM,EMERGENCY_FUND,86.0,HIGH
22,130000.0,92700.0,22700.0,783000,148000.0,14600,23,5,4,MONTHLY,MEDIUM,WEALTH_CREATION,98.0,HIGH
29,101000.0,74100.0,0.0,746000,107000.0,55500,16,1,5,LUMP_SUM,MEDIUM,WEALTH_CREATION,69.0,MEDIUM
51,20000.0,14300.0,1300.0,386000,123000.0,4400,2,1,3,MONTHLY,MEDIUM,TAX_SAVING,44.0,HIGH
53,39000.0,7800.0,13400.0,689000,254000.0,17800,1,4,3,MONTHLY,MEDIUM,SHORT_TERM_GOAL,88.0,HIGH
43,29000.0,15100.0,8300.0,1140000,604000.0,5600,10,1,3,LUMP_SUM,MEDIUM,WEALTH_CREATION,70.0,HIGH
61,49000.0,34600.0,5500.0,1030000,220000.0,8900,3,3,3,MONTHLY,HIGH,TAX_SAVING,91.0,HIGH
60,100000.0,76700.0,15300.0,699000,168000.0,8000,21,1,3,RARELY,MEDIUM,RETIREMENT,46.0,MEDIUM
47,60000.0,33900.0,19100.0,856000,57000.0,7000,17,2,3,RARELY,MEDIUM,RETIREMENT,60.0,HIGH
34,53000.0,27800.0,15100.0,609000,253000.0,10100,1,2,5,RARELY,MEDIUM,WEALTH_CREATION,71.0,HIGH
40,74000.0,62100.0,0.0,1461000,77000.0,27700,8,3,4,MONTHLY,LOW,RETIREMENT,92.0,HIGH
56,30000.0,27100.0,0.0,576000,130000.0,5400,11,1,3,MONTHLY,HIGH,SHORT_TERM_GOAL,42.0,HIGH
36,52000.0,47800.0,0.0,1112000,72000.0,13800,3,1,4,RARELY,HIGH,WEALTH_CREATION,39.0,HIGH
39,111000.0,70900.0,13400.0,2099000,110000.0,26700,2,3,2,LUMP_SUM,HIGH,WEALTH_CREATION,63.0,MEDIUM
21,20000.0,14500.0,200.0,595000,430000.0,5300,4,3,2,RARELY,LOW,EMERGENCY_FUND,58.0,HIGH
62,57000.0,37300.0,0.0,685000,80000.0,21400,7,1,5,RARELY,HIGH,WEALTH_CREATION,64.0,MEDIUM
36,47000.0,28500.0,12700.0,355000,93000.0,5800,3,1,1,QUARTERLY,LOW,RETIREMENT,57.0,HIGH
62,81000.0,19000.0,50400.0,951000,168000.0,11600,11,4,2,RARELY,HIGH,EMERGENCY_FUND,69.0,MEDIUM
63,191000.0,82500.0,79000.0,360000,54000.0,29500,14,2,1,MONTHLY,LOW,WEALTH_CREATION,45.0,HIGH
60,33000.0,30300.0,0.0,160000,40000.0,3900,1,2,1,MONTHLY,MEDIUM,EMERGENCY_FUND,49.0,LOW
51,58000.0,39500.0,4000.0,775000,76000.0,14500,14,2,3,QUARTERLY,LOW,RETIREMENT,67.0,HIGH
43,294000.0,117900.0,129500.0,4097000,1625000.0,46600,19,3,4,MONTHLY,LOW,SHORT_TERM_GOAL,90.0,HIGH
28,93000.0,37200.0,24400.0,858000,135000.0,31400,12,1,1,MONTHLY,MEDIUM,RETIREMENT,49.0,HIGH
22,117000.0,80600.0,4200.0,1997000,537000.0,32200,8,1,3,MONTHLY,HIGH,WEALTH_CREATION,46.0,HIGH
36,76000.0,27900.0,41900.0,164000,62000.0,6200,3,4,5,MONTHLY,LOW,SHORT_TERM_GOAL,96.0,HIGH
45,30000.0,23700.0,100.0,409000,195000.0,6200,3,2,1,RARELY,HIGH,RETIREMENT,25.0,LOW
61,146000.0,61800.0,78800.0,552000,66000.0,5400,2,4,3,MONTHLY,MEDIUM,TAX_SAVING,80.0,HIGH
25,178000.0,80100.0,78800.0,1025000,244000.0,19100,3,4,2,QUARTERLY,MEDIUM,TAX_SAVING,70.0,HIGH
53,34000.0,30800.0,0.0,189000,10000.0,12200,6,2,4,MONTHLY,MEDIUM,SHORT_TERM_GOAL,68.0,LOW
45,48000.0,28300.0,500.0,1330000,200000.0,19200,18,2,2,MONTHLY,HIGH,SHORT_TERM_GOAL,60.0,HIGH
56,72000.0,38400.0,23400.0,1032000,200000.0,10200,12,4,4,MONTHLY,LOW,SHORT_TERM_GOAL,87.0,HIGH
58,55000.0,35600.0,7100.0,626000,83000.0,12300,2,1,3,MONTHLY,HIGH,TAX_SAVING,52.0,MEDIUM
44,24000.0,15100.0,5300.0,386000,134000.0,3600,10,2,3,MONTHLY,HIGH,TAX_SAVING,67.0,HIGH
29,111000.0,56900.0,26900.0,365000,46000.0,27200,6,1,1,QUARTERLY,MEDIUM,WEALTH_CREATION,23.0,MEDIUM
35,60000.0,41800.0,0.0,1851000,456000.0,31000,12,1,3,MONTHLY,MEDIUM,WEALTH_CREATION,51.0,HIGH
24,166000.0,118600.0,0.0,2022000,774000.0,52700,1,3,1,MONTHLY,HIGH,WEALTH_CREATION,53.0,MEDIUM
50,62000.0,39100.0,14800.0,358000,166000.0,8100,12,2,2,MONTHLY,HIGH,WEALTH_CREATION,51.0,MEDIUM
60,104000.0,90300.0,0.0,3623000,1475000.0,15300,18,1,2,RARELY,HIGH,EMERGENCY_FUND,30.0,HIGH
30,89000.0,49900.0,600.0,776000,141000.0,38500,12,4,4,MONTHLY,MEDIUM,WEALTH_CREATION,94.0,HIGH
41,45000.0,27700.0,9400.0,1127000,30000.0,7900,4,1,1,MONTHLY,HIGH,RETIREMENT,36.0,HIGH
28,59000.0,36200.0,10900.0,1018000,426000.0,11900,3,1,1,QUARTERLY,MEDIUM,RETIREMENT,49.0,HIGH
62,74000.0,53200.0,900.0,2153000,986000.0,19900,13,1,3,MONTHLY,MEDIUM,EMERGENCY_FUND,66.0,HIGH
30,40000.0,15300.0,20300.0,258000,56000.0,4400,2,1,3,RARELY,MEDIUM,WEALTH_CREATION,50.0,MEDIUM
43,26000.0,16800.0,1800.0,323000,138000.0,7400,22,1,5,MONTHLY,MEDIUM,WEALTH_CREATION,74.0,HIGH
50,175000.0,107900.0,63200.0,2191000,126000.0,3900,10,3,4,QUARTERLY,HIGH,SHORT_TERM_GOAL,58.0,HIGH
37,64000.0,41100.0,15400.0,243000,95000.0,7500,7,3,1,QUARTERLY,HIGH,EMERGENCY_FUND,54.0,LOW
23,77000.0,30700.0,20700.0,190000,87000.0,25600,6,1,5,MONTHLY,HIGH,WEALTH_CREATION,67.0,MEDIUM
23,68000.0,47000.0,12500.0,611000,26000.0,8500,5,1,3,MONTHLY,MEDIUM,TAX_SAVING,54.0,HIGH
63,49000.0,24300.0,16200.0,347000,262000.0,8500,7,2,2,MONTHLY,HIGH,WEALTH_CREATION,37.0,MEDIUM
48,88000.0,57500.0,23200.0,1241000,427000.0,7300,10,1,2,RARELY,HIGH,WEALTH_CREATION,44.0,MEDIUM
63,53000.0,32900.0,8300.0,607000,106000.0,11800,10,2,4,MONTHLY,MEDIUM,WEALTH_CREATION,70.0,HIGH
45,66000.0,32100.0,18300.0,502000,81000.0,15600,14,1,2,MONTHLY,LOW,TAX_SAVING,58.0,HIGH
27,64000.0,13500.0,36700.0,516000,92000.0,13800,3,3,2,MONTHLY,HIGH,TAX_SAVING,71.0,MEDIUM
48,67000.0,50700.0,0.0,1639000,403000.0,16600,9,3,2,MONTHLY,MEDIUM,WEALTH_CREATION,72.0,HIGH
62,173000.0,102500.0,36100.0,3109000,568000.0,34400,15,2,3,MONTHLY,MEDIUM,SHORT_TERM_GOAL,69.0,HIGH
53,59000.0,36400.0,18500.0,363000,21000.0,4100,12,2,2,LUMP_SUM,LOW,RETIREMENT,83.0,HIGH
59,91000.0,45800.0,39500.0,563000,83000.0,5700,7,1,4,RARELY,HIGH,RETIREMENT,55.0,HIGH
28,115000.0,81500.0,25000.0,2478000,1588000.0,8500,1,2,3,MONTHLY,HIGH,WEALTH_CREATION,53.0,HIGH
62,20000.0,12000.0,5900.0,111000,1000.0,2100,11,1,5,LUMP_SUM,MEDIUM,EMERGENCY_FUND,83.0,MEDIUM
59,79000.0,46800.0,5900.0,2315000,618000.0,26300,2,1,1,RARELY,HIGH,RETIREMENT,12.0,HIGH
55,38000.0,28400.0,2500.0,193000,19000.0,7100,16,1,2,RARELY,HIGH,TAX_SAVING,53.0,LOW
29,69000.0,31900.0,24800.0,254000,78000.0,12300,14,5,5,LUMP_SUM,LOW,EMERGENCY_FUND,100.0,HIGH
58,50000.0,25700.0,11800.0,1143000,159000.0,12500,11,1,2,MONTHLY,HIGH,EMERGENCY_FUND,39.0,HIGH
55,103000.0,57000.0,35800.0,1579000,304000.0,10200,16,5,3,MONTHLY,MEDIUM,RETIREMENT,92.0,HIGH
59,37000.0,33200.0,0.0,99000,15000.0,4600,6,3,5,QUARTERLY,MEDIUM,RETIREMENT,82.0,MEDIUM
60,45000.0,20500.0,18200.0,681000,266000.0,6300,15,2,2,QUARTERLY,MEDIUM,RETIREMENT,56.0,HIGH
28,54000.0,44700.0,7200.0,1627000,292000.0,2100,10,2,4,LUMP_SUM,HIGH,EMERGENCY_FUND,51.0,HIGH
55,33000.0,17900.0,2500.0,525000,398000.0,12600,17,3,2,MONTHLY,MEDIUM,TAX_SAVING,67.0,HIGH
49,44000.0,30100.0,10600.0,1895000,639000.0,3300,18,2,2,MONTHLY,HIGH,WEALTH_CREATION,62.0,HIGH
28,32000.0,20600.0,9200.0,46000,28000.0,2200,5,1,3,QUARTERLY,LOW,WEALTH_CREATION,69.0,HIGH
34,55000.0,50600.0,2700.0,178000,24000.0,1700,11,1,3,MONTHLY,HIGH,EMERGENCY_FUND,51.0,LOW
56,32000.0,22800.0,3300.0,251000,77000.0,5900,5,4,1,MONTHLY,MEDIUM,EMERGENCY_FUND,57.0,LOW
41,141000.0,96500.0,34700.0,1075000,624000.0,9800,14,2,3,MONTHLY,HIGH,WEALTH_CREATION,62.0,HIGH
43,74000.0,37400.0,33700.0,725000,284000.0,2900,15,2,3,MONTHLY,MEDIUM,EMERGENCY_FUND,63.0,HIGH
49,49000.0,23200.0,15800.0,452000,61000.0,10000,4,1,1,LUMP_SUM,LOW,TAX_SAVING,53.0,HIGH
46,51000.0,32200.0,0.0,383000,141000.0,20600,2,1,3,QUARTERLY,LOW,SHORT_TERM_GOAL,63.0,LOW
48,52000.0,33700.0,1800.0,574000,325000.0,16500,1,3,2,MONTHLY,HIGH,RETIREMENT,57.0,MEDIUM
38,71000.0,38600.0,28400.0,1174000,228000.0,4000,12,1,1,MONTHLY,HIGH,WEALTH_CREATION,35.0,HIGH
47,114000.0,66700.0,13200.0,1152000,416000.0,34100,2,1,4,RARELY,MEDIUM,RETIREMENT,63.0,HIGH
59,46000.0,24700.0,11900.0,360000,16000.0,9400,9,4,4,QUARTERLY,LOW,WEALTH_CREATION,100.0,HIGH
44,61000.0,39700.0,8000.0,793000,362000.0,13300,9,4,5,RARELY,HIGH,WEALTH_CREATION,94.0,HIGH
23,60000.0,30900.0,17700.0,334000,157000.0,11400,15,3,1,RARELY,HIGH,RETIREMENT,44.0,MEDIUM
50,77000.0,47500.0,13700.0,1962000,39000.0,15800,8,2,3,QUARTERLY,MEDIUM,EMERGENCY_FUND,85.0,HIGH
24,90000.0,51300.0,7900.0,1406000,279000.0,30800,14,2,3,MONTHLY,MEDIUM,SHORT_TERM_GOAL,72.0,HIGH
64,98000.0,61700.0,0.0,2966000,1129000.0,53900,1,2,3,LUMP_SUM,LOW,TAX_SAVING,74.0,HIGH
28,57000.0,42400.0,0.0,1474000,328000.0,23800,14,1,2,RARELY,MEDIUM,WEALTH_CREATION,43.0,HIGH
28,99000.0,73500.0,24400.0,904000,221000.0,1100,21,1,1,MONTHLY,MEDIUM,SHORT_TERM_GOAL,58.0,MEDIUM
29,106000.0,41100.0,52000.0,333000,82000.0,12900,4,1,2,MONTHLY,MEDIUM,WEALTH_CREATION,66.0,MEDIUM
44,69000.0,54700.0,0.0,1471000,961000.0,14400,5,2,2,LUMP_SUM,HIGH,RETIREMENT,47.0,HIGH
65,67000.0,61600.0,0.0,291000,114000.0,12800,1,4,2,RARELY,MEDIUM,WEALTH_CREATION,91.0,MEDIUM
22,79000.0,38100.0,19500.0,244000,61000.0,21400,8,1,1,LUMP_SUM,HIGH,RETIREMENT,32.0,LOW
35,82000.0,48300.0,0.0,2119000,1092000.0,34100,6,2,3,MONTHLY,MEDIUM,RETIREMENT,59.0,HIGH
37,49000.0,28900.0,2800.0,307000,144000.0,17300,5,1,2,MONTHLY,LOW,TAX_SAVING,45.0,MEDIUM
59,146000.0,122600.0,0.0,928000,147000.0,42600,15,1,3,LUMP_SUM,LOW,SHORT_TERM_GOAL,73.0,HIGH
21,82000.0,75400.0,0.0,302000,12000.0,6700,13,1,3,MONTHLY,HIGH,RETIREMENT,58.0,MEDIUM
41,94000.0,62900.0,18000.0,630000,188000.0,13100,3,2,4,QUARTERLY,LOW,WEALTH_CREATION,73.0,HIGH
56,65000.0,47400.0,6400.0,137000,37000.0,11200,13,3,3,LUMP_SUM,MEDIUM,RETIREMENT,56.0,HIGH
55,35000.0,26400.0,6400.0,1321000,241000.0,2200,19,1,5,MONTHLY,HIGH,RETIREMENT,63.0,HIGH
40,172000.0,87900.0,70500.0,812000,105000.0,13600,8,3,1,RARELY,MEDIUM,TAX_SAVING,45.0,HIGH
61,185000.0,105800.0,59300.0,2136000,1067000.0,19900,9,1,1,QUARTERLY,LOW,RETIREMENT,53.0,HIGH
42,63000.0,53800.0,300.0,337000,97000.0,8900,2,1,4,LUMP_SUM,MEDIUM,WEALTH_CREATION,68.0,MEDIUM
63,21000.0,14000.0,1900.0,676000,408000.0,5100,7,4,4,MONTHLY,MEDIUM,WEALTH_CREATION,92.0,HIGH
33,47000.0,36800.0,2900.0,1214000,98000.0,7300,2,1,1,MONTHLY,LOW,SHORT_TERM_GOAL,58.0,HIGH
64,122000.0,80500.0,31900.0,1687000,47000.0,9600,11,2,2,QUARTERLY,MEDIUM,SHORT_TERM_GOAL,54.0,MEDIUM
28,124000.0,82600.0,29800.0,2948000,155000.0,11600,7,1,4,MONTHLY,HIGH,WEALTH_CREATION,55.0,HIGH
55,185000.0,128800.0,33300.0,2379000,375000.0,22900,16,2,1,QUARTERLY,HIGH,WEALTH_CREATION,41.0,HIGH
38,150000.0,122800.0,0.0,4564000,2059000.0,82500,4,1,5,MONTHLY,MEDIUM,TAX_SAVING,73.0,HIGH
55,87000.0,58900.0,11100.0,830000,159000.0,17000,1,5,2,MONTHLY,MEDIUM,WEALTH_CREATION,82.0,HIGH
29,55000.0,31600.0,19200.0,275000,129000.0,4200,5,3,3,QUARTERLY,HIGH,SHORT_TERM_GOAL,72.0,MEDIUM
65,35000.0,15100.0,19000.0,326000,76000.0,900,16,3,2,MONTHLY,HIGH,SHORT_TERM_GOAL,71.0,HIGH
21,64000.0,51300.0,6200.0,722000,219000.0,6500,11,4,1,QUARTERLY,LOW,EMERGENCY_FUND,68.0,HIGH
47,111000.0,40000.0,64000.0,424000,165000.0,7000,10,1,4,LUMP_SUM,MEDIUM,TAX_SAVING,64.0,HIGH
39,69000.0,63400.0,0.0,1435000,405000.0,10900,20,4,3,MONTHLY,MEDIUM,WEALTH_CREATION,85.0,HIGH
53,41000.0,25700.0,10000.0,565000,322000.0,5300,7,3,3,MONTHLY,MEDIUM,WEALTH_CREATION,79.0,HIGH
36,58000.0,50100.0,500.0,792000,21000.0,7400,15,4,1,QUARTERLY,HIGH,TAX_SAVING,58.0,HIGH
25,56000.0,24300.0,900.0,260000,77000.0,30800,8,2,2,LUMP_SUM,HIGH,WEALTH_CREATION,39.0,LOW
43,41000.0,32000.0,7200.0,427000,99000.0,1800,12,2,2,QUARTERLY,HIGH,TAX_SAVING,55.0,HIGH
46,185000.0,143100.0,1500.0,4850000,2834000.0,40400,15,1,4,RARELY,HIGH,WEALTH_CREATION,66.0,HIGH
57,33000.0,18600.0,9700.0,371000,146000.0,4700,23,4,3,MONTHLY,MEDIUM,WEALTH_CREATION,74.0,HIGH
56,46000.0,36700.0,0.0,543000,262000.0,14000,8,1,1,RARELY,LOW,WEALTH_CREATION,53.0,MEDIUM
44,93000.0,77900.0,0.0,810000,244000.0,24500,1,3,3,RARELY,LOW,SHORT_TERM_GOAL,65.0,LOW
25,41000.0,17400.0,1700.0,762000,259000.0,21900,10,3,2,LUMP_SUM,HIGH,WEALTH_CREATION,48.0,HIGH
25,46000.0,30000.0,14800.0,103000,22000.0,1200,10,3,2,RARELY,MEDIUM,EMERGENCY_FUND,57.0,LOW
46,39000.0,25100.0,0.0,401000,57000.0,17700,4,2,2,LUMP_SUM,MEDIUM,WEALTH_CREATION,60.0,MEDIUM
53,131000.0,110500.0,0.0,1026000,253000.0,33900,9,3,5,MONTHLY,LOW,TAX_SAVING,87.0,HIGH
40,115000.0,70200.0,27500.0,1786000,25000.0,17300,7,1,5,QUARTERLY,HIGH,SHORT_TERM_GOAL,58.0,MEDIUM
45,75000.0,46600.0,25100.0,1068000,138000.0,3300,14,2,4,MONTHLY,MEDIUM,TAX_SAVING,74.0,HIGH
51,22000.0,20200.0,0.0,340000,154000.0,10900,7,2,1,MONTHLY,LOW,TAX_SAVING,57.0,HIGH
56,117000.0,70900.0,45300.0,1496000,212000.0,800,10,1,3,QUARTERLY,MEDIUM,SHORT_TERM_GOAL,54.0,HIGH
25,156000.0,115100.0,39500.0,2843000,795000.0,1400,13,1,3,RARELY,HIGH,SHORT_TERM_GOAL,25.0,HIGH
58,43000.0,25200.0,6000.0,233000,85000.0,11800,16,3,2,QUARTERLY,MEDIUM,RETIREMENT,60.0,HIGH
42,58000.0,32200.0,17100.0,319000,76000.0,8700,8,2,1,QUARTERLY,HIGH,TAX_SAVING,45.0,MEDIUM
59,69000.0,36800.0,16000.0,147000,72000.0,16200,1,1,1,LUMP_SUM,MEDIUM,EMERGENCY_FUND,31.0,LOW
26,92000.0,44500.0,14200.0,698000,303000.0,33300,2,2,5,RARELY,MEDIUM,SHORT_TERM_GOAL,53.0,LOW
22,67000.0,33600.0,18600.0,496000,58000.0,14800,12,3,4,LUMP_SUM,LOW,WEALTH_CREATION,89.0,HIGH
25,73000.0,55100.0,3400.0,761000,298000.0,14500,19,4,1,MONTHLY,HIGH,WEALTH_CREATION,63.0,HIGH
26,127000.0,98700.0,0.0,1323000,39000.0,37200,20,3,4,MONTHLY,HIGH,RETIREMENT,61.0,HIGH
64,61000.0,42600.0,15300.0,1181000,411000.0,3100,12,1,3,MONTHLY,LOW,EMERGENCY_FUND,60.0,HIGH
29,59000.0,34000.0,19500.0,1159000,608000.0,5500,14,2,3,RARELY,MEDIUM,TAX_SAVING,59.0,HIGH
36,120000.0,73500.0,36300.0,769000,144000.0,10200,11,4,5,MONTHLY,LOW,SHORT_TERM_GOAL,100.0,HIGH
59,43000.0,16300.0,22700.0,364000,75000.0,4000,13,1,3,MONTHLY,HIGH,EMERGENCY_FUND,55.0,HIGH
23,55000.0,33200.0,13100.0,909000,257000.0,8700,13,2,3,MONTHLY,HIGH,RETIREMENT,56.0,HIGH
32,77000.0,68700.0,0.0,1315000,311000.0,13200,1,5,1,MONTHLY,HIGH,WEALTH_CREATION,65.0,HIGH
38,128000.0,63600.0,23200.0,2000000,432000.0,41200,14,4,5,MONTHLY,MEDIUM,EMERGENCY_FUND,84.0,HIGH
60,49000.0,32800.0,6000.0,1606000,338000.0,10200,3,3,2,RARELY,MEDIUM,SHORT_TERM_GOAL,50.0,HIGH
43,35000.0,21300.0,10300.0,861000,537000.0,3400,5,3,2,LUMP_SUM,MEDIUM,TAX_SAVING,80.0,HIGH
43,46000.0,35600.0,0.0,1972000,850000.0,14000,21,1,3,RARELY,LOW,WEALTH_CREATION,51.0,HIGH
32,49000.0,30700.0,15000.0,166000,31000.0,3300,1,4,2,MONTHLY,HIGH,EMERGENCY_FUND,66.0,LOW
49,71000.0,62800.0,0.0,1624000,894000.0,32300,11,1,3,MONTHLY,HIGH,RETIREMENT,49.0,HIGH
38,54000.0,33500.0,17900.0,208000,95000.0,2600,12,2,3,MONTHLY,MEDIUM,WEALTH_CREATION,72.0,HIGH
22,68000.0,42000.0,10100.0,149000,65000.0,15900,1,2,3,MONTHLY,HIGH,WEALTH_CREATION,63.0,MEDIUM
44,34000.0,28100.0,0.0,663000,99000.0,11100,10,2,3,MONTHLY,MEDIUM,WEALTH_CREATION,81.0,HIGH
52,109000.0,86700.0,8800.0,338000,171000.0,13500,15,2,3,MONTHLY,HIGH,WEALTH_CREATION,52.0,HIGH
32,69000.0,52100.0,14300.0,815000,300000.0,2600,7,1,4,MONTHLY,HIGH,WEALTH_CREATION,65.0,HIGH
64,58000.0,28000.0,5000.0,268000,38000.0,25000,3,2,3,MONTHLY,LOW,RETIREMENT,70.0,MEDIUM
21,51000.0,38200.0,4200.0,299000,14000.0,8600,14,3,3,LUMP_SUM,HIGH,SHORT_TERM_GOAL,57.0,MEDIUM
33,94000.0,67500.0,8500.0,2628000,317000.0,18000,6,2,4,MONTHLY,MEDIUM,EMERGENCY_FUND,61.0,HIGH
30,42000.0,38300.0,0.0,52000,5000.0,9800,5,2,3,MONTHLY,HIGH,WEALTH_CREATION,68.0,LOW
37,75000.0,50700.0,11900.0,912000,382000.0,12400,16,1,5,RARELY,MEDIUM,WEALTH_CREATION,67.0,HIGH
21,29000.0,20800.0,0.0,286000,45000.0,8900,1,3,2,MONTHLY,LOW,WEALTH_CREATION,72.0,HIGH
21,106000.0,85800.0,0.0,688000,317000.0,24300,11,4,3,MONTHLY,MEDIUM,WEALTH_CREATION,87.0,HIGH
44,94000.0,86400.0,0.0,1370000,548000.0,39300,18,4,4,MONTHLY,LOW,TAX_SAVING,90.0,HIGH
57,71000.0,54500.0,100.0,497000,77000.0,16400,11,2,4,MONTHLY,HIGH,TAX_SAVING,58.0,HIGH
58,46000.0,27900.0,13900.0,827000,172000.0,4200,6,3,2,MONTHLY,HIGH,TAX_SAVING,68.0,HIGH
39,66000.0,47800.0,0.0,401000,168000.0,20100,1,1,3,MONTHLY,MEDIUM,RETIREMENT,54.0,LOW
36,39000.0,33600.0,2500.0,1152000,224000.0,2900,5,4,1,MONTHLY,HIGH,RETIREMENT,63.0,HIGH
51,44000.0,31500.0,1800.0,1690000,115000.0,10700,6,1,2,MONTHLY,HIGH,SHORT_TERM_GOAL,45.0,HIGH
44,98000.0,81300.0,0.0,3417000,353000.0,20500,11,2,1,MONTHLY,MEDIUM,WEALTH_CREATION,62.0,HIGH
45,63000.0,54300.0,5900.0,327000,94000.0,2800,18,3,5,MONTHLY,MEDIUM,TAX_SAVING,91.0,HIGH
37,46000.0,24700.0,20300.0,301000,186000.0,1000,9,2,1,LUMP_SUM,LOW,RETIREMENT,55.0,HIGH
64,49000.0,27800.0,19000.0,239000,51000.0,2200,9,2,5,MONTHLY,HIGH,EMERGENCY_FUND,83.0,MEDIUM
25,42000.0,20800.0,14600.0,81000,13000.0,6600,3,3,3,MONTHLY,MEDIUM,WEALTH_CREATION,80.0,HIGH
60,155000.0,70300.0,65900.0,2937000,1091000.0,18800,8,1,1,MONTHLY,HIGH,RETIREMENT,35.0,HIGH
63,91000.0,41200.0,2800.0,1606000,774000.0,47000,18,2,3,LUMP_SUM,LOW,SHORT_TERM_GOAL,71.0,HIGH
51,147000.0,84800.0,37800.0,1400000,367000.0,24400,14,3,1,RARELY,LOW,WEALTH_CREATION,60.0,HIGH
50,30000.0,24700.0,0.0,1021000,116000.0,15300,19,4,5,QUARTERLY,MEDIUM,SHORT_TERM_GOAL,94.0,HIGH
21,49000.0,32500.0,0.0,1483000,128000.0,19200,5,2,2,RARELY,MEDIUM,EMERGENCY_FUND,53.0,MEDIUM
56,36000.0,31800.0,0.0,178000,4000.0,5700,10,4,4,MONTHLY,LOW,EMERGENCY_FUND,83.0,HIGH
37,76000.0,43000.0,15800.0,1120000,147000.0,17200,6,4,3,LUMP_SUM,LOW,EMERGENCY_FUND,91.0,HIGH
25,142000.0,98100.0,29600.0,2422000,1339000.0,14300,5,4,3,MONTHLY,MEDIUM,SHORT_TERM_GOAL,90.0,HIGH
43,57000.0,28100.0,9200.0,1270000,198000.0,19700,2,3,3,MONTHLY,HIGH,SHORT_TERM_GOAL,62.0,HIGH
28,59000.0,48300.0,8700.0,969000,144000.0,2000,8,1,2,RARELY,MEDIUM,WEALTH_CREATION,41.0,HIGH
46,84000.0,58300.0,0.0,1142000,556000.0,35200,6,4,5,LUMP_SUM,MEDIUM,TAX_SAVING,100.0,HIGH
44,94000.0,68100.0,300.0,757000,269000.0,25600,7,1,3,RARELY,HIGH,TAX_SAVING,46.0,LOW
58,67000.0,35100.0,28400.0,448000,168000.0,3500,4,4,2,MONTHLY,MEDIUM,SHORT_TERM_GOAL,74.0,HIGH
47,69000.0,56100.0,0.0,497000,89000.0,14000,13,4,4,QUARTERLY,HIGH,WEALTH_CREATION,74.0,MEDIUM
47,48000.0,21000.0,22700.0,88000,3000.0,4300,13,1,2,RARELY,MEDIUM,WEALTH_CREATION,34.0,HIGH
52,61000.0,34600.0,18500.0,565000,32000.0,7900,15,3,3,RARELY,HIGH,TAX_SAVING,60.0,HIGH
50,98000.0,76400.0,18500.0,2142000,23000.0,3100,7,1,3,QUARTERLY,HIGH,WEALTH_CREATION,62.0,HIGH
46,106000.0,75400.0,12700.0,1945000,574000.0,17900,1,1,1,MONTHLY,MEDIUM,RETIREMENT,46.0,HIGH
37,46000.0,31100.0,200.0,591000,73000.0,14700,8,3,3,MONTHLY,HIGH,TAX_SAVING,63.0,HIGH
40,24000.0,18700.0,1800.0,170000,52000.0,3500,9,1,2,MONTHLY,LOW,RETIREMENT,66.0,MEDIUM
22,60000.0,40800.0,17200.0,501000,126000.0,2000,2,3,2,LUMP_SUM,MEDIUM,TAX_SAVING,51.0,HIGH
25,36000.0,14700.0,15600.0,567000,82000.0,5700,4,1,1,MONTHLY,MEDIUM,RETIREMENT,40.0,HIGH
35,42000.0,14500.0,17500.0,258000,26000.0,10000,19,1,1,QUARTERLY,LOW,RETIREMENT,69.0,HIGH
27,62000.0,52500.0,0.0,875000,213000.0,19200,6,1,4,QUARTERLY,LOW,WEALTH_CREATION,72.0,HIGH
36,96000.0,64200.0,25400.0,1250000,405000.0,6400,3,3,2,MONTHLY,MEDIUM,WEALTH_CREATION,73.0,HIGH
57,85000.0,76500.0,0.0,456000,31000.0,21700,9,2,3,RARELY,HIGH,WEALTH_CREATION,41.0,LOW
28,135000.0,71000.0,59300.0,301000,114000.0,4700,18,2,1,MONTHLY,HIGH,WEALTH_CREATION,40.0,MEDIUM
39,44000.0,38200.0,0.0,595000,195000.0,9900,1,1,1,QUARTERLY,MEDIUM,TAX_SAVING,56.0,MEDIUM
39,93000.0,51200.0,23600.0,1009000,222000.0,18200,17,3,3,QUARTERLY,MEDIUM,WEALTH_CREATION,72.0,HIGH
28,109000.0,87000.0,16700.0,711000,143000.0,5300,6,3,2,RARELY,LOW,SHORT_TERM_GOAL,75.0,LOW
52,59000.0,53500.0,0.0,922000,293000.0,11600,2,3,2,RARELY,LOW,TAX_SAVING,69.0,HIGH
34,104000.0,72900.0,0.0,1731000,356000.0,49800,4,1,3,RARELY,LOW,SHORT_TERM_GOAL,65.0,LOW
42,162000.0,110700.0,0.0,3874000,485000.0,87200,2,3,3,MONTHLY,MEDIUM,EMERGENCY_FUND,75.0,MEDIUM
62,37000.0,33200.0,0.0,332000,85000.0,8400,2,1,5,MONTHLY,MEDIUM,EMERGENCY_FUND,65.0,MEDIUM
59,118000.0,43800.0,64600.0,884000,450000.0,9600,5,5,1,MONTHLY,HIGH,RETIREMENT,81.0,HIGH
58,159000.0,127200.0,13100.0,964000,253000.0,18700,4,2,4,MONTHLY,HIGH,SHORT_TERM_GOAL,62.0,LOW
55,66000.0,29300.0,12600.0,1009000,303000.0,24100,10,1,4,LUMP_SUM,MEDIUM,WEALTH_CREATION,77.0,HIGH
47,52000.0,22400.0,13500.0,194000,89000.0,16100,2,1,2,MONTHLY,MEDIUM,WEALTH_CREATION,46.0,LOW
51,57000.0,38900.0,0.0,2068000,495000.0,30400,5,4,2,RARELY,HIGH,WEALTH_CREATION,48.0,HIGH
62,146000.0,129700.0,0.0,3997000,1081000.0,27000,3,1,3,MONTHLY,LOW,TAX_SAVING,78.0,HIGH
51,37000.0,26500.0,0.0,138000,41000.0,12400,1,2,1,RARELY,MEDIUM,WEALTH_CREATION,49.0,LOW
21,134000.0,81000.0,24700.0,884000,282000.0,28300,15,1,5,RARELY,LOW,SHORT_TERM_GOAL,76.0,HIGH
42,93000.0,60400.0,22200.0,1807000,154000.0,10400,3,1,2,QUARTERLY,LOW,SHORT_TERM_GOAL,64.0,HIGH
61,42000.0,13300.0,17200.0,111000,28000.0,11500,9,2,1,RARELY,MEDIUM,WEALTH_CREATION,48.0,LOW
26,174000.0,112400.0,40000.0,2518000,799000.0,21600,4,1,4,MONTHLY,MEDIUM,TAX_SAVING,68.0,HIGH
40,88000.0,79400.0,0.0,6218000,1197000.0,23100,16,2,1,MONTHLY,HIGH,SHORT_TERM_GOAL,41.0,HIGH
25,125000.0,44400.0,70600.0,942000,203000.0,10000,10,5,1,MONTHLY,HIGH,RETIREMENT,79.0,HIGH
58,88000.0,46100.0,23400.0,392000,71000.0,18500,5,1,5,LUMP_SUM,MEDIUM,EMERGENCY_FUND,75.0,MEDIUM
29,125000.0,105500.0,13200.0,1213000,731000.0,6300,10,3,3,RARELY,HIGH,SHORT_TERM_GOAL,34.0,LOW
62,54000.0,17300.0,26200.0,411000,39000.0,10500,16,3,3,RARELY,LOW,SHORT_TERM_GOAL,76.0,HIGH
58,170000.0,94400.0,70400.0,1993000,105000.0,5200,12,1,2,MONTHLY,MEDIUM,WEALTH_CREATION,57.0,HIGH
24,59000.0,18500.0,33900.0,522000,163000.0,6600,3,2,1,MONTHLY,MEDIUM,WEALTH_CREATION,60.0,HIGH
58,66000.0,60700.0,0.0,486000,303000.0,11800,10,1,2,RARELY,MEDIUM,EMERGENCY_FUND,40.0,LOW
38,39000.0,29300.0,6200.0,371000,97000.0,3500,19,2,1,MONTHLY,MEDIUM,EMERGENCY_FUND,59.0,HIGH
44,54000.0,36700.0,5700.0,310000,28000.0,11600,3,4,3,MONTHLY,LOW,EMERGENCY_FUND,96.0,MEDIUM
23,48000.0,40600.0,0.0,989000,137000.0,8800,6,2,4,RARELY,HIGH,WEALTH_CREATION,47.0,HIGH
54,59000.0,15200.0,40800.0,198000,43000.0,3000,12,2,4,MONTHLY,LOW,EMERGENCY_FUND,93.0,HIGH
54,39000.0,19000.0,17600.0,149000,54000.0,2400,7,1,2,MONTHLY,HIGH,WEALTH_CREATION,21.0,MEDIUM
31,103000.0,67700.0,8800.0,365000,66000.0,26500,12,4,3,RARELY,MEDIUM,EMERGENCY_FUND,65.0,LOW
49,173000.0,108400.0,0.0,1342000,919000.0,74400,18,2,2,LUMP_SUM,MEDIUM,RETIREMENT,43.0,MEDIUM
34,156000.0,110400.0,0.0,758000,20000.0,74300,18,4,4,LUMP_SUM,MEDIUM,SHORT_TERM_GOAL,79.0,MEDIUM
47,88000.0,80900.0,0.0,1082000,140000.0,28500,17,4,2,MONTHLY,HIGH,RETIREMENT,59.0,HIGH
55,121000.0,47900.0,48100.0,725000,258000.0,25000,8,1,2,MONTHLY,HIGH,WEALTH_CREATION,31.0,MEDIUM
52,72000.0,25700.0,39000.0,648000,175000.0,7300,15,1,5,RARELY,LOW,TAX_SAVING,64.0,HIGH
63,119000.0,61700.0,39200.0,935000,574000.0,18100,9,1,4,QUARTERLY,MEDIUM,TAX_SAVING,63.0,HIGH
26,86000.0,40400.0,39700.0,654000,75000.0,5900,1,1,4,QUARTERLY,MEDIUM,TAX_SAVING,66.0,HIGH
64,84000.0,45200.0,6800.0,368000,13000.0,32000,1,5,3,MONTHLY,HIGH,SHORT_TERM_GOAL,83.0,LOW
32,86000.0,46900.0,20800.0,656000,389000.0,18300,22,2,4,RARELY,MEDIUM,RETIREMENT,73.0,HIGH
48,48000.0,30100.0,15200.0,1145000,366000.0,2700,13,1,2,LUMP_SUM,MEDIUM,SHORT_TERM_GOAL,47.0,HIGH
36,174000.0,114800.0,1200.0,3019000,773000.0,58000,4,1,3,MONTHLY,MEDIUM,SHORT_TERM_GOAL,75.0,HIGH
24,63000.0,34200.0,5900.0,1079000,301000.0,22900,3,1,3,MONTHLY,MEDIUM,TAX_SAVING,50.0,HIGH
43,52000.0,27700.0,19500.0,1199000,68000.0,4800,13,4,2,LUMP_SUM,MEDIUM,RETIREMENT,64.0,HIGH
50,158000.0,90700.0,17800.0,4925000,1852000.0,49500,13,3,3,MONTHLY,LOW,EMERGENCY_FUND,78.0,HIGH
39,57000.0,41800.0,0.0,249000,66000.0,19700,2,3,1,QUARTERLY,MEDIUM,WEALTH_CREATION,71.0,LOW
47,130000.0,66000.0,17600.0,377000,97000.0,46400,5,1,4,MONTHLY,LOW,SHORT_TERM_GOAL,68.0,LOW
57,29000.0,14600.0,11400.0,241000,175000.0,3000,16,1,3,QUARTERLY,HIGH,WEALTH_CREATION,56.0,HIGH
40,23000.0,10000.0,5600.0,367000,55000.0,7400,2,1,2,QUARTERLY,HIGH,WEALTH_CREATION,55.0,MEDIUM
38,57000.0,50900.0,0.0,592000,96000.0,6400,5,3,2,LUMP_SUM,MEDIUM,SHORT_TERM_GOAL,69.0,MEDIUM
33,99000.0,35200.0,45800.0,1231000,467000.0,18000,9,2,4,RARELY,HIGH,WEALTH_CREATION,51.0,HIGH
27,159000.0,108900.0,0.0,1142000,384000.0,59800,4,3,3,RARELY,LOW,WEALTH_CREATION,76.0,MEDIUM
22,135000.0,78400.0,36300.0,2996000,59000.0,20300,12,2,4,MONTHLY,MEDIUM,RETIREMENT,78.0,HIGH
56,25000.0,19200.0,100.0,249000,91000.0,5700,2,2,4,LUMP_SUM,MEDIUM,SHORT_TERM_GOAL,78.0,MEDIUM
37,53000.0,28200.0,18700.0,1559000,159000.0,6100,5,1,5,MONTHLY,LOW,WEALTH_CREATION,82.0,HIGH
28,46000.0,35200.0,5300.0,643000,4000.0,5500,8,1,2,QUARTERLY,MEDIUM,RETIREMENT,46.0,MEDIUM
33,49000.0,22000.0,21400.0,100000,8000.0,5600,1,5,4,MONTHLY,LOW,EMERGENCY_FUND,100.0,HIGH
65,42000.0,33300.0,0.0,682000,38000.0,8900,16,3,1,MONTHLY,HIGH,RETIREMENT,59.0,HIGH
65,76000.0,26700.0,42000.0,660000,281000.0,7300,10,5,5,LUMP_SUM,MEDIUM,RETIREMENT,79.0,HIGH
42,292000.0,177400.0,60000.0,7322000,994000.0,54600,6,2,2,QUARTERLY,MEDIUM,WEALTH_CREATION,57.0,HIGH
23,70000.0,31200.0,29800.0,714000,43000.0,9000,3,2,1,LUMP_SUM,LOW,WEALTH_CREATION,57.0,HIGH
65,194000.0,113700.0,12400.0,1328000,376000.0,67900,11,1,2,MONTHLY,HIGH,SHORT_TERM_GOAL,48.0,LOW
61,36000.0,17100.0,16700.0,121000,44000.0,2200,6,1,1,MONTHLY,MEDIUM,EMERGENCY_FUND,48.0,LOW
54,73000.0,43600.0,0.0,1230000,433000.0,29700,1,4,5,LUMP_SUM,MEDIUM,WEALTH_CREATION,82.0,HIGH
41,55000.0,43200.0,2000.0,1206000,381000.0,9800,7,2,3,RARELY,MEDIUM,WEALTH_CREATION,54.0,HIGH
52,27000.0,23900.0,1100.0,1025000,483000.0,2000,22,1,2,RARELY,HIGH,RETIREMENT,42.0,HIGH
52,46000.0,17100.0,15500.0,316000,53000.0,13400,6,1,3,RARELY,LOW,TAX_SAVING,73.0,LOW
41,52000.0,18300.0,8400.0,297000,100000.0,25300,1,1,3,MONTHLY,LOW,EMERGENCY_FUND,56.0,LOW
39,32000.0,29400.0,0.0,606000,60000.0,3700,8,3,2,MONTHLY,HIGH,SHORT_TERM_GOAL,68.0,HIGH
35,97000.0,78800.0,0.0,1057000,506000.0,24300,18,3,5,QUARTERLY,MEDIUM,RETIREMENT,84.0,HIGH
22,59000.0,34300.0,5500.0,1275000,132000.0,19200,4,1,1,MONTHLY,LOW,RETIREMENT,34.0,HIGH
55,94000.0,46800.0,10200.0,542000,296000.0,37000,19,2,4,MONTHLY,MEDIUM,RETIREMENT,93.0,HIGH
49,53000.0,42500.0,4000.0,589000,320000.0,6500,7,2,4,MONTHLY,HIGH,TAX_SAVING,59.0,MEDIUM
54,48000.0,23600.0,16300.0,890000,396000.0,8100,6,3,2,LUMP_SUM,MEDIUM,SHORT_TERM_GOAL,69.0,HIGH
29,52000.0,30300.0,1100.0,1263000,307000.0,20600,15,3,1,LUMP_SUM,HIGH,SHORT_TERM_GOAL,59.0,HIGH
64,54000.0,42800.0,300.0,1328000,278000.0,10900,9,2,2,MONTHLY,MEDIUM,WEALTH_CREATION,48.0,HIGH
46,38000.0,22800.0,0.0,198000,15000.0,15800,13,3,4,MONTHLY,MEDIUM,WEALTH_CREATION,91.0,HIGH
35,74000.0,65500.0,0.0,1783000,276000.0,12900,4,1,1,RARELY,MEDIUM,RETIREMENT,37.0,MEDIUM
27,21000.0,13400.0,5100.0,166000,18000.0,2500,13,2,2,MONTHLY,MEDIUM,EMERGENCY_FUND,56.0,HIGH
42,93000.0,66400.0,0.0,708000,182000.0,26700,7,1,3,RARELY,MEDIUM,TAX_SAVING,47.0,LOW
34,41000.0,19900.0,2500.0,239000,110000.0,18600,4,3,5,RARELY,LOW,WEALTH_CREATION,86.0,LOW
58,95000.0,37200.0,53100.0,88000,23000.0,4700,19,2,1,LUMP_SUM,MEDIUM,RETIREMENT,61.0,HIGH
27,57000.0,21100.0,28900.0,447000,57000.0,7000,1,3,3,RARELY,LOW,SHORT_TERM_GOAL,72.0,MEDIUM
49,87000.0,58700.0,2600.0,889000,397000.0,25700,2,1,4,LUMP_SUM,MEDIUM,EMERGENCY_FUND,68.0,LOW
24,72000.0,53300.0,9500.0,2106000,1003000.0,9200,2,2,2,MONTHLY,MEDIUM,EMERGENCY_FUND,50.0,HIGH
30,82000.0,57400.0,11100.0,518000,160000.0,13500,7,1,3,QUARTERLY,LOW,EMERGENCY_FUND,55.0,MEDIUM
37,78000.0,48800.0,2700.0,2660000,927000.0,26500,2,3,1,MONTHLY,LOW,WEALTH_CREATION,60.0,HIGH
35,80000.0,41900.0,28000.0,865000,215000.0,10100,12,3,2,MONTHLY,MEDIUM,WEALTH_CREATION,70.0,HIGH
40,62000.0,44100.0,14600.0,1583000,463000.0,3300,10,2,5,LUMP_SUM,MEDIUM,RETIREMENT,64.0,HIGH
49,41000.0,17900.0,17800.0,153000,83000.0,5300,6,3,3,RARELY,MEDIUM,EMERGENCY_FUND,70.0,MEDIUM
25,74000.0,48400.0,23100.0,635000,264000.0,2500,7,4,5,MONTHLY,HIGH,RETIREMENT,100.0,HIGH
56,67000.0,29000.0,17300.0,935000,120000.0,20700,11,4,5,LUMP_SUM,MEDIUM,WEALTH_CREATION,88.0,HIGH
59,81000.0,52900.0,20300.0,1713000,399000.0,7800,17,1,4,MONTHLY,LOW,EMERGENCY_FUND,81.0,HIGH
25,40000.0,21400.0,7000.0,467000,90000.0,11600,10,2,1,LUMP_SUM,MEDIUM,EMERGENCY_FUND,48.0,LOW
30,88000.0,80900.0,0.0,749000,300000.0,34400,1,3,5,MONTHLY,MEDIUM,WEALTH_CREATION,100.0,HIGH
36,53000.0,31400.0,14500.0,303000,63000.0,7100,1,4,2,QUARTERLY,MEDIUM,SHORT_TERM_GOAL,88.0,MEDIUM
40,73000.0,61300.0,0.0,1002000,354000.0,23300,14,1,3,RARELY,MEDIUM,RETIREMENT,44.0,HIGH
56,90000.0,62900.0,16000.0,354000,175000.0,11100,8,1,4,MONTHLY,MEDIUM,SHORT_TERM_GOAL,59.0,MEDIUM
26,69000.0,57900.0,0.0,1819000,75000.0,20600,11,4,1,MONTHLY,MEDIUM,RETIREMENT,60.0,HIGH
37,51000.0,27800.0,17000.0,701000,193000.0,6200,13,1,4,MONTHLY,MEDIUM,WEALTH_CREATION,69.0,HIGH
53,37000.0,32500.0,0.0,537000,187000.0,9200,20,5,3,LUMP_SUM,LOW,EMERGENCY_FUND,92.0,HIGH
38,151000.0,123500.0,8900.0,1777000,137000.0,18600,19,1,3,MONTHLY,MEDIUM,WEALTH_CREATION,70.0,HIGH
36,61000.0,37300.0,12300.0,406000,52000.0,11400,15,5,3,RARELY,HIGH,EMERGENCY_FUND,65.0,HIGH
35,102000.0,69800.0,1700.0,2143000,360000.0,30500,9,1,3,MONTHLY,MEDIUM,WEALTH_CREATION,66.0,HIGH
58,60000.0,45300.0,1400.0,1354000,135000.0,13300,11,1,4,MONTHLY,MEDIUM,SHORT_TERM_GOAL,71.0,HIGH
60,44000.0,17700.0,16400.0,622000,196000.0,9900,1,1,4,QUARTERLY,LOW,WEALTH_CREATION,60.0,HIGH
52,253000.0,141000.0,87500.0,2199000,236000.0,24500,11,1,3,MONTHLY,MEDIUM,RETIREMENT,40.0,HIGH
47,51000.0,23200.0,0.0,103000,9000.0,28000,15,3,3,MONTHLY,MEDIUM,RETIREMENT,72.0,MEDIUM
29,76000.0,47400.0,14100.0,211000,56000.0,14500,1,1,3,RARELY,MEDIUM,WEALTH_CREATION,52.0,LOW
61,266000.0,165500.0,48200.0,4815000,531000.0,52300,6,1,2,QUARTERLY,MEDIUM,SHORT_TERM_GOAL,50.0,HIGH
23,400000.0,240000.0,109400.0,2774000,232000.0,50600,14,3,1,MONTHLY,LOW,WEALTH_CREATION,64.0,HIGH
60,56000.0,37600.0,15000.0,92000,4000.0,3400,12,1,2,MONTHLY,HIGH,SHORT_TERM_GOAL,44.0,LOW
35,35000.0,23300.0,9400.0,514000,144000.0,2300,16,4,5,RARELY,MEDIUM,RETIREMENT,74.0,HIGH
49,35000.0,23400.0,6100.0,295000,27000.0,5500,23,2,3,MONTHLY,MEDIUM,SHORT_TERM_GOAL,56.0,HIGH
27,62000.0,43900.0,0.0,144000,71000.0,29900,10,3,1,QUARTERLY,MEDIUM,RETIREMENT,72.0,MEDIUM
35,77000.0,58900.0,0.0,1782000,177000.0,25200,7,1,2,MONTHLY,MEDIUM,WEALTH_CREATION,50.0,MEDIUM
60,54000.0,47400.0,0.0,342000,43000.0,22100,2,1,5,MONTHLY,MEDIUM,WEALTH_CREATION,65.0,MEDIUM
38,145000.0,88800.0,31300.0,1921000,145000.0,24900,15,3,2,RARELY,MEDIUM,RETIREMENT,65.0,HIGH
33,48000.0,29400.0,15200.0,371000,113000.0,3400,23,3,1,MONTHLY,MEDIUM,WEALTH_CREATION,66.0,HIGH
42,49000.0,43900.0,0.0,949000,252000.0,9100,12,5,5,MONTHLY,HIGH,WEALTH_CREATION,98.0,HIGH
56,32000.0,17600.0,10500.0,256000,37000.0,3900,17,1,4,MONTHLY,MEDIUM,EMERGENCY_FUND,74.0,HIGH
24,52000.0,41300.0,0.0,464000,78000.0,11800,1,2,1,LUMP_SUM,HIGH,EMERGENCY_FUND,36.0,LOW
28,33000.0,19500.0,2400.0,162000,75000.0,11100,14,1,4,MONTHLY,MEDIUM,EMERGENCY_FUND,78.0,MEDIUM
39,100000.0,57900.0,21900.0,1532000,477000.0,20200,2,1,4,QUARTERLY,MEDIUM,RETIREMENT,65.0,HIGH
23,102000.0,67800.0,14400.0,4156000,725000.0,19800,1,1,2,QUARTERLY,HIGH,RETIREMENT,39.0,HIGH
54,94000.0,54000.0,23100.0,2614000,946000.0,16900,7,5,5,LUMP_SUM,HIGH,EMERGENCY_FUND,71.0,HIGH
39,42000.0,25700.0,8000.0,939000,221000.0,8300,10,1,2,MONTHLY,MEDIUM,WEALTH_CREATION,48.0,HIGH
46,117000.0,73200.0,29200.0,881000,121000.0,14600,3,2,2,LUMP_SUM,LOW,WEALTH_CREATION,63.0,HIGH
21,94000.0,21000.0,58500.0,556000,106000.0,14500,2,1,2,MONTHLY,MEDIUM,EMERGENCY_FUND,34.0,LOW
29,69000.0,49700.0,12900.0,999000,296000.0,6400,5,2,3,LUMP_SUM,HIGH,WEALTH_CREATION,71.0,HIGH
49,40000.0,21600.0,9000.0,909000,451000.0,9400,7,1,5,MONTHLY,HIGH,WEALTH_CREATION,66.0,HIGH
42,52000.0,30000.0,11600.0,174000,38000.0,10400,25,3,2,MONTHLY,HIGH,WEALTH_CREATION,64.0,HIGH
63,44000.0,17500.0,25000.0,594000,76000.0,1500,4,3,1,MONTHLY,MEDIUM,SHORT_TERM_GOAL,60.0,HIGH
30,60000.0,55200.0,0.0,761000,94000.0,13500,15,1,3,QUARTERLY,HIGH,EMERGENCY_FUND,52.0,MEDIUM
57,46000.0,24200.0,19100.0,163000,11000.0,2700,20,3,1,MONTHLY,MEDIUM,RETIREMENT,63.0,HIGH
52,20000.0,17800.0,300.0,525000,311000.0,1900,7,1,4,MONTHLY,MEDIUM,TAX_SAVING,69.0,HIGH
53,68000.0,49400.0,9000.0,3086000,469000.0,9600,13,4,2,MONTHLY,HIGH,TAX_SAVING,77.0,HIGH
27,38000.0,22700.0,10300.0,231000,84000.0,5000,4,4,1,QUARTERLY,MEDIUM,TAX_SAVING,62.0,MEDIUM
22,39000.0,18900.0,16800.0,96000,27000.0,3300,10,1,1,MONTHLY,HIGH,WEALTH_CREATION,47.0,MEDIUM
38,56000.0,37500.0,11900.0,619000,252000.0,6600,6,2,3,MONTHLY,MEDIUM,SHORT_TERM_GOAL,62.0,HIGH
42,69000.0,29100.0,32600.0,387000,131000.0,7300,3,2,3,MONTHLY,MEDIUM,RETIREMENT,62.0,HIGH
42,147000.0,107400.0,0.0,2127000,895000.0,42900,7,1,3,MONTHLY,HIGH,SHORT_TERM_GOAL,62.0,MEDIUM
34,48000.0,33000.0,5700.0,231000,20000.0,9300,15,5,4,RARELY,HIGH,EMERGENCY_FUND,83.0,MEDIUM
43,84000.0,38000.0,29300.0,263000,92000.0,16700,2,3,5,MONTHLY,HIGH,TAX_SAVING,99.0,MEDIUM
25,93000.0,61200.0,15700.0,1070000,326000.0,16100,3,1,4,RARELY,HIGH,WEALTH_CREATION,33.0,MEDIUM
41,60000.0,24700.0,16800.0,511000,278000.0,18500,6,3,1,MONTHLY,MEDIUM,WEALTH_CREATION,71.0,HIGH
65,84000.0,55900.0,19600.0,867000,226000.0,8500,11,2,5,MONTHLY,MEDIUM,TAX_SAVING,81.0,HIGH
32,123000.0,67900.0,42900.0,375000,123000.0,12200,1,1,5,LUMP_SUM,MEDIUM,WEALTH_CREATION,70.0,HIGH
27,199000.0,133500.0,18700.0,3127000,1289000.0,46800,8,5,5,RARELY,MEDIUM,EMERGENCY_FUND,88.0,HIGH
22,117000.0,27500.0,79000.0,362000,79000.0,10500,6,5,2,RARELY,MEDIUM,EMERGENCY_FUND,67.0,MEDIUM
53,143000.0,126100.0,5200.0,610000,215000.0,11700,7,2,3,MONTHLY,MEDIUM,TAX_SAVING,75.0,HIGH
45,48000.0,21500.0,26000.0,506000,55000.0,500,3,1,2,QUARTERLY,HIGH,SHORT_TERM_GOAL,25.0,MEDIUM
23,51000.0,27500.0,20900.0,843000,349000.0,2600,5,3,2,MONTHLY,HIGH,TAX_SAVING,56.0,HIGH
27,67000.0,42200.0,20200.0,261000,71000.0,4600,2,5,3,RARELY,HIGH,RETIREMENT,73.0,HIGH
34,155000.0,83900.0,52400.0,1485000,166000.0,18700,6,5,5,LUMP_SUM,MEDIUM,WEALTH_CREATION,100.0,HIGH
32,171000.0,85600.0,32900.0,1629000,424000.0,52500,9,3,3,RARELY,MEDIUM,WEALTH_CREATION,53.0,HIGH
26,47000.0,16800.0,25200.0,873000,82000.0,5000,13,1,4,RARELY,HIGH,TAX_SAVING,39.0,HIGH
46,122000.0,77600.0,41800.0,2794000,461000.0,2600,1,2,3,RARELY,MEDIUM,EMERGENCY_FUND,65.0,HIGH
31,64000.0,29600.0,28100.0,12000,4000.0,6300,10,1,4,LUMP_SUM,LOW,SHORT_TERM_GOAL,68.0,MEDIUM
21,44000.0,27900.0,0.0,1074000,161000.0,18200,4,3,3,RARELY,HIGH,WEALTH_CREATION,52.0,HIGH
29,75000.0,57900.0,0.0,1309000,160000.0,26700,11,1,5,LUMP_SUM,LOW,TAX_SAVING,87.0,HIGH
24,97000.0,63100.0,0.0,2676000,1207000.0,38500,5,2,2,QUARTERLY,LOW,SHORT_TERM_GOAL,59.0,HIGH
54,95000.0,62900.0,23600.0,472000,197000.0,8500,14,1,2,QUARTERLY,LOW,RETIREMENT,55.0,HIGH
35,76000.0,64600.0,0.0,1687000,822000.0,23400,12,3,1,MONTHLY,MEDIUM,TAX_SAVING,51.0,HIGH
21,87000.0,48800.0,11200.0,1214000,515000.0,27000,6,2,1,RARELY,MEDIUM,SHORT_TERM_GOAL,44.0,LOW
46,51000.0,38000.0,0.0,392000,155000.0,21700,4,4,1,LUMP_SUM,MEDIUM,RETIREMENT,57.0,MEDIUM
21,37000.0,31300.0,2700.0,409000,109000.0,3000,10,2,4,MONTHLY,HIGH,SHORT_TERM_GOAL,64.0,MEDIUM
43,72000.0,39300.0,15300.0,339000,143000.0,17400,11,4,5,MONTHLY,LOW,WEALTH_CREATION,100.0,HIGH
61,90000.0,39800.0,25700.0,1060000,286000.0,24500,8,1,2,MONTHLY,MEDIUM,SHORT_TERM_GOAL,60.0,HIGH
53,54000.0,29200.0,23200.0,107000,29000.0,1600,20,3,4,MONTHLY,HIGH,EMERGENCY_FUND,92.0,HIGH
48,37000.0,23700.0,5000.0,139000,6000.0,8300,9,3,1,LUMP_SUM,HIGH,EMERGENCY_FUND,37.0,LOW
34,41000.0,21300.0,19300.0,198000,52000.0,400,22,3,4,RARELY,MEDIUM,RETIREMENT,80.0,HIGH
37,89000.0,70000.0,0.0,963000,263000.0,27200,3,2,2,MONTHLY,MEDIUM,TAX_SAVING,43.0,LOW
52,31000.0,23500.0,4800.0,581000,181000.0,2700,9,4,4,MONTHLY,MEDIUM,RETIREMENT,95.0,HIGH
27,52000.0,43900.0,4000.0,1198000,152000.0,4100,2,1,3,MONTHLY,LOW,SHORT_TERM_GOAL,79.0,HIGH
22,43000.0,14000.0,22900.0,292000,19000.0,6100,6,1,5,MONTHLY,LOW,RETIREMENT,81.0,HIGH
62,87000.0,44200.0,17100.0,1119000,733000.0,25700,4,2,1,MONTHLY,HIGH,SHORT_TERM_GOAL,49.0,MEDIUM
36,23000.0,14800.0,3000.0,430000,29000.0,5200,10,4,2,LUMP_SUM,HIGH,TAX_SAVING,56.0,HIGH
47,72000.0,66200.0,0.0,2432000,734000.0,21700,8,2,2,MONTHLY,LOW,RETIREMENT,62.0,HIGH
51,36000.0,15600.0,7500.0,839000,43000.0,12900,4,3,2,MONTHLY,HIGH,WEALTH_CREATION,75.0,HIGH
31,95000.0,51400.0,30300.0,515000,261000.0,13300,16,1,5,LUMP_SUM,LOW,TAX_SAVING,79.0,HIGH
45,81000.0,47900.0,23700.0,503000,211000.0,9400,15,5,3,QUARTERLY,MEDIUM,WEALTH_CREATION,93.0,HIGH
62,58000.0,36400.0,0.0,1344000,57000.0,25300,1,1,4,LUMP_SUM,HIGH,WEALTH_CREATION,43.0,MEDIUM
23,170000.0,101300.0,25800.0,422000,221000.0,42900,6,1,5,MONTHLY,LOW,EMERGENCY_FUND,77.0,MEDIUM
27,234000.0,132700.0,50000.0,1129000,210000.0,51300,7,3,3,RARELY,HIGH,TAX_SAVING,50.0,MEDIUM
46,85000.0,39000.0,38100.0,631000,195000.0,7900,6,3,4,LUMP_SUM,MEDIUM,WEALTH_CREATION,75.0,HIGH
42,113000.0,65800.0,25600.0,1003000,298000.0,21600,3,1,3,MONTHLY,MEDIUM,WEALTH_CREATION,67.0,MEDIUM
35,151000.0,86000.0,33200.0,867000,193000.0,31800,8,3,5,MONTHLY,LOW,RETIREMENT,88.0,HIGH
31,30000.0,21900.0,6500.0,359000,103000.0,1600,6,1,3,MONTHLY,MEDIUM,RETIREMENT,67.0,HIGH
34,32000.0,16600.0,800.0,661000,143000.0,14600,2,4,2,QUARTERLY,HIGH,TAX_SAVING,49.0,HIGH
40,83000.0,69600.0,7500.0,707000,208000.0,5900,7,1,3,QUARTERLY,MEDIUM,EMERGENCY_FUND,40.0,MEDIUM
27,57000.0,29600.0,9600.0,103000,44000.0,17800,12,1,5,RARELY,LOW,SHORT_TERM_GOAL,77.0,LOW
32,31000.0,22200.0,6700.0,341000,76000.0,2100,12,1,4,MONTHLY,LOW,EMERGENCY_FUND,69.0,HIGH
40,26000.0,14900.0,8800.0,131000,73000.0,2300,8,2,3,MONTHLY,MEDIUM,SHORT_TERM_GOAL,63.0,HIGH
41,76000.0,49000.0,20200.0,341000,95000.0,6800,9,1,2,MONTHLY,HIGH,SHORT_TERM_GOAL,57.0,LOW
37,68000.0,20400.0,31900.0,992000,149000.0,15700,13,1,5,MONTHLY,MEDIUM,SHORT_TERM_GOAL,75.0,HIGH
52,45000.0,29100.0,13200.0,247000,76000.0,2700,3,3,2,MONTHLY,HIGH,RETIREMENT,63.0,HIGH
50,65000.0,35100.0,5700.0,952000,131000.0,24200,17,2,4,MONTHLY,LOW,WEALTH_CREATION,72.0,HIGH
64,30000.0,10500.0,14900.0,131000,27000.0,4600,12,4,3,MONTHLY,MEDIUM,WEALTH_CREATION,94.0,HIGH
31,95000.0,52500.0,3600.0,2237000,936000.0,38900,1,1,3,MONTHLY,MEDIUM,RETIREMENT,55.0,HIGH
22,23000.0,17500.0,4500.0,140000,34000.0,1000,6,3,4,LUMP_SUM,HIGH,WEALTH_CREATION,81.0,HIGH
24,58000.0,23400.0,22000.0,580000,77000.0,12600,1,3,4,LUMP_SUM,MEDIUM,WEALTH_CREATION,81.0,HIGH
34,46000.0,21600.0,14400.0,438000,78000.0,10000,21,2,1,MONTHLY,MEDIUM,WEALTH_CREATION,40.0,HIGH
57,85000.0,54000.0,19700.0,394000,187000.0,11300,4,2,4,MONTHLY,MEDIUM,TAX_SAVING,63.0,MEDIUM
29,64000.0,43400.0,3100.0,2804000,208000.0,17500,11,4,1,MONTHLY,HIGH,RETIREMENT,46.0,HIGH
38,98000.0,50000.0,35900.0,424000,76000.0,12100,17,1,1,MONTHLY,HIGH,WEALTH_CREATION,34.0,HIGH
63,37000.0,18100.0,14800.0,319000,48000.0,4100,18,1,3,MONTHLY,MEDIUM,RETIREMENT,59.0,HIGH
47,103000.0,61400.0,30900.0,700000,33000.0,10700,3,1,4,MONTHLY,LOW,EMERGENCY_FUND,76.0,MEDIUM
26,61000.0,38900.0,14900.0,769000,183000.0,7200,20,4,3,QUARTERLY,LOW,WEALTH_CREATION,91.0,HIGH
26,101000.0,64700.0,5000.0,2262000,501000.0,31300,4,3,1,RARELY,MEDIUM,WEALTH_CREATION,48.0,HIGH
40,51000.0,22900.0,25500.0,921000,517000.0,2600,2,4,3,MONTHLY,LOW,WEALTH_CREATION,88.0,HIGH
61,41000.0,31000.0,4700.0,825000,329000.0,5300,6,2,1,MONTHLY,LOW,SHORT_TERM_GOAL,80.0,HIGH
45,20000.0,7800.0,6200.0,441000,62000.0,6000,11,2,5,MONTHLY,MEDIUM,WEALTH_CREATION,86.0,HIGH
50,132000.0,96000.0,30800.0,2815000,1923000.0,5200,13,3,4,LUMP_SUM,MEDIUM,WEALTH_CREATION,78.0,HIGH
43,132000.0,94800.0,0.0,1155000,419000.0,47500,6,4,3,MONTHLY,LOW,TAX_SAVING,75.0,HIGH
30,37000.0,20300.0,12400.0,261000,17000.0,4300,15,1,1,MONTHLY,MEDIUM,SHORT_TERM_GOAL,42.0,MEDIUM
25,43000.0,25600.0,12200.0,868000,50000.0,5200,10,2,1,LUMP_SUM,LOW,SHORT_TERM_GOAL,51.0,HIGH
22,44000.0,28800.0,9900.0,121000,13000.0,5300,22,2,1,MONTHLY,LOW,EMERGENCY_FUND,64.0,MEDIUM
56,75000.0,50900.0,7700.0,522000,177000.0,16400,2,1,4,MONTHLY,LOW,RETIREMENT,82.0,HIGH
46,38000.0,27200.0,3100.0,744000,148000.0,7700,7,2,4,QUARTERLY,HIGH,RETIREMENT,66.0,HIGH
54,107000.0,70200.0,28500.0,571000,62000.0,8300,10,1,2,MONTHLY,MEDIUM,TAX_SAVING,58.0,MEDIUM
35,43000.0,35400.0,2700.0,99000,33000.0,4900,6,3,3,MONTHLY,LOW,RETIREMENT,78.0,HIGH
55,122000.0,91300.0,2800.0,1090000,340000.0,27900,17,1,4,MONTHLY,LOW,WEALTH_CREATION,91.0,HIGH
58,80000.0,43500.0,24600.0,792000,404000.0,11900,10,2,3,LUMP_SUM,LOW,SHORT_TERM_GOAL,60.0,HIGH
35,79000.0,53600.0,10300.0,1473000,207000.0,15100,16,3,2,QUARTERLY,MEDIUM,EMERGENCY_FUND,73.0,HIGH
48,43000.0,28500.0,9700.0,290000,92000.0,4800,19,5,2,RARELY,MEDIUM,RETIREMENT,86.0,HIGH
36,39000.0,21200.0,13700.0,190000,46000.0,4100,11,3,2,QUARTERLY,MEDIUM,RETIREMENT,77.0,HIGH
34,85000.0,30900.0,39200.0,445000,228000.0,14900,6,2,3,RARELY,HIGH,WEALTH_CREATION,61.0,MEDIUM
43,96000.0,30400.0,33700.0,471000,144000.0,31900,4,3,3,RARELY,HIGH,EMERGENCY_FUND,51.0,LOW
44,72000.0,50800.0,19900.0,1413000,500000.0,1300,7,4,4,MONTHLY,HIGH,TAX_SAVING,90.0,HIGH
26,106000.0,66900.0,0.0,2018000,504000.0,54000,4,4,2,LUMP_SUM,HIGH,RETIREMENT,61.0,MEDIUM
51,132000.0,64000.0,56900.0,715000,219000.0,11100,14,1,1,MONTHLY,MEDIUM,RETIREMENT,50.0,HIGH
58,108000.0,65900.0,5200.0,2240000,1358000.0,36900,6,2,4,MONTHLY,LOW,RETIREMENT,77.0,HIGH
47,79000.0,49600.0,15600.0,1041000,222000.0,13800,9,2,4,MONTHLY,HIGH,WEALTH_CREATION,52.0,HIGH
41,84000.0,63800.0,6500.0,862000,295000.0,13700,4,4,3,RARELY,MEDIUM,WEALTH_CREATION,74.0,HIGH
24,49000.0,45000.0,1100.0,329000,139000.0,2900,6,1,3,RARELY,MEDIUM,RETIREMENT,63.0,HIGH
47,33000.0,14500.0,15300.0,245000,131000.0,3200,19,3,5,MONTHLY,HIGH,SHORT_TERM_GOAL,74.0,HIGH
38,71000.0,47300.0,13300.0,958000,300000.0,10400,6,3,3,RARELY,LOW,EMERGENCY_FUND,70.0,HIGH
50,73000.0,45400.0,15600.0,805000,305000.0,12000,9,4,5,QUARTERLY,HIGH,WEALTH_CREATION,93.0,HIGH
26,84000.0,39100.0,7700.0,1396000,221000.0,37200,2,1,1,QUARTERLY,MEDIUM,EMERGENCY_FUND,60.0,MEDIUM
44,20000.0,13000.0,3800.0,307000,23000.0,3200,18,2,2,MONTHLY,MEDIUM,TAX_SAVING,69.0,HIGH
30,29000.0,16800.0,5800.0,270000,7000.0,6400,8,1,2,QUARTERLY,MEDIUM,EMERGENCY_FUND,45.0,LOW
37,20000.0,14300.0,4000.0,372000,158000.0,1700,5,3,2,QUARTERLY,MEDIUM,WEALTH_CREATION,79.0,HIGH
40,123000.0,56400.0,16700.0,182000,21000.0,49900,14,2,3,LUMP_SUM,HIGH,RETIREMENT,65.0,MEDIUM
39,199000.0,131100.0,25400.0,4351000,1405000.0,42500,3,2,1,MONTHLY,HIGH,RETIREMENT,41.0,HIGH
36,110000.0,58600.0,20700.0,1939000,988000.0,30700,3,1,2,QUARTERLY,HIGH,EMERGENCY_FUND,42.0,LOW
58,79000.0,56000.0,4500.0,706000,237000.0,18500,19,2,3,MONTHLY,LOW,TAX_SAVING,62.0,HIGH
64,119000.0,54600.0,42100.0,2382000,1258000.0,22300,4,2,2,LUMP_SUM,MEDIUM,RETIREMENT,54.0,HIGH
47,28000.0,13900.0,13000.0,75000,30000.0,1100,14,1,5,MONTHLY,LOW,SHORT_TERM_GOAL,90.0,HIGH
51,30000.0,22200.0,4200.0,239000,16000.0,3600,9,2,1,QUARTERLY,HIGH,WEALTH_CREATION,45.0,MEDIUM
52,94000.0,50900.0,8400.0,3013000,714000.0,34700,2,4,3,RARELY,HIGH,TAX_SAVING,77.0,HIGH
28,88000.0,53300.0,29500.0,876000,74000.0,5200,3,4,4,MONTHLY,LOW,EMERGENCY_FUND,84.0,HIGH
43,62000.0,38700.0,15400.0,253000,28000.0,7900,15,2,3,MONTHLY,MEDIUM,SHORT_TERM_GOAL,82.0,MEDIUM
56,53000.0,37500.0,6700.0,557000,131000.0,8800,15,2,1,MONTHLY,LOW,WEALTH_CREATION,61.0,HIGH
38,107000.0,66800.0,13100.0,798000,110000.0,27100,2,2,3,MONTHLY,HIGH,RETIREMENT,57.0,MEDIUM
47,106000.0,84900.0,13000.0,763000,78000.0,8100,3,1,4,RARELY,MEDIUM,WEALTH_CREATION,50.0,MEDIUM
32,39000.0,21400.0,3300.0,290000,107000.0,14300,7,1,3,MONTHLY,MEDIUM,WEALTH_CREATION,49.0,MEDIUM
49,151000.0,55600.0,50500.0,3472000,431000.0,44900,20,2,1,RARELY,LOW,EMERGENCY_FUND,45.0,HIGH
38,36000.0,19900.0,8800.0,655000,8000.0,7300,2,1,4,QUARTERLY,HIGH,SHORT_TERM_GOAL,68.0,MEDIUM
29,38000.0,30500.0,5300.0,1264000,633000.0,2200,1,1,2,LUMP_SUM,HIGH,WEALTH_CREATION,27.0,HIGH
51,86000.0,58300.0,7300.0,1534000,388000.0,20400,15,1,4,MONTHLY,HIGH,WEALTH_CREATION,68.0,HIGH
36,46000.0,32600.0,200.0,329000,56000.0,13200,4,3,4,LUMP_SUM,HIGH,SHORT_TERM_GOAL,85.0,LOW
26,82000.0,66500.0,0.0,4468000,937000.0,26900,1,1,2,MONTHLY,LOW,SHORT_TERM_GOAL,50.0,HIGH
50,28000.0,17200.0,3900.0,248000,34000.0,6900,10,1,5,LUMP_SUM,HIGH,WEALTH_CREATION,63.0,HIGH
25,44000.0,38400.0,0.0,220000,74000.0,6900,2,2,1,MONTHLY,HIGH,EMERGENCY_FUND,50.0,LOW
60,94000.0,38300.0,38000.0,442000,55000.0,17700,15,1,1,MONTHLY,MEDIUM,TAX_SAVING,57.0,HIGH
53,79000.0,46400.0,0.0,1582000,476000.0,38000,21,4,1,MONTHLY,HIGH,RETIREMENT,70.0,HIGH
27,91000.0,26100.0,62100.0,454000,97000.0,2800,4,2,4,MONTHLY,LOW,EMERGENCY_FUND,75.0,HIGH
60,55000.0,33300.0,9900.0,650000,59000.0,11800,18,3,4,QUARTERLY,MEDIUM,EMERGENCY_FUND,86.0,HIGH
54,37000.0,26500.0,0.0,103000,23000.0,15400,18,2,2,MONTHLY,HIGH,SHORT_TERM_GOAL,60.0,LOW
40,113000.0,57400.0,38100.0,451000,158000.0,17500,12,1,1,LUMP_SUM,MEDIUM,WEALTH_CREATION,38.0,MEDIUM
64,21000.0,19300.0,0.0,473000,226000.0,2200,13,5,4,QUARTERLY,MEDIUM,SHORT_TERM_GOAL,75.0,HIGH
27,39000.0,21500.0,13500.0,237000,49000.0,4000,10,1,2,RARELY,LOW,SHORT_TERM_GOAL,65.0,MEDIUM
48,144000.0,80600.0,44100.0,1405000,118000.0,19300,12,4,1,MONTHLY,MEDIUM,WEALTH_CREATION,68.0,HIGH
61,57000.0,26600.0,27600.0,72000,26000.0,2800,9,3,3,QUARTERLY,MEDIUM,RETIREMENT,84.0,HIGH
32,102000.0,80100.0,4500.0,1898000,423000.0,17400,1,1,1,RARELY,LOW,EMERGENCY_FUND,61.0,LOW
21,44000.0,24600.0,13700.0,98000,36000.0,5700,15,2,2,QUARTERLY,MEDIUM,RETIREMENT,60.0,HIGH
65,48000.0,24900.0,18300.0,968000,200000.0,4800,15,3,4,RARELY,HIGH,RETIREMENT,61.0,HIGH
44,91000.0,48100.0,41300.0,1142000,161000.0,1600,15,3,3,LUMP_SUM,HIGH,RETIREMENT,49.0,HIGH
40,30000.0,15800.0,10400.0,375000,93000.0,3800,1,3,5,MONTHLY,MEDIUM,SHORT_TERM_GOAL,98.0,HIGH
53,33000.0,21600.0,9500.0,235000,17000.0,1900,5,3,1,LUMP_SUM,HIGH,SHORT_TERM_GOAL,69.0,LOW
45,29000.0,22200.0,4700.0,292000,40000.0,2100,18,2,2,LUMP_SUM,HIGH,WEALTH_CREATION,39.0,HIGH
24,49000.0,30000.0,16400.0,189000,4000.0,2600,3,2,4,QUARTERLY,MEDIUM,TAX_SAVING,64.0,HIGH
60,93000.0,53000.0,10200.0,398000,125000.0,29800,8,4,5,LUMP_SUM,LOW,SHORT_TERM_GOAL,99.0,MEDIUM
52,99000.0,60100.0,30400.0,739000,127000.0,8500,3,3,1,RARELY,MEDIUM,WEALTH_CREATION,65.0,MEDIUM
44,28000.0,21500.0,2300.0,694000,125000.0,4200,2,4,3,MONTHLY,MEDIUM,RETIREMENT,86.0,HIGH
52,26000.0,16800.0,6600.0,730000,63000.0,2600,9,2,3,LUMP_SUM,HIGH,SHORT_TERM_GOAL,62.0,HIGH
33,43000.0,37600.0,0.0,1848000,862000.0,17300,9,3,5,MONTHLY,HIGH,RETIREMENT,91.0,HIGH
44,91000.0,83700.0,0.0,2856000,1105000.0,29400,1,2,1,LUMP_SUM,HIGH,WEALTH_CREATION,57.0,HIGH
30,78000.0,29300.0,29100.0,77000,23000.0,19600,10,3,3,MONTHLY,MEDIUM,RETIREMENT,75.0,HIGH
28,72000.0,49700.0,17600.0,615000,222000.0,4700,4,2,4,LUMP_SUM,MEDIUM,TAX_SAVING,85.0,HIGH
31,69000.0,55600.0,0.0,1660000,715000.0,15100,7,2,1,MONTHLY,MEDIUM,WEALTH_CREATION,50.0,HIGH
55,124000.0,94700.0,4300.0,2467000,903000.0,25000,18,2,3,MONTHLY,LOW,WEALTH_CREATION,67.0,HIGH
35,39000.0,33500.0,300.0,139000,64000.0,5200,6,3,3,RARELY,MEDIUM,SHORT_TERM_GOAL,74.0,LOW
65,80000.0,60600.0,3100.0,1692000,383000.0,16300,18,1,1,MONTHLY,MEDIUM,EMERGENCY_FUND,40.0,HIGH
57,81000.0,49400.0,20900.0,440000,290000.0,10700,4,1,1,LUMP_SUM,LOW,EMERGENCY_FUND,54.0,LOW
55,104000.0,61500.0,31300.0,464000,205000.0,11200,7,4,1,QUARTERLY,MEDIUM,EMERGENCY_FUND,74.0,MEDIUM
35,42000.0,21000.0,9200.0,1249000,104000.0,11800,1,1,4,LUMP_SUM,LOW,RETIREMENT,65.0,HIGH
55,152000.0,90600.0,39200.0,375000,65000.0,22200,20,1,2,LUMP_SUM,LOW,WEALTH_CREATION,46.0,HIGH
48,54000.0,19900.0,10200.0,1171000,195000.0,23900,9,3,3,MONTHLY,MEDIUM,WEALTH_CREATION,74.0,HIGH
29,134000.0,84500.0,0.0,3369000,858000.0,51000,7,3,4,MONTHLY,HIGH,TAX_SAVING,65.0,HIGH
51,52000.0,32800.0,6400.0,1180000,253000.0,12800,10,3,3,MONTHLY,LOW,WEALTH_CREATION,71.0,HIGH
52,30000.0,18300.0,6800.0,86000,49000.0,4900,22,3,3,RARELY,MEDIUM,EMERGENCY_FUND,65.0,MEDIUM
39,42000.0,32800.0,4400.0,1404000,186000.0,4800,10,3,2,MONTHLY,MEDIUM,WEALTH_CREATION,67.0,HIGH
35,87000.0,36700.0,29300.0,487000,80000.0,21000,3,1,1,MONTHLY,LOW,EMERGENCY_FUND,56.0,LOW
54,51000.0,25100.0,14100.0,313000,49000.0,11800,9,4,3,MONTHLY,MEDIUM,WEALTH_CREATION,87.0,HIGH
30,82000.0,58000.0,14200.0,1095000,602000.0,9800,7,1,4,RARELY,LOW,WEALTH_CREATION,59.0,HIGH
60,125000.0,115000.0,0.0,1935000,119000.0,28600,15,4,5,RARELY,MEDIUM,WEALTH_CREATION,71.0,HIGH
25,160000.0,99700.0,34700.0,1760000,265000.0,25600,11,1,3,MONTHLY,LOW,WEALTH_CREATION,68.0,HIGH
53,48000.0,32400.0,8500.0,164000,8000.0,7100,7,1,2,RARELY,MEDIUM,EMERGENCY_FUND,42.0,LOW
25,83000.0,55500.0,16700.0,145000,6000.0,10800,16,3,1,LUMP_SUM,LOW,WEALTH_CREATION,53.0,HIGH
37,109000.0,70000.0,10900.0,4182000,2228000.0,28100,9,2,1,MONTHLY,LOW,RETIREMENT,65.0,HIGH
59,97000.0,56400.0,37800.0,556000,148000.0,2800,10,1,1,MONTHLY,HIGH,WEALTH_CREATION,31.0,HIGH
52,53000.0,27100.0,9300.0,281000,142000.0,16600,22,3,2,RARELY,MEDIUM,SHORT_TERM_GOAL,41.0,MEDIUM
42,43000.0,18600.0,18200.0,627000,28000.0,6200,2,1,5,QUARTERLY,LOW,TAX_SAVING,85.0,HIGH
28,48000.0,35200.0,7000.0,78000,38000.0,5800,8,1,2,RARELY,HIGH,TAX_SAVING,23.0,LOW
22,49000.0,25900.0,18200.0,683000,164000.0,4900,12,1,1,MONTHLY,HIGH,EMERGENCY_FUND,42.0,MEDIUM
28,144000.0,83600.0,44300.0,788000,134000.0,16100,4,2,2,MONTHLY,MEDIUM,WEALTH_CREATION,61.0,HIGH
39,189000.0,106600.0,0.0,4535000,307000.0,103900,2,2,2,RARELY,HIGH,SHORT_TERM_GOAL,36.0,LOW
29,90000.0,33100.0,55300.0,337000,87000.0,1600,8,2,1,MONTHLY,MEDIUM,EMERGENCY_FUND,61.0,MEDIUM
60,62000.0,24000.0,30500.0,206000,67000.0,7500,15,2,1,LUMP_SUM,LOW,RETIREMENT,62.0,HIGH
32,89000.0,78500.0,0.0,404000,95000.0,29000,1,1,3,MONTHLY,LOW,SHORT_TERM_GOAL,87.0,LOW
46,159000.0,110800.0,13500.0,2504000,313000.0,34700,2,2,2,MONTHLY,MEDIUM,WEALTH_CREATION,67.0,HIGH
59,78000.0,64800.0,0.0,1612000,297000.0,15400,7,1,3,MONTHLY,HIGH,EMERGENCY_FUND,72.0,HIGH
23,49000.0,44600.0,0.0,777000,218000.0,13500,20,2,1,MONTHLY,HIGH,RETIREMENT,35.0,HIGH
27,123000.0,76800.0,20100.0,742000,24000.0,26100,9,3,3,MONTHLY,LOW,SHORT_TERM_GOAL,87.0,HIGH
63,108000.0,90400.0,0.0,3627000,127000.0,23500,12,3,5,RARELY,MEDIUM,EMERGENCY_FUND,75.0,HIGH
39,97000.0,62700.0,0.0,2498000,957000.0,37600,10,1,2,RARELY,HIGH,WEALTH_CREATION,32.0,HIGH
57,232000.0,135700.0,18400.0,5912000,1193000.0,77900,10,1,5,MONTHLY,HIGH,SHORT_TERM_GOAL,66.0,HIGH
42,143000.0,78700.0,13500.0,774000,472000.0,50800,2,2,2,MONTHLY,MEDIUM,WEALTH_CREATION,59.0,MEDIUM
30,114000.0,83300.0,17000.0,4784000,1766000.0,13700,12,1,4,MONTHLY,MEDIUM,WEALTH_CREATION,67.0,HIGH
54,76000.0,33500.0,700.0,1816000,303000.0,41800,15,1,4,MONTHLY,MEDIUM,WEALTH_CREATION,77.0,HIGH
65,51000.0,42700.0,0.0,1023000,17000.0,17400,2,3,2,QUARTERLY,MEDIUM,WEALTH_CREATION,64.0,HIGH
21,70000.0,37900.0,29800.0,323000,138000.0,2300,18,1,3,RARELY,MEDIUM,EMERGENCY_FUND,54.0,HIGH
46,46000.0,29700.0,0.0,878000,123000.0,23800,20,3,2,QUARTERLY,MEDIUM,RETIREMENT,54.0,HIGH
57,34000.0,24400.0,4100.0,148000,22000.0,5500,5,2,3,MONTHLY,LOW,TAX_SAVING,61.0,MEDIUM
57,65000.0,33300.0,26900.0,469000,8000.0,4800,14,1,5,QUARTERLY,LOW,TAX_SAVING,84.0,HIGH
36,75000.0,23800.0,25400.0,1633000,289000.0,25800,1,1,4,MONTHLY,HIGH,RETIREMENT,73.0,HIGH
42,72000.0,32600.0,10200.0,319000,137000.0,29200,4,3,1,MONTHLY,HIGH,WEALTH_CREATION,58.0,LOW
62,84000.0,44400.0,33400.0,683000,121000.0,6200,11,1,4,MONTHLY,HIGH,WEALTH_CREATION,43.0,HIGH
34,102000.0,58800.0,14100.0,4667000,1642000.0,29100,3,1,5,MONTHLY,HIGH,TAX_SAVING,60.0,HIGH
22,114000.0,79800.0,400.0,1199000,40000.0,33800,13,1,5,RARELY,LOW,RETIREMENT,69.0,HIGH
27,115000.0,63800.0,15800.0,505000,245000.0,35400,7,1,1,RARELY,MEDIUM,WEALTH_CREATION,30.0,LOW
39,48000.0,39700.0,0.0,570000,140000.0,10100,12,1,1,QUARTERLY,HIGH,WEALTH_CREATION,50.0,MEDIUM
25,48000.0,22100.0,9300.0,405000,12000.0,16600,15,1,1,MONTHLY,MEDIUM,WEALTH_CREATION,54.0,HIGH
52,181000.0,111600.0,37800.0,1735000,287000.0,31600,10,2,1,MONTHLY,HIGH,SHORT_TERM_GOAL,36.0,LOW
35,61000.0,44100.0,0.0,1369000,168000.0,17600,20,3,4,MONTHLY,LOW,WEALTH_CREATION,82.0,HIGH
44,54000.0,42200.0,8600.0,669000,143000.0,3200,10,3,2,QUARTERLY,LOW,TAX_SAVING,69.0,HIGH
29,44000.0,37300.0,0.0,735000,284000.0,23100,4,5,1,MONTHLY,LOW,RETIREMENT,82.0,HIGH
29,77000.0,41400.0,8500.0,2217000,808000.0,27100,5,2,2,LUMP_SUM,LOW,WEALTH_CREATION,53.0,HIGH
45,74000.0,47000.0,17100.0,1092000,210000.0,9900,9,4,2,RARELY,MEDIUM,SHORT_TERM_GOAL,60.0,HIGH
33,167000.0,45000.0,88500.0,633000,17000.0,33500,8,2,3,MONTHLY,HIGH,EMERGENCY_FUND,58.0,LOW
21,108000.0,73700.0,32100.0,1906000,340000.0,2200,7,1,5,LUMP_SUM,LOW,EMERGENCY_FUND,68.0,HIGH
44,81000.0,30500.0,45700.0,927000,215000.0,4800,17,1,5,MONTHLY,HIGH,EMERGENCY_FUND,73.0,HIGH
33,51000.0,15200.0,25700.0,356000,133000.0,10100,5,2,4,QUARTERLY,MEDIUM,EMERGENCY_FUND,74.0,HIGH
34,20000.0,14000.0,1900.0,444000,43000.0,4100,7,1,2,MONTHLY,MEDIUM,RETIREMENT,58.0,HIGH
35,59000.0,35300.0,14900.0,1223000,234000.0,8800,4,4,2,MONTHLY,HIGH,EMERGENCY_FUND,60.0,HIGH
49,63000.0,20500.0,38200.0,534000,278000.0,4300,10,1,2,MONTHLY,HIGH,WEALTH_CREATION,37.0,HIGH
47,36000.0,25400.0,3700.0,384000,86000.0,6900,20,3,3,RARELY,LOW,WEALTH_CREATION,64.0,HIGH
58,71000.0,46600.0,0.0,1010000,51000.0,30600,15,2,2,MONTHLY,HIGH,SHORT_TERM_GOAL,56.0,MEDIUM
28,46000.0,14300.0,24700.0,1147000,201000.0,7000,1,5,2,RARELY,MEDIUM,TAX_SAVING,71.0,HIGH
48,51000.0,25800.0,19200.0,975000,398000.0,6000,6,3,5,MONTHLY,HIGH,RETIREMENT,73.0,HIGH
46,83000.0,44100.0,20500.0,870000,324000.0,18400,1,2,5,RARELY,LOW,WEALTH_CREATION,82.0,HIGH
30,107000.0,97500.0,1600.0,295000,46000.0,7900,16,4,1,MONTHLY,LOW,WEALTH_CREATION,74.0,HIGH
26,69000.0,48900.0,11700.0,1138000,128000.0,8400,1,3,1,MONTHLY,LOW,RETIREMENT,73.0,HIGH
31,274000.0,183900.0,0.0,2872000,927000.0,104900,8,4,2,RARELY,HIGH,WEALTH_CREATION,67.0,MEDIUM
63,136000.0,122900.0,0.0,1492000,1069000.0,17600,5,3,3,RARELY,HIGH,SHORT_TERM_GOAL,70.0,MEDIUM
41,119000.0,86900.0,12200.0,996000,613000.0,19900,1,2,4,MONTHLY,HIGH,RETIREMENT,70.0,HIGH
37,113000.0,69000.0,23200.0,265000,21000.0,20800,15,4,5,MONTHLY,MEDIUM,TAX_SAVING,89.0,HIGH
33,129000.0,93900.0,13800.0,956000,78000.0,21300,20,4,2,MONTHLY,MEDIUM,WEALTH_CREATION,70.0,HIGH
52,92000.0,70900.0,0.0,268000,97000.0,36800,4,3,4,QUARTERLY,MEDIUM,RETIREMENT,77.0,LOW
56,20000.0,17200.0,0.0,337000,116000.0,4800,11,1,3,MONTHLY,HIGH,WEALTH_CREATION,45.0,HIGH
38,112000.0,65100.0,0.0,702000,235000.0,48300,16,1,2,RARELY,LOW,WEALTH_CREATION,52.0,MEDIUM
57,88000.0,49700.0,16300.0,1377000,258000.0,22000,10,2,1,MONTHLY,MEDIUM,SHORT_TERM_GOAL,43.0,HIGH
54,71000.0,57100.0,1700.0,571000,180000.0,12200,13,1,5,MONTHLY,HIGH,SHORT_TERM_GOAL,78.0,HIGH
44,68000.0,42800.0,0.0,245000,113000.0,32900,11,1,2,QUARTERLY,HIGH,RETIREMENT,33.0,LOW
50,43000.0,14700.0,13400.0,70000,26000.0,14900,2,3,1,QUARTERLY,MEDIUM,EMERGENCY_FUND,63.0,LOW
27,41000.0,23800.0,900.0,687000,116000.0,16300,1,3,2,RARELY,HIGH,RETIREMENT,48.0,LOW
44,107000.0,78100.0,26600.0,2279000,1129000.0,2300,4,3,1,RARELY,MEDIUM,WEALTH_CREATION,53.0,HIGH
48,26000.0,18300.0,2800.0,146000,33000.0,4900,15,2,2,MONTHLY,MEDIUM,TAX_SAVING,71.0,MEDIUM
59,109000.0,79900.0,0.0,3415000,1066000.0,31900,4,4,4,QUARTERLY,MEDIUM,WEALTH_CREATION,96.0,HIGH
43,42000.0,27300.0,8700.0,512000,45000.0,6000,10,2,3,MONTHLY,MEDIUM,EMERGENCY_FUND,66.0,MEDIUM
50,45000.0,25700.0,5200.0,346000,8000.0,14100,17,2,2,MONTHLY,MEDIUM,RETIREMENT,53.0,HIGH
26,316000.0,247600.0,0.0,6311000,1839000.0,70500,5,1,2,MONTHLY,MEDIUM,WEALTH_CREATION,51.0,HIGH
63,37000.0,26800.0,0.0,398000,13000.0,10800,12,3,3,MONTHLY,LOW,EMERGENCY_FUND,54.0,MEDIUM
26,28000.0,13000.0,12600.0,90000,6000.0,2400,12,2,4,MONTHLY,HIGH,SHORT_TERM_GOAL,69.0,MEDIUM
60,50000.0,31300.0,13900.0,450000,315000.0,4800,13,2,1,QUARTERLY,HIGH,RETIREMENT,40.0,HIGH
55,43000.0,25400.0,11100.0,279000,30000.0,6500,1,5,1,QUARTERLY,MEDIUM,WEALTH_CREATION,76.0,HIGH
40,84000.0,44300.0,24200.0,655000,358000.0,15500,17,3,1,QUARTERLY,MEDIUM,WEALTH_CREATION,57.0,HIGH
27,51000.0,30700.0,16600.0,1726000,632000.0,3700,2,5,2,MONTHLY,MEDIUM,WEALTH_CREATION,87.0,HIGH
30,108000.0,86400.0,19400.0,3672000,1151000.0,2200,3,1,4,QUARTERLY,HIGH,WEALTH_CREATION,61.0,HIGH
44,117000.0,78200.0,7300.0,1573000,990000.0,31500,11,3,1,LUMP_SUM,HIGH,RETIREMENT,67.0,HIGH
28,20000.0,9700.0,7500.0,219000,109000.0,2800,7,2,5,MONTHLY,MEDIUM,TAX_SAVING,77.0,HIGH
33,64000.0,43200.0,14500.0,827000,162000.0,6300,16,2,3,MONTHLY,LOW,RETIREMENT,62.0,HIGH
21,50000.0,25800.0,21500.0,247000,10000.0,2700,4,1,5,QUARTERLY,MEDIUM,WEALTH_CREATION,68.0,HIGH
46,68000.0,50400.0,12200.0,1690000,313000.0,5400,14,2,2,MONTHLY,LOW,TAX_SAVING,74.0,HIGH
21,49000.0,34000.0,6200.0,960000,334000.0,8800,6,4,1,MONTHLY,LOW,TAX_SAVING,89.0,HIGH
52,279000.0,200600.0,57700.0,3503000,511000.0,20700,18,2,3,RARELY,HIGH,SHORT_TERM_GOAL,37.0,MEDIUM
62,78000.0,44900.0,9100.0,1658000,381000.0,24000,15,2,2,LUMP_SUM,MEDIUM,EMERGENCY_FUND,79.0,HIGH
28,93000.0,60200.0,7100.0,367000,62000.0,25700,15,1,5,MONTHLY,MEDIUM,WEALTH_CREATION,75.0,HIGH
48,195000.0,94500.0,20200.0,2934000,990000.0,80300,15,3,1,QUARTERLY,HIGH,WEALTH_CREATION,51.0,HIGH
24,43000.0,30300.0,6800.0,406000,77000.0,5900,9,3,3,MONTHLY,MEDIUM,TAX_SAVING,68.0,HIGH
25,46000.0,21500.0,23600.0,1087000,397000.0,900,10,2,1,MONTHLY,MEDIUM,WEALTH_CREATION,57.0,HIGH
55,74000.0,52700.0,6400.0,1241000,372000.0,14900,12,2,2,MONTHLY,LOW,RETIREMENT,65.0,HIGH
43,147000.0,56900.0,54300.0,2055000,525000.0,35800,14,5,3,RARELY,HIGH,TAX_SAVING,74.0,HIGH
45,117000.0,75600.0,26800.0,1300000,571000.0,14600,7,4,1,MONTHLY,MEDIUM,SHORT_TERM_GOAL,66.0,HIGH
23,51000.0,32700.0,10600.0,322000,86000.0,7700,7,1,5,MONTHLY,LOW,EMERGENCY_FUND,86.0,MEDIUM
64,35000.0,18600.0,6000.0,954000,20000.0,10400,8,2,1,LUMP_SUM,MEDIUM,WEALTH_CREATION,48.0,HIGH
29,57000.0,30400.0,18800.0,306000,173000.0,7800,12,1,2,RARELY,MEDIUM,TAX_SAVING,32.0,HIGH
61,161000.0,95900.0,17500.0,2075000,244000.0,47600,10,1,4,RARELY,LOW,RETIREMENT,69.0,HIGH
59,61000.0,17500.0,27900.0,158000,55000.0,15600,6,1,4,MONTHLY,HIGH,TAX_SAVING,51.0,HIGH
47,62000.0,43700.0,800.0,744000,154000.0,17500,3,3,1,MONTHLY,HIGH,EMERGENCY_FUND,43.0,LOW
38,46000.0,33400.0,3300.0,561000,286000.0,9300,18,2,4,MONTHLY,LOW,WEALTH_CREATION,64.0,HIGH
50,20000.0,9200.0,0.0,252000,15000.0,11000,18,1,3,MONTHLY,HIGH,TAX_SAVING,54.0,MEDIUM
42,35000.0,20100.0,12600.0,230000,48000.0,2300,3,3,3,LUMP_SUM,HIGH,WEALTH_CREATION,62.0,HIGH
58,46000.0,27400.0,12400.0,287000,53000.0,6200,5,2,1,RARELY,MEDIUM,SHORT_TERM_GOAL,33.0,MEDIUM
34,84000.0,34200.0,35800.0,1626000,576000.0,14000,9,3,1,QUARTERLY,MEDIUM,EMERGENCY_FUND,54.0,HIGH
45,91000.0,59200.0,2600.0,612000,112000.0,29200,23,1,3,RARELY,HIGH,RETIREMENT,27.0,LOW
37,58000.0,43400.0,3500.0,1466000,369000.0,11100,9,4,2,MONTHLY,MEDIUM,WEALTH_CREATION,76.0,HIGH
46,28000.0,17600.0,0.0,390000,136000.0,12600,3,2,1,MONTHLY,MEDIUM,RETIREMENT,43.0,MEDIUM
45,56000.0,37400.0,7900.0,482000,223000.0,10700,4,1,4,MONTHLY,MEDIUM,WEALTH_CREATION,68.0,HIGH
36,23000.0,15800.0,6800.0,230000,19000.0,400,7,2,4,QUARTERLY,MEDIUM,SHORT_TERM_GOAL,70.0,MEDIUM
21,81000.0,47400.0,27800.0,1171000,40000.0,5800,21,1,3,RARELY,LOW,RETIREMENT,51.0,HIGH
45,20000.0,11800.0,2200.0,601000,249000.0,6000,3,1,4,QUARTERLY,MEDIUM,EMERGENCY_FUND,62.0,HIGH
44,43000.0,26900.0,7600.0,555000,250000.0,8500,4,1,3,LUMP_SUM,LOW,SHORT_TERM_GOAL,52.0,HIGH
46,61000.0,36100.0,22300.0,616000,65000.0,2600,7,1,4,MONTHLY,HIGH,TAX_SAVING,61.0,HIGH
43,110000.0,61900.0,14600.0,2138000,1132000.0,33500,13,4,3,QUARTERLY,MEDIUM,WEALTH_CREATION,97.0,HIGH
28,60000.0,32300.0,7200.0,1483000,70000.0,20500,1,1,5,MONTHLY,HIGH,SHORT_TERM_GOAL,52.0,HIGH
65,67000.0,51100.0,0.0,2763000,816000.0,25300,22,1,3,RARELY,MEDIUM,TAX_SAVING,56.0,HIGH
28,38000.0,28500.0,0.0,1011000,212000.0,10400,16,1,5,MONTHLY,LOW,WEALTH_CREATION,90.0,HIGH
33,69000.0,43600.0,19900.0,1371000,632000.0,5500,9,1,4,MONTHLY,LOW,WEALTH_CREATION,56.0,HIGH
43,37000.0,25500.0,1400.0,156000,29000.0,10100,14,4,3,MONTHLY,MEDIUM,WEALTH_CREATION,58.0,HIGH
57,40000.0,31600.0,6700.0,216000,29000.0,1700,4,4,3,MONTHLY,MEDIUM,RETIREMENT,84.0,HIGH
62,54000.0,34900.0,18500.0,1136000,47000.0,600,4,2,2,MONTHLY,MEDIUM,SHORT_TERM_GOAL,58.0,HIGH
55,115000.0,60600.0,19100.0,1716000,1335000.0,35300,10,2,4,RARELY,LOW,WEALTH_CREATION,73.0,HIGH
64,58000.0,32900.0,17700.0,853000,64000.0,7400,18,1,2,RARELY,MEDIUM,WEALTH_CREATION,52.0,HIGH
39,57000.0,30100.0,15500.0,73000,10000.0,11400,11,5,3,MONTHLY,MEDIUM,RETIREMENT,83.0,HIGH
53,35000.0,22200.0,2800.0,397000,66000.0,10000,7,3,1,LUMP_SUM,MEDIUM,WEALTH_CREATION,53.0,MEDIUM
21,121000.0,97000.0,21900.0,1589000,949000.0,2100,12,2,2,RARELY,LOW,WEALTH_CREATION,55.0,HIGH
59,35000.0,30400.0,2400.0,557000,366000.0,2200,20,5,4,MONTHLY,HIGH,WEALTH_CREATION,93.0,HIGH
28,70000.0,31600.0,29800.0,871000,224000.0,8600,7,2,1,MONTHLY,MEDIUM,RETIREMENT,62.0,HIGH
53,130000.0,50000.0,70900.0,1903000,840000.0,9100,14,3,1,MONTHLY,MEDIUM,EMERGENCY_FUND,59.0,HIGH
33,63000.0,44500.0,16100.0,1001000,169000.0,2400,3,3,3,MONTHLY,MEDIUM,RETIREMENT,93.0,HIGH
60,124000.0,67800.0,0.0,1348000,401000.0,68200,1,2,4,MONTHLY,HIGH,WEALTH_CREATION,73.0,MEDIUM
37,102000.0,67100.0,0.0,1306000,112000.0,56100,1,2,3,RARELY,LOW,EMERGENCY_FUND,57.0,LOW
62,193000.0,148000.0,0.0,3432000,1791000.0,48900,5,1,5,RARELY,HIGH,WEALTH_CREATION,51.0,HIGH
54,120000.0,99800.0,7300.0,930000,210000.0,12900,2,1,2,LUMP_SUM,HIGH,TAX_SAVING,35.0,LOW
22,46000.0,28900.0,13800.0,645000,100000.0,3300,20,3,3,MONTHLY,HIGH,WEALTH_CREATION,55.0,HIGH
63,138000.0,108100.0,15000.0,831000,202000.0,14900,5,4,1,QUARTERLY,HIGH,RETIREMENT,65.0,MEDIUM
36,38000.0,26800.0,9200.0,242000,17000.0,2000,1,1,2,LUMP_SUM,LOW,WEALTH_CREATION,70.0,HIGH
49,83000.0,44500.0,13800.0,2397000,971000.0,24700,6,1,4,LUMP_SUM,MEDIUM,WEALTH_CREATION,46.0,HIGH
36,92000.0,57600.0,4400.0,686000,88000.0,30000,10,3,2,MONTHLY,MEDIUM,WEALTH_CREATION,76.0,HIGH
48,128000.0,87900.0,1900.0,961000,483000.0,38200,3,4,3,MONTHLY,HIGH,RETIREMENT,76.0,HIGH
28,62000.0,40500.0,19700.0,273000,72000.0,1800,7,2,4,MONTHLY,HIGH,EMERGENCY_FUND,71.0,MEDIUM
33,80000.0,49300.0,12200.0,648000,93000.0,18500,3,1,2,LUMP_SUM,MEDIUM,SHORT_TERM_GOAL,57.0,LOW
24,60000.0,40000.0,13600.0,295000,213000.0,6400,1,1,2,LUMP_SUM,HIGH,RETIREMENT,30.0,LOW
56,35000.0,22000.0,9900.0,925000,243000.0,3100,14,1,2,QUARTERLY,LOW,SHORT_TERM_GOAL,77.0,HIGH
64,31000.0,16800.0,4900.0,668000,25000.0,9300,7,1,1,MONTHLY,LOW,WEALTH_CREATION,50.0,HIGH
55,61000.0,41500.0,1900.0,1985000,408000.0,17600,9,1,4,MONTHLY,LOW,TAX_SAVING,71.0,HIGH
46,123000.0,36800.0,32200.0,147000,46000.0,54000,18,2,5,MONTHLY,MEDIUM,SHORT_TERM_GOAL,94.0,MEDIUM
60,51000.0,46900.0,0.0,217000,84000.0,8400,19,1,2,RARELY,MEDIUM,WEALTH_CREATION,61.0,MEDIUM
54,44000.0,38700.0,0.0,222000,128000.0,12100,19,4,3,QUARTERLY,LOW,TAX_SAVING,89.0,HIGH
33,31000.0,13800.0,9600.0,234000,65000.0,7600,6,2,3,QUARTERLY,HIGH,WEALTH_CREATION,59.0,MEDIUM
45,40000.0,28900.0,0.0,535000,131000.0,19300,10,4,5,QUARTERLY,MEDIUM,WEALTH_CREATION,84.0,HIGH
54,34000.0,26700.0,6900.0,645000,249000.0,400,3,1,2,MONTHLY,MEDIUM,SHORT_TERM_GOAL,49.0,HIGH
64,39000.0,15900.0,17000.0,223000,168000.0,6100,3,1,3,QUARTERLY,LOW,RETIREMENT,68.0,HIGH
55,101000.0,68700.0,18400.0,1059000,85000.0,13900,4,2,3,RARELY,HIGH,RETIREMENT,69.0,MEDIUM
21,66000.0,51600.0,5100.0,172000,33000.0,9300,12,1,1,MONTHLY,MEDIUM,WEALTH_CREATION,59.0,MEDIUM
32,126000.0,35900.0,50500.0,3068000,766000.0,39600,9,5,3,MONTHLY,MEDIUM,EMERGENCY_FUND,86.0,HIGH
30,23000.0,19500.0,1200.0,343000,92000.0,2300,7,4,1,MONTHLY,MEDIUM,SHORT_TERM_GOAL,70.0,HIGH
34,45000.0,33200.0,9600.0,403000,183000.0,2200,18,4,4,QUARTERLY,MEDIUM,WEALTH_CREATION,83.0,HIGH
38,75000.0,53900.0,15600.0,986000,70000.0,5500,16,5,2,MONTHLY,MEDIUM,SHORT_TERM_GOAL,100.0,HIGH
56,60000.0,36300.0,16100.0,712000,314000.0,7600,21,4,1,MONTHLY,LOW,EMERGENCY_FUND,73.0,HIGH
36,74000.0,39000.0,3100.0,844000,282000.0,31900,15,4,4,MONTHLY,HIGH,TAX_SAVING,72.0,HIGH
65,81000.0,53200.0,5100.0,667000,55000.0,22700,13,5,4,MONTHLY,LOW,SHORT_TERM_GOAL,100.0,HIGH
65,37000.0,31000.0,2100.0,648000,174000.0,3900,4,2,5,MONTHLY,HIGH,RETIREMENT,81.0,HIGH
43,49000.0,23600.0,9000.0,93000,13000.0,16400,20,3,4,MONTHLY,MEDIUM,EMERGENCY_FUND,68.0,HIGH
32,70000.0,64400.0,0.0,544000,256000.0,27300,21,1,5,RARELY,MEDIUM,TAX_SAVING,54.0,HIGH
65,41000.0,22800.0,15600.0,208000,34000.0,2600,3,2,2,LUMP_SUM,LOW,WEALTH_CREATION,63.0,HIGH
37,118000.0,82300.0,21700.0,719000,255000.0,14000,1,1,3,MONTHLY,LOW,WEALTH_CREATION,62.0,MEDIUM
21,30000.0,27600.0,0.0,1140000,464000.0,3400,6,1,2,QUARTERLY,MEDIUM,EMERGENCY_FUND,38.0,HIGH
21,48000.0,11100.0,19400.0,1048000,250000.0,17500,7,3,5,LUMP_SUM,HIGH,EMERGENCY_FUND,85.0,HIGH
47,88000.0,61600.0,23000.0,315000,105000.0,3400,2,1,2,LUMP_SUM,MEDIUM,WEALTH_CREATION,58.0,MEDIUM
60,74000.0,52900.0,11900.0,263000,41000.0,9200,4,4,3,MONTHLY,LOW,WEALTH_CREATION,90.0,HIGH
31,77000.0,42800.0,20000.0,683000,131000.0,14200,6,2,1,LUMP_SUM,MEDIUM,WEALTH_CREATION,49.0,HIGH
34,37000.0,31100.0,3900.0,1846000,361000.0,2000,2,3,1,MONTHLY,MEDIUM,SHORT_TERM_GOAL,44.0,HIGH
45,117000.0,94800.0,0.0,1246000,808000.0,28800,15,5,3,QUARTERLY,MEDIUM,RETIREMENT,67.0,HIGH
47,65000.0,38000.0,18200.0,343000,97000.0,8800,9,1,3,LUMP_SUM,LOW,SHORT_TERM_GOAL,64.0,HIGH
51,41000.0,37700.0,0.0,1228000,320000.0,12700,10,4,4,MONTHLY,MEDIUM,SHORT_TERM_GOAL,86.0,HIGH
62,72000.0,49700.0,10900.0,1785000,75000.0,11400,7,1,1,QUARTERLY,HIGH,WEALTH_CREATION,35.0,HIGH
61,86000.0,51100.0,4600.0,293000,76000.0,30300,20,2,3,QUARTERLY,LOW,WEALTH_CREATION,83.0,HIGH
23,20000.0,6400.0,12000.0,146000,24000.0,1600,14,1,4,MONTHLY,LOW,SHORT_TERM_GOAL,91.0,HIGH
62,92000.0,69200.0,7200.0,214000,27000.0,15600,17,1,2,QUARTERLY,LOW,WEALTH_CREATION,51.0,HIGH
23,29000.0,20400.0,7100.0,42000,1000.0,1500,9,2,1,LUMP_SUM,MEDIUM,WEALTH_CREATION,44.0,MEDIUM
60,65000.0,47900.0,13400.0,309000,109000.0,3700,15,2,3,MONTHLY,MEDIUM,WEALTH_CREATION,67.0,HIGH
52,70000.0,34700.0,20000.0,290000,72000.0,15300,10,2,3,QUARTERLY,MEDIUM,WEALTH_CREATION,66.0,HIGH
28,88000.0,52400.0,10900.0,380000,120000.0,24700,5,2,2,MONTHLY,LOW,SHORT_TERM_GOAL,67.0,MEDIUM
47,41000.0,27200.0,2000.0,823000,180000.0,11800,6,1,2,MONTHLY,HIGH,WEALTH_CREATION,32.0,HIGH
53,69000.0,54300.0,8200.0,444000,66000.0,6500,21,2,1,MONTHLY,HIGH,WEALTH_CREATION,28.0,MEDIUM
50,212000.0,135500.0,25300.0,2229000,453000.0,51200,14,4,3,RARELY,HIGH,WEALTH_CREATION,70.0,HIGH
55,82000.0,40100.0,100.0,261000,16000.0,41800,9,1,1,MONTHLY,MEDIUM,WEALTH_CREATION,38.0,LOW
40,89000.0,54500.0,25300.0,712000,319000.0,9200,5,5,4,MONTHLY,MEDIUM,WEALTH_CREATION,93.0,HIGH
35,73000.0,39800.0,21800.0,1336000,122000.0,11400,6,5,3,MONTHLY,LOW,TAX_SAVING,86.0,HIGH
21,119000.0,98500.0,2100.0,2858000,737000.0,18400,3,2,2,RARELY,HIGH,RETIREMENT,47.0,HIGH
38,130000.0,55700.0,54300.0,947000,72000.0,20000,5,1,2,MONTHLY,MEDIUM,EMERGENCY_FUND,55.0,LOW
44,98000.0,64700.0,5500.0,692000,186000.0,27800,6,2,2,RARELY,MEDIUM,WEALTH_CREATION,50.0,LOW
57,140000.0,95700.0,800.0,1614000,792000.0,43500,11,1,2,MONTHLY,MEDIUM,RETIREMENT,47.0,MEDIUM
48,145000.0,96300.0,35700.0,696000,46000.0,13000,5,2,4,LUMP_SUM,MEDIUM,EMERGENCY_FUND,59.0,LOW
46,45000.0,18500.0,24900.0,115000,64000.0,1600,3,2,5,MONTHLY,HIGH,RETIREMENT,75.0,HIGH
62,100000.0,49200.0,40000.0,818000,131000.0,10800,12,1,5,MONTHLY,MEDIUM,SHORT_TERM_GOAL,71.0,HIGH
35,20000.0,11800.0,5000.0,71000,3000.0,3200,14,2,4,MONTHLY,LOW,WEALTH_CREATION,87.0,HIGH
23,36000.0,23900.0,0.0,208000,73000.0,13100,14,2,5,LUMP_SUM,LOW,RETIREMENT,81.0,HIGH
32,84000.0,24800.0,55200.0,397000,159000.0,4000,14,2,4,RARELY,MEDIUM,WEALTH_CREATION,89.0,HIGH
36,83000.0,47300.0,28700.0,948000,121000.0,7000,2,5,1,MONTHLY,LOW,RETIREMENT,96.0,HIGH
36,32000.0,16900.0,300.0,1373000,456000.0,14800,16,3,5,MONTHLY,LOW,WEALTH_CREATION,92.0,HIGH
46,74000.0,44600.0,21800.0,990000,636000.0,7600,6,4,1,MONTHLY,LOW,TAX_SAVING,77.0,HIGH
33,35000.0,13300.0,10300.0,344000,119000.0,11400,21,4,3,MONTHLY,MEDIUM,SHORT_TERM_GOAL,62.0,HIGH
63,31000.0,23300.0,0.0,1023000,403000.0,14300,5,2,3,LUMP_SUM,MEDIUM,SHORT_TERM_GOAL,52.0,HIGH
24,142000.0,86900.0,12700.0,920000,41000.0,42400,16,2,3,MONTHLY,HIGH,EMERGENCY_FUND,61.0,LOW
23,87000.0,72800.0,0.0,1224000,368000.0,20800,3,4,1,MONTHLY,MEDIUM,WEALTH_CREATION,65.0,HIGH
53,134000.0,98000.0,21300.0,3774000,144000.0,14700,6,3,1,RARELY,HIGH,RETIREMENT,40.0,HIGH
40,88000.0,17600.0,63400.0,72000,27000.0,7000,8,2,4,LUMP_SUM,LOW,WEALTH_CREATION,66.0,HIGH
36,87000.0,54200.0,21700.0,415000,69000.0,11100,13,1,1,RARELY,MEDIUM,WEALTH_CREATION,29.0,MEDIUM
64,84000.0,42200.0,34600.0,512000,41000.0,7200,10,2,4,QUARTERLY,LOW,WEALTH_CREATION,91.0,HIGH
57,39000.0,17500.0,13900.0,1102000,763000.0,7600,25,1,4,MONTHLY,LOW,TAX_SAVING,73.0,HIGH
36,174000.0,123400.0,13800.0,1453000,45000.0,36800,4,2,5,MONTHLY,LOW,EMERGENCY_FUND,99.0,HIGH
65,44000.0,34400.0,3100.0,1114000,370000.0,6500,7,3,2,LUMP_SUM,MEDIUM,EMERGENCY_FUND,64.0,HIGH
35,106000.0,63800.0,11300.0,315000,183000.0,30900,20,1,5,MONTHLY,HIGH,WEALTH_CREATION,69.0,HIGH
44,46000.0,24300.0,13300.0,279000,133000.0,8400,19,1,4,MONTHLY,LOW,EMERGENCY_FUND,69.0,HIGH
44,83000.0,54900.0,22300.0,654000,110000.0,5800,4,3,1,RARELY,MEDIUM,WEALTH_CREATION,40.0,MEDIUM
53,49000.0,29600.0,0.0,764000,91000.0,20700,8,5,1,QUARTERLY,MEDIUM,WEALTH_CREATION,73.0,HIGH
59,120000.0,80500.0,14600.0,1163000,760000.0,24900,3,3,3,MONTHLY,MEDIUM,WEALTH_CREATION,82.0,HIGH
46,121000.0,57600.0,36200.0,475000,63000.0,27200,11,2,1,MONTHLY,LOW,WEALTH_CREATION,57.0,HIGH
42,79000.0,56100.0,9000.0,752000,170000.0,13900,14,1,5,MONTHLY,LOW,WEALTH_CREATION,78.0,HIGH
27,20000.0,13000.0,900.0,314000,168000.0,6100,3,4,3,QUARTERLY,LOW,WEALTH_CREATION,77.0,HIGH
38,83000.0,39800.0,42700.0,1312000,108000.0,500,3,1,4,QUARTERLY,MEDIUM,EMERGENCY_FUND,78.0,HIGH
48,105000.0,58800.0,29100.0,671000,95000.0,17100,10,1,4,RARELY,HIGH,SHORT_TERM_GOAL,35.0,MEDIUM
27,42000.0,34100.0,600.0,181000,88000.0,7300,6,1,3,MONTHLY,LOW,RETIREMENT,42.0,HIGH
53,49000.0,38100.0,0.0,1105000,256000.0,19500,10,1,3,RARELY,HIGH,SHORT_TERM_GOAL,36.0,LOW
25,59000.0,37500.0,8200.0,1406000,518000.0,13300,2,1,5,MONTHLY,HIGH,WEALTH_CREATION,70.0,HIGH
22,55000.0,33800.0,8900.0,530000,54000.0,12300,12,4,1,MONTHLY,MEDIUM,WEALTH_CREATION,83.0,HIGH
35,62000.0,46400.0,1000.0,1082000,337000.0,14600,15,2,5,QUARTERLY,LOW,WEALTH_CREATION,94.0,HIGH
21,43000.0,39500.0,1800.0,1634000,480000.0,1700,16,4,3,QUARTERLY,MEDIUM,EMERGENCY_FUND,84.0,HIGH
64,67000.0,32100.0,23100.0,450000,235000.0,11800,8,1,3,MONTHLY,HIGH,WEALTH_CREATION,50.0,HIGH
35,39000.0,19500.0,8800.0,392000,134000.0,10700,7,3,3,QUARTERLY,HIGH,WEALTH_CREATION,69.0,HIGH
30,27000.0,12000.0,13900.0,154000,51000.0,1100,20,2,4,RARELY,MEDIUM,RETIREMENT,64.0,HIGH
35,189000.0,119500.0,0.0,10972000,1737000.0,69700,7,4,1,QUARTERLY,MEDIUM,EMERGENCY_FUND,57.0,HIGH
44,44000.0,40400.0,0.0,1262000,200000.0,8600,2,3,2,MONTHLY,MEDIUM,TAX_SAVING,72.0,HIGH
48,20000.0,17400.0,0.0,587000,65000.0,8700,4,2,3,MONTHLY,HIGH,WEALTH_CREATION,69.0,HIGH
51,70000.0,58800.0,3400.0,1188000,286000.0,7800,5,2,3,MONTHLY,HIGH,RETIREMENT,52.0,HIGH
28,51000.0,13400.0,32500.0,236000,120000.0,5100,17,1,2,QUARTERLY,MEDIUM,WEALTH_CREATION,45.0,HIGH
42,71000.0,58600.0,0.0,1390000,113000.0,18000,12,1,1,QUARTERLY,MEDIUM,RETIREMENT,33.0,HIGH
40,86000.0,34900.0,47200.0,148000,63000.0,3900,19,3,4,QUARTERLY,HIGH,EMERGENCY_FUND,79.0,HIGH
55,40000.0,17700.0,12500.0,286000,178000.0,9800,2,1,2,MONTHLY,HIGH,EMERGENCY_FUND,32.0,LOW
38,72000.0,39300.0,27100.0,307000,66000.0,5600,14,1,5,QUARTERLY,MEDIUM,TAX_SAVING,64.0,HIGH
47,97000.0,67200.0,20400.0,791000,219000.0,9400,11,1,5,MONTHLY,MEDIUM,TAX_SAVING,68.0,HIGH
34,225000.0,194900.0,11200.0,4445000,750000.0,18900,2,4,4,MONTHLY,MEDIUM,RETIREMENT,100.0,HIGH
44,26000.0,13400.0,7000.0,315000,87000.0,5600,1,5,4,LUMP_SUM,HIGH,WEALTH_CREATION,90.0,HIGH
34,42000.0,34100.0,4100.0,437000,75000.0,3800,15,1,2,QUARTERLY,HIGH,SHORT_TERM_GOAL,26.0,MEDIUM
56,96000.0,51800.0,14700.0,711000,169000.0,29500,1,2,2,MONTHLY,MEDIUM,WEALTH_CREATION,50.0,MEDIUM
48,84000.0,21000.0,32700.0,1188000,229000.0,30300,7,5,4,MONTHLY,LOW,RETIREMENT,100.0,HIGH
23,70000.0,26400.0,29800.0,399000,171000.0,13800,14,2,2,MONTHLY,HIGH,EMERGENCY_FUND,49.0,HIGH
29,43000.0,21900.0,13200.0,196000,43000.0,7900,8,1,3,LUMP_SUM,MEDIUM,SHORT_TERM_GOAL,62.0,LOW
49,71000.0,41100.0,16800.0,307000,31000.0,13100,5,2,2,MONTHLY,MEDIUM,TAX_SAVING,56.0,MEDIUM
40,44000.0,28700.0,8000.0,457000,75000.0,7300,8,1,1,LUMP_SUM,HIGH,WEALTH_CREATION,39.0,LOW
33,45000.0,26400.0,700.0,1558000,159000.0,17900,8,1,2,MONTHLY,LOW,EMERGENCY_FUND,59.0,HIGH
23,20000.0,12600.0,5600.0,476000,62000.0,1800,3,2,3,QUARTERLY,MEDIUM,EMERGENCY_FUND,67.0,HIGH
57,51000.0,10900.0,37200.0,96000,42000.0,2900,1,1,5,RARELY,HIGH,RETIREMENT,48.0,HIGH
24,100000.0,75000.0,12500.0,499000,3000.0,12500,1,2,1,MONTHLY,MEDIUM,WEALTH_CREATION,54.0,MEDIUM
49,232000.0,213400.0,0.0,4507000,1594000.0,127600,17,1,3,RARELY,LOW,SHORT_TERM_GOAL,54.0,HIGH
33,73000.0,24000.0,42300.0,478000,43000.0,6700,7,5,1,LUMP_SUM,LOW,RETIREMENT,91.0,HIGH
47,20000.0,12300.0,4200.0,506000,245000.0,3500,2,2,4,MONTHLY,MEDIUM,WEALTH_CREATION,74.0,HIGH
58,47000.0,33100.0,0.0,1254000,276000.0,25800,7,3,1,MONTHLY,HIGH,WEALTH_CREATION,45.0,HIGH
54,29000.0,21700.0,6500.0,569000,266000.0,800,1,2,2,QUARTERLY,MEDIUM,WEALTH_CREATION,65.0,HIGH
29,183000.0,56200.0,99800.0,549000,373000.0,27000,5,2,3,MONTHLY,LOW,SHORT_TERM_GOAL,78.0,MEDIUM
24,56000.0,23300.0,30400.0,447000,126000.0,2300,12,4,2,LUMP_SUM,MEDIUM,RETIREMENT,71.0,HIGH
50,68000.0,23700.0,27300.0,416000,170000.0,17000,12,1,3,MONTHLY,MEDIUM,WEALTH_CREATION,61.0,HIGH
23,118000.0,94900.0,9900.0,972000,481000.0,13200,11,4,3,MONTHLY,MEDIUM,WEALTH_CREATION,68.0,HIGH
53,94000.0,32800.0,52300.0,1329000,152000.0,8900,16,1,3,RARELY,LOW,RETIREMENT,54.0,HIGH
61,33000.0,28400.0,0.0,445000,189000.0,9100,16,3,4,LUMP_SUM,MEDIUM,WEALTH_CREATION,68.0,HIGH
35,82000.0,59900.0,10100.0,2494000,230000.0,12000,7,2,3,MONTHLY,MEDIUM,TAX_SAVING,69.0,HIGH
43,82000.0,28000.0,19200.0,1578000,188000.0,34800,7,3,1,RARELY,MEDIUM,TAX_SAVING,41.0,MEDIUM
48,126000.0,75400.0,0.0,1300000,659000.0,65700,1,2,5,MONTHLY,MEDIUM,TAX_SAVING,88.0,MEDIUM
37,72000.0,59000.0,10500.0,2165000,838000.0,2500,1,5,2,QUARTERLY,LOW,WEALTH_CREATION,77.0,HIGH
47,144000.0,119700.0,0.0,1820000,713000.0,34000,14,4,3,MONTHLY,LOW,WEALTH_CREATION,78.0,HIGH
53,87000.0,50500.0,31400.0,863000,193000.0,5100,6,1,1,MONTHLY,LOW,RETIREMENT,58.0,HIGH
48,57000.0,52400.0,2600.0,285000,129000.0,2000,3,2,1,MONTHLY,MEDIUM,WEALTH_CREATION,46.0,LOW
61,110000.0,67000.0,19800.0,280000,50000.0,23200,15,2,1,MONTHLY,MEDIUM,WEALTH_CREATION,49.0,MEDIUM
56,46000.0,35600.0,9200.0,710000,69000.0,1200,1,2,4,QUARTERLY,HIGH,RETIREMENT,62.0,HIGH
22,39000.0,10900.0,25700.0,410000,152000.0,2400,3,2,5,MONTHLY,MEDIUM,EMERGENCY_FUND,91.0,HIGH
57,68000.0,33400.0,14600.0,1542000,408000.0,20000,18,1,5,LUMP_SUM,MEDIUM,RETIREMENT,83.0,HIGH
38,100000.0,62400.0,24000.0,1526000,112000.0,13600,21,4,1,MONTHLY,LOW,WEALTH_CREATION,62.0,HIGH
61,44000.0,33100.0,0.0,253000,29000.0,13900,7,2,2,MONTHLY,HIGH,EMERGENCY_FUND,46.0,LOW
65,69000.0,41800.0,22000.0,201000,4000.0,5200,6,4,2,MONTHLY,MEDIUM,SHORT_TERM_GOAL,84.0,MEDIUM
44,45000.0,33400.0,0.0,1413000,362000.0,19200,1,2,2,RARELY,MEDIUM,RETIREMENT,39.0,HIGH
42,74000.0,34600.0,800.0,565000,233000.0,38600,3,2,1,MONTHLY,LOW,EMERGENCY_FUND,62.0,LOW
49,55000.0,38200.0,0.0,334000,57000.0,30200,22,3,1,MONTHLY,MEDIUM,SHORT_TERM_GOAL,67.0,MEDIUM
61,20000.0,17100.0,0.0,137000,45000.0,4600,11,1,4,RARELY,MEDIUM,RETIREMENT,51.0,HIGH
40,84000.0,62400.0,20000.0,1169000,361000.0,1600,4,1,3,LUMP_SUM,MEDIUM,TAX_SAVING,69.0,HIGH
53,65000.0,38200.0,23600.0,318000,38000.0,3200,4,1,4,MONTHLY,MEDIUM,WEALTH_CREATION,61.0,HIGH
50,72000.0,59300.0,0.0,1056000,705000.0,18100,11,4,5,LUMP_SUM,MEDIUM,EMERGENCY_FUND,87.0,HIGH
39,59000.0,28600.0,21100.0,278000,13000.0,9300,9,3,4,RARELY,MEDIUM,WEALTH_CREATION,83.0,HIGH
48,58000.0,44600.0,0.0,461000,98000.0,21500,15,2,3,MONTHLY,MEDIUM,WEALTH_CREATION,54.0,MEDIUM
33,31000.0,19200.0,10600.0,1467000,335000.0,1200,10,2,5,LUMP_SUM,LOW,EMERGENCY_FUND,83.0,HIGH
63,54000.0,22800.0,27700.0,184000,40000.0,3500,2,3,3,MONTHLY,HIGH,TAX_SAVING,67.0,MEDIUM
46,60000.0,43500.0,11200.0,372000,47000.0,5300,13,3,2,MONTHLY,MEDIUM,EMERGENCY_FUND,71.0,HIGH
35,66000.0,41600.0,4500.0,732000,413000.0,19900,12,3,2,LUMP_SUM,HIGH,WEALTH_CREATION,34.0,MEDIUM
65,20000.0,13200.0,1400.0,264000,129000.0,5400,5,2,2,RARELY,LOW,SHORT_TERM_GOAL,76.0,LOW
61,33000.0,18900.0,0.0,460000,3000.0,14300,3,1,3,MONTHLY,MEDIUM,WEALTH_CREATION,60.0,MEDIUM
39,104000.0,61200.0,28200.0,4477000,436000.0,14600,6,1,4,RARELY,LOW,EMERGENCY_FUND,75.0,HIGH
25,129000.0,71000.0,19100.0,644000,41000.0,38900,5,4,1,RARELY,HIGH,WEALTH_CREATION,41.0,LOW
45,78000.0,49600.0,3200.0,746000,149000.0,25200,7,3,2,LUMP_SUM,MEDIUM,WEALTH_CREATION,52.0,HIGH
36,35000.0,29100.0,2800.0,466000,91000.0,3100,9,1,2,MONTHLY,LOW,EMERGENCY_FUND,62.0,HIGH
50,29000.0,8100.0,17500.0,336000,99000.0,3400,2,3,2,QUARTERLY,HIGH,WEALTH_CREATION,58.0,HIGH
53,105000.0,71900.0,13900.0,519000,32000.0,19200,3,2,4,QUARTERLY,HIGH,EMERGENCY_FUND,77.0,LOW
58,155000.0,86500.0,30600.0,766000,45000.0,37900,11,4,2,MONTHLY,MEDIUM,WEALTH_CREATION,78.0,HIGH
25,85000.0,57200.0,16100.0,887000,161000.0,11700,23,2,2,MONTHLY,HIGH,TAX_SAVING,52.0,HIGH
38,147000.0,62700.0,77100.0,564000,161000.0,7200,7,3,2,QUARTERLY,HIGH,WEALTH_CREATION,58.0,HIGH
27,163000.0,121500.0,12700.0,3100000,341000.0,28800,2,1,3,LUMP_SUM,HIGH,WEALTH_CREATION,52.0,MEDIUM
53,87000.0,57600.0,10200.0,826000,267000.0,19200,8,1,2,MONTHLY,LOW,WEALTH_CREATION,52.0,HIGH
62,113000.0,62500.0,43500.0,2201000,778000.0,7000,7,5,5,MONTHLY,HIGH,EMERGENCY_FUND,81.0,HIGH
33,131000.0,77200.0,43200.0,530000,128000.0,10600,19,5,1,MONTHLY,MEDIUM,SHORT_TERM_GOAL,68.0,HIGH
53,61000.0,39900.0,16500.0,1786000,545000.0,4600,1,1,5,LUMP_SUM,MEDIUM,RETIREMENT,56.0,HIGH
52,46000.0,36800.0,6800.0,362000,58000.0,2400,14,2,5,LUMP_SUM,MEDIUM,WEALTH_CREATION,77.0,HIGH
28,61000.0,34700.0,6700.0,719000,104000.0,19600,2,3,2,LUMP_SUM,HIGH,WEALTH_CREATION,49.0,HIGH
22,71000.0,45800.0,8700.0,957000,66000.0,16500,17,1,1,LUMP_SUM,MEDIUM,EMERGENCY_FUND,29.0,MEDIUM
56,51000.0,37400.0,0.0,112000,85000.0,17600,8,1,2,RARELY,MEDIUM,EMERGENCY_FUND,42.0,LOW
26,20000.0,7200.0,6100.0,402000,91000.0,6700,9,3,3,QUARTERLY,MEDIUM,EMERGENCY_FUND,85.0,HIGH
26,75000.0,56600.0,9300.0,1431000,260000.0,9100,14,3,2,RARELY,HIGH,TAX_SAVING,39.0,HIGH
60,149000.0,67600.0,63200.0,2129000,541000.0,18200,24,1,2,MONTHLY,HIGH,RETIREMENT,44.0,HIGH
31,33000.0,24600.0,5000.0,292000,65000.0,3400,25,3,1,MONTHLY,HIGH,EMERGENCY_FUND,43.0,MEDIUM
59,47000.0,25000.0,17300.0,370000,69000.0,4700,12,4,4,LUMP_SUM,HIGH,WEALTH_CREATION,81.0,HIGH
58,143000.0,131500.0,0.0,2884000,1410000.0,30200,2,1,1,MONTHLY,HIGH,RETIREMENT,35.0,HIGH
62,96000.0,60300.0,0.0,2590000,116000.0,44000,11,3,3,LUMP_SUM,LOW,TAX_SAVING,75.0,HIGH
43,44000.0,26400.0,10400.0,477000,90000.0,7200,6,2,2,QUARTERLY,MEDIUM,RETIREMENT,65.0,HIGH
41,30000.0,18000.0,2600.0,477000,136000.0,9400,17,3,1,MONTHLY,LOW,SHORT_TERM_GOAL,76.0,HIGH
21,66000.0,47000.0,5700.0,131000,56000.0,13300,7,1,2,MONTHLY,HIGH,EMERGENCY_FUND,50.0,LOW
41,73000.0,37800.0,7000.0,1135000,92000.0,28200,5,2,3,MONTHLY,MEDIUM,SHORT_TERM_GOAL,70.0,MEDIUM
34,145000.0,126800.0,0.0,1977000,249000.0,28300,6,1,2,LUMP_SUM,MEDIUM,SHORT_TERM_GOAL,45.0,MEDIUM
33,215000.0,146200.0,0.0,2484000,823000.0,105400,9,1,2,RARELY,MEDIUM,WEALTH_CREATION,43.0,LOW
36,20000.0,11100.0,5700.0,254000,177000.0,3200,6,3,4,RARELY,HIGH,TAX_SAVING,57.0,HIGH
58,99000.0,77900.0,0.0,2237000,510000.0,34400,14,2,1,QUARTERLY,LOW,TAX_SAVING,63.0,HIGH
60,115000.0,46600.0,18900.0,1461000,753000.0,49500,3,1,3,LUMP_SUM,LOW,RETIREMENT,62.0,HIGH
34,88000.0,52500.0,25900.0,206000,56000.0,9600,17,2,5,MONTHLY,HIGH,WEALTH_CREATION,85.0,HIGH
56,121000.0,77500.0,24800.0,3294000,1359000.0,18700,18,2,2,QUARTERLY,MEDIUM,WEALTH_CREATION,75.0,HIGH
41,32000.0,24700.0,0.0,103000,24000.0,8700,11,2,2,MONTHLY,MEDIUM,RETIREMENT,72.0,MEDIUM
25,161000.0,78400.0,66900.0,1027000,241000.0,15700,4,2,2,MONTHLY,MEDIUM,SHORT_TERM_GOAL,55.0,MEDIUM
55,75000.0,36200.0,4100.0,315000,2000.0,34700,8,2,2,LUMP_SUM,HIGH,WEALTH_CREATION,43.0,LOW
45,86000.0,60400.0,10200.0,617000,173000.0,15400,2,3,1,MONTHLY,HIGH,RETIREMENT,66.0,MEDIUM
41,122000.0,72200.0,34000.0,1107000,222000.0,15800,3,4,3,LUMP_SUM,LOW,RETIREMENT,99.0,HIGH
65,89000.0,63100.0,20100.0,1197000,572000.0,5800,11,3,4,RARELY,HIGH,EMERGENCY_FUND,66.0,MEDIUM
36,46000.0,30500.0,5100.0,318000,62000.0,10400,1,2,5,MONTHLY,HIGH,RETIREMENT,86.0,MEDIUM
42,60000.0,55200.0,0.0,477000,193000.0,22200,5,2,3,MONTHLY,LOW,TAX_SAVING,76.0,HIGH
28,71000.0,42800.0,21000.0,2496000,1188000.0,7200,13,2,4,RARELY,MEDIUM,WEALTH_CREATION,49.0,HIGH
50,32000.0,26700.0,0.0,482000,79000.0,6200,18,4,3,RARELY,MEDIUM,RETIREMENT,64.0,HIGH
47,36000.0,24900.0,6700.0,344000,68000.0,4400,1,2,4,QUARTERLY,HIGH,EMERGENCY_FUND,63.0,MEDIUM
57,36000.0,14000.0,13500.0,418000,36000.0,8500,3,1,1,MONTHLY,MEDIUM,TAX_SAVING,41.0,HIGH
28,102000.0,64400.0,35600.0,1704000,167000.0,2000,3,1,5,MONTHLY,MEDIUM,EMERGENCY_FUND,72.0,HIGH
43,232000.0,145400.0,74100.0,5898000,704000.0,12500,11,3,4,MONTHLY,HIGH,RETIREMENT,75.0,HIGH
56,135000.0,44700.0,64600.0,1840000,366000.0,25700,12,2,2,RARELY,MEDIUM,WEALTH_CREATION,60.0,HIGH
33,96000.0,67500.0,0.0,451000,73000.0,32200,16,1,5,MONTHLY,MEDIUM,TAX_SAVING,62.0,MEDIUM
65,191000.0,53700.0,86200.0,614000,273000.0,51100,11,4,3,QUARTERLY,MEDIUM,SHORT_TERM_GOAL,80.0,HIGH
51,60000.0,43600.0,0.0,1498000,302000.0,16900,1,3,1,MONTHLY,LOW,WEALTH_CREATION,68.0,HIGH
54,65000.0,47400.0,3000.0,277000,36000.0,14600,4,1,2,MONTHLY,LOW,EMERGENCY_FUND,65.0,LOW
58,26000.0,12900.0,4500.0,126000,16000.0,8600,5,2,2,MONTHLY,MEDIUM,RETIREMENT,57.0,MEDIUM
54,103000.0,51100.0,40200.0,344000,45000.0,11700,4,1,3,MONTHLY,HIGH,SHORT_TERM_GOAL,46.0,LOW
32,70000.0,42300.0,0.0,947000,363000.0,31700,2,2,1,LUMP_SUM,MEDIUM,EMERGENCY_FUND,34.0,LOW
26,39000.0,23500.0,4100.0,274000,192000.0,11400,15,3,4,RARELY,MEDIUM,WEALTH_CREATION,71.0,HIGH
57,33000.0,18400.0,1800.0,469000,82000.0,12800,14,1,5,RARELY,LOW,SHORT_TERM_GOAL,69.0,MEDIUM
53,69000.0,43400.0,0.0,2744000,1171000.0,32700,12,1,3,MONTHLY,MEDIUM,RETIREMENT,62.0,HIGH
26,54000.0,30500.0,12500.0,944000,258000.0,11000,22,1,2,LUMP_SUM,MEDIUM,WEALTH_CREATION,48.0,HIGH
60,60000.0,34000.0,12300.0,659000,33000.0,13700,3,2,4,RARELY,MEDIUM,RETIREMENT,60.0,HIGH
30,86000.0,64300.0,7500.0,178000,97000.0,14200,3,1,4,MONTHLY,LOW,SHORT_TERM_GOAL,88.0,LOW
43,83000.0,66400.0,6800.0,642000,178000.0,9800,18,5,3,RARELY,LOW,WEALTH_CREATION,81.0,HIGH
65,259000.0,143400.0,12300.0,1555000,476000.0,103300,13,2,2,MONTHLY,MEDIUM,SHORT_TERM_GOAL,62.0,LOW
52,124000.0,103200.0,0.0,781000,132000.0,25500,7,3,3,MONTHLY,MEDIUM,SHORT_TERM_GOAL,70.0,HIGH
64,51000.0,35900.0,0.0,3071000,430000.0,25200,9,2,4,QUARTERLY,HIGH,TAX_SAVING,48.0,HIGH
24,110000.0,85400.0,0.0,1971000,293000.0,30500,10,2,4,RARELY,HIGH,TAX_SAVING,42.0,HIGH
49,94000.0,62700.0,15900.0,723000,29000.0,15400,3,4,4,MONTHLY,MEDIUM,RETIREMENT,85.0,HIGH
51,69000.0,50800.0,10800.0,603000,334000.0,7400,8,5,1,RARELY,MEDIUM,EMERGENCY_FUND,60.0,MEDIUM
41,75000.0,43700.0,26800.0,580000,172000.0,4500,6,2,1,LUMP_SUM,HIGH,SHORT_TERM_GOAL,41.0,MEDIUM
60,78000.0,59400.0,15800.0,1484000,983000.0,2800,5,1,2,MONTHLY,HIGH,WEALTH_CREATION,28.0,HIGH
51,111000.0,63400.0,36300.0,765000,270000.0,11300,12,2,3,MONTHLY,MEDIUM,WEALTH_CREATION,60.0,HIGH
55,22000.0,12800.0,0.0,220000,43000.0,9200,19,3,1,QUARTERLY,MEDIUM,RETIREMENT,57.0,MEDIUM
63,62000.0,13800.0,43500.0,205000,89000.0,4700,7,3,3,MONTHLY,MEDIUM,RETIREMENT,76.0,HIGH
36,76000.0,36300.0,18100.0,1357000,569000.0,21600,2,1,4,MONTHLY,HIGH,TAX_SAVING,60.0,HIGH
57,96000.0,51800.0,17800.0,1048000,262000.0,26400,16,2,2,RARELY,LOW,SHORT_TERM_GOAL,61.0,HIGH
64,110000.0,101200.0,0.0,2187000,477000.0,11000,9,1,4,MONTHLY,MEDIUM,EMERGENCY_FUND,71.0,HIGH
56,53000.0,40200.0,0.0,314000,177000.0,27400,3,2,4,MONTHLY,MEDIUM,RETIREMENT,66.0,MEDIUM
40,33000.0,26500.0,0.0,51000,15000.0,11400,2,1,1,MONTHLY,LOW,TAX_SAVING,48.0,LOW
