age,monthly_income,monthly_expenses,monthly_surplus,savings,existing_investments,monthly_emi,investment_horizon,investment_experience,reaction_to_market_loss,investment_frequency,liquidity_preference,investment_goal,risk_questionnaire_score,risk_profile
61,50000,41500,,982000,405000,14300,17,3,1,MONTHLY,MEDIUM,WEALTH_CREATION,70,HIGH
45,109000,59500,15800,1865000,,33700,5,1,2,MONTHLY,MEDIUM,TAX_SAVING,47,HIGH
34,113000,67200,8400,939000,422000,37400,1,4,4,MONTHLY,LOW,SHORT_TERM_GOAL,94,MEDIUM
34,84000,43300,31300,976000,357000,9400,14,2,1,MONTHLY,HIGH,RETIREMENT,,HIGH
21,80000,65500,0,67000,20000,32600,2,3,4,QUARTERLY,,RETIREMENT,77,MEDIUM
54,177000,,0,1675000,58000,40000,9,1,3,RARELY,LOW,RETIREMENT,37,LOW
55,143000,83300,34100,918000,18000,25600,12,1,1,,MEDIUM,RETIREMENT,37,MEDIUM
55,75000,60100,0,1254000,250000,34600,2,2,2,RARELY,LOW,WEALTH_CREATION,48,MEDIUM
38,49000,43000,0,672000,409000,10600,14,1,3,LUMP_SUM,HIGH,TAX_SAVING,54,HIGH
34,,48400,25300,320000,16000,3300,4,1,5,MONTHLY,MEDIUM,TAX_SAVING,63,HIGH
54,52000,28700,17900,2118000,25000,5400,9,2,1,MONTHLY,LOW,,54,HIGH
55,108000,85000,21300,442000,115000,1700,3,3,2,QUARTERLY,HIGH,EMERGENCY_FUND,65,LOW
38,34000,31200,500,167000,113000,2300,9,2,1,MONTHLY,HIGH,SHORT_TERM_GOAL,64,MEDIUM
64,50000,32800,0,318000,138000,19200,1,3,2,RARELY,HIGH,SHORT_TERM_GOAL,52,LOW
65,102000,70600,13300,629000,410000,18100,6,5,3,RARELY,LOW,SHORT_TERM_GOAL,78,HIGH
37,33000,30300,0,527000,327000,9100,20,4,3,LUMP_SUM,LOW,SHORT_TERM_GOAL,72,HIGH
41,58000,42700,7100,1108000,265000,8200,14,1,1,QUARTERLY,MEDIUM,WEALTH_CREATION,49,HIGH
64,26000,9800,10200,404000,67000,6000,16,4,4,MONTHLY,HIGH,TAX_SAVING,71,HIGH
28,53000,20300,24600,728000,242000,8100,14,2,3,MONTHLY,LOW,WEALTH_CREATION,51,HIGH
55,58000,44000,7000,180000,19000,7000,8,5,2,MONTHLY,HIGH,EMERGENCY_FUND,62,LOW
59,137000,81300,39700,3690000,1240000,16000,5,2,2,RARELY,MEDIUM,SHORT_TERM_GOAL,60,HIGH
51,126000,96200,0,2579000,1390000,49500,13,1,4,RARELY,LOW,WEALTH_CREATION,57,HIGH
45,46000,38500,0,916000,199000,9200,5,4,4,MONTHLY,HIGH,TAX_SAVING,89,HIGH
48,34000,13500,15100,269000,111000,5400,4,2,4,QUARTERLY,MEDIUM,WEALTH_CREATION,64,HIGH
52,20000,8800,200,84000,17000,11000,8,3,1,MONTHLY,MEDIUM,WEALTH_CREATION,77,LOW
54,71000,37700,16100,555000,86000,17200,14,2,5,RARELY,MEDIUM,RETIREMENT,66,HIGH
29,78000,65900,0,1088000,48000,14600,6,1,3,MONTHLY,LOW,TAX_SAVING,79,HIGH
28,72000,66200,0,1490000,328000,13500,4,1,2,QUARTERLY,LOW,RETIREMENT,53,HIGH
23,27000,15300,5700,471000,88000,6000,15,1,1,MONTHLY,HIGH,TAX_SAVING,28,HIGH
65,48000,33600,8200,1898000,136000,6200,1,3,4,QUARTERLY,HIGH,WEALTH_CREATION,62,HIGH
38,32000,15800,14000,431000,152000,2200,22,2,3,RARELY,MEDIUM,RETIREMENT,49,HIGH
44,83000,55800,8400,703000,154000,18800,12,1,1,MONTHLY,LOW,EMERGENCY_FUND,69,HIGH
62,123000,71300,37400,3870000,658000,14300,8,4,2,MONTHLY,MEDIUM,SHORT_TERM_GOAL,66,HIGH
55,64000,40000,11000,630000,140000,13000,6,5,4,LUMP_SUM,LOW,SHORT_TERM_GOAL,100,HIGH
42,58000,21600,22100,859000,332000,14300,5,3,4,RARELY,LOW,WEALTH_CREATION,82,HIGH
35,99000,35100,60300,929000,50000,3600,2,2,3,LUMP_SUM,LOW,WEALTH_CREATION,78,HIGH
36,65000,41900,15800,463000,27000,7300,25,4,1,MONTHLY,MEDIUM,WEALTH_CREATION,82,HIGH
63,59000,34600,2200,2931000,572000,22200,4,3,4,LUMP_SUM,LOW,WEALTH_CREATION,83,HIGH
49,33000,28300,0,536000,20000,6400,5,4,4,MONTHLY,LOW,EMERGENCY_FUND,100,HIGH
64,104000,89100,0,2010000,115000,19400,20,1,3,MONTHLY,HIGH,WEALTH_CREATION,39,HIGH
65,136000,83700,28700,1239000,81000,23600,6,2,1,MONTHLY,HIGH,RETIREMENT,40,MEDIUM
59,93000,39400,17900,606000,341000,35700,23,2,4,MONTHLY,HIGH,WEALTH_CREATION,57,HIGH
58,54000,46900,0,930000,492000,11800,17,2,3,RARELY,LOW,RETIREMENT,68,HIGH
52,94000,71500,15900,1965000,626000,6600,14,1,3,RARELY,MEDIUM,SHORT_TERM_GOAL,31,HIGH
47,50000,27900,12200,173000,81000,9900,5,1,2,LUMP_SUM,HIGH,SHORT_TERM_GOAL,42,LOW
59,54000,11100,31600,246000,28000,11300,9,3,3,LUMP_SUM,MEDIUM,TAX_SAVING,63,HIGH
22,23000,13000,9800,76000,3000,200,5,2,4,LUMP_SUM,MEDIUM,WEALTH_CREATION,77,HIGH
60,60000,39000,1500,636000,233000,19500,3,5,1,MONTHLY,HIGH,EMERGENCY_FUND,70,LOW
28,40000,22600,0,2605000,630000,22000,2,1,2,RARELY,MEDIUM,EMERGENCY_FUND,31,HIGH
27,36000,21100,5800,319000,84000,9100,5,3,4,RARELY,LOW,WEALTH_CREATION,82,HIGH
62,82000,34900,25900,578000,102000,21200,14,2,2,MONTHLY,MEDIUM,WEALTH_CREATION,56,HIGH
62,82000,58700,11900,967000,353000,11400,1,1,5,MONTHLY,HIGH,RETIREMENT,69,HIGH
49,77000,58300,0,1067000,411000,42300,21,2,1,MONTHLY,MEDIUM,SHORT_TERM_GOAL,49,MEDIUM
63,51000,42600,2800,1747000,579000,5600,6,2,1,MONTHLY,HIGH,RETIREMENT,46,HIGH
25,26000,10900,7600,367000,27000,7500,18,3,1,MONTHLY,HIGH,SHORT_TERM_GOAL,53,MEDIUM
49,47000,21000,11800,1070000,342000,14200,17,1,3,MONTHLY,HIGH,EMERGENCY_FUND,47,HIGH
26,93000,64600,6400,952000,63000,22000,6,1,5,RARELY,MEDIUM,EMERGENCY_FUND,60,MEDIUM
51,82000,59000,0,1532000,536000,30500,1,2,4,MONTHLY,LOW,SHORT_TERM_GOAL,80,HIGH
53,85000,52500,14700,1139000,898000,17800,1,2,2,LUMP_SUM,MEDIUM,WEALTH_CREATION,56,HIGH
27,174000,148500,1700,1144000,239000,23800,1,3,3,MONTHLY,LOW,WEALTH_CREATION,100,HIGH
53,39000,22400,7400,1029000,324000,9200,6,3,2,MONTHLY,MEDIUM,RETIREMENT,69,HIGH
39,55000,33900,7000,1140000,53000,14100,4,5,5,MONTHLY,MEDIUM,RETIREMENT,100,HIGH
22,28000,17500,9000,338000,143000,1500,9,2,2,LUMP_SUM,LOW,WEALTH_CREATION,60,HIGH
45,158000,68300,76500,592000,24000,13200,15,5,5,LUMP_SUM,HIGH,RETIREMENT,91,HIGH
31,124000,66800,45700,2589000,1031000,11500,12,2,4,RARELY,LOW,SHORT_TERM_GOAL,70,HIGH
64,67000,32300,9100,316000,179000,25600,3,4,2,RARELY,MEDIUM,WEALTH_CREATION,71,MEDIUM
56,37000,20900,6800,612000,253000,9300,2,5,4,MONTHLY,LOW,TAX_SAVING,100,HIGH
61,74000,43800,23400,704000,72000,6800,2,4,2,RARELY,MEDIUM,RETIREMENT,66,MEDIUM
27,48000,29100,15700,272000,24000,3200,14,2,3,QUARTERLY,MEDIUM,WEALTH_CREATION,71,HIGH
36,43000,23900,18100,359000,174000,1000,3,2,1,QUARTERLY,HIGH,WEALTH_CREATION,56,HIGH
28,72000,54200,0,2575000,434000,23600,5,2,3,RARELY,MEDIUM,RETIREMENT,66,HIGH
57,23000,13900,6600,239000,105000,2500,10,1,3,QUARTERLY,HIGH,WEALTH_CREATION,48,HIGH
65,53000,29600,10500,150000,14000,12900,5,1,5,MONTHLY,MEDIUM,EMERGENCY_FUND,65,LOW
65,43000,16900,21600,321000,73000,4500,9,2,5,MONTHLY,MEDIUM,EMERGENCY_FUND,83,HIGH
26,51000,31200,17300,191000,49000,2500,11,1,2,LUMP_SUM,LOW,EMERGENCY_FUND,65,HIGH
31,20000,12500,5200,268000,59000,2300,6,2,5,RARELY,HIGH,SHORT_TERM_GOAL,74,HIGH
27,121000,48400,34600,781000,115000,38000,1,1,2,LUMP_SUM,LOW,TAX_SAVING,58,LOW
48,67000,33100,7400,502000,54000,26500,1,1,2,MONTHLY,MEDIUM,SHORT_TERM_GOAL,50,LOW
28,56000,44500,0,1848000,763000,11700,8,2,2,RARELY,LOW,EMERGENCY_FUND,54,HIGH
55,40000,22300,6500,148000,75000,11200,15,3,2,RARELY,HIGH,TAX_SAVING,57,MEDIUM
25,68000,62500,0,1701000,194000,18100,16,3,5,MONTHLY,HIGH,RETIREMENT,65,HIGH
50,54000,37700,12400,308000,6000,3900,4,1,4,MONTHLY,MEDIUM,WEALTH_CREATION,72,MEDIUM
41,91000,60800,0,932000,420000,41600,9,1,2,LUMP_SUM,MEDIUM,RETIREMENT,41,MEDIUM
40,41000,19000,12500,949000,267000,9500,4,1,3,RARELY,HIGH,WEALTH_CREATION,40,HIGH
38,49000,33300,0,371000,90000,16400,13,3,4,RARELY,MEDIUM,EMERGENCY_FUND,72,LOW
41,100000,69100,3800,1472000,858000,27100,9,1,1,MONTHLY,HIGH,TAX_SAVING,33,MEDIUM
42,36000,22500,3100,465000,82000,10400,18,5,5,QUARTERLY,HIGH,WEALTH_CREATION,100,HIGH
21,39000,22300,4700,398000,148000,12000,1,2,1,QUARTERLY,MEDIUM,SHORT_TERM_GOAL,67,LOW
64,22000,17000,800,235000,14000,4200,12,1,4,MONTHLY,HIGH,TAX_SAVING,77,HIGH
45,69000,45000,13500,908000,47000,10500,9,1,5,MONTHLY,HIGH,TAX_SAVING,66,HIGH
46,117000,50200,17900,2689000,1703000,48900,1,2,3,QUARTERLY,HIGH,WEALTH_CREATION,52,HIGH
49,65000,26700,9700,1794000,79000,28600,13,1,1,MONTHLY,MEDIUM,RETIREMENT,45,HIGH
32,57000,31000,23100,432000,175000,2900,3,1,2,MONTHLY,LOW,WEALTH_CREATION,59,HIGH
44,48000,42500,0,579000,66000,16400,5,3,4,RARELY,LOW,WEALTH_CREATION,84,HIGH
41,39000,19900,11300,255000,73000,7800,3,3,1,LUMP_SUM,HIGH,WEALTH_CREATION,62,MEDIUM
25,55000,18200,24100,382000,127000,12700,9,3,1,LUMP_SUM,MEDIUM,RETIREMENT,55,HIGH
62,87000,54500,13000,1187000,406000,19500,10,2,2,MONTHLY,LOW,RETIREMENT,44,HIGH
30,53000,31800,0,1374000,163000,21400,13,2,3,MONTHLY,MEDIUM,RETIREMENT,71,HIGH
32,83000,69400,4600,580000,67000,9000,7,1,4,QUARTERLY,MEDIUM,TAX_SAVING,66,MEDIUM
43,51000,24600,23300,519000,156000,3100,2,2,3,QUARTERLY,MEDIUM,RETIREMENT,45,HIGH
32,73000,51700,6000,379000,108000,15300,8,1,1,LUMP_SUM,MEDIUM,WEALTH_CREATION,47,LOW
50,86000,51300,18400,1143000,238000,16300,3,2,4,LUMP_SUM,LOW,SHORT_TERM_GOAL,83,HIGH
26,93000,65000,15900,442000,79000,12100,12,1,2,RARELY,HIGH,TAX_SAVING,22,MEDIUM
47,98000,83400,0,1616000,256000,24000,17,1,3,MONTHLY,HIGH,RETIREMENT,59,HIGH
21,100000,78700,9900,928000,163000,11400,18,3,1,QUARTERLY,HIGH,WEALTH_CREATION,38,HIGH
50,26000,15000,8100,162000,26000,2900,12,1,3,LUMP_SUM,LOW,RETIREMENT,66,HIGH
64,62000,35600,0,277000,26000,27800,15,4,3,LUMP_SUM,LOW,TAX_SAVING,89,HIGH
43,116000,64800,43600,310000,149000,7600,5,1,2,MONTHLY,MEDIUM,TAX_SAVING,40,LOW
65,103000,55500,35100,558000,161000,12400,1,2,2,MONTHLY,HIGH,RETIREMENT,49,MEDIUM
51,67000,39600,16100,848000,128000,11300,15,2,2,LUMP_SUM,HIGH,TAX_SAVING,60,HIGH
36,59000,30200,1600,1405000,864000,27200,14,1,4,LUMP_SUM,LOW,EMERGENCY_FUND,64,HIGH
57,84000,56900,2300,416000,2000,24800,3,5,1,RARELY,HIGH,TAX_SAVING,60,LOW
41,52000,25300,6400,788000,121000,20300,7,2,3,LUMP_SUM,LOW,SHORT_TERM_GOAL,77,HIGH
21,73000,36500,24700,478000,113000,11800,16,2,5,MONTHLY,HIGH,TAX_SAVING,61,HIGH
46,26000,6200,16400,234000,80000,3400,14,2,1,MONTHLY,MEDIUM,RETIREMENT,63,HIGH
34,60000,31600,5200,327000,12000,23200,2,1,4,MONTHLY,LOW,EMERGENCY_FUND,75,LOW
46,47000,23000,15300,90000,5000,8700,1,3,1,MONTHLY,LOW,WEALTH_CREATION,59,MEDIUM
60,90000,53200,18100,854000,382000,18700,9,1,2,LUMP_SUM,MEDIUM,EMERGENCY_FUND,41,MEDIUM
41,58000,33200,22400,166000,14000,2400,6,4,4,MONTHLY,MEDIUM,EMERGENCY_FUND,96,HIGH
22,88000,25000,52500,1201000,308000,10500,8,1,3,RARELY,MEDIUM,WEALTH_CREATION,54,HIGH
24,132000,101600,17300,759000,214000,13100,10,1,2,LUMP_SUM,LOW,EMERGENCY_FUND,51,HIGH
46,71000,35200,27100,210000,45000,8700,11,5,4,LUMP_SUM,HIGH,WEALTH_CREATION,92,HIGH
65,38000,23700,8200,507000,107000,6100,3,1,4,MONTHLY,MEDIUM,SHORT_TERM_GOAL,67,HIGH
45,54000,35800,0,1018000,360000,23000,6,2,3,MONTHLY,LOW,WEALTH_CREATION,80,HIGH
51,42000,37300,0,190000,25000,5700,4,2,2,MONTHLY,LOW,EMERGENCY_FUND,76,LOW
43,108000,60600,42700,1540000,578000,4700,16,1,3,QUARTERLY,MEDIUM,SHORT_TERM_GOAL,70,HIGH
49,35000,27600,0,575000,46000,19200,10,2,2,MONTHLY,LOW,TAX_SAVING,67,HIGH
27,70000,16800,42900,322000,132000,10300,10,3,1,RARELY,MEDIUM,WEALTH_CREATION,50,MEDIUM
44,51000,19000,27000,326000,40000,5000,3,4,4,LUMP_SUM,HIGH,EMERGENCY_FUND,78,MEDIUM
40,92000,56200,4300,275000,33000,31500,19,3,2,QUARTERLY,MEDIUM,SHORT_TERM_GOAL,54,LOW
43,140000,81900,47900,824000,7000,10200,10,1,2,RARELY,MEDIUM,SHORT_TERM_GOAL,50,LOW
45,122000,59600,50000,2718000,706000,12400,5,1,2,MONTHLY,MEDIUM,SHORT_TERM_GOAL,49,HIGH
54,87000,44500,13100,889000,473000,29400,4,2,4,RARELY,MEDIUM,RETIREMENT,50,HIGH
56,47000,17200,27500,133000,28000,2300,5,3,2,MONTHLY,MEDIUM,SHORT_TERM_GOAL,51,HIGH
58,80000,41300,33400,191000,14000,5300,9,1,4,LUMP_SUM,LOW,RETIREMENT,70,HIGH
51,59000,40800,13500,384000,81000,4700,3,4,2,MONTHLY,HIGH,TAX_SAVING,59,HIGH
29,20000,11000,6400,363000,30000,2600,17,1,3,MONTHLY,HIGH,TAX_SAVING,56,HIGH
65,34000,20100,12000,284000,61000,1900,18,2,3,MONTHLY,HIGH,RETIREMENT,47,HIGH
54,132000,71300,35800,419000,220000,24900,18,3,3,RARELY,MEDIUM,WEALTH_CREATION,67,HIGH
39,44000,14000,24900,408000,285000,5100,6,2,1,MONTHLY,MEDIUM,EMERGENCY_FUND,50,MEDIUM
47,132000,106500,16600,2168000,911000,8900,1,3,4,RARELY,LOW,SHORT_TERM_GOAL,88,HIGH
23,72000,52300,7800,1030000,267000,11900,11,3,1,RARELY,HIGH,TAX_SAVING,63,HIGH
53,65000,43500,14000,718000,179000,7500,8,3,1,MONTHLY,MEDIUM,WEALTH_CREATION,61,HIGH
60,215000,158600,4900,7510000,2788000,51500,7,1,3,MONTHLY,MEDIUM,TAX_SAVING,63,HIGH
44,80000,53200,0,620000,87000,36100,2,2,5,RARELY,MEDIUM,EMERGENCY_FUND,75,LOW
53,33000,22800,6400,394000,187000,3800,10,4,3,MONTHLY,HIGH,SHORT_TERM_GOAL,76,HIGH
42,148000,108100,0,6640000,1045000,52500,11,5,3,RARELY,MEDIUM,TAX_SAVING,87,HIGH
43,76000,52500,2300,957000,98000,21200,23,3,1,MONTHLY,HIGH,WEALTH_CREATION,45,HIGH
49,111000,71200,5600,1818000,170000,34200,15,4,4,LUMP_SUM,HIGH,RETIREMENT,93,HIGH
33,52000,23500,8300,512000,138000,20200,5,3,1,MONTHLY,MEDIUM,WEALTH_CREATION,73,MEDIUM
63,27000,15100,5600,361000,54000,6300,5,5,3,MONTHLY,MEDIUM,EMERGENCY_FUND,90,HIGH
43,38000,21100,5700,542000,115000,11200,18,1,3,RARELY,LOW,SHORT_TERM_GOAL,54,HIGH
25,31000,20900,0,121000,10000,10400,6,2,2,MONTHLY,MEDIUM,WEALTH_CREATION,74,MEDIUM
25,118000,74200,36800,1794000,567000,7000,9,5,1,LUMP_SUM,HIGH,EMERGENCY_FUND,63,HIGH
21,74000,46700,12900,662000,331000,14400,16,1,1,LUMP_SUM,HIGH,SHORT_TERM_GOAL,33,HIGH
50,76000,31000,16800,1342000,321000,28200,5,3,3,MONTHLY,MEDIUM,EMERGENCY_FUND,81,HIGH
41,48000,29200,2800,445000,27000,16000,2,2,2,RARELY,LOW,WEALTH_CREATION,47,MEDIUM
22,133000,85400,45200,1909000,356000,2400,2,2,1,MONTHLY,LOW,WEALTH_CREATION,85,HIGH
64,34000,17800,7400,94000,3000,8800,1,5,2,LUMP_SUM,MEDIUM,EMERGENCY_FUND,81,LOW
55,73000,37300,20900,407000,347000,14800,7,1,3,MONTHLY,LOW,WEALTH_CREATION,53,HIGH
63,20000,11700,2800,311000,122000,5500,21,2,3,MONTHLY,HIGH,TAX_SAVING,49,HIGH
49,80000,54900,8100,1326000,634000,17000,19,2,1,MONTHLY,LOW,WEALTH_CREATION,41,HIGH
64,60000,46100,2300,297000,14000,11600,14,3,3,MONTHLY,LOW,RETIREMENT,88,HIGH
45,32000,28900,0,732000,230000,9400,15,2,1,MONTHLY,MEDIUM,WEALTH_CREATION,42,HIGH
60,34000,21200,0,297000,39000,13500,11,3,3,LUMP_SUM,LOW,WEALTH_CREATION,68,HIGH
56,93000,65500,24300,2436000,998000,3200,10,3,5,MONTHLY,MEDIUM,WEALTH_CREATION,93,HIGH
32,83000,57200,23300,370000,75000,2500,1,1,2,RARELY,HIGH,WEALTH_CREATION,46,LOW
59,147000,86800,47900,1064000,276000,12300,4,2,2,QUARTERLY,LOW,WEALTH_CREATION,67,HIGH
58,127000,77700,8100,1978000,330000,41200,5,2,1,MONTHLY,LOW,TAX_SAVING,69,HIGH
33,66000,56800,0,712000,30000,27200,11,2,4,QUARTERLY,LOW,RETIREMENT,71,HIGH
57,131000,120500,0,4421000,1413000,15200,3,5,3,MONTHLY,MEDIUM,WEALTH_CREATION,90,HIGH
41,25000,20600,1400,255000,40000,3000,6,2,3,RARELY,MEDIUM,EMERGENCY_FUND,54,LOW
56,59000,51100,1000,926000,306000,6900,1,3,3,QUARTERLY,MEDIUM,WEALTH_CREATION,91,HIGH
37,51000,39600,4600,999000,119000,6800,2,2,3,RARELY,HIGH,TAX_SAVING,57,MEDIUM
60,103000,72600,16700,1835000,500000,13700,21,2,1,MONTHLY,HIGH,TAX_SAVING,48,HIGH
26,42000,22200,17300,734000,322000,2500,7,1,3,MONTHLY,LOW,RETIREMENT,82,HIGH
50,44000,37900,2700,731000,294000,3400,15,2,2,MONTHLY,MEDIUM,WEALTH_CREATION,58,HIGH
43,42000,14000,18200,696000,212000,9800,17,2,2,LUMP_SUM,MEDIUM,EMERGENCY_FUND,56,HIGH
61,23000,19900,0,321000,29000,5400,4,3,1,MONTHLY,LOW,RETIREMENT,60,HIGH
38,35000,24000,10300,379000,41000,700,6,2,1,RARELY,MEDIUM,RETIREMENT,67,HIGH
36,22000,17900,3200,117000,71000,900,5,2,1,LUMP_SUM,HIGH,WEALTH_CREATION,48,MEDIUM
38,75000,47300,19900,1304000,408000,7800,13,1,2,MONTHLY,MEDIUM,WEALTH_CREATION,45,HIGH
56,202000,137100,42600,2141000,1124000,22300,13,1,4,RARELY,MEDIUM,WEALTH_CREATION,46,HIGH
37,71000,51800,0,1459000,840000,20900,15,1,3,LUMP_SUM,LOW,WEALTH_CREATION,55,HIGH
27,67000,44400,10200,1247000,553000,12400,1,4,2,QUARTERLY,HIGH,WEALTH_CREATION,61,HIGH
56,73000,41300,19000,645000,220000,12700,14,2,3,LUMP_SUM,MEDIUM,WEALTH_CREATION,65,HIGH
53,55000,43600,2100,700000,308000,9300,19,1,5,MONTHLY,MEDIUM,EMERGENCY_FUND,73,HIGH
54,44000,26200,6300,594000,188000,11500,4,4,2,MONTHLY,MEDIUM,TAX_SAVING,71,HIGH
25,183000,138900,10700,1677000,933000,33400,5,3,2,RARELY,HIGH,WEALTH_CREATION,64,MEDIUM
21,93000,41100,47200,476000,31000,4700,2,2,4,MONTHLY,MEDIUM,RETIREMENT,74,HIGH
37,30000,18900,8900,151000,98000,2200,5,4,1,LUMP_SUM,MEDIUM,WEALTH_CREATION,60,HIGH
22,89000,72400,7200,1106000,246000,9400,2,3,2,QUARTERLY,LOW,EMERGENCY_FUND,71,HIGH
28,46000,22500,20000,525000,228000,3500,8,1,1,MONTHLY,MEDIUM,WEALTH_CREATION,58,HIGH
25,57000,40100,0,463000,76000,17700,8,2,5,MONTHLY,LOW,RETIREMENT,84,HIGH
31,54000,49600,0,459000,70000,8600,12,4,3,MONTHLY,MEDIUM,RETIREMENT,83,HIGH
49,69000,56600,8800,599000,253000,3600,19,1,3,RARELY,LOW,WEALTH_CREATION,66,HIGH
41,122000,57700,54300,1206000,192000,10000,8,2,3,LUMP_SUM,MEDIUM,SHORT_TERM_GOAL,68,HIGH
33,42000,26200,400,829000,496000,15400,10,4,4,MONTHLY,HIGH,TAX_SAVING,70,HIGH
23,68000,43600,13800,1115000,228000,10600,7,2,3,MONTHLY,MEDIUM,WEALTH_CREATION,65,HIGH
53,36000,16700,13200,166000,11000,6100,12,1,1,MONTHLY,MEDIUM,RETIREMENT,34,HIGH
53,75000,43000,28000,297000,77000,4000,21,1,4,MONTHLY,MEDIUM,RETIREMENT,66,HIGH
52,36000,14900,9500,221000,108000,11600,1,4,3,RARELY,MEDIUM,SHORT_TERM_GOAL,81,MEDIUM
32,42000,20500,10400,932000,635000,11100,2,4,2,MONTHLY,LOW,WEALTH_CREATION,72,HIGH
61,68000,47200,4200,837000,103000,16600,10,2,4,QUARTERLY,HIGH,SHORT_TERM_GOAL,64,MEDIUM
33,75000,58900,1400,2326000,1634000,14700,5,3,3,MONTHLY,LOW,WEALTH_CREATION,69,HIGH
51,146000,120200,8300,1462000,194000,17500,13,1,3,MONTHLY,MEDIUM,EMERGENCY_FUND,66,MEDIUM
30,140000,63600,22000,284000,78000,54400,3,1,1,LUMP_SUM,HIGH,SHORT_TERM_GOAL,40,LOW
51,49000,30900,6700,674000,237000,11400,1,4,4,MONTHLY,HIGH,WEALTH_CREATION,84,HIGH
22,73000,53200,11400,318000,144000,8400,5,1,4,MONTHLY,LOW,WEALTH_CREATION,69,HIGH
49,58000,30400,21900,858000,241000,5700,15,1,5,LUMP_SUM,MEDIUM,WEALTH_CREATION,73,HIGH
27,57000,32800,20300,893000,440000,3900,8,2,3,MONTHLY,HIGH,TAX_SAVING,50,HIGH
27,41000,27600,0,881000,144000,16200,7,3,3,MONTHLY,MEDIUM,WEALTH_CREATION,86,HIGH
52,26000,15200,5700,477000,54000,5100,15,3,3,MONTHLY,MEDIUM,TAX_SAVING,79,HIGH
41,26000,17000,4800,1185000,365000,4200,16,1,5,RARELY,LOW,TAX_SAVING,74,HIGH
39,103000,58900,28200,1660000,79000,15900,3,5,3,MONTHLY,LOW,WEALTH_CREATION,90,HIGH
48,81000,35400,29900,667000,135000,15700,19,2,1,MONTHLY,MEDIUM,RETIREMENT,33,HIGH
26,20000,18400,0,125000,81000,10500,15,1,1,MONTHLY,HIGH,RETIREMENT,35,LOW
42,20000,12100,7500,221000,108000,400,15,3,2,MONTHLY,MEDIUM,SHORT_TERM_GOAL,68,HIGH
38,49000,29800,1000,391000,98000,18200,16,3,2,MONTHLY,MEDIUM,EMERGENCY_FUND,56,MEDIUM
43,37000,29600,300,858000,136000,7100,15,2,2,QUARTERLY,HIGH,WEALTH_CREATION,41,HIGH
48,89000,53500,17200,1631000,811000,18300,8,3,2,LUMP_SUM,MEDIUM,WEALTH_CREATION,71,HIGH
59,162000,94300,25100,1173000,184000,42600,3,1,4,MONTHLY,MEDIUM,WEALTH_CREATION,73,MEDIUM
49,41000,23500,9300,429000,323000,8200,11,1,1,MONTHLY,LOW,WEALTH_CREATION,49,HIGH
52,63000,39600,0,842000,284000,31000,1,5,3,MONTHLY,HIGH,WEALTH_CREATION,92,MEDIUM
39,78000,60200,13600,724000,366000,4200,12,2,3,MONTHLY,MEDIUM,WEALTH_CREATION,70,HIGH
49,52000,28900,2300,804000,45000,20800,18,2,2,LUMP_SUM,LOW,TAX_SAVING,76,HIGH
27,62000,23000,36300,852000,368000,2700,22,2,1,RARELY,HIGH,EMERGENCY_FUND,26,HIGH
28,27000,14500,9000,331000,173000,3500,17,1,1,RARELY,HIGH,TAX_SAVING,24,HIGH
51,83000,41100,29200,364000,5000,12700,2,2,4,QUARTERLY,LOW,EMERGENCY_FUND,70,MEDIUM
33,43000,21900,2900,456000,121000,18200,9,1,1,QUARTERLY,LOW,WEALTH_CREATION,38,MEDIUM
47,27000,13300,10800,189000,52000,2900,12,3,5,MONTHLY,LOW,TAX_SAVING,100,HIGH
50,63000,41000,13700,1032000,58000,8300,24,2,4,MONTHLY,HIGH,EMERGENCY_FUND,67,HIGH
58,126000,115900,0,5373000,818000,43200,12,2,2,MONTHLY,LOW,SHORT_TERM_GOAL,75,HIGH
31,255000,164100,60800,6132000,3240000,30100,4,5,3,LUMP_SUM,HIGH,WEALTH_CREATION,89,HIGH
24,77000,45100,7700,1486000,674000,24200,9,3,4,LUMP_SUM,HIGH,EMERGENCY_FUND,72,HIGH
41,54000,18800,10200,654000,41000,25000,5,3,4,RARELY,HIGH,SHORT_TERM_GOAL,81,MEDIUM
50,34000,27000,4000,180000,43000,3000,1,1,1,RARELY,HIGH,RETIREMENT,47,LOW
62,81000,64800,2500,771000,261000,13700,7,1,5,LUMP_SUM,MEDIUM,SHORT_TERM_GOAL,76,MEDIUM
63,92000,84600,0,2705000,613000,24300,1,4,4,RARELY,HIGH,WEALTH_CREATION,91,HIGH
53,38000,22100,12200,466000,148000,3700,13,4,1,QUARTERLY,MEDIUM,RETIREMENT,72,HIGH
26,43000,29500,0,1932000,356000,19600,1,3,2,LUMP_SUM,MEDIUM,RETIREMENT,74,HIGH
40,98000,61800,0,581000,37000,39500,23,1,5,LUMP_SUM,LOW,RETIREMENT,83,HIGH
56,60000,42700,2900,868000,188000,14400,11,3,1,LUMP_SUM,MEDIUM,WEALTH_CREATION,53,HIGH
22,40000,19700,7600,662000,335000,12700,17,1,1,MONTHLY,MEDIUM,SHORT_TERM_GOAL,41,HIGH
54,76000,53000,0,886000,337000,34500,2,1,2,LUMP_SUM,MEDIUM,SHORT_TERM_GOAL,59,LOW
53,47000,33600,0,740000,382000,18800,6,3,4,QUARTERLY,HIGH,WEALTH_CREATION,71,HIGH
28,42000,28500,11900,85000,61000,1600,4,1,3,LUMP_SUM,HIGH,SHORT_TERM_GOAL,50,LOW
32,78000,71700,0,879000,409000,7800,15,3,3,LUMP_SUM,HIGH,WEALTH_CREATION,63,HIGH
27,124000,72800,25900,1279000,342000,25300,8,2,2,MONTHLY,HIGH,WEALTH_CREATION,47,MEDIUM
50,75000,46900,0,1097000,120000,28200,7,3,1,MONTHLY,MEDIUM,TAX_SAVING,78,HIGH
31,45000,31500,0,978000,502000,21600,10,2,3,MONTHLY,HIGH,WEALTH_CREATION,59,HIGH
61,248000,200200,0,2808000,800000,69600,8,2,2,QUARTERLY,MEDIUM,RETIREMENT,62,MEDIUM
22,30000,15400,4900,621000,55000,9700,11,3,3,QUARTERLY,MEDIUM,SHORT_TERM_GOAL,78,HIGH
52,75000,45900,3300,1346000,237000,25800,10,2,2,RARELY,MEDIUM,WEALTH_CREATION,50,HIGH
40,175000,130300,29100,3520000,584000,15600,8,3,2,QUARTERLY,MEDIUM,RETIREMENT,69,HIGH
25,132000,82600,26900,467000,74000,22500,8,1,4,LUMP_SUM,MEDIUM,EMERGENCY_FUND,51,LOW
33,59000,22500,24700,237000,75000,11800,16,4,5,LUMP_SUM,LOW,WEALTH_CREATION,98,HIGH
64,36000,23300,9000,221000,8000,3700,24,2,5,MONTHLY,MEDIUM,WEALTH_CREATION,83,HIGH
56,154000,141600,7300,1842000,965000,5100,13,4,3,RARELY,HIGH,SHORT_TERM_GOAL,67,HIGH
36,100000,92000,0,2817000,533000,10600,6,4,1,QUARTERLY,MEDIUM,WEALTH_CREATION,57,HIGH
36,126000,70100,53300,1612000,791000,2600,5,5,2,RARELY,LOW,SHORT_TERM_GOAL,64,HIGH
46,93000,46100,35000,1828000,110000,11900,19,1,2,RARELY,LOW,WEALTH_CREATION,48,HIGH
47,110000,66700,21000,1101000,303000,22300,22,4,4,RARELY,MEDIUM,EMERGENCY_FUND,70,HIGH
29,32000,25100,0,279000,30000,15900,22,1,4,MONTHLY,MEDIUM,RETIREMENT,66,HIGH
44,32000,26000,0,270000,46000,8400,3,1,4,LUMP_SUM,LOW,WEALTH_CREATION,69,MEDIUM
37,41000,23800,13200,400000,54000,4000,1,2,1,RARELY,MEDIUM,RETIREMENT,32,LOW
59,187000,151300,10500,1191000,319000,25200,12,2,2,MONTHLY,HIGH,RETIREMENT,53,HIGH
44,115000,68800,600,1157000,299000,45600,12,2,5,RARELY,LOW,RETIREMENT,75,HIGH
52,39000,25600,1200,840000,265000,12200,22,1,2,RARELY,LOW,WEALTH_CREATION,56,HIGH
63,62000,40400,12700,995000,541000,8900,2,4,4,MONTHLY,HIGH,EMERGENCY_FUND,71,HIGH
26,58000,53300,0,545000,197000,5000,15,1,3,MONTHLY,MEDIUM,EMERGENCY_FUND,56,MEDIUM
45,62000,37500,16900,601000,23000,7600,12,1,3,QUARTERLY,MEDIUM,WEALTH_CREATION,38,HIGH
51,84000,52200,12400,1021000,687000,19400,7,3,4,MONTHLY,MEDIUM,EMERGENCY_FUND,92,HIGH
63,51000,43600,2200,197000,31000,5200,6,1,3,MONTHLY,MEDIUM,TAX_SAVING,59,LOW
40,44000,24600,5200,833000,128000,14200,5,2,3,MONTHLY,LOW,WEALTH_CREATION,66,HIGH
51,29000,6500,20400,91000,18000,2100,25,1,2,QUARTERLY,HIGH,SHORT_TERM_GOAL,56,MEDIUM
35,101000,50100,45900,839000,406000,5000,3,2,2,MONTHLY,HIGH,WEALTH_CREATION,56,MEDIUM
63,51000,22200,11600,853000,321000,17200,12,1,3,MONTHLY,LOW,RETIREMENT,72,HIGH
52,52000,33700,10000,838000,133000,8300,1,4,2,MONTHLY,MEDIUM,RETIREMENT,77,HIGH
49,130000,52100,36400,692000,220000,41500,17,1,2,RARELY,LOW,WEALTH_CREATION,64,HIGH
21,20000,10300,8900,247000,136000,800,6,2,3,RARELY,HIGH,RETIREMENT,57,HIGH
21,101000,64300,31300,929000,58000,5400,22,5,4,RARELY,HIGH,RETIREMENT,90,HIGH
40,89000,40300,42700,939000,141000,6000,14,4,1,QUARTERLY,MEDIUM,EMERGENCY_FUND,80,HIGH
55,52000,25300,17600,77000,17000,9100,23,1,1,MONTHLY,MEDIUM,RETIREMENT,58,HIGH
28,59000,45100,7900,496000,329000,6000,13,1,3,MONTHLY,HIGH,RETIREMENT,52,HIGH
47,133000,100300,8900,1991000,322000,23800,19,2,5,RARELY,LOW,WEALTH_CREATION,76,HIGH
53,97000,64200,0,1923000,422000,35700,6,5,2,QUARTERLY,HIGH,WEALTH_CREATION,83,HIGH
40,105000,62200,0,2129000,471000,55700,8,2,3,MONTHLY,HIGH,WEALTH_CREATION,64,HIGH
47,22000,13000,1500,421000,58000,7500,21,2,4,RARELY,MEDIUM,EMERGENCY_FUND,66,HIGH
63,29000,17900,0,400000,110000,11900,2,1,1,MONTHLY,MEDIUM,WEALTH_CREATION,39,LOW
22,88000,60900,23900,1005000,146000,3200,1,2,3,MONTHLY,HIGH,TAX_SAVING,62,HIGH
49,22000,16800,2800,591000,137000,2400,5,5,1,RARELY,MEDIUM,TAX_SAVING,71,HIGH
43,99000,68300,15000,2039000,842000,15700,17,5,3,RARELY,HIGH,WEALTH_CREATION,66,HIGH
34,60000,29900,28900,707000,236000,1200,2,1,4,LUMP_SUM,MEDIUM,RETIREMENT,68,HIGH
43,34000,27000,5200,668000,64000,1800,3,5,5,MONTHLY,MEDIUM,EMERGENCY_FUND,82,HIGH
61,31000,18800,5300,456000,212000,6900,4,2,2,QUARTERLY,HIGH,WEALTH_CREATION,37,MEDIUM
65,102000,48900,52700,259000,135000,400,1,4,3,MONTHLY,MEDIUM,WEALTH_CREATION,67,HIGH
35,144000,60600,72200,1462000,332000,11200,5,1,1,MONTHLY,MEDIUM,WEALTH_CREATION,37,HIGH
25,131000,83800,10500,437000,150000,36700,9,1,2,MONTHLY,HIGH,WEALTH_CREATION,32,LOW
21,60000,28900,14200,732000,197000,16900,2,2,2,QUARTERLY,MEDIUM,WEALTH_CREATION,59,HIGH
29,48000,42200,1000,467000,262000,4800,16,4,2,MONTHLY,LOW,SHORT_TERM_GOAL,80,HIGH
63,61000,29100,24200,391000,37000,7700,8,4,3,LUMP_SUM,MEDIUM,WEALTH_CREATION,63,HIGH
42,105000,39600,41600,1307000,371000,23800,3,1,1,RARELY,LOW,WEALTH_CREATION,51,HIGH
27,38000,27700,7200,1039000,60000,3100,6,2,3,RARELY,LOW,WEALTH_CREATION,59,HIGH
55,52000,32400,13200,583000,249000,6400,6,4,4,MONTHLY,MEDIUM,WEALTH_CREATION,100,HIGH
51,98000,42100,49600,126000,17000,6300,17,2,5,MONTHLY,MEDIUM,WEALTH_CREATION,90,HIGH
43,67000,30600,23400,591000,45000,13000,9,1,2,MONTHLY,LOW,RETIREMENT,62,HIGH
64,52000,30100,0,1516000,165000,23800,6,2,3,MONTHLY,MEDIUM,EMERGENCY_FUND,73,HIGH
35,86000,55100,16900,295000,73000,14000,16,1,1,RARELY,MEDIUM,EMERGENCY_FUND,46,LOW
43,51000,31600,7900,447000,279000,11500,5,3,3,QUARTERLY,HIGH,SHORT_TERM_GOAL,67,MEDIUM
55,53000,22500,11400,279000,38000,19100,5,2,3,MONTHLY,LOW,WEALTH_CREATION,95,HIGH
28,36000,19200,8000,174000,21000,8800,3,5,3,RARELY,MEDIUM,WEALTH_CREATION,75,HIGH
52,60000,36500,2200,489000,194000,21300,20,1,4,MONTHLY,MEDIUM,WEALTH_CREATION,59,HIGH
34,127000,62900,44500,1043000,21000,19600,5,2,1,MONTHLY,MEDIUM,EMERGENCY_FUND,62,MEDIUM
50,65000,32900,0,308000,152000,32800,12,1,2,MONTHLY,LOW,TAX_SAVING,57,MEDIUM
61,150000,129200,0,5386000,808000,51100,5,1,3,MONTHLY,HIGH,EMERGENCY_FUND,54,HIGH
31,27000,18200,1400,123000,3000,7400,4,3,1,RARELY,MEDIUM,EMERGENCY_FUND,43,LOW
55,72000,44700,23600,269000,119000,3700,8,3,1,MONTHLY,HIGH,WEALTH_CREATION,54,HIGH
36,74000,38800,22100,991000,509000,13100,14,2,5,LUMP_SUM,MEDIUM,WEALTH_CREATION,82,HIGH
36,168000,84300,66300,2089000,1051000,17400,20,1,1,QUARTERLY,HIGH,WEALTH_CREATION,25,HIGH
50,34000,21100,8800,227000,15000,4100,7,2,4,LUMP_SUM,HIGH,EMERGENCY_FUND,67,MEDIUM
26,73000,46600,2400,824000,47000,24000,3,1,3,LUMP_SUM,MEDIUM,SHORT_TERM_GOAL,77,LOW
44,56000,38100,0,435000,156000,30800,6,1,2,MONTHLY,LOW,RETIREMENT,59,MEDIUM
64,28000,15300,10000,92000,30000,2700,2,4,4,MONTHLY,MEDIUM,TAX_SAVING,79,HIGH
45,89000,55600,18300,529000,109000,15100,7,2,2,MONTHLY,LOW,WEALTH_CREATION,47,HIGH
53,142000,107600,29800,2289000,490000,4600,10,2,3,MONTHLY,LOW,EMERGENCY_FUND,86,HIGH
23,29000,24200,100,340000,117000,4700,12,3,4,MONTHLY,MEDIUM,SHORT_TERM_GOAL,83,HIGH
36,47000,40500,0,614000,160000,14000,2,2,5,RARELY,HIGH,SHORT_TERM_GOAL,75,LOW
39,94000,79300,0,564000,132000,51700,3,5,3,MONTHLY,HIGH,WEALTH_CREATION,70,MEDIUM
45,91000,50800,23700,1606000,585000,16500,13,2,3,QUARTERLY,HIGH,EMERGENCY_FUND,57,HIGH
26,37000,19700,14300,226000,28000,3000,15,4,1,LUMP_SUM,MEDIUM,WEALTH_CREATION,61,HIGH
41,125000,79700,11200,3733000,1226000,34100,8,3,2,RARELY,MEDIUM,EMERGENCY_FUND,61,HIGH
35,80000,54900,14400,1121000,318000,10700,8,1,3,MONTHLY,HIGH,RETIREMENT,47,HIGH
58,119000,97000,0,2839000,1471000,34400,12,1,1,MONTHLY,MEDIUM,SHORT_TERM_GOAL,54,HIGH
42,80000,58800,3400,2462000,1004000,17800,11,2,1,MONTHLY,MEDIUM,TAX_SAVING,55,HIGH
57,160000,98800,14600,1507000,364000,46600,14,2,1,RARELY,MEDIUM,EMERGENCY_FUND,34,LOW
34,31000,21900,5700,287000,43000,3400,7,2,3,QUARTERLY,HIGH,RETIREMENT,67,MEDIUM
27,77000,45700,27200,938000,375000,4100,11,1,3,RARELY,MEDIUM,SHORT_TERM_GOAL,52,HIGH
61,83000,37900,10300,156000,27000,34800,6,1,2,RARELY,LOW,WEALTH_CREATION,58,LOW
45,31000,28300,0,346000,29000,5700,9,4,2,QUARTERLY,MEDIUM,TAX_SAVING,70,MEDIUM
30,42000,36200,2000,618000,75000,3800,5,4,5,MONTHLY,MEDIUM,WEALTH_CREATION,100,HIGH
26,110000,81800,6200,1529000,537000,22000,13,3,4,LUMP_SUM,LOW,EMERGENCY_FUND,100,HIGH
54,79000,41600,23400,847000,205000,14000,5,2,2,MONTHLY,MEDIUM,RETIREMENT,62,HIGH
62,75000,33600,40400,380000,83000,1000,6,4,1,LUMP_SUM,MEDIUM,RETIREMENT,58,HIGH
32,69000,58800,2500,330000,36000,7700,11,5,5,RARELY,LOW,RETIREMENT,100,HIGH
29,32000,20000,4500,809000,323000,7500,8,3,2,MONTHLY,MEDIUM,WEALTH_CREATION,70,HIGH
65,20000,13900,0,448000,180000,7700,6,1,3,MONTHLY,MEDIUM,RETIREMENT,73,HIGH
40,37000,22400,11100,242000,101000,3500,5,1,3,LUMP_SUM,HIGH,WEALTH_CREATION,36,HIGH
58,69000,38300,13800,289000,30000,16900,13,5,2,LUMP_SUM,LOW,WEALTH_CREATION,81,HIGH
56,55000,32000,13500,794000,192000,9500,6,3,4,RARELY,LOW,EMERGENCY_FUND,67,HIGH
46,75000,62100,0,784000,59000,19300,11,5,2,MONTHLY,HIGH,WEALTH_CREATION,77,HIGH
34,68000,38000,18600,1221000,454000,11400,1,3,4,MONTHLY,HIGH,WEALTH_CREATION,85,HIGH
58,47000,36400,0,922000,144000,13700,2,1,1,RARELY,LOW,RETIREMENT,32,MEDIUM
22,20000,7800,2400,230000,63000,9800,13,1,1,MONTHLY,LOW,WEALTH_CREATION,63,MEDIUM
29,51000,38700,11700,977000,262000,600,5,1,1,LUMP_SUM,MEDIUM,WEALTH_CREATION,50,HIGH
39,47000,26000,11700,827000,338000,9300,4,5,2,MONTHLY,MEDIUM,RETIREMENT,88,HIGH
23,74000,30100,25300,233000,58000,18600,1,1,5,MONTHLY,MEDIUM,WEALTH_CREATION,71,MEDIUM
51,92000,71900,0,519000,100000,23900,10,3,1,RARELY,HIGH,RETIREMENT,32,LOW
52,78000,36000,30800,1160000,28000,11200,21,4,1,MONTHLY,HIGH,SHORT_TERM_GOAL,69,HIGH
30,133000,66300,56400,1847000,829000,10300,2,2,3,QUARTERLY,LOW,WEALTH_CREATION,76,HIGH
21,93000,63200,3600,1134000,625000,26200,17,1,4,QUARTERLY,LOW,EMERGENCY_FUND,75,HIGH
56,86000,27800,32300,484000,70000,25900,1,2,4,RARELY,MEDIUM,WEALTH_CREATION,60,MEDIUM
62,143000,109700,0,3229000,86000,57400,10,3,2,QUARTERLY,MEDIUM,WEALTH_CREATION,79,HIGH
57,65000,59800,600,718000,268000,4600,1,3,3,RARELY,LOW,WEALTH_CREATION,70,HIGH
61,124000,103900,0,1365000,141000,22700,18,3,2,MONTHLY,MEDIUM,WEALTH_CREATION,88,HIGH
52,95000,76300,0,1479000,217000,29700,1,3,3,RARELY,HIGH,EMERGENCY_FUND,37,LOW
28,157000,83800,50900,1678000,317000,22300,17,5,1,RARELY,LOW,EMERGENCY_FUND,79,HIGH
30,105000,44600,44100,864000,376000,16300,19,4,4,MONTHLY,MEDIUM,WEALTH_CREATION,100,HIGH
65,85000,36300,32100,1668000,601000,16600,7,1,1,MONTHLY,MEDIUM,WEALTH_CREATION,49,HIGH
47,71000,35100,21600,533000,60000,14300,12,1,3,MONTHLY,MEDIUM,RETIREMENT,75,HIGH
59,23000,12400,5400,874000,156000,5200,4,3,5,RARELY,HIGH,TAX_SAVING,68,HIGH
23,56000,25600,24800,48000,0,5600,12,3,3,MONTHLY,MEDIUM,RETIREMENT,60,HIGH
28,139000,66400,57700,1885000,1145000,14900,2,1,5,MONTHLY,HIGH,TAX_SAVING,74,HIGH
53,71000,39500,19300,612000,166000,12200,12,3,1,MONTHLY,LOW,WEALTH_CREATION,74,HIGH
47,129000,78900,38000,1102000,170000,12100,5,1,2,LUMP_SUM,LOW,WEALTH_CREATION,47,HIGH
61,41000,22300,17700,394000,91000,1000,11,3,1,LUMP_SUM,LOW,WEALTH_CREATION,71,HIGH
45,139000,78000,26900,1579000,117000,34100,16,2,3,MONTHLY,LOW,SHORT_TERM_GOAL,95,HIGH
45,180000,131800,8000,3792000,2320000,40200,4,1,3,QUARTERLY,MEDIUM,EMERGENCY_FUND,58,HIGH
34,40000,25600,1800,511000,44000,12600,2,3,3,MONTHLY,LOW,EMERGENCY_FUND,86,MEDIUM
59,234000,161600,8000,2631000,409000,64400,10,1,4,LUMP_SUM,HIGH,RETIREMENT,59,MEDIUM
41,60000,37300,11500,1147000,180000,11200,1,1,2,MONTHLY,MEDIUM,EMERGENCY_FUND,59,HIGH
63,48000,25100,13800,525000,177000,9100,6,2,2,LUMP_SUM,HIGH,SHORT_TERM_GOAL,54,MEDIUM
46,25000,11900,12800,118000,14000,300,1,1,5,QUARTERLY,MEDIUM,SHORT_TERM_GOAL,69,HIGH
27,38000,11600,17100,240000,26000,9300,3,1,3,MONTHLY,HIGH,EMERGENCY_FUND,69,LOW
47,97000,48700,25100,1066000,541000,23200,4,3,4,LUMP_SUM,LOW,RETIREMENT,84,HIGH
50,95000,80900,8700,3532000,975000,5400,19,1,2,RARELY,HIGH,RETIREMENT,35,HIGH
38,52000,42600,3900,80000,11000,5500,2,2,2,MONTHLY,MEDIUM,RETIREMENT,57,LOW
44,22000,16900,0,477000,100000,8300,21,1,1,MONTHLY,MEDIUM,WEALTH_CREATION,51,HIGH
60,90000,47800,6000,617000,137000,36200,13,4,3,MONTHLY,MEDIUM,WEALTH_CREATION,87,HIGH
21,87000,67200,17500,25000,14000,2300,5,1,3,LUMP_SUM,HIGH,WEALTH_CREATION,49,LOW
52,42000,25300,13000,1179000,307000,3700,1,5,4,LUMP_SUM,LOW,RETIREMENT,100,HIGH
48,39000,34400,1400,1681000,276000,3200,5,1,3,MONTHLY,MEDIUM,RETIREMENT,37,HIGH
43,65000,34400,8900,521000,25000,21700,1,1,2,MONTHLY,HIGH,TAX_SAVING,46,LOW
26,83000,43800,0,755000,76000,45600,19,2,1,MONTHLY,HIGH,EMERGENCY_FUND,55,LOW
37,30000,17900,5400,140000,17000,6700,7,2,2,MONTHLY,MEDIUM,SHORT_TERM_GOAL,64,LOW
60,74000,55300,2300,2081000,579000,16400,15,2,3,RARELY,LOW,TAX_SAVING,49,HIGH
65,47000,28600,15200,318000,2000,3200,1,2,1,MONTHLY,LOW,RETIREMENT,50,HIGH
24,117000,54900,32300,740000,282000,29800,1,1,4,MONTHLY,MEDIUM,TAX_SAVING,70,HIGH
39,64000,27400,32200,446000,5000,4400,10,1,5,RARELY,MEDIUM,EMERGENCY_FUND,71,MEDIUM
43,66000,60700,0,445000,166000,6500,2,3,3,RARELY,LOW,EMERGENCY_FUND,49,LOW
59,94000,81600,0,1152000,439000,23600,19,2,4,RARELY,HIGH,EMERGENCY_FUND,49,MEDIUM
32,93000,85500,0,1290000,146000,9700,11,2,1,QUARTERLY,MEDIUM,WEALTH_CREATION,50,HIGH
54,94000,39800,34500,669000,276000,19700,18,3,3,RARELY,MEDIUM,RETIREMENT,58,HIGH
56,56000,44600,4500,163000,5000,6900,6,2,4,MONTHLY,MEDIUM,RETIREMENT,75,HIGH
60,66000,56200,0,582000,296000,10300,18,3,4,MONTHLY,HIGH,SHORT_TERM_GOAL,79,HIGH
26,133000,65500,50900,646000,111000,16600,10,2,3,MONTHLY,MEDIUM,RETIREMENT,64,HIGH
65,61000,18500,31100,559000,178000,11400,24,1,4,RARELY,LOW,WEALTH_CREATION,70,HIGH
43,159000,105400,31000,3163000,857000,22600,17,1,5,MONTHLY,MEDIUM,WEALTH_CREATION,68,HIGH
60,65000,57200,0,1833000,67000,13200,20,1,4,MONTHLY,MEDIUM,WEALTH_CREATION,57,HIGH
60,59000,35800,10700,1065000,275000,12500,5,4,2,LUMP_SUM,LOW,WEALTH_CREATION,77,HIGH
48,227000,56000,141100,2003000,774000,29900,4,1,3,LUMP_SUM,LOW,WEALTH_CREATION,54,HIGH
32,62000,22400,30700,573000,114000,8900,4,1,4,LUMP_SUM,LOW,TAX_SAVING,73,HIGH
49,71000,43200,1000,1791000,358000,26800,4,1,2,RARELY,MEDIUM,TAX_SAVING,38,HIGH
41,77000,42900,19300,663000,123000,14800,5,3,4,LUMP_SUM,HIGH,SHORT_TERM_GOAL,61,MEDIUM
63,93000,63600,22700,1273000,166000,6700,1,2,3,MONTHLY,MEDIUM,EMERGENCY_FUND,67,MEDIUM
36,45000,33000,3100,736000,199000,8900,4,4,5,RARELY,LOW,SHORT_TERM_GOAL,87,HIGH
59,48000,28500,11800,1082000,81000,7700,13,1,1,MONTHLY,MEDIUM,SHORT_TERM_GOAL,49,HIGH
45,119000,102000,900,5896000,1417000,16100,7,2,3,RARELY,MEDIUM,RETIREMENT,60,HIGH
58,76000,40100,23300,241000,22000,12600,16,2,2,MONTHLY,LOW,WEALTH_CREATION,60,HIGH
34,60000,22800,26300,264000,113000,10900,2,2,3,MONTHLY,MEDIUM,WEALTH_CREATION,76,HIGH
33,174000,104000,62700,1478000,706000,7300,5,1,4,LUMP_SUM,MEDIUM,RETIREMENT,51,HIGH
53,78000,65700,0,597000,377000,19300,17,1,1,MONTHLY,MEDIUM,WEALTH_CREATION,41,HIGH
61,70000,48400,14000,833000,132000,7600,8,3,2,MONTHLY,MEDIUM,WEALTH_CREATION,77,HIGH
39,57000,47500,100,1257000,141000,9400,17,2,3,MONTHLY,MEDIUM,WEALTH_CREATION,73,HIGH
56,93000,51500,28100,820000,70000,13400,10,1,3,MONTHLY,HIGH,EMERGENCY_FUND,60,HIGH
43,116000,87400,0,762000,421000,35800,13,5,1,MONTHLY,HIGH,WEALTH_CREATION,61,HIGH
31,98000,86200,1600,384000,281000,10200,9,4,1,QUARTERLY,MEDIUM,EMERGENCY_FUND,70,MEDIUM
48,66000,26600,29100,534000,32000,10300,18,2,2,MONTHLY,MEDIUM,RETIREMENT,53,HIGH
27,59000,52500,0,406000,39000,16900,10,1,2,RARELY,MEDIUM,EMERGENCY_FUND,44,LOW
52,47000,26500,12400,823000,455000,8100,5,3,3,RARELY,HIGH,WEALTH_CREATION,68,HIGH
45,67000,48500,14000,860000,138000,4500,5,3,4,RARELY,MEDIUM,TAX_SAVING,89,HIGH
42,97000,62000,5300,637000,331000,29700,3,2,3,MONTHLY,MEDIUM,SHORT_TERM_GOAL,65,MEDIUM
48,74000,37300,29400,270000,78000,7300,10,3,2,LUMP_SUM,MEDIUM,WEALTH_CREATION,57,HIGH
63,107000,33800,63400,175000,17000,9800,5,3,2,MONTHLY,HIGH,EMERGENCY_FUND,50,MEDIUM
41,84000,70400,0,2997000,1038000,24800,6,2,3,LUMP_SUM,LOW,TAX_SAVING,51,HIGH
45,20000,12300,4900,821000,279000,2800,11,2,5,LUMP_SUM,MEDIUM,WEALTH_CREATION,74,HIGH
51,65000,52500,9700,714000,82000,2800,9,5,1,QUARTERLY,LOW,EMERGENCY_FUND,71,HIGH
31,167000,84500,0,2724000,234000,91800,8,1,4,RARELY,LOW,WEALTH_CREATION,58,HIGH
57,107000,79100,9200,970000,492000,18700,4,1,3,MONTHLY,HIGH,WEALTH_CREATION,56,HIGH
37,85000,78200,0,1348000,303000,19500,15,3,2,LUMP_SUM,MEDIUM,EMERGENCY_FUND,65,HIGH
34,43000,29900,0,540000,135000,16700,17,1,2,MONTHLY,MEDIUM,WEALTH_CREATION,53,HIGH
50,79000,43300,22600,1493000,180000,13100,6,1,5,MONTHLY,HIGH,SHORT_TERM_GOAL,73,HIGH
38,135000,109100,16000,1257000,587000,9900,1,1,4,MONTHLY,LOW,WEALTH_CREATION,75,HIGH
36,31000,21200,7400,178000,48000,2400,6,1,5,MONTHLY,MEDIUM,WEALTH_CREATION,65,HIGH
59,59000,21100,25000,391000,161000,12900,11,1,1,MONTHLY,MEDIUM,WEALTH_CREATION,47,HIGH
39,38000,18200,11700,127000,19000,8100,15,1,1,QUARTERLY,MEDIUM,WEALTH_CREATION,35,MEDIUM
48,95000,57700,12600,1198000,235000,24700,9,2,3,MONTHLY,MEDIUM,SHORT_TERM_GOAL,80,HIGH
60,98000,55100,36500,704000,312000,6400,15,2,1,MONTHLY,LOW,WEALTH_CREATION,53,HIGH
43,105000,56800,15200,1262000,456000,33000,10,3,4,MONTHLY,MEDIUM,EMERGENCY_FUND,86,HIGH
40,61000,49600,0,315000,45000,11800,4,3,2,MONTHLY,HIGH,RETIREMENT,60,LOW
38,66000,35500,24900,583000,264000,5600,3,2,4,QUARTERLY,MEDIUM,RETIREMENT,75,HIGH
51,52000,26300,18300,816000,410000,7400,5,1,5,MONTHLY,MEDIUM,WEALTH_CREATION,72,HIGH
60,81000,37800,10200,1183000,429000,33000,17,3,5,RARELY,MEDIUM,RETIREMENT,75,HIGH
38,50000,46000,200,604000,100000,3800,19,1,2,QUARTERLY,MEDIUM,RETIREMENT,59,HIGH
45,75000,39700,33500,170000,32000,1800,10,3,5,MONTHLY,MEDIUM,EMERGENCY_FUND,92,HIGH
33,98000,72700,3700,900000,155000,21600,23,3,5,QUARTERLY,LOW,TAX_SAVING,84,HIGH
31,27000,23200,0,369000,93000,7700,12,2,4,MONTHLY,HIGH,EMERGENCY_FUND,73,MEDIUM
46,100000,57400,3300,850000,109000,39300,14,1,1,LUMP_SUM,LOW,SHORT_TERM_GOAL,41,LOW
37,41000,21900,14400,672000,323000,4700,11,1,4,MONTHLY,MEDIUM,SHORT_TERM_GOAL,75,HIGH
34,72000,52900,18000,862000,496000,1100,8,2,2,RARELY,MEDIUM,SHORT_TERM_GOAL,39,HIGH
45,53000,33900,2200,716000,382000,16900,3,3,2,MONTHLY,MEDIUM,WEALTH_CREATION,76,HIGH
55,25000,13800,9000,345000,230000,2200,9,1,1,RARELY,LOW,SHORT_TERM_GOAL,38,HIGH
35,24000,13100,6100,335000,57000,4800,11,2,3,LUMP_SUM,HIGH,WEALTH_CREATION,55,HIGH
61,35000,24100,2100,278000,88000,8800,20,2,2,RARELY,MEDIUM,WEALTH_CREATION,58,HIGH
40,41000,27300,10500,894000,448000,3200,5,1,2,MONTHLY,LOW,TAX_SAVING,54,HIGH
51,131000,103600,15400,1595000,233000,12000,21,2,4,RARELY,HIGH,WEALTH_CREATION,54,HIGH
37,48000,23800,14900,513000,48000,9300,13,2,5,MONTHLY,MEDIUM,TAX_SAVING,96,HIGH
38,47000,24400,13900,129000,33000,8700,9,2,2,MONTHLY,MEDIUM,TAX_SAVING,45,MEDIUM
65,88000,73000,0,1347000,636000,22300,1,1,2,MONTHLY,MEDIUM,WEALTH_CREATION,37,MEDIUM
53,50000,27800,9500,160000,70000,12700,16,2,3,LUMP_SUM,LOW,WEALTH_CREATION,63,HIGH
50,45000,27100,15200,712000,148000,2700,15,1,2,MONTHLY,MEDIUM,WEALTH_CREATION,39,HIGH
50,79000,38900,18900,1094000,205000,21200,20,1,1,MONTHLY,LOW,SHORT_TERM_GOAL,64,HIGH
33,47000,26800,12600,464000,66000,7600,6,2,2,MONTHLY,MEDIUM,EMERGENCY_FUND,81,HIGH
58,84000,56600,14400,489000,74000,13000,15,2,4,MONTHLY,HIGH,EMERGENCY_FUND,51,MEDIUM
40,28000,12500,14900,35000,5000,600,15,2,1,QUARTERLY,LOW,EMERGENCY_FUND,44,MEDIUM
28,41000,19900,15400,369000,32000,5700,13,1,1,MONTHLY,LOW,RETIREMENT,74,HIGH
50,68000,29800,30400,744000,259000,7800,20,1,1,MONTHLY,MEDIUM,SHORT_TERM_GOAL,38,HIGH
32,90000,62100,2000,1026000,339000,25900,11,3,5,MONTHLY,MEDIUM,EMERGENCY_FUND,90,HIGH
21,75000,37100,7400,1361000,71000,30500,5,4,2,RARELY,MEDIUM,RETIREMENT,76,HIGH
42,92000,38300,3100,402000,70000,50600,21,5,1,RARELY,HIGH,RETIREMENT,67,MEDIUM
22,21000,7200,5300,263000,21000,8500,4,4,4,QUARTERLY,HIGH,RETIREMENT,77,HIGH
46,63000,42100,12100,1006000,89000,8800,14,3,5,MONTHLY,HIGH,TAX_SAVING,77,HIGH
43,56000,34800,14600,598000,69000,6600,1,5,5,MONTHLY,MEDIUM,SHORT_TERM_GOAL,100,HIGH
28,81000,68700,8000,693000,65000,4300,8,3,2,MONTHLY,LOW,EMERGENCY_FUND,84,MEDIUM
37,80000,44700,12100,904000,215000,23200,17,3,1,MONTHLY,HIGH,TAX_SAVING,48,HIGH
36,44000,29100,6600,1489000,270000,8300,14,3,1,QUARTERLY,LOW,SHORT_TERM_GOAL,82,HIGH
22,278000,170500,54800,678000,356000,52700,5,3,4,RARELY,MEDIUM,TAX_SAVING,88,MEDIUM
35,51000,16100,27400,172000,46000,7500,3,1,1,MONTHLY,MEDIUM,RETIREMENT,41,MEDIUM
56,70000,40900,26700,381000,99000,2400,25,2,1,QUARTERLY,MEDIUM,WEALTH_CREATION,45,HIGH
35,48000,30200,0,950000,187000,25000,17,5,4,LUMP_SUM,HIGH,EMERGENCY_FUND,85,HIGH
36,50000,35100,0,333000,159000,25900,15,2,4,LUMP_SUM,MEDIUM,TAX_SAVING,68,HIGH
57,119000,71700,9700,215000,78000,37600,1,2,5,MONTHLY,MEDIUM,SHORT_TERM_GOAL,93,LOW
48,60000,33200,13300,915000,168000,13500,13,1,3,LUMP_SUM,LOW,WEALTH_CREATION,54,HIGH
28,55000,25800,21600,395000,72000,7600,2,1,2,MONTHLY,MEDIUM,WEALTH_CREATION,49,HIGH
37,57000,46200,9500,839000,375000,1300,17,4,3,QUARTERLY,HIGH,EMERGENCY_FUND,70,HIGH
30,112000,61700,31900,419000,220000,18400,3,1,3,MONTHLY,MEDIUM,TAX_SAVING,67,LOW
28,78000,48500,26100,1144000,594000,3400,18,2,4,QUARTERLY,HIGH,TAX_SAVING,68,HIGH
33,39000,27400,5000,349000,48000,6600,12,1,4,MONTHLY,LOW,SHORT_TERM_GOAL,73,HIGH
32,110000,62800,37300,1966000,160000,9900,2,5,5,LUMP_SUM,LOW,WEALTH_CREATION,100,HIGH
21,33000,27700,1700,328000,106000,3600,10,1,5,LUMP_SUM,HIGH,SHORT_TERM_GOAL,53,HIGH
62,89000,49700,30400,879000,241000,8900,11,1,3,MONTHLY,HIGH,RETIREMENT,43,HIGH
37,85000,63700,7500,946000,110000,13800,8,1,1,MONTHLY,LOW,TAX_SAVING,61,HIGH
44,61000,35500,18600,466000,235000,6900,1,1,1,LUMP_SUM,MEDIUM,SHORT_TERM_GOAL,39,LOW
54,52000,34800,0,839000,401000,17600,18,3,1,MONTHLY,LOW,RETIREMENT,52,HIGH
61,25000,22800,0,338000,64000,5400,11,2,5,MONTHLY,HIGH,WEALTH_CREATION,76,HIGH
45,58000,50500,0,757000,156000,10500,13,2,2,MONTHLY,MEDIUM,RETIREMENT,59,HIGH
34,105000,90800,0,4135000,716000,39200,7,4,5,RARELY,MEDIUM,WEALTH_CREATION,82,HIGH
63,52000,47100,1100,1142000,670000,3800,14,1,2,MONTHLY,HIGH,WEALTH_CREATION,52,HIGH
60,71000,49000,14200,563000,222000,7800,5,3,1,RARELY,LOW,WEALTH_CREATION,58,HIGH
56,72000,38300,600,975000,100000,33100,1,3,4,RARELY,MEDIUM,WEALTH_CREATION,90,MEDIUM
63,114000,104800,2300,669000,265000,6900,2,2,4,MONTHLY,HIGH,RETIREMENT,65,HIGH
33,133000,118700,0,1184000,175000,15800,1,4,5,MONTHLY,MEDIUM,WEALTH_CREATION,100,HIGH
45,87000,62800,0,2515000,319000,35300,2,3,2,QUARTERLY,LOW,EMERGENCY_FUND,56,HIGH
25,72000,39400,6800,247000,71000,25800,1,1,5,RARELY,LOW,EMERGENCY_FUND,78,LOW
64,36000,15800,17100,178000,33000,3100,22,3,4,MONTHLY,LOW,WEALTH_CREATION,88,HIGH
61,103000,63300,16300,942000,7000,23400,3,1,3,RARELY,LOW,EMERGENCY_FUND,43,LOW
49,25000,18700,0,825000,266000,11500,3,2,1,MONTHLY,MEDIUM,RETIREMENT,49,HIGH
46,47000,22400,17900,60000,8000,6700,1,3,3,MONTHLY,MEDIUM,WEALTH_CREATION,83,HIGH
30,50000,26300,100,972000,225000,23600,5,1,5,LUMP_SUM,MEDIUM,WEALTH_CREATION,69,HIGH
34,61000,36400,17400,574000,35000,7200,17,2,5,MONTHLY,MEDIUM,RETIREMENT,84,HIGH
35,239000,117400,93200,2629000,736000,28400,9,4,2,RARELY,MEDIUM,WEALTH_CREATION,67,HIGH
50,160000,127400,11000,869000,34000,21600,15,2,1,MONTHLY,MEDIUM,SHORT_TERM_GOAL,45,LOW
62,76000,69900,0,2207000,466000,20500,11,2,2,LUMP_SUM,HIGH,RETIREMENT,54,HIGH
49,86000,58700,18800,425000,62000,8500,10,3,2,MONTHLY,HIGH,WEALTH_CREATION,58,HIGH
57,27000,15500,3500,149000,12000,8000,5,1,2,MONTHLY,MEDIUM,EMERGENCY_FUND,38,LOW
26,113000,48600,54500,1244000,84000,9900,3,1,1,RARELY,MEDIUM,WEALTH_CREATION,35,MEDIUM
22,67000,58300,0,590000,58000,15600,15,2,1,MONTHLY,MEDIUM,TAX_SAVING,56,MEDIUM
45,44000,34000,0,243000,5000,12800,6,1,1,RARELY,HIGH,SHORT_TERM_GOAL,30,LOW
40,173000,145900,3800,2669000,417000,23300,12,3,3,MONTHLY,HIGH,SHORT_TERM_GOAL,57,MEDIUM
63,103000,66600,18400,3443000,1096000,18000,3,1,2,RARELY,LOW,RETIREMENT,64,HIGH
28,51000,46900,0,467000,180000,5100,12,1,3,RARELY,MEDIUM,SHORT_TERM_GOAL,41,LOW
25,133000,79400,42600,629000,475000,11000,16,2,4,LUMP_SUM,HIGH,EMERGENCY_FUND,61,HIGH
44,61000,45100,1800,646000,163000,14100,15,3,3,QUARTERLY,MEDIUM,RETIREMENT,84,HIGH
42,59000,24800,14800,476000,193000,19400,14,4,2,RARELY,HIGH,SHORT_TERM_GOAL,47,MEDIUM
57,79000,51800,18300,1038000,347000,8900,12,5,2,LUMP_SUM,LOW,TAX_SAVING,100,HIGH
53,115000,42100,54200,1273000,124000,18700,1,2,1,RARELY,MEDIUM,WEALTH_CREATION,36,MEDIUM
44,40000,18600,11100,295000,128000,10300,2,3,3,MONTHLY,HIGH,RETIREMENT,62,HIGH
52,86000,53900,19100,1379000,245000,13000,5,2,4,MONTHLY,MEDIUM,WEALTH_CREATION,70,HIGH
64,59000,22300,28500,566000,183000,8200,5,1,1,MONTHLY,HIGH,WEALTH_CREATION,41,HIGH
62,41000,25400,4500,491000,117000,11100,7,1,3,MONTHLY,LOW,WEALTH_CREATION,75,HIGH
46,66000,46000,14800,893000,529000,5200,5,3,2,MONTHLY,MEDIUM,WEALTH_CREATION,66,HIGH
54,37000,22200,6800,508000,46000,8000,1,2,5,QUARTERLY,LOW,EMERGENCY_FUND,90,HIGH
35,111000,68800,20800,1049000,191000,21400,8,2,1,QUARTERLY,MEDIUM,TAX_SAVING,48,MEDIUM
62,36000,12700,20300,904000,160000,3000,10,2,3,QUARTERLY,HIGH,WEALTH_CREATION,49,HIGH
42,71000,58700,0,856000,105000,22000,10,3,4,LUMP_SUM,LOW,TAX_SAVING,89,HIGH
34,129000,54500,67600,454000,205000,6900,4,2,3,MONTHLY,MEDIUM,WEALTH_CREATION,84,HIGH
46,73000,38100,31900,214000,86000,3000,4,2,2,LUMP_SUM,HIGH,TAX_SAVING,45,MEDIUM
57,50000,46000,100,553000,8000,3900,21,2,3,MONTHLY,LOW,TAX_SAVING,56,HIGH
52,41000,21300,8800,259000,88000,10900,16,3,1,LUMP_SUM,LOW,TAX_SAVING,67,MEDIUM
42,47000,35000,1100,1129000,322000,10900,5,2,2,MONTHLY,LOW,TAX_SAVING,66,HIGH
57,29000,10000,13800,395000,38000,5200,25,2,1,RARELY,MEDIUM,TAX_SAVING,47,HIGH
45,38000,12600,21500,157000,34000,3900,8,1,1,MONTHLY,MEDIUM,EMERGENCY_FUND,66,MEDIUM
32,45000,24000,20200,741000,265000,800,6,1,3,MONTHLY,HIGH,WEALTH_CREATION,54,HIGH
22,66000,48300,6600,492000,100000,11100,12,3,1,QUARTERLY,LOW,SHORT_TERM_GOAL,70,HIGH
54,158000,73000,73000,944000,297000,12000,6,2,3,RARELY,LOW,TAX_SAVING,70,HIGH
59,122000,87700,2300,3348000,1587000,32000,6,1,5,RARELY,MEDIUM,RETIREMENT,60,HIGH
34,62000,57000,0,1300000,423000,34100,8,2,5,RARELY,MEDIUM,RETIREMENT,77,HIGH
31,111000,102100,4700,1462000,573000,4200,15,2,4,LUMP_SUM,MEDIUM,RETIREMENT,64,HIGH
57,37000,21900,11000,237000,32000,4100,17,2,3,RARELY,LOW,SHORT_TERM_GOAL,51,HIGH
51,93000,61100,8900,909000,169000,23000,13,3,2,MONTHLY,MEDIUM,EMERGENCY_FUND,61,MEDIUM
59,93000,63900,15200,1465000,197000,13900,3,5,3,MONTHLY,LOW,RETIREMENT,90,HIGH
47,72000,59000,7100,217000,57000,5900,8,5,5,MONTHLY,LOW,RETIREMENT,100,HIGH
31,45000,16100,24700,491000,66000,4200,16,3,5,LUMP_SUM,MEDIUM,WEALTH_CREATION,75,HIGH
27,96000,70900,17500,1279000,175000,7600,11,3,1,QUARTERLY,MEDIUM,WEALTH_CREATION,66,HIGH
65,63000,47200,0,2104000,802000,18500,1,1,4,MONTHLY,HIGH,WEALTH_CREATION,56,HIGH
42,100000,49100,6700,1741000,564000,44200,3,1,1,RARELY,MEDIUM,WEALTH_CREATION,21,MEDIUM
46,51000,31200,8600,291000,60000,11200,5,1,1,QUARTERLY,MEDIUM,WEALTH_CREATION,28,LOW
23,132000,94500,0,2071000,655000,45100,13,2,3,RARELY,HIGH,TAX_SAVING,41,MEDIUM
23,56000,24000,25000,451000,177000,7000,7,1,3,MONTHLY,LOW,SHORT_TERM_GOAL,63,HIGH
54,47000,35000,9700,1599000,555000,2300,8,2,3,QUARTERLY,HIGH,SHORT_TERM_GOAL,64,HIGH
42,27000,21200,1900,162000,25000,3900,6,3,2,RARELY,MEDIUM,TAX_SAVING,58,MEDIUM
28,21000,13900,0,641000,128000,8000,2,3,2,MONTHLY,LOW,SHORT_TERM_GOAL,72,HIGH
60,44000,30700,5700,1533000,241000,7600,3,3,3,QUARTERLY,MEDIUM,SHORT_TERM_GOAL,62,HIGH
52,73000,23100,35700,63000,15000,14200,2,1,3,LUMP_SUM,MEDIUM,RETIREMENT,44,LOW
42,139000,86800,13600,2799000,708000,38600,22,2,3,LUMP_SUM,MEDIUM,WEALTH_CREATION,74,HIGH
26,127000,91400,11000,877000,67000,24600,9,4,4,QUARTERLY,MEDIUM,TAX_SAVING,84,HIGH
40,35000,26000,1400,1134000,31000,7600,4,1,1,RARELY,HIGH,WEALTH_CREATION,23,HIGH
29,133000,60200,51900,563000,21000,20900,8,2,2,QUARTERLY,HIGH,WEALTH_CREATION,50,HIGH
28,85000,52100,28600,1026000,413000,4300,4,1,1,MONTHLY,MEDIUM,SHORT_TERM_GOAL,45,MEDIUM
21,109000,75900,22100,2706000,387000,11000,7,1,3,MONTHLY,MEDIUM,SHORT_TERM_GOAL,68,HIGH
52,65000,41000,11200,685000,68000,12800,14,2,3,MONTHLY,MEDIUM,RETIREMENT,68,HIGH
51,120000,60100,25000,2023000,887000,34900,4,1,4,QUARTERLY,MEDIUM,RETIREMENT,84,HIGH
27,47000,33700,1200,752000,139000,12100,7,2,3,MONTHLY,HIGH,EMERGENCY_FUND,45,LOW
38,82000,60000,0,969000,434000,22100,9,3,1,RARELY,LOW,SHORT_TERM_GOAL,60,MEDIUM
25,77000,49300,0,414000,177000,29800,4,1,4,LUMP_SUM,MEDIUM,TAX_SAVING,68,LOW
65,51000,29100,4500,1123000,660000,17400,22,2,3,MONTHLY,HIGH,WEALTH_CREATION,65,HIGH
34,44000,34400,400,499000,235000,9200,16,1,2,MONTHLY,LOW,WEALTH_CREATION,63,HIGH
26,90000,43200,36900,471000,58000,9900,18,4,5,RARELY,LOW,SHORT_TERM_GOAL,82,HIGH
49,55000,36000,14000,76000,6000,5000,2,3,5,MONTHLY,HIGH,SHORT_TERM_GOAL,75,MEDIUM
62,88000,65000,16700,384000,97000,6300,9,1,2,MONTHLY,LOW,RETIREMENT,63,HIGH
35,81000,58600,0,1165000,116000,23800,1,1,4,RARELY,MEDIUM,WEALTH_CREATION,63,MEDIUM
27,38000,34900,0,94000,31000,9200,11,3,2,MONTHLY,HIGH,TAX_SAVING,51,LOW
52,72000,57200,0,209000,8000,18600,5,2,3,QUARTERLY,MEDIUM,TAX_SAVING,78,LOW
38,215000,152700,22100,3514000,1062000,40200,4,2,3,MONTHLY,MEDIUM,SHORT_TERM_GOAL,70,MEDIUM
54,52000,38200,0,581000,62000,28600,8,2,4,QUARTERLY,LOW,WEALTH_CREATION,85,HIGH
65,49000,32700,2400,462000,7000,13900,13,4,2,MONTHLY,HIGH,WEALTH_CREATION,66,HIGH
45,56000,34700,13400,995000,260000,7900,9,3,3,RARELY,HIGH,EMERGENCY_FUND,41,MEDIUM
53,73000,56200,2900,1696000,260000,13900,5,1,2,RARELY,HIGH,WEALTH_CREATION,22,MEDIUM
28,58000,38600,16100,1312000,389000,3300,3,1,2,MONTHLY,LOW,SHORT_TERM_GOAL,63,HIGH
26,182000,75900,62300,1696000,206000,43800,1,1,4,RARELY,LOW,WEALTH_CREATION,63,HIGH
29,129000,111300,0,4600000,1567000,18500,17,1,3,RARELY,HIGH,TAX_SAVING,42,HIGH
39,43000,25100,10200,412000,154000,7700,1,2,2,MONTHLY,LOW,SHORT_TERM_GOAL,62,LOW
39,31000,20500,7100,383000,111000,3400,20,4,1,RARELY,MEDIUM,RETIREMENT,58,HIGH
22,47000,20400,23300,697000,138000,3300,7,1,3,QUARTERLY,HIGH,TAX_SAVING,52,HIGH
54,102000,71100,21200,2473000,153000,9700,8,2,2,LUMP_SUM,MEDIUM,WEALTH_CREATION,54,HIGH
65,105000,74800,26500,1449000,576000,3700,14,2,2,LUMP_SUM,MEDIUM,TAX_SAVING,46,HIGH
64,45000,25300,11600,64000,16000,8100,3,3,4,MONTHLY,LOW,SHORT_TERM_GOAL,100,MEDIUM
24,49000,36000,6900,99000,42000,6100,11,2,2,MONTHLY,HIGH,WEALTH_CREATION,65,MEDIUM
39,43000,23400,13900,668000,114000,5700,6,1,4,MONTHLY,MEDIUM,RETIREMENT,55,HIGH
30,243000,98400,122700,1482000,252000,21900,16,1,4,MONTHLY,MEDIUM,RETIREMENT,51,HIGH
45,66000,31400,17500,956000,162000,17100,17,2,4,RARELY,MEDIUM,TAX_SAVING,49,HIGH
61,65000,43300,15200,286000,86000,6500,17,3,4,RARELY,HIGH,SHORT_TERM_GOAL,44,MEDIUM
25,93000,43100,22700,565000,186000,27200,2,1,4,RARELY,LOW,WEALTH_CREATION,69,MEDIUM
28,41000,25200,0,745000,158000,18600,9,1,3,LUMP_SUM,LOW,TAX_SAVING,79,HIGH
39,94000,68200,10000,412000,82000,15800,3,1,1,MONTHLY,MEDIUM,EMERGENCY_FUND,50,LOW
61,36000,21400,6500,574000,71000,8100,17,4,1,LUMP_SUM,MEDIUM,WEALTH_CREATION,66,HIGH
22,64000,25600,21800,147000,37000,16600,16,1,4,MONTHLY,LOW,TAX_SAVING,70,HIGH
43,54000,38800,11300,533000,26000,3900,6,2,3,MONTHLY,MEDIUM,EMERGENCY_FUND,66,HIGH
59,79000,70100,5300,589000,102000,3600,21,3,2,QUARTERLY,HIGH,TAX_SAVING,41,MEDIUM
26,45000,27000,10800,823000,178000,7200,14,3,1,QUARTERLY,MEDIUM,EMERGENCY_FUND,62,HIGH
61,88000,41900,27800,921000,213000,18300,8,2,1,QUARTERLY,LOW,WEALTH_CREATION,51,HIGH
44,98000,64500,1000,2209000,1161000,32500,8,2,2,MONTHLY,HIGH,TAX_SAVING,55,HIGH
29,128000,100000,17500,3193000,1124000,10500,2,4,5,MONTHLY,HIGH,RETIREMENT,76,HIGH
54,45000,29500,6800,377000,167000,8700,10,1,1,RARELY,MEDIUM,WEALTH_CREATION,36,MEDIUM
44,44000,23700,10300,385000,29000,10000,11,1,5,LUMP_SUM,LOW,RETIREMENT,84,HIGH
28,97000,65900,15600,83000,10000,15500,6,4,5,QUARTERLY,HIGH,EMERGENCY_FUND,67,MEDIUM
58,68000,30900,28100,426000,182000,9000,21,3,2,LUMP_SUM,MEDIUM,WEALTH_CREATION,67,HIGH
28,59000,53700,2200,453000,106000,3100,17,4,4,RARELY,LOW,WEALTH_CREATION,85,HIGH
34,82000,49300,22600,710000,313000,10100,2,4,5,LUMP_SUM,HIGH,WEALTH_CREATION,71,HIGH
34,93000,55900,20700,257000,48000,16400,1,1,2,MONTHLY,LOW,EMERGENCY_FUND,58,LOW
31,100000,55500,34000,576000,263000,10500,9,1,1,MONTHLY,HIGH,SHORT_TERM_GOAL,25,LOW
63,79000,36500,24400,286000,23000,18100,13,4,3,RARELY,HIGH,SHORT_TERM_GOAL,62,MEDIUM
57,41000,26800,5500,207000,20000,8700,5,4,2,MONTHLY,HIGH,RETIREMENT,72,MEDIUM
31,99000,42900,48000,1003000,65000,8100,7,1,1,MONTHLY,LOW,WEALTH_CREATION,61,HIGH
54,26000,17000,0,316000,12000,10800,12,2,3,RARELY,MEDIUM,TAX_SAVING,52,MEDIUM
44,84000,31900,47200,63000,17000,4900,14,1,3,MONTHLY,HIGH,SHORT_TERM_GOAL,60,MEDIUM
26,92000,54500,21000,1543000,197000,16500,3,2,1,RARELY,LOW,WEALTH_CREATION,38,HIGH
34,46000,31900,11600,176000,34000,2500,1,1,2,LUMP_SUM,MEDIUM,RETIREMENT,48,HIGH
34,60000,23400,28700,149000,30000,7900,12,3,1,MONTHLY,LOW,TAX_SAVING,66,HIGH
39,58000,35300,0,1977000,424000,27100,15,3,2,MONTHLY,LOW,WEALTH_CREATION,86,HIGH
55,55000,39400,14800,86000,23000,800,1,2,1,LUMP_SUM,HIGH,RETIREMENT,38,LOW
35,112000,66500,41300,77000,10000,4200,7,3,3,MONTHLY,MEDIUM,EMERGENCY_FUND,71,MEDIUM
32,116000,77300,0,1049000,561000,63800,4,5,3,MONTHLY,LOW,WEALTH_CREATION,94,HIGH
44,62000,47600,12600,140000,28000,1800,1,4,2,QUARTERLY,MEDIUM,WEALTH_CREATION,75,MEDIUM
33,34000,16000,10400,170000,48000,7600,6,4,1,QUARTERLY,MEDIUM,EMERGENCY_FUND,65,MEDIUM
23,37000,16500,10700,392000,49000,9800,9,3,4,LUMP_SUM,MEDIUM,WEALTH_CREATION,71,HIGH
41,81000,54000,0,1777000,161000,30700,6,2,2,MONTHLY,MEDIUM,WEALTH_CREATION,53,HIGH
24,64000,47900,10700,401000,137000,5400,2,2,4,MONTHLY,HIGH,WEALTH_CREATION,79,MEDIUM
63,42000,33100,7200,766000,177000,1700,9,5,1,MONTHLY,HIGH,TAX_SAVING,73,HIGH
58,62000,37400,20700,647000,209000,3900,5,1,4,MONTHLY,HIGH,RETIREMENT,38,HIGH
57,20000,11200,8300,262000,26000,500,6,3,3,RARELY,MEDIUM,RETIREMENT,64,HIGH
31,77000,38800,20800,625000,58000,17400,6,1,5,LUMP_SUM,LOW,WEALTH_CREATION,86,HIGH
56,25000,11200,10500,178000,7000,3300,16,2,3,LUMP_SUM,HIGH,RETIREMENT,67,HIGH
30,70000,56700,7000,2253000,645000,6300,14,1,3,QUARTERLY,MEDIUM,TAX_SAVING,60,HIGH
37,58000,47200,0,329000,233000,28200,23,3,1,RARELY,LOW,RETIREMENT,57,MEDIUM
47,116000,92800,300,741000,192000,22900,2,1,1,MONTHLY,MEDIUM,WEALTH_CREATION,37,LOW
25,59000,53900,2900,1013000,43000,2200,2,1,3,MONTHLY,HIGH,WEALTH_CREATION,39,HIGH
32,190000,144500,9600,3610000,1167000,35900,4,1,3,MONTHLY,MEDIUM,EMERGENCY_FUND,58,HIGH
64,33000,12900,17500,189000,21000,2600,9,1,3,MONTHLY,LOW,WEALTH_CREATION,73,HIGH
29,83000,37000,6700,965000,140000,39300,5,4,3,MONTHLY,MEDIUM,WEALTH_CREATION,62,HIGH
41,67000,34400,15600,1526000,204000,17000,5,4,1,RARELY,MEDIUM,SHORT_TERM_GOAL,62,HIGH
32,37000,25200,0,733000,38000,11900,6,5,3,RARELY,MEDIUM,RETIREMENT,78,HIGH
55,27000,12400,2900,158000,16000,11700,1,2,2,LUMP_SUM,MEDIUM,WEALTH_CREATION,55,LOW
45,138000,109800,0,3319000,617000,36400,22,1,1,RARELY,MEDIUM,TAX_SAVING,32,HIGH
30,76000,45400,24100,333000,36000,6500,15,4,2,MONTHLY,MEDIUM,EMERGENCY_FUND,66,HIGH
36,100000,73400,0,1825000,336000,34000,5,1,5,LUMP_SUM,MEDIUM,WEALTH_CREATION,85,HIGH
49,63000,55000,0,879000,129000,11900,10,1,4,QUARTERLY,LOW,TAX_SAVING,61,HIGH
63,41000,13600,23600,208000,62000,3800,17,3,3,MONTHLY,HIGH,RETIREMENT,63,HIGH
27,44000,31700,900,368000,184000,11400,9,1,5,RARELY,MEDIUM,RETIREMENT,69,MEDIUM
57,47000,37800,0,424000,45000,18300,6,1,1,RARELY,MEDIUM,SHORT_TERM_GOAL,46,LOW
45,30000,19800,1600,290000,153000,8600,14,2,1,MONTHLY,MEDIUM,SHORT_TERM_GOAL,48,MEDIUM
27,112000,94000,11000,1357000,32000,7000,11,2,1,MONTHLY,MEDIUM,SHORT_TERM_GOAL,52,HIGH
26,50000,38300,0,580000,103000,12300,6,3,3,MONTHLY,MEDIUM,RETIREMENT,57,HIGH
48,74000,46700,8100,1389000,247000,19200,1,2,1,RARELY,LOW,SHORT_TERM_GOAL,50,LOW
61,69000,50300,12800,3659000,1593000,5900,5,1,4,QUARTERLY,MEDIUM,WEALTH_CREATION,57,HIGH
62,70000,49700,0,1371000,561000,23800,2,4,2,MONTHLY,MEDIUM,EMERGENCY_FUND,70,HIGH
29,65000,18400,43000,237000,6000,3600,17,5,3,RARELY,MEDIUM,SHORT_TERM_GOAL,71,HIGH
24,29000,15500,11400,99000,9000,2100,6,2,1,MONTHLY,MEDIUM,TAX_SAVING,57,MEDIUM
57,37000,28800,0,114000,42000,10800,7,3,3,LUMP_SUM,LOW,RETIREMENT,54,HIGH
62,30000,13500,4200,460000,87000,12300,2,1,5,LUMP_SUM,MEDIUM,EMERGENCY_FUND,84,MEDIUM
53,44000,22500,0,285000,86000,24200,18,1,4,LUMP_SUM,MEDIUM,WEALTH_CREATION,60,MEDIUM
42,99000,31900,40800,157000,8000,26300,8,2,5,MONTHLY,LOW,SHORT_TERM_GOAL,92,MEDIUM
40,59000,44700,1000,653000,139000,13300,3,4,3,QUARTERLY,MEDIUM,EMERGENCY_FUND,83,HIGH
65,66000,48500,0,1767000,553000,23200,6,3,5,MONTHLY,HIGH,WEALTH_CREATION,94,HIGH
21,201000,153100,0,307000,215000,81000,5,4,5,RARELY,MEDIUM,EMERGENCY_FUND,100,LOW
49,92000,38900,51100,703000,316000,2000,4,3,1,MONTHLY,MEDIUM,SHORT_TERM_GOAL,44,MEDIUM
21,40000,25900,1900,370000,19000,12200,10,1,3,MONTHLY,HIGH,SHORT_TERM_GOAL,53,LOW
23,57000,27600,27100,635000,135000,2300,8,1,3,MONTHLY,MEDIUM,WEALTH_CREATION,53,HIGH
34,94000,53400,18600,1560000,103000,22000,18,1,1,QUARTERLY,LOW,WEALTH_CREATION,61,HIGH
65,92000,84600,500,1939000,299000,6900,1,4,1,MONTHLY,MEDIUM,EMERGENCY_FUND,69,HIGH
64,118000,90400,0,966000,480000,49300,4,4,2,RARELY,LOW,WEALTH_CREATION,64,MEDIUM
43,67000,30400,10300,21000,2000,26300,9,1,2,RARELY,LOW,EMERGENCY_FUND,48,LOW
43,148000,113600,1100,713000,198000,33300,13,4,3,MONTHLY,HIGH,WEALTH_CREATION,84,HIGH
54,133000,63000,59800,560000,110000,10200,18,3,2,RARELY,MEDIUM,WEALTH_CREATION,66,HIGH
31,98000,70500,11500,376000,101000,16000,1,5,5,QUARTERLY,HIGH,EMERGENCY_FUND,95,LOW
21,25000,9700,7200,84000,6000,8100,7,4,2,MONTHLY,LOW,SHORT_TERM_GOAL,97,HIGH
59,62000,42000,1000,781000,307000,19000,10,4,1,LUMP_SUM,MEDIUM,WEALTH_CREATION,62,HIGH
55,58000,28800,11400,697000,159000,17800,16,4,3,LUMP_SUM,HIGH,RETIREMENT,64,HIGH
26,92000,53600,21800,182000,47000,16600,12,2,2,MONTHLY,MEDIUM,WEALTH_CREATION,63,HIGH
45,39000,35400,300,842000,98000,3300,11,5,3,QUARTERLY,HIGH,SHORT_TERM_GOAL,70,HIGH
47,42000,21300,18800,169000,7000,1900,20,5,1,MONTHLY,LOW,RETIREMENT,100,HIGH
33,80000,59400,0,181000,17000,21300,12,3,3,LUMP_SUM,MEDIUM,EMERGENCY_FUND,65,LOW
61,54000,42500,0,1518000,333000,15300,2,1,2,MONTHLY,MEDIUM,WEALTH_CREATION,51,HIGH
60,116000,102700,8500,1108000,356000,4800,2,2,4,RARELY,MEDIUM,RETIREMENT,70,MEDIUM
63,73000,67100,0,1337000,20000,8000,20,4,5,MONTHLY,LOW,RETIREMENT,92,HIGH
56,51000,30500,10800,534000,252000,9700,8,3,1,LUMP_SUM,HIGH,WEALTH_CREATION,33,MEDIUM
30,41000,17100,14500,132000,42000,9400,19,1,5,MONTHLY,MEDIUM,TAX_SAVING,77,HIGH
30,63000,39700,17000,364000,216000,6300,15,3,3,MONTHLY,LOW,WEALTH_CREATION,77,HIGH
30,68000,44200,7300,509000,62000,16500,12,4,1,MONTHLY,MEDIUM,EMERGENCY_FUND,68,MEDIUM
54,74000,62000,4300,774000,204000,7700,6,4,3,MONTHLY,MEDIUM,RETIREMENT,61,HIGH
53,56000,44100,0,1794000,560000,12000,7,1,1,RARELY,HIGH,SHORT_TERM_GOAL,13,HIGH
31,148000,90300,10900,1495000,510000,46800,3,5,2,MONTHLY,HIGH,TAX_SAVING,83,MEDIUM
62,32000,23400,0,439000,235000,12400,4,2,2,MONTHLY,MEDIUM,WEALTH_CREATION,49,HIGH
45,26000,15000,5100,537000,143000,5900,6,1,1,MONTHLY,MEDIUM,WEALTH_CREATION,67,HIGH
38,26000,19400,3000,173000,71000,3600,1,1,2,MONTHLY,LOW,WEALTH_CREATION,55,MEDIUM
27,23000,10500,10800,245000,144000,1700,8,1,2,RARELY,LOW,EMERGENCY_FUND,54,HIGH
49,102000,93800,0,2097000,713000,29800,5,1,1,LUMP_SUM,MEDIUM,WEALTH_CREATION,45,HIGH
58,77000,42400,2000,1049000,247000,32600,5,3,2,MONTHLY,MEDIUM,TAX_SAVING,85,MEDIUM
26,60000,45000,5800,1014000,237000,9200,2,4,3,MONTHLY,MEDIUM,RETIREMENT,77,HIGH
44,90000,59900,17900,918000,85000,12200,19,3,3,QUARTERLY,MEDIUM,RETIREMENT,81,HIGH
48,119000,79100,0,2311000,188000,49900,4,2,2,QUARTERLY,MEDIUM,RETIREMENT,71,HIGH
63,83000,53800,20400,1621000,125000,8800,17,2,5,MONTHLY,LOW,SHORT_TERM_GOAL,100,HIGH
49,21000,15800,4800,114000,38000,400,4,2,2,RARELY,LOW,TAX_SAVING,63,LOW
30,51000,25400,17100,362000,38000,8500,2,2,2,MONTHLY,HIGH,TAX_SAVING,58,MEDIUM
46,58000,37900,9100,1107000,295000,11000,1,1,3,QUARTERLY,MEDIUM,TAX_SAVING,68,HIGH
55,108000,50400,46200,545000,193000,11400,14,4,5,MONTHLY,HIGH,TAX_SAVING,88,HIGH
32,61000,53100,2900,96000,32000,5000,13,1,5,LUMP_SUM,MEDIUM,EMERGENCY_FUND,54,LOW
51,77000,52700,0,1482000,527000,32500,20,1,1,MONTHLY,LOW,SHORT_TERM_GOAL,40,HIGH
22,53000,39100,0,879000,251000,21000,16,4,1,MONTHLY,MEDIUM,TAX_SAVING,63,HIGH
49,24000,22000,0,1011000,294000,8700,4,2,4,RARELY,MEDIUM,TAX_SAVING,49,HIGH
25,90000,82800,1100,970000,185000,6100,18,4,3,MONTHLY,HIGH,WEALTH_CREATION,88,HIGH
35,76000,50900,2200,1410000,45000,22900,13,1,3,MONTHLY,LOW,SHORT_TERM_GOAL,69,HIGH
32,55000,38400,0,1557000,131000,19600,5,4,3,QUARTERLY,HIGH,WEALTH_CREATION,61,HIGH
21,159000,108700,21200,3208000,1197000,29100,3,5,3,MONTHLY,LOW,WEALTH_CREATION,100,HIGH
31,40000,28500,8000,577000,122000,3500,21,3,2,MONTHLY,MEDIUM,EMERGENCY_FUND,76,HIGH
48,31000,14400,1300,286000,67000,15300,10,1,3,MONTHLY,LOW,EMERGENCY_FUND,68,MEDIUM
23,24000,16500,0,167000,80000,8900,7,2,3,MONTHLY,HIGH,WEALTH_CREATION,54,LOW
37,70000,36500,19000,18000,1000,14500,16,2,4,RARELY,MEDIUM,WEALTH_CREATION,74,MEDIUM
28,91000,60700,27300,429000,25000,3000,4,1,5,MONTHLY,MEDIUM,RETIREMENT,86,HIGH
65,122000,52600,32100,411000,258000,37300,3,1,1,RARELY,HIGH,RETIREMENT,30,LOW
27,54000,33800,11400,1296000,61000,8800,15,3,5,RARELY,LOW,TAX_SAVING,97,HIGH
53,78000,31800,10700,716000,167000,35500,6,2,1,MONTHLY,MEDIUM,EMERGENCY_FUND,57,LOW
30,138000,90300,14000,860000,153000,33700,1,5,3,MONTHLY,MEDIUM,RETIREMENT,98,HIGH
58,27000,13700,0,149000,25000,13800,4,3,2,QUARTERLY,HIGH,WEALTH_CREATION,54,LOW
65,56000,43300,7000,221000,23000,5700,3,1,3,LUMP_SUM,MEDIUM,WEALTH_CREATION,52,LOW
29,80000,53200,5300,972000,147000,21500,1,1,4,MONTHLY,MEDIUM,RETIREMENT,54,MEDIUM
57,49000,35300,0,414000,158000,14600,9,2,5,MONTHLY,MEDIUM,WEALTH_CREATION,80,HIGH
59,27000,17300,0,1075000,115000,11600,5,2,1,RARELY,LOW,RETIREMENT,49,HIGH
35,72000,42900,15400,1073000,761000,13700,23,1,1,RARELY,HIGH,SHORT_TERM_GOAL,24,HIGH
64,52000,33900,8400,486000,333000,9700,4,2,4,RARELY,MEDIUM,SHORT_TERM_GOAL,61,MEDIUM
24,66000,40500,20600,115000,62000,4900,5,5,1,QUARTERLY,LOW,RETIREMENT,80,HIGH
56,124000,34300,74000,283000,4000,15700,4,1,5,MONTHLY,MEDIUM,EMERGENCY_FUND,69,HIGH
48,55000,36900,0,483000,364000,25800,6,3,5,RARELY,LOW,EMERGENCY_FUND,80,LOW
61,65000,44300,14600,876000,234000,6100,3,4,1,RARELY,LOW,WEALTH_CREATION,55,HIGH
60,56000,36300,11800,639000,325000,7900,8,3,4,MONTHLY,HIGH,RETIREMENT,72,HIGH
57,62000,45000,0,1246000,160000,34100,1,1,4,QUARTERLY,MEDIUM,WEALTH_CREATION,73,HIGH
53,68000,45600,0,2567000,679000,25700,5,1,3,RARELY,HIGH,RETIREMENT,39,HIGH
27,71000,31200,24900,546000,153000,14900,23,1,4,MONTHLY,MEDIUM,WEALTH_CREATION,55,HIGH
37,130000,59500,4300,2177000,887000,66200,12,1,4,QUARTERLY,MEDIUM,RETIREMENT,56,HIGH
39,44000,24800,10900,1249000,451000,8300,6,3,3,LUMP_SUM,MEDIUM,EMERGENCY_FUND,78,HIGH
28,36000,14200,15600,343000,77000,6200,19,3,4,LUMP_SUM,LOW,RETIREMENT,77,HIGH
46,45000,21600,21900,385000,201000,1500,5,1,4,LUMP_SUM,MEDIUM,SHORT_TERM_GOAL,76,HIGH
61,58000,32300,1400,880000,304000,24300,11,1,3,MONTHLY,HIGH,WEALTH_CREATION,55,HIGH
21,28000,23200,1300,222000,80000,3500,2,2,1,MONTHLY,LOW,WEALTH_CREATION,63,HIGH
46,35000,18400,8900,105000,26000,7700,4,2,4,QUARTERLY,MEDIUM,SHORT_TERM_GOAL,57,MEDIUM
48,23000,13200,4700,219000,79000,5100,2,2,2,RARELY,MEDIUM,TAX_SAVING,60,LOW
51,64000,47500,4000,967000,104000,12500,1,1,5,MONTHLY,HIGH,TAX_SAVING,57,HIGH
61,129000,104500,11500,661000,255000,13000,11,2,3,QUARTERLY,MEDIUM,EMERGENCY_FUND,75,MEDIUM
57,107000,44700,18100,586000,326000,44200,17,3,2,RARELY,LOW,EMERGENCY_FUND,73,MEDIUM
50,33000,28100,0,1373000,430000,13100,14,1,2,MONTHLY,MEDIUM,RETIREMENT,62,HIGH
56,60000,29900,7200,80000,1000,22900,7,1,3,MONTHLY,MEDIUM,EMERGENCY_FUND,68,MEDIUM
25,78000,43000,2000,848000,6000,33000,16,1,3,MONTHLY,MEDIUM,EMERGENCY_FUND,66,LOW
24,98000,46400,24700,1280000,397000,26900,24,4,4,MONTHLY,LOW,EMERGENCY_FUND,100,HIGH
32,60000,23700,30200,227000,16000,6100,19,1,1,QUARTERLY,HIGH,WEALTH_CREATION,42,MEDIUM
29,35000,15700,18300,57000,4000,1000,15,1,3,MONTHLY,HIGH,TAX_SAVING,58,HIGH
34,70000,47700,20900,748000,25000,1400,14,3,4,RARELY,LOW,WEALTH_CREATION,87,HIGH
51,117000,65800,43300,408000,49000,7900,18,1,1,RARELY,HIGH,TAX_SAVING,35,MEDIUM
49,112000,70900,26900,1797000,125000,14200,7,3,4,MONTHLY,HIGH,WEALTH_CREATION,90,HIGH
43,74000,41200,27100,863000,45000,5700,12,3,4,RARELY,MEDIUM,TAX_SAVING,75,HIGH
53,79000,22200,48100,276000,7000,8700,22,5,1,MONTHLY,MEDIUM,EMERGENCY_FUND,84,HIGH
23,24000,14100,2800,189000,44000,7100,9,2,2,MONTHLY,LOW,SHORT_TERM_GOAL,57,HIGH
33,103000,94700,5700,172000,17000,2600,4,1,1,QUARTERLY,MEDIUM,EMERGENCY_FUND,47,LOW
28,111000,88000,6000,3845000,623000,17000,9,4,1,RARELY,HIGH,RETIREMENT,57,HIGH
23,69000,42700,13000,255000,41000,13300,4,2,4,RARELY,MEDIUM,SHORT_TERM_GOAL,66,LOW
63,32000,18100,7500,477000,88000,6400,2,1,1,MONTHLY,HIGH,EMERGENCY_FUND,43,LOW
55,45000,17400,8000,448000,83000,19600,18,2,4,MONTHLY,HIGH,RETIREMENT,78,HIGH
43,52000,44000,1900,1025000,70000,6100,3,1,2,MONTHLY,LOW,TAX_SAVING,68,HIGH
22,107000,63600,33600,981000,505000,9800,1,4,3,RARELY,HIGH,RETIREMENT,67,HIGH
45,78000,63000,0,1447000,214000,32700,6,1,5,LUMP_SUM,HIGH,WEALTH_CREATION,61,MEDIUM
46,63000,45400,10300,481000,86000,7300,5,2,1,MONTHLY,LOW,WEALTH_CREATION,70,HIGH
27,100000,20000,61500,1005000,505000,18500,16,2,4,MONTHLY,MEDIUM,EMERGENCY_FUND,63,HIGH
65,49000,31200,0,878000,266000,26700,11,1,2,LUMP_SUM,HIGH,RETIREMENT,50,MEDIUM
25,68000,46400,0,831000,198000,36700,2,2,2,LUMP_SUM,MEDIUM,WEALTH_CREATION,45,MEDIUM
27,116000,64600,9700,2015000,296000,41700,4,3,3,MONTHLY,HIGH,EMERGENCY_FUND,65,MEDIUM
27,101000,77700,0,1083000,151000,38200,10,1,5,MONTHLY,MEDIUM,WEALTH_CREATION,73,HIGH
31,78000,57900,0,2305000,133000,33000,22,1,5,LUMP_SUM,HIGH,TAX_SAVING,67,HIGH
52,115000,36300,75000,1035000,636000,3700,17,1,4,MONTHLY,MEDIUM,WEALTH_CREATION,68,HIGH
58,99000,59800,11400,163000,65000,27800,4,4,5,MONTHLY,HIGH,SHORT_TERM_GOAL,94,MEDIUM
28,108000,99300,0,4269000,1040000,9600,4,4,3,MONTHLY,LOW,SHORT_TERM_GOAL,91,HIGH
25,102000,41100,48400,783000,421000,12500,12,1,3,RARELY,HIGH,WEALTH_CREATION,37,HIGH
41,47000,34100,0,538000,352000,18400,6,2,3,MONTHLY,MEDIUM,RETIREMENT,76,HIGH
63,114000,68500,27100,1161000,415000,18400,7,1,2,RARELY,MEDIUM,RETIREMENT,47,MEDIUM
51,71000,46100,15400,215000,102000,9500,3,1,2,LUMP_SUM,MEDIUM,RETIREMENT,61,MEDIUM
56,67000,50900,12800,1175000,312000,3300,3,1,4,RARELY,MEDIUM,RETIREMENT,63,HIGH
34,127000,55600,67300,953000,113000,4100,20,2,1,MONTHLY,MEDIUM,WEALTH_CREATION,53,HIGH
49,60000,29900,12800,727000,251000,17300,2,3,1,RARELY,MEDIUM,WEALTH_CREATION,53,HIGH
46,86000,52100,10400,367000,147000,23500,7,1,2,QUARTERLY,MEDIUM,WEALTH_CREATION,44,MEDIUM
57,69000,56600,5800,470000,47000,6600,22,1,3,MONTHLY,HIGH,WEALTH_CREATION,34,MEDIUM
49,49000,35800,3200,846000,247000,10000,9,4,4,MONTHLY,MEDIUM,EMERGENCY_FUND,91,HIGH
56,83000,55400,0,1969000,701000,43600,12,5,3,QUARTERLY,LOW,SHORT_TERM_GOAL,100,HIGH
43,81000,53500,24800,1198000,240000,2700,3,2,3,QUARTERLY,MEDIUM,RETIREMENT,48,HIGH
48,147000,91300,48700,856000,46000,7000,1,1,2,MONTHLY,HIGH,SHORT_TERM_GOAL,47,LOW
24,44000,21900,15100,695000,125000,7000,16,2,1,MONTHLY,LOW,RETIREMENT,73,HIGH
55,49000,41000,3700,866000,90000,4300,7,2,2,MONTHLY,LOW,WEALTH_CREATION,69,HIGH
26,125000,45600,71000,430000,22000,8400,4,1,3,QUARTERLY,HIGH,WEALTH_CREATION,71,HIGH
65,85000,70500,0,401000,43000,44300,1,1,2,LUMP_SUM,LOW,TAX_SAVING,50,LOW
24,68000,52600,11500,344000,129000,3900,5,4,4,QUARTERLY,HIGH,SHORT_TERM_GOAL,75,MEDIUM
52,28000,22600,3400,702000,49000,2000,5,2,1,QUARTERLY,MEDIUM,EMERGENCY_FUND,44,HIGH
33,130000,98600,0,234000,44000,34900,5,1,4,RARELY,HIGH,WEALTH_CREATION,46,LOW
31,21000,11900,1200,192000,56000,7900,1,4,1,MONTHLY,HIGH,WEALTH_CREATION,56,MEDIUM
21,131000,69400,48900,888000,657000,12700,2,1,2,MONTHLY,MEDIUM,WEALTH_CREATION,45,HIGH
26,114000,90100,0,2326000,1036000,51800,12,2,4,MONTHLY,MEDIUM,WEALTH_CREATION,72,HIGH
43,48000,29300,4800,319000,127000,13900,10,1,1,MONTHLY,LOW,WEALTH_CREATION,56,HIGH
39,61000,43000,0,3034000,453000,18900,3,5,4,RARELY,HIGH,RETIREMENT,82,HIGH
56,123000,66700,34500,1351000,163000,21800,6,1,3,RARELY,LOW,SHORT_TERM_GOAL,52,MEDIUM
35,40000,18700,12800,196000,2000,8500,17,3,2,LUMP_SUM,MEDIUM,WEALTH_CREATION,63,HIGH
58,119000,106200,0,1892000,576000,19700,18,1,2,MONTHLY,HIGH,WEALTH_CREATION,48,HIGH
43,106000,33000,57800,389000,281000,15200,17,1,2,QUARTERLY,MEDIUM,WEALTH_CREATION,59,HIGH
65,39000,17100,13700,213000,67000,8200,11,3,1,MONTHLY,HIGH,SHORT_TERM_GOAL,40,MEDIUM
32,97000,84800,0,1681000,398000,22700,6,3,3,MONTHLY,MEDIUM,WEALTH_CREATION,63,HIGH
53,144000,114900,0,2363000,786000,54200,14,2,1,RARELY,MEDIUM,SHORT_TERM_GOAL,28,LOW
58,91000,61900,13000,1300000,77000,16100,14,3,2,MONTHLY,HIGH,SHORT_TERM_GOAL,44,MEDIUM
40,75000,40500,27300,386000,169000,7200,11,3,1,MONTHLY,MEDIUM,SHORT_TERM_GOAL,59,LOW
59,30000,23300,2300,254000,97000,4400,15,1,4,MONTHLY,MEDIUM,SHORT_TERM_GOAL,79,HIGH
62,50000,43500,0,246000,16000,8300,2,1,5,LUMP_SUM,LOW,WEALTH_CREATION,88,MEDIUM
61,46000,26000,11700,425000,194000,8300,5,1,3,LUMP_SUM,LOW,SHORT_TERM_GOAL,51,MEDIUM
63,74000,30300,19900,704000,25000,23800,3,2,2,MONTHLY,LOW,WEALTH_CREATION,62,HIGH
50,48000,30800,11300,314000,239000,5900,15,4,1,MONTHLY,HIGH,WEALTH_CREATION,52,HIGH
30,146000,90600,35400,1296000,4000,20000,2,3,3,MONTHLY,MEDIUM,TAX_SAVING,81,MEDIUM
26,183000,129100,0,1730000,998000,79000,9,5,2,MONTHLY,HIGH,RETIREMENT,80,HIGH
29,55000,37800,3100,924000,34000,14100,3,2,3,MONTHLY,MEDIUM,WEALTH_CREATION,44,MEDIUM
58,59000,42800,8300,974000,213000,7900,4,1,3,MONTHLY,HIGH,TAX_SAVING,41,HIGH
60,60000,37400,21000,283000,66000,1600,6,1,5,MONTHLY,LOW,SHORT_TERM_GOAL,91,HIGH
30,211000,57000,116500,881000,181000,37500,9,1,5,RARELY,MEDIUM,WEALTH_CREATION,55,HIGH
41,110000,84700,19800,1619000,239000,5500,4,4,2,RARELY,MEDIUM,SHORT_TERM_GOAL,79,HIGH
23,177000,46700,96700,50000,11000,33600,8,3,3,LUMP_SUM,HIGH,WEALTH_CREATION,67,MEDIUM
40,65000,44100,18200,584000,129000,2700,23,2,2,MONTHLY,MEDIUM,TAX_SAVING,66,HIGH
42,226000,135800,39900,1320000,92000,50300,5,4,2,QUARTERLY,HIGH,RETIREMENT,80,MEDIUM
55,60000,41500,0,1212000,339000,20500,22,1,3,RARELY,LOW,RETIREMENT,82,HIGH
45,44000,31800,4000,434000,54000,8200,7,1,4,MONTHLY,MEDIUM,TAX_SAVING,73,HIGH
62,65000,41700,14000,1472000,903000,9300,1,1,2,LUMP_SUM,HIGH,EMERGENCY_FUND,40,HIGH
55,77000,51400,18300,973000,156000,7300,18,1,2,QUARTERLY,HIGH,EMERGENCY_FUND,36,HIGH
33,127000,92800,14200,321000,194000,20000,2,3,1,RARELY,HIGH,TAX_SAVING,34,LOW
26,58000,33500,12500,999000,205000,12000,8,5,2,MONTHLY,MEDIUM,TAX_SAVING,89,HIGH
64,30000,21300,0,1042000,129000,10200,9,4,2,RARELY,LOW,RETIREMENT,62,HIGH
29,35000,16900,15200,242000,16000,2900,7,4,3,QUARTERLY,LOW,WEALTH_CREATION,92,HIGH
31,77000,58800,9900,776000,389000,8300,3,2,1,LUMP_SUM,MEDIUM,WEALTH_CREATION,58,HIGH
52,48000,28200,0,873000,436000,21900,9,3,1,QUARTERLY,MEDIUM,TAX_SAVING,51,HIGH
39,99000,34900,29800,1054000,604000,34300,7,1,4,MONTHLY,MEDIUM,SHORT_TERM_GOAL,77,HIGH
25,54000,34000,17900,289000,11000,2100,3,1,2,QUARTERLY,MEDIUM,TAX_SAVING,58,MEDIUM
37,93000,79900,0,2296000,438000,28500,3,1,4,QUARTERLY,LOW,WEALTH_CREATION,80,HIGH
63,72000,39000,27100,1078000,248000,5900,6,2,2,RARELY,LOW,EMERGENCY_FUND,55,HIGH
64,29000,20400,7900,298000,136000,700,4,4,1,LUMP_SUM,HIGH,TAX_SAVING,51,HIGH
32,60000,39200,7300,315000,111000,13500,5,1,2,RARELY,LOW,SHORT_TERM_GOAL,43,LOW
59,76000,53100,22500,406000,167000,400,18,2,3,MONTHLY,HIGH,RETIREMENT,58,HIGH
23,135000,50500,60200,612000,94000,24300,2,1,4,MONTHLY,MEDIUM,EMERGENCY_FUND,66,MEDIUM
52,33000,24500,0,421000,60000,11900,15,3,2,RARELY,HIGH,RETIREMENT,42,MEDIUM
47,89000,52000,20400,329000,92000,16600,4,5,4,MONTHLY,HIGH,RETIREMENT,100,HIGH
41,33000,18900,7200,711000,179000,6900,9,3,4,RARELY,LOW,SHORT_TERM_GOAL,74,HIGH
56,112000,84500,24200,2393000,264000,3300,20,1,4,RARELY,LOW,RETIREMENT,52,HIGH
52,28000,14800,7100,356000,22000,6100,13,3,2,LUMP_SUM,MEDIUM,RETIREMENT,63,HIGH
38,43000,25400,11300,954000,270000,6300,9,1,1,MONTHLY,LOW,RETIREMENT,48,HIGH
49,88000,51600,0,1123000,113000,48400,1,1,3,MONTHLY,HIGH,RETIREMENT,62,LOW
64,57000,34300,17900,146000,113000,4800,16,1,2,QUARTERLY,MEDIUM,RETIREMENT,50,HIGH
51,22000,12700,2400,310000,41000,6900,10,2,1,QUARTERLY,HIGH,EMERGENCY_FUND,44,LOW
21,76000,64600,8200,3906000,551000,3200,6,2,3,MONTHLY,HIGH,RETIREMENT,50,HIGH
65,35000,22600,8400,492000,110000,4000,2,4,4,RARELY,HIGH,RETIREMENT,71,MEDIUM
29,53000,28400,20800,465000,139000,3800,7,1,5,QUARTERLY,LOW,WEALTH_CREATION,63,HIGH
59,41000,32500,100,1100000,233000,8400,7,2,5,MONTHLY,HIGH,RETIREMENT,64,HIGH
32,99000,46500,48800,844000,279000,3700,9,2,3,RARELY,HIGH,SHORT_TERM_GOAL,49,HIGH
30,40000,17600,14300,66000,20000,8100,12,3,3,LUMP_SUM,MEDIUM,EMERGENCY_FUND,74,HIGH
37,59000,35300,18200,111000,16000,5500,8,1,3,MONTHLY,HIGH,EMERGENCY_FUND,48,LOW
56,45000,20500,14000,586000,41000,10500,11,1,1,RARELY,MEDIUM,WEALTH_CREATION,34,MEDIUM
54,160000,80700,0,177000,65000,88000,1,2,2,LUMP_SUM,MEDIUM,WEALTH_CREATION,38,LOW
35,32000,14600,8100,360000,85000,9300,24,1,2,MONTHLY,HIGH,RETIREMENT,30,HIGH
63,107000,37200,40100,681000,39000,29700,4,1,4,MONTHLY,MEDIUM,SHORT_TERM_GOAL,62,MEDIUM
25,51000,28900,18600,100000,29000,3500,7,2,1,RARELY,LOW,SHORT_TERM_GOAL,50,MEDIUM
43,59000,24000,27400,943000,510000,7600,20,2,3,LUMP_SUM,MEDIUM,WEALTH_CREATION,71,HIGH
52,43000,34700,0,887000,220000,15300,24,1,1,MONTHLY,HIGH,EMERGENCY_FUND,54,HIGH
37,72000,49100,6200,951000,71000,16700,9,3,5,QUARTERLY,HIGH,SHORT_TERM_GOAL,71,MEDIUM
49,45000,24700,13100,926000,197000,7200,4,2,3,RARELY,MEDIUM,EMERGENCY_FUND,56,HIGH
29,69000,57300,0,2767000,940000,24000,9,1,2,MONTHLY,MEDIUM,RETIREMENT,44,HIGH
25,21000,14600,0,59000,7000,7300,7,2,4,MONTHLY,HIGH,TAX_SAVING,64,LOW
38,92000,75500,300,1010000,580000,16200,17,2,1,QUARTERLY,LOW,EMERGENCY_FUND,55,HIGH
58,100000,74900,1400,673000,85000,23700,1,1,4,LUMP_SUM,HIGH,WEALTH_CREATION,49,MEDIUM
42,38000,21800,13300,142000,49000,2900,21,1,5,MONTHLY,HIGH,TAX_SAVING,58,HIGH
58,95000,68700,0,1041000,27000,33900,7,1,1,LUMP_SUM,HIGH,RETIREMENT,36,LOW
55,64000,45600,8100,474000,220000,10300,8,2,3,MONTHLY,MEDIUM,RETIREMENT,58,HIGH
29,49000,41000,0,150000,7000,19700,11,5,5,MONTHLY,MEDIUM,EMERGENCY_FUND,100,HIGH
27,52000,44100,0,593000,81000,13900,16,1,1,MONTHLY,HIGH,TAX_SAVING,40,MEDIUM
44,47000,38200,0,494000,93000,19100,3,2,5,LUMP_SUM,LOW,EMERGENCY_FUND,91,MEDIUM
47,85000,78200,0,850000,368000,9700,1,3,5,MONTHLY,HIGH,TAX_SAVING,62,HIGH
36,40000,20800,7600,144000,28000,11600,8,4,5,MONTHLY,LOW,TAX_SAVING,98,HIGH
47,51000,38300,0,1467000,248000,22200,9,3,3,MONTHLY,HIGH,SHORT_TERM_GOAL,51,HIGH
36,43000,36400,0,679000,72000,10200,13,2,2,MONTHLY,HIGH,WEALTH_CREATION,44,HIGH
48,37000,20800,11200,458000,30000,5000,11,2,2,MONTHLY,HIGH,WEALTH_CREATION,40,HIGH
62,38000,24800,0,260000,75000,15800,12,2,1,LUMP_SUM,MEDIUM,WEALTH_CREATION,49,HIGH
46,127000,71300,37300,823000,368000,18400,5,3,2,RARELY,MEDIUM,RETIREMENT,57,MEDIUM
58,78000,53300,8300,474000,156000,16400,1,3,3,MONTHLY,LOW,WEALTH_CREATION,99,HIGH
31,35000,25100,9200,233000,41000,700,11,4,3,MONTHLY,MEDIUM,RETIREMENT,86,HIGH
57,76000,50800,21900,239000,62000,3300,19,4,1,QUARTERLY,HIGH,RETIREMENT,60,HIGH
55,22000,14500,6300,114000,46000,1200,24,1,1,MONTHLY,MEDIUM,TAX_SAVING,41,MEDIUM
58,58000,36900,3800,1000000,182000,17300,9,4,2,MONTHLY,MEDIUM,TAX_SAVING,73,HIGH
48,63000,25400,24200,318000,18000,13400,2,5,1,QUARTERLY,MEDIUM,WEALTH_CREATION,79,HIGH
24,39000,28000,9400,356000,82000,1600,13,2,2,MONTHLY,LOW,RETIREMENT,64,HIGH
50,80000,51500,6200,1324000,222000,22300,7,2,3,MONTHLY,MEDIUM,EMERGENCY_FUND,66,HIGH
32,55000,25600,24900,288000,43000,4500,21,4,2,LUMP_SUM,MEDIUM,EMERGENCY_FUND,74,HIGH
61,143000,90000,14100,3705000,1157000,38900,13,1,4,LUMP_SUM,LOW,WEALTH_CREATION,72,HIGH
30,42000,12700,21100,50000,2000,8200,2,2,4,LUMP_SUM,HIGH,WEALTH_CREATION,65,HIGH
41,27000,18300,0,313000,72000,14800,4,1,3,RARELY,LOW,WEALTH_CREATION,41,LOW
42,50000,24200,14100,315000,50000,11700,9,1,3,LUMP_SUM,HIGH,WEALTH_CREATION,60,MEDIUM
52,72000,57300,9900,1590000,1225000,4800,9,5,5,LUMP_SUM,MEDIUM,WEALTH_CREATION,100,HIGH
38,36000,27800,0,512000,94000,14800,1,2,1,MONTHLY,HIGH,RETIREMENT,39,LOW
56,34000,19300,2900,618000,257000,11800,16,4,1,RARELY,HIGH,RETIREMENT,47,HIGH
30,104000,63900,13500,443000,27000,26600,6,4,3,MONTHLY,LOW,WEALTH_CREATION,91,HIGH
34,48000,31400,0,406000,207000,20700,1,1,4,QUARTERLY,MEDIUM,SHORT_TERM_GOAL,59,LOW
49,35000,28900,2800,604000,70000,3300,6,5,4,LUMP_SUM,HIGH,WEALTH_CREATION,82,HIGH
23,28000,19900,6300,394000,49000,1800,10,1,3,MONTHLY,MEDIUM,WEALTH_CREATION,64,HIGH
42,43000,25100,10700,651000,56000,7200,22,1,2,RARELY,MEDIUM,RETIREMENT,52,HIGH
25,47000,24400,11700,958000,547000,10900,7,2,5,LUMP_SUM,MEDIUM,WEALTH_CREATION,69,HIGH
47,77000,55400,8700,1387000,221000,12900,12,2,2,RARELY,MEDIUM,WEALTH_CREATION,38,HIGH
64,64000,45500,0,1079000,368000,22100,5,1,1,LUMP_SUM,MEDIUM,WEALTH_CREATION,50,MEDIUM
55,80000,63500,12200,1381000,267000,4300,8,2,4,QUARTERLY,MEDIUM,WEALTH_CREATION,62,HIGH
54,145000,85300,54800,1097000,358000,4900,1,1,1,MONTHLY,HIGH,WEALTH_CREATION,40,MEDIUM
44,83000,51600,15300,2322000,1696000,16100,2,1,2,MONTHLY,MEDIUM,WEALTH_CREATION,40,HIGH
28,23000,13500,900,554000,202000,8600,12,1,1,MONTHLY,LOW,RETIREMENT,54,HIGH
21,44000,14000,10100,739000,85000,19900,7,3,5,RARELY,LOW,WEALTH_CREATION,80,HIGH
30,85000,60200,20900,876000,304000,3900,22,2,2,MONTHLY,HIGH,SHORT_TERM_GOAL,53,HIGH
24,68000,40900,19600,1363000,753000,7500,3,5,3,MONTHLY,HIGH,TAX_SAVING,92,HIGH
42,78000,36700,39800,770000,79000,1500,11,4,1,MONTHLY,MEDIUM,RETIREMENT,54,HIGH
54,88000,80900,0,971000,154000,22800,1,1,2,QUARTERLY,MEDIUM,WEALTH_CREATION,56,LOW
50,46000,21800,11900,544000,49000,12300,4,1,5,MONTHLY,HIGH,EMERGENCY_FUND,60,LOW
59,70000,39600,25400,582000,113000,5000,9,3,2,MONTHLY,MEDIUM,RETIREMENT,59,HIGH
22,47000,30800,9700,503000,137000,6500,11,3,3,MONTHLY,MEDIUM,TAX_SAVING,92,HIGH
65,63000,47300,0,442000,55000,25800,6,2,4,MONTHLY,MEDIUM,TAX_SAVING,78,MEDIUM
31,20000,7700,7300,420000,45000,5000,7,4,4,LUMP_SUM,HIGH,WEALTH_CREATION,89,HIGH
51,111000,102100,1400,597000,287000,7500,1,2,1,MONTHLY,HIGH,EMERGENCY_FUND,35,LOW
64,51000,36800,1900,983000,574000,12300,11,1,2,QUARTERLY,MEDIUM,RETIREMENT,51,HIGH
23,95000,37400,33900,699000,48000,23700,14,3,5,MONTHLY,HIGH,TAX_SAVING,94,HIGH
60,94000,47000,34900,1712000,1176000,12100,1,3,1,MONTHLY,HIGH,WEALTH_CREATION,64,HIGH
29,53000,30300,1700,523000,123000,21000,2,2,3,MONTHLY,MEDIUM,WEALTH_CREATION,54,HIGH
47,139000,70100,44800,3268000,1041000,24100,5,4,3,MONTHLY,HIGH,TAX_SAVING,75,HIGH
23,129000,77600,26000,3253000,1207000,25400,2,4,2,LUMP_SUM,HIGH,SHORT_TERM_GOAL,62,HIGH
36,49000,25400,11100,1885000,760000,12500,4,2,3,LUMP_SUM,HIGH,WEALTH_CREATION,65,HIGH
32,277000,180000,76100,1357000,229000,20900,11,2,1,LUMP_SUM,MEDIUM,RETIREMENT,62,MEDIUM
26,44000,20600,10200,975000,311000,13200,1,2,4,MONTHLY,HIGH,SHORT_TERM_GOAL,75,HIGH
56,81000,54300,300,432000,163000,26400,17,3,4,MONTHLY,HIGH,RETIREMENT,84,HIGH
52,56000,30900,22400,547000,85000,2700,14,1,5,MONTHLY,LOW,RETIREMENT,71,HIGH
65,68000,37600,14800,1025000,302000,15600,4,1,3,MONTHLY,MEDIUM,RETIREMENT,50,HIGH
59,110000,72300,35500,398000,107000,2200,15,2,5,MONTHLY,MEDIUM,EMERGENCY_FUND,72,HIGH
62,67000,48600,14800,1286000,427000,3600,2,1,1,LUMP_SUM,LOW,TAX_SAVING,41,HIGH
61,36000,24900,1900,370000,42000,9200,2,2,2,RARELY,LOW,SHORT_TERM_GOAL,55,LOW
29,197000,100400,5900,5114000,133000,90700,2,3,2,MONTHLY,MEDIUM,TAX_SAVING,72,HIGH
52,29000,13900,6700,190000,36000,8400,18,5,3,MONTHLY,HIGH,RETIREMENT,74,HIGH
53,44000,27000,3200,620000,160000,13800,16,3,3,QUARTERLY,LOW,RETIREMENT,73,HIGH
62,42000,22800,10800,1355000,45000,8400,6,3,3,QUARTERLY,MEDIUM,WEALTH_CREATION,74,HIGH
33,181000,71300,76200,2178000,1755000,33500,1,2,2,RARELY,LOW,WEALTH_CREATION,51,HIGH
21,49000,39300,0,473000,183000,20500,13,3,4,MONTHLY,LOW,EMERGENCY_FUND,93,HIGH
36,93000,53000,23900,1190000,194000,16100,1,2,2,MONTHLY,HIGH,RETIREMENT,70,MEDIUM
37,82000,75400,2700,1160000,243000,3900,12,3,5,MONTHLY,MEDIUM,RETIREMENT,97,HIGH
36,60000,42400,14200,1174000,623000,3400,13,1,2,MONTHLY,HIGH,TAX_SAVING,44,HIGH
60,134000,85300,33000,3887000,1329000,15700,1,1,4,LUMP_SUM,HIGH,RETIREMENT,58,HIGH
64,92000,60700,25000,1165000,161000,6300,6,3,2,MONTHLY,HIGH,WEALTH_CREATION,77,HIGH
27,50000,42400,0,998000,126000,8500,3,1,4,MONTHLY,MEDIUM,RETIREMENT,62,HIGH
26,211000,161500,6200,3795000,946000,43300,7,4,3,RARELY,LOW,TAX_SAVING,69,HIGH
52,33000,11900,17500,61000,7000,3600,1,3,2,QUARTERLY,MEDIUM,EMERGENCY_FUND,61,MEDIUM
37,52000,34100,15000,650000,27000,2900,14,1,3,MONTHLY,LOW,EMERGENCY_FUND,61,HIGH
64,115000,57000,45900,2174000,527000,12100,1,3,1,MONTHLY,MEDIUM,WEALTH_CREATION,60,HIGH
27,31000,23500,5400,102000,14000,2100,6,1,3,LUMP_SUM,MEDIUM,TAX_SAVING,69,LOW
45,78000,15600,48200,330000,21000,14200,17,1,3,QUARTERLY,MEDIUM,WEALTH_CREATION,57,HIGH
44,194000,80300,84200,636000,102000,29500,8,1,3,LUMP_SUM,LOW,EMERGENCY_FUND,50,LOW
30,101000,62500,26800,879000,289000,11700,7,1,4,QUARTERLY,HIGH,EMERGENCY_FUND,69,MEDIUM
34,93000,53500,25900,495000,164000,13600,14,3,1,LUMP_SUM,MEDIUM,WEALTH_CREATION,59,HIGH
55,87000,72600,11500,1340000,983000,2900,14,1,1,QUARTERLY,MEDIUM,TAX_SAVING,37,HIGH
35,80000,30000,23100,677000,192000,26900,3,2,2,MONTHLY,LOW,WEALTH_CREATION,88,HIGH
46,169000,132200,4400,6143000,431000,32400,7,2,2,RARELY,LOW,RETIREMENT,65,HIGH
47,39000,16800,19800,450000,226000,2400,3,1,3,RARELY,MEDIUM,RETIREMENT,45,HIGH
47,26000,9800,6100,150000,58000,10100,12,1,2,RARELY,MEDIUM,RETIREMENT,36,MEDIUM
64,81000,56700,18900,896000,124000,5400,4,3,3,LUMP_SUM,MEDIUM,EMERGENCY_FUND,96,MEDIUM
47,35000,21500,1100,311000,52000,12400,18,1,4,MONTHLY,MEDIUM,EMERGENCY_FUND,58,HIGH
25,144000,124900,0,798000,83000,39600,10,2,1,MONTHLY,HIGH,WEALTH_CREATION,36,LOW
34,127000,96200,29100,2168000,829000,1700,9,2,3,RARELY,LOW,SHORT_TERM_GOAL,50,HIGH
65,32000,20300,0,121000,23000,13300,1,3,1,LUMP_SUM,HIGH,SHORT_TERM_GOAL,43,LOW
29,98000,51200,200,4427000,652000,46600,3,1,2,RARELY,LOW,RETIREMENT,44,HIGH
38,20000,6400,9900,84000,20000,3700,12,4,1,LUMP_SUM,MEDIUM,WEALTH_CREATION,59,HIGH
21,85000,78200,0,2131000,321000,7700,12,3,3,RARELY,MEDIUM,WEALTH_CREATION,77,HIGH
22,80000,45300,0,532000,183000,35000,10,3,3,MONTHLY,MEDIUM,WEALTH_CREATION,82,HIGH
61,26000,23900,0,299000,48000,8500,3,3,3,QUARTERLY,LOW,WEALTH_CREATION,82,HIGH
54,20000,12300,5200,125000,42000,2500,1,1,2,RARELY,MEDIUM,WEALTH_CREATION,44,MEDIUM
61,146000,83100,17000,1900000,13000,45900,21,1,2,QUARTERLY,HIGH,RETIREMENT,38,HIGH
28,120000,106900,3600,2287000,497000,9500,10,1,1,LUMP_SUM,MEDIUM,SHORT_TERM_GOAL,41,MEDIUM
48,72000,26400,39200,287000,173000,6400,15,2,4,MONTHLY,MEDIUM,RETIREMENT,53,HIGH
64,31000,17500,1900,611000,201000,11600,11,3,2,LUMP_SUM,HIGH,WEALTH_CREATION,67,HIGH
37,58000,38300,8600,263000,27000,11100,13,3,4,MONTHLY,HIGH,WEALTH_CREATION,62,HIGH
54,91000,57200,10800,884000,57000,23000,10,1,4,LUMP_SUM,LOW,WEALTH_CREATION,59,HIGH
30,65000,30400,23500,295000,62000,11100,6,3,2,LUMP_SUM,LOW,WEALTH_CREATION,91,HIGH
33,41000,18800,4400,195000,31000,17800,11,4,2,RARELY,MEDIUM,WEALTH_CREATION,70,HIGH
56,178000,120400,17300,1510000,292000,40300,16,2,3,MONTHLY,HIGH,WEALTH_CREATION,60,HIGH
45,61000,36300,19700,169000,61000,5000,14,3,2,QUARTERLY,LOW,WEALTH_CREATION,79,HIGH
38,199000,82800,85200,1079000,94000,31000,7,1,5,RARELY,HIGH,WEALTH_CREATION,33,HIGH
61,29000,21600,4500,378000,149000,2900,12,1,2,RARELY,HIGH,WEALTH_CREATION,24,MEDIUM
40,63000,42900,17000,1037000,281000,3100,14,2,4,LUMP_SUM,LOW,RETIREMENT,83,HIGH
59,71000,41300,500,1077000,524000,29200,19,1,1,MONTHLY,HIGH,RETIREMENT,35,MEDIUM
40,62000,44400,100,953000,277000,17500,2,4,4,LUMP_SUM,HIGH,WEALTH_CREATION,65,HIGH
43,144000,104300,0,1715000,189000,45600,18,5,4,QUARTERLY,LOW,WEALTH_CREATION,95,HIGH
55,56000,27100,24300,578000,42000,4600,16,5,1,MONTHLY,HIGH,WEALTH_CREATION,49,HIGH
27,74000,47000,4900,2414000,236000,22100,5,1,3,RARELY,MEDIUM,EMERGENCY_FUND,37,HIGH
24,222000,197800,0,1034000,84000,42300,6,4,5,MONTHLY,LOW,WEALTH_CREATION,100,HIGH
49,72000,47500,15200,795000,227000,9300,17,1,3,RARELY,MEDIUM,WEALTH_CREATION,50,HIGH
59,51000,37800,8600,1178000,621000,4600,17,4,4,LUMP_SUM,LOW,WEALTH_CREATION,94,HIGH
55,45000,33900,0,884000,179000,20000,1,2,1,LUMP_SUM,MEDIUM,SHORT_TERM_GOAL,62,LOW
29,72000,34600,0,1614000,242000,38400,15,2,5,MONTHLY,MEDIUM,WEALTH_CREATION,87,HIGH
23,40000,32600,4900,98000,14000,2500,8,2,5,MONTHLY,LOW,SHORT_TERM_GOAL,92,MEDIUM
48,95000,84500,0,2029000,219000,18100,16,1,1,MONTHLY,HIGH,WEALTH_CREATION,22,HIGH
51,101000,63300,22500,584000,299000,15200,12,1,1,LUMP_SUM,LOW,RETIREMENT,28,MEDIUM
44,42000,25200,10700,394000,12000,6100,13,2,4,MONTHLY,MEDIUM,RETIREMENT,79,HIGH
47,106000,62100,18000,548000,287000,25900,3,2,3,MONTHLY,MEDIUM,WEALTH_CREATION,63,HIGH
47,86000,48100,12600,1081000,152000,25300,2,2,2,RARELY,MEDIUM,WEALTH_CREATION,51,MEDIUM
61,34000,17900,500,829000,244000,15600,16,3,4,QUARTERLY,MEDIUM,WEALTH_CREATION,74,HIGH
41,35000,27300,0,674000,417000,13800,15,1,1,LUMP_SUM,HIGH,WEALTH_CREATION,31,HIGH
62,77000,46500,23100,1197000,223000,7400,4,3,1,MONTHLY,MEDIUM,RETIREMENT,66,HIGH
34,43000,26800,15800,755000,139000,400,18,1,5,QUARTERLY,MEDIUM,EMERGENCY_FUND,83,HIGH
29,65000,36700,14400,1268000,202000,13900,15,2,1,RARELY,HIGH,SHORT_TERM_GOAL,40,HIGH
62,99000,56600,18800,1029000,290000,23600,13,1,3,LUMP_SUM,LOW,RETIREMENT,54,HIGH
57,73000,34000,31500,410000,81000,7500,9,2,3,MONTHLY,HIGH,WEALTH_CREATION,60,HIGH
49,59000,33300,17400,407000,125000,8300,23,2,3,QUARTERLY,MEDIUM,RETIREMENT,44,HIGH
21,101000,36300,48000,266000,133000,16700,11,2,4,LUMP_SUM,MEDIUM,WEALTH_CREATION,57,HIGH
63,40000,14600,22000,191000,31000,3400,5,3,3,QUARTERLY,MEDIUM,WEALTH_CREATION,78,HIGH
44,57000,37700,0,907000,94000,21000,2,1,1,MONTHLY,HIGH,EMERGENCY_FUND,23,LOW
40,52000,25300,23600,730000,413000,3100,5,2,1,LUMP_SUM,MEDIUM,WEALTH_CREATION,46,HIGH
28,63000,41100,19200,1222000,384000,2700,9,3,1,QUARTERLY,MEDIUM,WEALTH_CREATION,55,HIGH
44,92000,52100,11900,1198000,683000,28000,3,3,5,MONTHLY,MEDIUM,WEALTH_CREATION,90,HIGH
38,31000,22800,2600,1125000,140000,5600,14,4,5,MONTHLY,HIGH,WEALTH_CREATION,85,HIGH
63,57000,11400,22900,1168000,26000,22700,14,1,4,RARELY,MEDIUM,RETIREMENT,52,HIGH
29,92000,55100,22500,1291000,565000,14400,10,1,5,LUMP_SUM,MEDIUM,WEALTH_CREATION,82,HIGH
44,83000,42000,12000,1143000,329000,29000,2,2,3,QUARTERLY,LOW,WEALTH_CREATION,82,HIGH
62,76000,36100,32600,663000,109000,7300,4,1,1,MONTHLY,LOW,WEALTH_CREATION,47,HIGH
33,62000,47900,2700,484000,45000,11400,11,1,1,MONTHLY,MEDIUM,RETIREMENT,34,MEDIUM
63,45000,29800,8100,803000,150000,7100,2,1,4,LUMP_SUM,LOW,TAX_SAVING,63,HIGH
57,97000,82400,12400,429000,95000,2200,6,2,1,RARELY,LOW,RETIREMENT,59,MEDIUM
32,38000,23700,0,495000,217000,14300,4,1,4,RARELY,LOW,EMERGENCY_FUND,75,MEDIUM
53,97000,68400,0,1246000,301000,48100,17,3,2,RARELY,HIGH,WEALTH_CREATION,44,MEDIUM
57,47000,21300,11600,536000,61000,14100,18,1,1,RARELY,MEDIUM,WEALTH_CREATION,24,HIGH
55,223000,157900,0,4096000,1338000,76200,11,4,1,MONTHLY,MEDIUM,SHORT_TERM_GOAL,62,HIGH
58,111000,46200,17200,744000,149000,47600,5,3,3,RARELY,HIGH,WEALTH_CREATION,44,LOW
38,86000,41800,28800,105000,17000,15400,10,4,4,LUMP_SUM,MEDIUM,RETIREMENT,88,HIGH
24,20000,9700,7500,176000,46000,2800,20,3,4,QUARTERLY,MEDIUM,WEALTH_CREATION,81,HIGH
43,52000,22800,17800,549000,231000,11400,17,4,2,MONTHLY,LOW,TAX_SAVING,66,HIGH
47,42000,21800,5600,154000,96000,14600,7,1,4,MONTHLY,HIGH,TAX_SAVING,60,MEDIUM
35,20000,14200,3100,33000,17000,2700,12,3,1,QUARTERLY,MEDIUM,WEALTH_CREATION,41,HIGH
41,127000,99000,0,2100000,255000,28500,2,5,3,LUMP_SUM,MEDIUM,WEALTH_CREATION,92,HIGH
40,148000,110800,35500,1101000,351000,1700,21,2,1,MONTHLY,LOW,TAX_SAVING,64,HIGH
25,179000,105700,33100,2657000,1029000,40200,17,2,4,LUMP_SUM,MEDIUM,WEALTH_CREATION,62,HIGH
47,61000,46400,4000,1641000,879000,10600,5,3,1,MONTHLY,MEDIUM,EMERGENCY_FUND,61,HIGH
52,53000,31700,11400,137000,30000,9900,1,1,1,LUMP_SUM,MEDIUM,WEALTH_CREATION,49,LOW
46,26000,17300,0,396000,147000,8800,7,3,4,MONTHLY,HIGH,WEALTH_CREATION,81,HIGH
38,107000,58400,33100,404000,31000,15500,13,1,2,MONTHLY,MEDIUM,EMERGENCY_FUND,52,MEDIUM
33,117000,51100,28300,356000,248000,37600,22,4,3,RARELY,MEDIUM,TAX_SAVING,85,HIGH
40,115000,84100,0,1985000,664000,40100,21,4,4,MONTHLY,HIGH,RETIREMENT,67,HIGH
37,39000,17200,19500,276000,102000,2300,18,3,4,MONTHLY,MEDIUM,TAX_SAVING,88,HIGH
57,41000,30800,4500,343000,105000,5700,4,1,2,LUMP_SUM,MEDIUM,WEALTH_CREATION,48,MEDIUM
23,20000,15600,600,66000,21000,3800,13,1,1,MONTHLY,LOW,RETIREMENT,59,MEDIUM
21,175000,94100,48100,2303000,1087000,32800,7,2,3,LUMP_SUM,HIGH,WEALTH_CREATION,54,HIGH
22,91000,79500,0,271000,25000,15800,7,1,4,MONTHLY,LOW,RETIREMENT,74,HIGH
41,40000,36800,0,237000,16000,3900,10,1,2,QUARTERLY,MEDIUM,WEALTH_CREATION,56,HIGH
63,73000,30000,23100,421000,150000,19900,4,2,3,RARELY,LOW,WEALTH_CREATION,64,HIGH
32,73000,42400,23800,607000,50000,6800,1,2,5,LUMP_SUM,MEDIUM,WEALTH_CREATION,67,HIGH
64,59000,47700,900,321000,74000,10400,15,3,4,RARELY,MEDIUM,EMERGENCY_FUND,70,MEDIUM
37,158000,127800,0,3492000,313000,41400,13,1,4,LUMP_SUM,HIGH,TAX_SAVING,62,HIGH
36,107000,49200,45500,949000,352000,12300,3,1,5,MONTHLY,HIGH,WEALTH_CREATION,66,HIGH
23,37000,23200,0,602000,117000,14800,18,3,2,MONTHLY,MEDIUM,RETIREMENT,54,HIGH
43,52000,31500,9100,508000,302000,11400,8,1,5,LUMP_SUM,LOW,WEALTH_CREATION,68,HIGH
64,214000,86800,77900,1065000,619000,49300,10,5,3,QUARTERLY,MEDIUM,TAX_SAVING,93,HIGH
39,75000,52000,7300,173000,50000,15700,9,3,5,MONTHLY,MEDIUM,RETIREMENT,82,HIGH
44,96000,47900,24900,1826000,550000,23200,3,3,4,QUARTERLY,LOW,TAX_SAVING,100,HIGH
56,63000,45900,11100,247000,15000,6000,24,1,5,QUARTERLY,HIGH,WEALTH_CREATION,44,MEDIUM
34,75000,40500,17100,85000,29000,17400,5,1,3,QUARTERLY,LOW,WEALTH_CREATION,59,MEDIUM
27,57000,21800,26000,144000,45000,9200,11,1,1,MONTHLY,LOW,SHORT_TERM_GOAL,51,HIGH
50,49000,35100,11500,329000,197000,2400,9,1,1,QUARTERLY,MEDIUM,TAX_SAVING,41,MEDIUM
60,107000,46700,46800,2037000,527000,13500,16,1,1,RARELY,LOW,WEALTH_CREATION,37,HIGH
25,23000,9600,8000,63000,19000,5400,10,3,4,MONTHLY,MEDIUM,TAX_SAVING,70,HIGH
47,78000,35300,26400,477000,336000,16300,1,5,5,LUMP_SUM,LOW,WEALTH_CREATION,100,HIGH
63,33000,29100,0,608000,233000,14100,22,2,4,MONTHLY,MEDIUM,WEALTH_CREATION,75,HIGH
37,35000,11400,14300,165000,100000,9300,6,1,1,MONTHLY,LOW,RETIREMENT,56,MEDIUM
25,101000,41400,45100,517000,176000,14500,14,3,4,QUARTERLY,MEDIUM,RETIREMENT,96,HIGH
36,59000,40600,9900,382000,162000,8500,23,1,3,MONTHLY,HIGH,RETIREMENT,38,MEDIUM
24,48000,42900,0,404000,74000,7200,5,5,2,RARELY,MEDIUM,TAX_SAVING,68,MEDIUM
44,114000,43900,40400,1888000,1034000,29700,21,4,4,LUMP_SUM,LOW,RETIREMENT,91,HIGH
33,55000,25200,26800,628000,54000,3000,14,4,3,QUARTERLY,MEDIUM,WEALTH_CREATION,66,HIGH
62,117000,73100,30200,181000,72000,13700,3,2,3,MONTHLY,LOW,WEALTH_CREATION,87,HIGH
44,60000,39000,15400,1159000,407000,5600,11,1,3,MONTHLY,HIGH,WEALTH_CREATION,66,HIGH
28,124000,46700,71100,459000,207000,6200,2,1,1,LUMP_SUM,MEDIUM,TAX_SAVING,47,HIGH
63,108000,52800,19400,2022000,95000,35800,17,5,5,MONTHLY,HIGH,SHORT_TERM_GOAL,80,HIGH
47,68000,31300,32800,185000,50000,3900,3,2,4,LUMP_SUM,MEDIUM,WEALTH_CREATION,62,HIGH
61,73000,52400,18700,201000,32000,1900,9,4,3,MONTHLY,MEDIUM,WEALTH_CREATION,76,HIGH
50,80000,61400,4600,758000,209000,14000,14,1,5,QUARTERLY,HIGH,EMERGENCY_FUND,58,MEDIUM
28,37000,17700,10600,499000,106000,8700,3,2,3,QUARTERLY,LOW,RETIREMENT,71,HIGH
38,63000,42400,14300,373000,121000,6300,10,5,3,MONTHLY,MEDIUM,SHORT_TERM_GOAL,80,HIGH
43,50000,20400,24600,91000,21000,5000,6,5,3,MONTHLY,LOW,RETIREMENT,93,HIGH
31,58000,30800,1300,1160000,464000,25900,17,3,1,MONTHLY,HIGH,RETIREMENT,65,HIGH
35,93000,52100,24800,1172000,539000,16100,3,2,2,RARELY,MEDIUM,WEALTH_CREATION,54,HIGH
41,56000,46800,700,1309000,241000,8500,2,1,1,LUMP_SUM,LOW,EMERGENCY_FUND,50,HIGH
30,177000,119800,0,490000,72000,89700,13,1,2,RARELY,MEDIUM,WEALTH_CREATION,51,LOW
45,35000,32200,0,89000,38000,7800,6,3,3,QUARTERLY,MEDIUM,WEALTH_CREATION,89,MEDIUM
62,112000,32300,65300,1742000,268000,14400,14,2,1,QUARTERLY,MEDIUM,SHORT_TERM_GOAL,34,HIGH
36,54000,23600,28600,317000,126000,1800,2,1,2,MONTHLY,MEDIUM,RETIREMENT,47,HIGH
49,101000,64600,31100,572000,405000,5300,7,4,2,LUMP_SUM,HIGH,WEALTH_CREATION,66,HIGH
35,43000,24100,9200,424000,159000,9700,10,2,1,MONTHLY,MEDIUM,RETIREMENT,65,HIGH
41,146000,110200,13600,2378000,41000,22200,21,1,4,MONTHLY,HIGH,TAX_SAVING,63,HIGH
53,38000,24000,7100,373000,16000,6900,11,2,4,QUARTERLY,MEDIUM,TAX_SAVING,84,HIGH
24,38000,16000,16400,576000,190000,5600,9,3,4,RARELY,MEDIUM,TAX_SAVING,73,HIGH
57,36000,26300,3400,708000,52000,6300,17,1,1,RARELY,MEDIUM,TAX_SAVING,42,MEDIUM
29,41000,20100,14700,283000,75000,6200,11,4,4,MONTHLY,MEDIUM,EMERGENCY_FUND,100,HIGH
41,54000,31700,13500,660000,211000,8800,12,1,3,LUMP_SUM,HIGH,EMERGENCY_FUND,38,MEDIUM
64,77000,38000,38300,231000,176000,700,6,2,2,RARELY,MEDIUM,EMERGENCY_FUND,39,LOW
29,58000,29400,19400,200000,47000,9200,2,1,3,MONTHLY,HIGH,WEALTH_CREATION,58,MEDIUM
43,50000,10000,32700,209000,12000,7300,1,2,1,LUMP_SUM,LOW,WEALTH_CREATION,64,HIGH
55,99000,36100,31900,1615000,14000,31000,5,1,1,MONTHLY,HIGH,RETIREMENT,27,MEDIUM
55,89000,63900,5300,1932000,38000,19800,9,3,5,RARELY,HIGH,RETIREMENT,68,HIGH
64,23000,13900,2300,274000,125000,6800,2,1,2,RARELY,MEDIUM,TAX_SAVING,30,LOW
31,124000,73400,40900,2223000,110000,9700,11,1,1,MONTHLY,LOW,WEALTH_CREATION,41,HIGH
24,42000,32200,0,437000,73000,11000,3,2,1,MONTHLY,LOW,TAX_SAVING,47,MEDIUM
22,110000,66700,17700,1394000,276000,25600,17,5,2,LUMP_SUM,MEDIUM,EMERGENCY_FUND,94,HIGH
34,60000,44700,8000,1264000,236000,7300,10,2,3,RARELY,MEDIUM,WEALTH_CREATION,41,HIGH
29,194000,157400,25700,369000,119000,10900,6,2,4,MONTHLY,HIGH,TAX_SAVING,58,LOW
57,158000,145300,0,1080000,189000,17800,11,1,4,LUMP_SUM,LOW,TAX_SAVING,80,HIGH
37,73000,63400,0,1103000,224000,10500,20,2,2,MONTHLY,LOW,SHORT_TERM_GOAL,68,HIGH
59,45000,22300,11000,103000,12000,11700,4,3,1,MONTHLY,HIGH,WEALTH_CREATION,62,LOW
60,111000,52900,23100,1683000,797000,35000,14,2,2,LUMP_SUM,MEDIUM,EMERGENCY_FUND,45,HIGH
39,38000,20300,11800,836000,68000,5900,14,4,4,LUMP_SUM,MEDIUM,TAX_SAVING,88,HIGH
45,74000,62200,11000,2117000,779000,800,13,2,1,MONTHLY,MEDIUM,RETIREMENT,45,HIGH
42,66000,59800,0,180000,68000,22400,5,5,4,MONTHLY,HIGH,WEALTH_CREATION,100,MEDIUM
54,44000,35100,1500,331000,50000,7400,3,3,3,LUMP_SUM,MEDIUM,TAX_SAVING,75,MEDIUM
23,101000,60900,25200,89000,8000,14900,17,2,4,RARELY,HIGH,WEALTH_CREATION,69,HIGH
39,60000,27900,18800,2705000,908000,13300,14,1,2,MONTHLY,LOW,WEALTH_CREATION,52,HIGH
30,201000,132100,45100,2418000,562000,23800,5,1,3,RARELY,HIGH,SHORT_TERM_GOAL,41,LOW
60,144000,90700,24500,2659000,1163000,28800,10,1,4,RARELY,MEDIUM,EMERGENCY_FUND,55,HIGH
63,56000,35600,0,361000,18000,28300,5,1,1,MONTHLY,LOW,RETIREMENT,56,LOW
61,112000,101700,0,873000,196000,36700,3,4,3,LUMP_SUM,HIGH,RETIREMENT,76,LOW
43,83000,76300,0,3865000,163000,19800,8,2,2,MONTHLY,HIGH,EMERGENCY_FUND,46,HIGH
59,68000,19800,45300,452000,245000,2900,1,4,5,QUARTERLY,HIGH,WEALTH_CREATION,82,HIGH
51,69000,50700,12200,999000,168000,6100,11,1,2,LUMP_SUM,MEDIUM,SHORT_TERM_GOAL,48,LOW
44,64000,33700,18300,971000,56000,12000,10,1,5,LUMP_SUM,LOW,TAX_SAVING,78,HIGH
43,168000,89500,69100,938000,249000,9400,14,4,5,LUMP_SUM,MEDIUM,WEALTH_CREATION,81,HIGH
25,48000,19800,17800,944000,268000,10400,13,1,4,QUARTERLY,LOW,TAX_SAVING,57,HIGH
43,98000,81500,4800,766000,475000,11700,11,2,2,MONTHLY,HIGH,WEALTH_CREATION,57,HIGH
53,100000,84600,6300,303000,173000,9100,20,2,2,MONTHLY,HIGH,WEALTH_CREATION,61,MEDIUM
61,88000,56200,11100,1547000,305000,20700,9,5,1,MONTHLY,HIGH,WEALTH_CREATION,66,HIGH
61,73000,54500,14100,592000,225000,4400,9,5,1,LUMP_SUM,MEDIUM,WEALTH_CREATION,71,HIGH
32,55000,25400,23300,68000,36000,6300,6,4,1,RARELY,HIGH,EMERGENCY_FUND,45,MEDIUM
21,86000,60600,13200,1853000,431000,12200,4,3,3,MONTHLY,LOW,SHORT_TERM_GOAL,97,HIGH
40,60000,42700,0,2019000,447000,18900,7,1,3,QUARTERLY,LOW,RETIREMENT,62,HIGH
28,172000,98100,53100,1935000,447000,20800,12,1,2,MONTHLY,HIGH,WEALTH_CREATION,34,HIGH
53,24000,12500,9400,108000,5000,2100,8,5,5,LUMP_SUM,MEDIUM,WEALTH_CREATION,99,HIGH
62,36000,14900,3600,266000,16000,17500,7,5,1,RARELY,MEDIUM,RETIREMENT,62,MEDIUM
50,40000,28400,5300,1241000,88000,6300,21,2,1,LUMP_SUM,HIGH,EMERGENCY_FUND,41,HIGH
65,117000,49200,62400,1033000,502000,5400,3,2,1,MONTHLY,MEDIUM,RETIREMENT,64,HIGH
52,92000,57200,23800,2220000,339000,11000,3,4,1,MONTHLY,MEDIUM,WEALTH_CREATION,64,HIGH
54,108000,41300,30600,784000,47000,36100,14,5,5,QUARTERLY,LOW,EMERGENCY_FUND,100,HIGH
34,72000,50900,10700,532000,97000,10400,15,2,4,RARELY,MEDIUM,RETIREMENT,60,HIGH
23,59000,26700,6800,827000,83000,25500,6,1,1,MONTHLY,LOW,RETIREMENT,69,HIGH
45,39000,26800,2700,747000,101000,9500,4,2,2,RARELY,HIGH,EMERGENCY_FUND,43,MEDIUM
38,94000,74400,0,1335000,72000,28000,8,1,2,QUARTERLY,HIGH,RETIREMENT,32,MEDIUM
27,111000,77900,3600,1766000,531000,29500,22,2,2,LUMP_SUM,MEDIUM,WEALTH_CREATION,47,HIGH
23,69000,28300,30400,329000,166000,10300,8,2,4,QUARTERLY,HIGH,WEALTH_CREATION,71,HIGH
43,36000,15100,13800,324000,27000,7100,2,5,4,RARELY,HIGH,SHORT_TERM_GOAL,74,MEDIUM
38,42000,28100,7000,441000,77000,6900,10,3,3,LUMP_SUM,LOW,WEALTH_CREATION,64,HIGH
27,36000,22900,7900,1139000,616000,5200,12,4,1,LUMP_SUM,MEDIUM,SHORT_TERM_GOAL,65,HIGH
30,105000,67400,11600,1413000,148000,26000,7,3,1,MONTHLY,MEDIUM,WEALTH_CREATION,67,HIGH
54,69000,13800,49400,102000,16000,5800,2,2,3,MONTHLY,MEDIUM,RETIREMENT,63,HIGH
40,131000,118300,0,2200000,454000,25500,8,1,3,QUARTERLY,LOW,WEALTH_CREATION,59,HIGH
27,107000,81700,23000,1513000,546000,2300,9,2,4,MONTHLY,HIGH,EMERGENCY_FUND,61,HIGH
25,57000,40400,0,1356000,323000,31300,8,2,4,RARELY,HIGH,RETIREMENT,46,HIGH
31,170000,71800,58800,1002000,311000,39400,17,4,1,MONTHLY,LOW,RETIREMENT,72,HIGH
42,55000,26100,14300,193000,35000,14600,15,1,2,MONTHLY,LOW,WEALTH_CREATION,63,HIGH
35,130000,77300,31400,243000,117000,21300,7,2,3,MONTHLY,MEDIUM,RETIREMENT,73,HIGH
56,20000,4200,15300,58000,18000,500,4,5,1,QUARTERLY,MEDIUM,RETIREMENT,63,HIGH
35,48000,16700,11600,388000,41000,19700,14,3,4,MONTHLY,MEDIUM,WEALTH_CREATION,79,HIGH
23,40000,24300,14100,428000,221000,1600,18,3,1,MONTHLY,MEDIUM,TAX_SAVING,67,HIGH
44,141000,56700,75600,109000,23000,8700,5,4,1,MONTHLY,MEDIUM,RETIREMENT,72,HIGH
31,62000,39900,12300,864000,275000,9800,7,4,3,RARELY,MEDIUM,WEALTH_CREATION,77,HIGH
27,76000,53500,8700,93000,18000,13800,7,5,3,MONTHLY,HIGH,EMERGENCY_FUND,74,LOW
36,29000,17600,800,171000,70000,10600,6,2,2,MONTHLY,MEDIUM,WEALTH_CREATION,57,MEDIUM
39,57000,32400,8500,291000,51000,16100,3,3,3,MONTHLY,HIGH,EMERGENCY_FUND,75,MEDIUM
39,135000,56800,67700,658000,337000,10500,22,3,2,MONTHLY,HIGH,EMERGENCY_FUND,56,MEDIUM
65,38000,20700,13100,50000,1000,4200,11,2,5,MONTHLY,MEDIUM,EMERGENCY_FUND,87,MEDIUM
47,57000,29000,11100,1261000,276000,16900,5,5,3,MONTHLY,HIGH,WEALTH_CREATION,100,HIGH
54,157000,100700,33600,355000,94000,22700,13,1,2,QUARTERLY,MEDIUM,TAX_SAVING,46,MEDIUM
59,118000,85700,0,4234000,867000,35000,8,1,2,MONTHLY,MEDIUM,RETIREMENT,47,HIGH
24,41000,25400,9800,683000,258000,5800,23,1,3,LUMP_SUM,MEDIUM,SHORT_TERM_GOAL,46,HIGH
53,129000,51200,71900,1101000,240000,5900,6,1,2,MONTHLY,HIGH,EMERGENCY_FUND,30,MEDIUM
51,36000,23500,9700,375000,63000,2800,11,1,2,QUARTERLY,MEDIUM,WEALTH_CREATION,37,HIGH
44,33000,22100,0,478000,127000,15600,9,3,3,MONTHLY,HIGH,EMERGENCY_FUND,70,MEDIUM
56,106000,24500,73400,127000,59000,8100,20,3,2,LUMP_SUM,HIGH,EMERGENCY_FUND,42,MEDIUM
51,65000,36700,15100,1187000,463000,13200,19,5,3,RARELY,HIGH,RETIREMENT,77,HIGH
28,35000,21800,11800,581000,333000,1400,10,3,4,QUARTERLY,HIGH,WEALTH_CREATION,73,HIGH
39,104000,42300,16700,1047000,742000,45000,1,1,1,LUMP_SUM,HIGH,EMERGENCY_FUND,38,LOW
38,26000,16100,3000,549000,302000,6900,4,2,2,RARELY,LOW,TAX_SAVING,61,HIGH
53,92000,48600,24800,736000,293000,18600,1,3,3,RARELY,MEDIUM,SHORT_TERM_GOAL,73,MEDIUM
64,112000,100800,0,545000,239000,18900,11,2,3,QUARTERLY,LOW,SHORT_TERM_GOAL,80,MEDIUM
59,41000,18600,8300,619000,257000,14100,6,1,3,QUARTERLY,MEDIUM,WEALTH_CREATION,54,HIGH
52,84000,57000,17600,166000,64000,9400,17,2,1,RARELY,LOW,EMERGENCY_FUND,58,MEDIUM
35,33000,21400,1700,697000,110000,9900,17,4,3,RARELY,HIGH,WEALTH_CREATION,69,HIGH
65,76000,61200,0,1488000,341000,33000,14,1,4,MONTHLY,LOW,SHORT_TERM_GOAL,64,HIGH
35,31000,28400,0,342000,43000,5900,7,1,2,QUARTERLY,MEDIUM,WEALTH_CREATION,43,HIGH
29,47000,26700,14300,933000,386000,6000,11,1,1,RARELY,HIGH,TAX_SAVING,27,HIGH
42,37000,20700,4000,388000,32000,12300,12,2,1,LUMP_SUM,LOW,RETIREMENT,61,HIGH
34,92000,78500,0,533000,259000,15800,15,1,5,MONTHLY,MEDIUM,SHORT_TERM_GOAL,68,HIGH
50,33000,15800,3200,247000,67000,14000,7,1,4,LUMP_SUM,HIGH,WEALTH_CREATION,47,LOW
52,42000,34700,0,1205000,78000,10500,12,4,4,MONTHLY,MEDIUM,WEALTH_CREATION,86,HIGH
48,71000,50900,16500,949000,313000,3600,5,5,4,RARELY,LOW,RETIREMENT,91,HIGH
52,43000,28400,11800,709000,111000,2800,9,1,4,MONTHLY,HIGH,RETIREMENT,64,HIGH
56,209000,146900,0,2366000,888000,96800,14,4,2,RARELY,LOW,WEALTH_CREATION,78,HIGH
32,29000,20600,5000,438000,23000,3400,15,2,1,MONTHLY,LOW,SHORT_TERM_GOAL,60,HIGH
64,87000,40000,26700,663000,198000,20300,13,4,2,RARELY,LOW,TAX_SAVING,81,HIGH
52,56000,43700,1700,950000,442000,10600,14,5,1,QUARTERLY,MEDIUM,WEALTH_CREATION,65,HIGH
29,31000,28200,100,211000,12000,2700,15,2,4,RARELY,HIGH,EMERGENCY_FUND,57,MEDIUM
63,20000,13100,2100,401000,106000,4800,7,2,2,MONTHLY,MEDIUM,EMERGENCY_FUND,52,HIGH
31,81000,39100,28800,1539000,514000,13100,11,1,4,LUMP_SUM,HIGH,WEALTH_CREATION,41,HIGH
42,54000,31500,11200,108000,29000,11300,6,5,4,RARELY,HIGH,WEALTH_CREATION,83,HIGH
33,145000,86200,46100,2171000,1066000,12700,4,1,3,LUMP_SUM,MEDIUM,WEALTH_CREATION,65,HIGH
49,94000,52300,0,5263000,2119000,47000,3,3,3,MONTHLY,HIGH,RETIREMENT,53,HIGH
62,78000,61600,0,543000,98000,16800,1,4,4,MONTHLY,LOW,WEALTH_CREATION,99,HIGH
26,40000,22100,13300,335000,57000,4600,7,3,2,RARELY,HIGH,SHORT_TERM_GOAL,59,LOW
36,33000,23400,3800,728000,178000,5800,1,3,1,RARELY,MEDIUM,RETIREMENT,40,HIGH
50,62000,37300,16600,596000,55000,8100,10,4,1,RARELY,MEDIUM,EMERGENCY_FUND,55,MEDIUM
23,37000,21100,8600,592000,225000,7300,19,4,3,MONTHLY,MEDIUM,WEALTH_CREATION,66,HIGH
40,87000,43200,32300,1118000,114000,11500,5,2,2,RARELY,HIGH,WEALTH_CREATION,26,MEDIUM
50,52000,24900,18000,756000,292000,9100,20,5,4,QUARTERLY,MEDIUM,SHORT_TERM_GOAL,79,HIGH
22,46000,28300,10100,1385000,161000,7600,18,1,1,RARELY,MEDIUM,RETIREMENT,35,HIGH
59,95000,59600,18700,393000,144000,16700,3,1,1,RARELY,MEDIUM,RETIREMENT,52,MEDIUM
41,28000,24100,0,343000,76000,4700,18,1,5,MONTHLY,MEDIUM,RETIREMENT,81,HIGH
52,150000,67900,40000,1146000,79000,42100,16,1,3,MONTHLY,HIGH,SHORT_TERM_GOAL,46,LOW
27,66000,29800,27800,1181000,61000,8400,20,1,2,LUMP_SUM,HIGH,WEALTH_CREATION,35,HIGH
50,47000,21700,6200,1897000,1125000,19100,6,1,2,MONTHLY,MEDIUM,SHORT_TERM_GOAL,67,HIGH
43,106000,56600,39700,1667000,492000,9700,7,2,3,MONTHLY,HIGH,RETIREMENT,63,HIGH
34,67000,38100,2400,980000,536000,26500,16,2,4,MONTHLY,MEDIUM,EMERGENCY_FUND,86,HIGH
29,34000,17400,4100,340000,176000,12500,4,3,1,MONTHLY,HIGH,SHORT_TERM_GOAL,64,LOW
64,64000,47900,0,332000,73000,21800,5,2,5,RARELY,MEDIUM,RETIREMENT,50,MEDIUM
56,20000,13900,3800,464000,360000,2300,12,1,1,MONTHLY,HIGH,TAX_SAVING,23,HIGH
26,87000,45300,26700,1357000,208000,15000,9,3,1,MONTHLY,MEDIUM,EMERGENCY_FUND,58,MEDIUM
26,45000,24700,9000,554000,87000,11300,1,2,2,MONTHLY,HIGH,RETIREMENT,65,HIGH
49,60000,51700,0,1798000,218000,22200,2,3,2,RARELY,MEDIUM,TAX_SAVING,45,HIGH
31,122000,103400,0,1977000,536000,20000,8,3,2,RARELY,MEDIUM,TAX_SAVING,69,HIGH
42,20000,10700,6900,79000,26000,2400,15,1,5,MONTHLY,MEDIUM,SHORT_TERM_GOAL,82,MEDIUM
28,91000,51900,8900,2450000,748000,30200,7,1,4,LUMP_SUM,LOW,RETIREMENT,67,HIGH
47,65000,49600,0,703000,315000,17500,11,3,3,LUMP_SUM,MEDIUM,EMERGENCY_FUND,63,MEDIUM
21,34000,20900,12300,319000,139000,800,19,1,1,MONTHLY,MEDIUM,RETIREMENT,48,HIGH
37,67000,36800,17900,219000,105000,12300,6,1,2,RARELY,MEDIUM,WEALTH_CREATION,43,MEDIUM
33,98000,67100,7800,1696000,231000,23100,13,2,5,LUMP_SUM,MEDIUM,WEALTH_CREATION,84,HIGH
54,44000,33700,0,324000,48000,14200,18,2,1,MONTHLY,HIGH,TAX_SAVING,32,LOW
44,24000,15900,5100,352000,90000,3000,3,1,1,MONTHLY,MEDIUM,EMERGENCY_FUND,50,MEDIUM
43,59000,38200,0,2048000,396000,32400,18,3,2,RARELY,HIGH,WEALTH_CREATION,58,HIGH
21,117000,63500,19700,1458000,19000,33800,3,3,1,MONTHLY,HIGH,TAX_SAVING,62,LOW
44,93000,65900,13100,2776000,520000,14000,4,1,1,LUMP_SUM,MEDIUM,RETIREMENT,26,HIGH
42,112000,103000,2300,2137000,602000,6700,3,1,2,LUMP_SUM,MEDIUM,WEALTH_CREATION,30,HIGH
21,77000,45200,10200,1848000,104000,21600,3,4,4,MONTHLY,LOW,SHORT_TERM_GOAL,100,HIGH
26,48000,18200,13700,468000,115000,16100,14,1,4,MONTHLY,LOW,WEALTH_CREATION,63,HIGH
26,127000,64100,18200,1024000,366000,44700,6,3,4,MONTHLY,HIGH,RETIREMENT,72,HIGH
57,60000,49900,0,114000,34000,30200,7,2,4,MONTHLY,HIGH,SHORT_TERM_GOAL,73,LOW
25,35000,22400,11200,511000,283000,1400,24,2,2,MONTHLY,LOW,SHORT_TERM_GOAL,66,HIGH
54,53000,20900,3000,712000,319000,29100,7,3,4,RARELY,MEDIUM,WEALTH_CREATION,65,HIGH
41,130000,71500,45500,3568000,327000,13000,13,2,4,MONTHLY,MEDIUM,RETIREMENT,64,HIGH
23,34000,18100,12200,279000,90000,3700,13,1,3,RARELY,MEDIUM,TAX_SAVING,30,HIGH
60,81000,38000,27100,221000,92000,15900,2,3,1,MONTHLY,MEDIUM,TAX_SAVING,59,MEDIUM
64,38000,28900,1500,581000,124000,7600,1,2,2,QUARTERLY,MEDIUM,RETIREMENT,62,HIGH
31,35000,17700,12300,123000,7000,5000,19,3,3,MONTHLY,HIGH,EMERGENCY_FUND,64,MEDIUM
62,35000,28400,1100,598000,56000,5500,11,1,2,RARELY,LOW,TAX_SAVING,46,HIGH
58,28000,10100,16300,129000,14000,1600,14,5,4,QUARTERLY,MEDIUM,RETIREMENT,94,HIGH
58,79000,39900,34400,900000,493000,4700,10,2,5,LUMP_SUM,LOW,WEALTH_CREATION,91,HIGH
36,46000,32900,8300,1632000,200000,4800,5,5,5,MONTHLY,HIGH,WEALTH_CREATION,79,HIGH
35,54000,37400,4100,681000,40000,12500,15,4,4,MONTHLY,MEDIUM,EMERGENCY_FUND,93,HIGH
36,154000,103400,0,886000,159000,55300,8,2,2,MONTHLY,MEDIUM,RETIREMENT,60,MEDIUM
42,50000,28000,6000,253000,9000,16000,9,2,3,LUMP_SUM,HIGH,RETIREMENT,42,LOW
32,91000,59100,13400,486000,196000,18500,13,1,3,MONTHLY,HIGH,SHORT_TERM_GOAL,55,LOW
39,116000,59900,49800,156000,63000,6300,10,2,5,MONTHLY,MEDIUM,WEALTH_CREATION,92,HIGH
50,23000,8900,9700,133000,72000,4400,17,1,2,RARELY,MEDIUM,WEALTH_CREATION,45,HIGH
55,28000,16500,0,183000,114000,15400,7,3,4,MONTHLY,LOW,EMERGENCY_FUND,79,LOW
62,121000,44700,60000,194000,154000,16300,15,2,4,RARELY,LOW,EMERGENCY_FUND,71,HIGH
38,41000,22000,4100,247000,40000,14900,9,1,1,QUARTERLY,LOW,TAX_SAVING,53,LOW
33,197000,165600,0,3355000,1027000,62900,10,2,2,RARELY,HIGH,TAX_SAVING,39,LOW
62,44000,21400,7400,25000,0,15200,9,3,3,LUMP_SUM,MEDIUM,EMERGENCY_FUND,60,LOW
47,69000,36100,28400,456000,57000,4500,15,4,4,LUMP_SUM,MEDIUM,RETIREMENT,96,HIGH
63,80000,57100,0,1465000,380000,38500,6,2,3,RARELY,MEDIUM,WEALTH_CREATION,63,HIGH
30,41000,16400,7000,92000,66000,17600,9,1,1,MONTHLY,HIGH,RETIREMENT,44,LOW
35,24000,10500,8800,87000,3000,4700,7,3,3,RARELY,LOW,WEALTH_CREATION,75,HIGH
27,66000,42000,5500,491000,48000,18500,9,2,1,MONTHLY,LOW,WEALTH_CREATION,77,HIGH
37,27000,18100,1500,179000,28000,7400,1,3,5,MONTHLY,MEDIUM,TAX_SAVING,89,HIGH
40,53000,30100,21700,358000,174000,1200,22,1,3,LUMP_SUM,MEDIUM,RETIREMENT,56,HIGH
50,39000,7800,20100,479000,138000,11100,8,2,1,LUMP_SUM,MEDIUM,WEALTH_CREATION,55,HIGH
50,129000,103600,3100,1358000,89000,22300,4,2,5,MONTHLY,HIGH,TAX_SAVING,76,MEDIUM
64,101000,70600,7100,1680000,399000,23300,1,4,4,QUARTERLY,HIGH,TAX_SAVING,67,HIGH
41,45000,20900,17600,479000,26000,6500,12,3,3,MONTHLY,HIGH,EMERGENCY_FUND,72,MEDIUM
54,121000,89100,9400,4980000,977000,22500,1,3,2,LUMP_SUM,LOW,WEALTH_CREATION,75,HIGH
65,56000,33100,0,790000,49000,28300,20,2,3,QUARTERLY,MEDIUM,WEALTH_CREATION,64,HIGH
53,56000,11200,38500,163000,26000,6300,9,5,4,LUMP_SUM,MEDIUM,EMERGENCY_FUND,87,HIGH
61,94000,75700,13200,1244000,102000,5100,1,4,1,RARELY,MEDIUM,WEALTH_CREATION,56,MEDIUM
39,48000,28700,3000,206000,44000,16300,1,1,2,LUMP_SUM,MEDIUM,EMERGENCY_FUND,58,LOW
64,64000,49900,0,1639000,190000,26300,2,4,5,LUMP_SUM,LOW,WEALTH_CREATION,78,HIGH
62,71000,55100,12700,580000,343000,3200,4,3,4,QUARTERLY,MEDIUM,WEALTH_CREATION,75,HIGH
47,20000,10200,4700,374000,82000,5100,6,2,2,QUARTERLY,HIGH,TAX_SAVING,39,HIGH
33,38000,22700,8500,218000,53000,6800,17,3,3,QUARTERLY,HIGH,TAX_SAVING,59,HIGH
37,121000,69200,22100,1757000,593000,29700,1,1,3,RARELY,HIGH,RETIREMENT,54,MEDIUM
63,53000,31500,2700,1734000,573000,18800,1,4,1,MONTHLY,MEDIUM,EMERGENCY_FUND,66,HIGH
48,101000,54200,3200,328000,10000,43600,14,1,3,QUARTERLY,HIGH,WEALTH_CREATION,50,LOW
56,71000,50500,4000,1749000,678000,16500,10,4,4,RARELY,LOW,EMERGENCY_FUND,85,HIGH
39,230000,155000,65700,1246000,432000,9300,7,4,2,MONTHLY,MEDIUM,SHORT_TERM_GOAL,67,HIGH
42,78000,71700,0,2598000,606000,6600,11,2,1,RARELY,MEDIUM,EMERGENCY_FUND,53,HIGH
47,63000,44800,10700,371000,194000,7500,13,1,4,MONTHLY,LOW,WEALTH_CREATION,85,HIGH
31,39000,24200,7100,217000,67000,7700,15,5,1,QUARTERLY,HIGH,RETIREMENT,78,MEDIUM
27,52000,29300,9100,94000,24000,13600,3,2,3,MONTHLY,LOW,EMERGENCY_FUND,82,LOW
38,54000,31100,4500,1690000,539000,18400,7,3,1,MONTHLY,HIGH,TAX_SAVING,38,HIGH
21,109000,81900,15100,1488000,303000,12000,5,2,5,MONTHLY,MEDIUM,EMERGENCY_FUND,85,HIGH
60,114000,75700,0,1559000,319000,42500,5,5,2,QUARTERLY,HIGH,WEALTH_CREATION,95,HIGH
37,64000,27300,21700,553000,256000,15000,12,3,3,QUARTERLY,HIGH,SHORT_TERM_GOAL,47,MEDIUM
44,69000,22900,18400,1717000,735000,27700,7,1,3,QUARTERLY,HIGH,WEALTH_CREATION,45,HIGH
31,50000,35700,8900,345000,86000,5400,5,3,4,MONTHLY,HIGH,WEALTH_CREATION,67,MEDIUM
58,88000,63500,4700,183000,40000,19800,2,1,4,MONTHLY,HIGH,RETIREMENT,70,LOW
21,112000,47200,49300,458000,37000,15500,5,1,3,MONTHLY,HIGH,RETIREMENT,52,MEDIUM
49,66000,30200,32700,104000,27000,3100,18,1,2,MONTHLY,MEDIUM,TAX_SAVING,58,HIGH
53,135000,87100,27300,105000,37000,20600,13,1,2,QUARTERLY,MEDIUM,WEALTH_CREATION,53,MEDIUM
59,66000,42800,13700,1082000,405000,9500,18,3,1,MONTHLY,HIGH,WEALTH_CREATION,52,HIGH
29,23000,6900,13000,267000,124000,3100,10,1,1,MONTHLY,MEDIUM,EMERGENCY_FUND,55,HIGH
52,56000,44100,100,1267000,356000,11800,8,1,3,QUARTERLY,MEDIUM,WEALTH_CREATION,47,HIGH
30,63000,38000,14400,620000,140000,10600,8,3,2,MONTHLY,HIGH,WEALTH_CREATION,66,MEDIUM
33,73000,60300,4800,1214000,44000,7900,11,2,2,QUARTERLY,MEDIUM,RETIREMENT,48,HIGH
43,38000,20800,9000,112000,28000,8200,19,3,2,RARELY,HIGH,SHORT_TERM_GOAL,56,LOW
63,81000,61200,8000,272000,85000,11800,13,5,4,RARELY,MEDIUM,WEALTH_CREATION,77,HIGH
61,60000,40300,0,1015000,84000,22100,9,4,4,MONTHLY,HIGH,WEALTH_CREATION,88,HIGH
52,140000,44000,90700,1343000,61000,5300,11,2,3,RARELY,HIGH,RETIREMENT,56,HIGH
38,60000,46500,5900,873000,426000,7600,2,1,2,LUMP_SUM,MEDIUM,SHORT_TERM_GOAL,49,MEDIUM
39,37000,18800,14300,639000,117000,3900,3,4,5,QUARTERLY,HIGH,TAX_SAVING,96,HIGH
50,81000,63800,9900,389000,98000,7300,4,2,2,MONTHLY,MEDIUM,WEALTH_CREATION,67,MEDIUM
27,40000,32100,2000,1235000,78000,5900,5,4,1,RARELY,HIGH,WEALTH_CREATION,51,HIGH
31,55000,22300,5500,1810000,617000,27200,10,1,3,QUARTERLY,MEDIUM,EMERGENCY_FUND,53,HIGH
26,52000,43500,0,1446000,246000,13200,4,4,4,QUARTERLY,HIGH,TAX_SAVING,79,HIGH
21,83000,68900,0,1764000,654000,17500,3,3,2,MONTHLY,MEDIUM,SHORT_TERM_GOAL,85,HIGH
29,38000,19900,14600,218000,44000,3500,7,1,2,RARELY,MEDIUM,WEALTH_CREATION,38,LOW
43,201000,49900,93300,1137000,203000,57800,8,2,2,LUMP_SUM,MEDIUM,SHORT_TERM_GOAL,52,LOW
21,47000,36300,0,311000,38000,13400,6,1,1,MONTHLY,MEDIUM,WEALTH_CREATION,52,MEDIUM
23,69000,35800,19000,1047000,295000,14200,12,3,5,MONTHLY,MEDIUM,WEALTH_CREATION,90,HIGH
48,109000,86900,17800,1400000,568000,4300,22,2,2,QUARTERLY,MEDIUM,TAX_SAVING,81,HIGH
61,45000,13100,17900,561000,160000,14000,2,3,4,MONTHLY,HIGH,WEALTH_CREATION,74,HIGH
47,74000,68000,0,638000,238000,6500,10,3,1,MONTHLY,MEDIUM,RETIREMENT,70,HIGH
45,172000,83500,75000,4629000,1511000,13500,6,2,2,LUMP_SUM,MEDIUM,WEALTH_CREATION,34,HIGH
56,202000,102800,32100,1194000,319000,67100,3,5,3,LUMP_SUM,MEDIUM,TAX_SAVING,88,MEDIUM
64,101000,64600,24500,1562000,250000,11900,15,2,4,MONTHLY,LOW,EMERGENCY_FUND,78,HIGH
31,65000,36600,23500,454000,145000,4900,9,3,1,MONTHLY,LOW,TAX_SAVING,83,HIGH
50,55000,39900,1700,461000,265000,13400,1,1,3,MONTHLY,LOW,RETIREMENT,65,MEDIUM
65,69000,25900,24500,382000,27000,18600,3,3,3,MONTHLY,HIGH,WEALTH_CREATION,58,HIGH
22,49000,29100,0,545000,91000,20400,3,1,1,MONTHLY,MEDIUM,WEALTH_CREATION,40,LOW
34,39000,21700,8400,476000,72000,8900,6,1,3,MONTHLY,LOW,WEALTH_CREATION,61,HIGH
31,60000,43000,1500,1334000,210000,15500,11,1,2,MONTHLY,MEDIUM,RETIREMENT,53,HIGH
52,61000,44700,3400,1537000,555000,12900,11,4,2,QUARTERLY,MEDIUM,EMERGENCY_FUND,84,HIGH
31,59000,28100,23400,79000,5000,7500,1,3,3,RARELY,HIGH,RETIREMENT,51,LOW
24,82000,53400,15700,1043000,201000,12900,14,4,3,LUMP_SUM,LOW,TAX_SAVING,82,HIGH
36,74000,48900,22300,795000,360000,2800,2,2,4,MONTHLY,LOW,WEALTH_CREATION,84,HIGH
42,127000,90600,0,1399000,355000,36500,5,1,1,QUARTERLY,MEDIUM,TAX_SAVING,38,LOW
54,74000,47500,13100,883000,24000,13400,10,2,2,MONTHLY,HIGH,EMERGENCY_FUND,67,MEDIUM
55,52000,39800,0,637000,120000,12600,7,2,1,RARELY,MEDIUM,WEALTH_CREATION,49,MEDIUM
36,60000,38000,2400,496000,101000,19600,15,2,2,RARELY,LOW,RETIREMENT,52,MEDIUM
44,91000,67600,8400,331000,64000,15000,8,1,4,MONTHLY,MEDIUM,EMERGENCY_FUND,72,MEDIUM
40,52000,34800,3600,456000,328000,13600,3,1,5,QUARTERLY,HIGH,RETIREMENT,60,MEDIUM
44,55000,21300,28100,208000,92000,5600,17,1,2,MONTHLY,LOW,EMERGENCY_FUND,65,HIGH
40,109000,42800,46700,237000,38000,19500,2,1,4,QUARTERLY,MEDIUM,EMERGENCY_FUND,65,MEDIUM
30,263000,133200,68100,783000,135000,61700,6,1,2,MONTHLY,HIGH,RETIREMENT,29,LOW
55,76000,54300,0,1221000,208000,31800,8,1,1,MONTHLY,LOW,WEALTH_CREATION,63,HIGH
46,27000,14700,3600,260000,86000,8700,17,1,5,LUMP_SUM,MEDIUM,WEALTH_CREATION,69,HIGH
59,66000,49900,7100,802000,317000,9000,10,3,3,MONTHLY,HIGH,EMERGENCY_FUND,69,HIGH
36,30000,20200,100,618000,18000,9700,7,4,1,QUARTERLY,HIGH,EMERGENCY_FUND,62,MEDIUM
39,43000,30500,900,231000,83000,11600,11,1,2,MONTHLY,HIGH,TAX_SAVING,50,LOW
58,26000,16900,2000,720000,130000,7100,15,2,5,MONTHLY,LOW,WEALTH_CREATION,80,HIGH
56,113000,79400,30500,3284000,1473000,3100,12,4,2,RARELY,LOW,TAX_SAVING,56,HIGH
58,175000,109400,41900,455000,65000,23700,2,2,2,RARELY,LOW,TAX_SAVING,49,MEDIUM
33,101000,37500,47900,1375000,384000,15600,8,3,5,RARELY,HIGH,WEALTH_CREATION,72,HIGH
39,119000,96000,0,1792000,544000,58000,7,3,3,LUMP_SUM,HIGH,WEALTH_CREATION,51,HIGH
24,131000,106400,0,1715000,487000,27500,17,1,5,QUARTERLY,MEDIUM,EMERGENCY_FUND,75,HIGH
28,57000,29500,22200,829000,319000,5300,8,1,4,MONTHLY,LOW,WEALTH_CREATION,59,HIGH
48,29000,17100,8100,270000,29000,3800,9,1,1,MONTHLY,MEDIUM,WEALTH_CREATION,38,MEDIUM
31,79000,50000,100,1099000,104000,28900,14,2,1,LUMP_SUM,HIGH,TAX_SAVING,57,MEDIUM
43,132000,77200,49100,2868000,638000,5700,4,2,1,MONTHLY,MEDIUM,WEALTH_CREATION,41,HIGH
54,51000,45400,0,995000,52000,6600,1,4,3,MONTHLY,MEDIUM,EMERGENCY_FUND,100,HIGH
29,88000,57400,11100,1751000,471000,19500,10,3,4,MONTHLY,MEDIUM,RETIREMENT,81,HIGH
39,108000,50200,14900,1639000,331000,42900,12,2,4,QUARTERLY,MEDIUM,WEALTH_CREATION,71,HIGH
41,53000,18300,29300,421000,196000,5400,9,2,1,MONTHLY,HIGH,WEALTH_CREATION,54,HIGH
33,44000,33400,500,542000,24000,10100,7,3,2,RARELY,MEDIUM,RETIREMENT,50,MEDIUM
51,97000,27200,50200,147000,36000,19600,2,1,2,RARELY,LOW,WEALTH_CREATION,29,LOW
21,36000,17500,17200,204000,2000,1300,3,3,3,MONTHLY,MEDIUM,WEALTH_CREATION,77,HIGH
25,44000,28000,10200,879000,388000,5800,16,2,3,MONTHLY,HIGH,EMERGENCY_FUND,64,HIGH
47,71000,37300,2400,1498000,713000,31300,6,3,3,QUARTERLY,MEDIUM,TAX_SAVING,85,HIGH
41,73000,53000,2300,1360000,50000,17700,12,3,1,MONTHLY,HIGH,EMERGENCY_FUND,54,HIGH
65,49000,38900,3800,520000,272000,6300,14,1,2,RARELY,MEDIUM,RETIREMENT,49,HIGH
59,116000,60600,54300,884000,149000,1100,16,2,4,MONTHLY,HIGH,WEALTH_CREATION,66,HIGH
45,28000,25400,600,56000,2000,2000,5,3,4,MONTHLY,HIGH,RETIREMENT,88,LOW
46,155000,64000,89300,1591000,644000,1700,3,3,5,LUMP_SUM,MEDIUM,SHORT_TERM_GOAL,89,HIGH
21,171000,96400,52100,576000,173000,22500,1,4,1,LUMP_SUM,LOW,SHORT_TERM_GOAL,74,MEDIUM
34,73000,51600,0,1027000,265000,26400,23,2,2,MONTHLY,MEDIUM,TAX_SAVING,59,HIGH
63,128000,61400,43800,1237000,226000,22800,4,2,3,LUMP_SUM,MEDIUM,SHORT_TERM_GOAL,73,MEDIUM
52,89000,42500,28300,381000,15000,18200,17,1,2,QUARTERLY,MEDIUM,WEALTH_CREATION,37,HIGH
24,20000,12900,1800,260000,109000,5300,5,2,5,LUMP_SUM,MEDIUM,EMERGENCY_FUND,73,HIGH
57,36000,29500,2400,609000,210000,4100,9,1,4,MONTHLY,MEDIUM,WEALTH_CREATION,64,HIGH
23,42000,24100,12800,532000,49000,5100,10,3,2,LUMP_SUM,LOW,RETIREMENT,62,HIGH
50,55000,42800,7900,344000,53000,4300,7,1,3,MONTHLY,MEDIUM,WEALTH_CREATION,59,MEDIUM
47,29000,17000,6000,316000,63000,6000,7,2,2,MONTHLY,MEDIUM,WEALTH_CREATION,62,HIGH
51,66000,30200,23600,742000,514000,12200,22,5,2,MONTHLY,LOW,RETIREMENT,95,HIGH
64,98000,50700,45700,1503000,564000,1600,4,4,3,MONTHLY,MEDIUM,TAX_SAVING,81,HIGH
43,97000,52100,36300,1561000,698000,8600,8,1,2,RARELY,LOW,RETIREMENT,25,HIGH
23,76000,59400,4900,1905000,651000,11700,8,2,2,QUARTERLY,HIGH,SHORT_TERM_GOAL,40,HIGH
34,123000,77200,0,1815000,344000,48500,12,4,1,MONTHLY,LOW,RETIREMENT,89,HIGH
65,68000,25600,29400,1001000,231000,13000,4,2,3,RARELY,LOW,RETIREMENT,47,HIGH
28,92000,51100,38700,1305000,970000,2200,12,1,4,RARELY,MEDIUM,WEALTH_CREATION,34,HIGH
60,33000,30300,0,28000,7000,9100,8,2,1,LUMP_SUM,HIGH,WEALTH_CREATION,52,LOW
55,128000,110400,0,793000,239000,22800,18,1,2,QUARTERLY,MEDIUM,RETIREMENT,59,MEDIUM
55,40000,17600,17200,278000,163000,5200,1,2,2,MONTHLY,LOW,RETIREMENT,76,HIGH
21,48000,34800,10800,572000,167000,2400,25,1,5,MONTHLY,HIGH,WEALTH_CREATION,61,HIGH
48,20000,15200,3800,337000,61000,1000,16,3,3,QUARTERLY,LOW,RETIREMENT,89,HIGH
23,194000,132900,58400,982000,261000,2700,2,1,1,MONTHLY,MEDIUM,RETIREMENT,54,MEDIUM
51,104000,60400,0,700000,65000,44000,4,1,4,MONTHLY,HIGH,TAX_SAVING,69,LOW
31,78000,57300,18500,508000,344000,2200,14,2,4,MONTHLY,MEDIUM,EMERGENCY_FUND,86,HIGH
58,113000,66500,10300,311000,20000,36200,21,4,4,MONTHLY,LOW,EMERGENCY_FUND,94,HIGH
25,35000,22000,5300,364000,190000,7700,20,5,4,QUARTERLY,MEDIUM,WEALTH_CREATION,100,HIGH
30,138000,68700,40400,1579000,567000,28900,8,3,2,MONTHLY,HIGH,SHORT_TERM_GOAL,50,MEDIUM
27,56000,30100,22900,265000,5000,3000,12,2,2,RARELY,MEDIUM,TAX_SAVING,60,MEDIUM
39,128000,80500,24800,1214000,202000,22700,1,1,1,MONTHLY,MEDIUM,RETIREMENT,55,HIGH
29,155000,78700,61000,166000,60000,15300,19,1,4,MONTHLY,MEDIUM,RETIREMENT,63,HIGH
62,70000,44900,15000,1563000,227000,10100,17,2,3,QUARTERLY,MEDIUM,WEALTH_CREATION,70,HIGH
36,20000,14400,0,218000,27000,6500,4,2,3,QUARTERLY,MEDIUM,RETIREMENT,68,MEDIUM
45,130000,68600,38400,2744000,253000,23000,16,2,5,QUARTERLY,HIGH,WEALTH_CREATION,81,HIGH
41,55000,35800,400,846000,382000,18800,20,2,1,MONTHLY,MEDIUM,WEALTH_CREATION,52,HIGH
28,25000,22200,0,402000,37000,5300,11,2,2,LUMP_SUM,MEDIUM,SHORT_TERM_GOAL,45,MEDIUM
46,25000,20400,0,408000,169000,8200,2,1,3,RARELY,LOW,EMERGENCY_FUND,64,LOW
37,29000,20500,1000,82000,25000,7500,24,2,3,QUARTERLY,LOW,EMERGENCY_FUND,52,MEDIUM
40,90000,41700,20200,1328000,240000,28100,7,2,5,LUMP_SUM,HIGH,SHORT_TERM_GOAL,63,MEDIUM
24,106000,66300,32200,1768000,117000,7500,19,3,2,RARELY,LOW,RETIREMENT,65,HIGH
28,48000,23600,10200,519000,231000,14200,21,1,4,LUMP_SUM,LOW,TAX_SAVING,53,HIGH
22,82000,68300,0,571000,24000,20100,6,5,2,MONTHLY,MEDIUM,SHORT_TERM_GOAL,83,HIGH
42,42000,20400,9500,779000,545000,12100,6,1,2,LUMP_SUM,HIGH,RETIREMENT,46,HIGH
64,59000,39400,11100,1285000,241000,8500,22,1,2,LUMP_SUM,HIGH,RETIREMENT,36,HIGH
56,84000,59700,5300,2628000,1109000,19000,5,2,2,MONTHLY,LOW,WEALTH_CREATION,63,HIGH
52,31000,11900,11600,136000,45000,7500,19,2,3,RARELY,LOW,RETIREMENT,76,HIGH
42,78000,67400,0,1335000,287000,24200,17,3,2,LUMP_SUM,MEDIUM,TAX_SAVING,72,HIGH
28,44000,27700,3100,244000,60000,13200,4,4,3,LUMP_SUM,MEDIUM,SHORT_TERM_GOAL,86,MEDIUM
65,27000,11100,11900,207000,21000,4000,15,4,3,QUARTERLY,HIGH,WEALTH_CREATION,77,HIGH
22,46000,19600,13400,250000,6000,13000,12,4,2,RARELY,HIGH,WEALTH_CREATION,48,MEDIUM
63,47000,20100,11700,1939000,964000,15200,2,1,4,LUMP_SUM,MEDIUM,RETIREMENT,55,HIGH
24,53000,46500,0,1088000,359000,10400,2,4,4,MONTHLY,HIGH,RETIREMENT,79,HIGH
47,54000,40100,0,180000,83000,26200,7,1,2,LUMP_SUM,HIGH,SHORT_TERM_GOAL,31,LOW
32,30000,20000,3800,297000,63000,6200,16,1,2,RARELY,LOW,WEALTH_CREATION,46,HIGH
38,177000,75300,41300,1806000,425000,60400,6,1,3,LUMP_SUM,LOW,RETIREMENT,63,HIGH
51,20000,18100,900,396000,116000,1000,7,1,5,MONTHLY,MEDIUM,RETIREMENT,78,HIGH
45,94000,57100,13100,1712000,154000,23800,8,4,4,RARELY,HIGH,TAX_SAVING,78,HIGH
52,118000,60400,39600,361000,33000,18000,3,1,1,QUARTERLY,MEDIUM,RETIREMENT,36,LOW
35,44000,30700,9400,1025000,179000,3900,2,3,3,MONTHLY,LOW,SHORT_TERM_GOAL,81,HIGH
23,43000,32400,400,640000,223000,10200,5,3,3,QUARTERLY,MEDIUM,RETIREMENT,60,HIGH
49,85000,36900,23000,513000,53000,25100,11,3,3,MONTHLY,HIGH,RETIREMENT,77,MEDIUM
25,71000,48900,10000,246000,93000,12100,22,2,4,MONTHLY,HIGH,WEALTH_CREATION,60,HIGH
61,43000,31400,6900,259000,93000,4700,9,3,3,MONTHLY,LOW,RETIREMENT,86,HIGH
29,76000,42000,30700,1018000,262000,3300,5,1,3,LUMP_SUM,LOW,TAX_SAVING,50,HIGH
63,66000,38500,8600,380000,35000,18900,5,2,3,MONTHLY,MEDIUM,WEALTH_CREATION,89,HIGH
34,91000,83700,0,1411000,121000,11200,16,1,4,MONTHLY,LOW,WEALTH_CREATION,70,HIGH
49,75000,33000,15700,4075000,1657000,26300,17,5,3,QUARTERLY,MEDIUM,RETIREMENT,90,HIGH
26,56000,16200,34200,476000,53000,5600,19,2,1,MONTHLY,MEDIUM,EMERGENCY_FUND,62,HIGH
41,99000,54800,40200,1116000,391000,4000,10,3,3,LUMP_SUM,MEDIUM,WEALTH_CREATION,69,HIGH
49,39000,17900,17700,76000,15000,3400,1,2,2,LUMP_SUM,LOW,SHORT_TERM_GOAL,60,MEDIUM
37,28000,25300,0,300000,174000,15400,13,3,5,LUMP_SUM,MEDIUM,RETIREMENT,68,HIGH
31,122000,112200,0,500000,96000,30600,23,3,5,MONTHLY,HIGH,SHORT_TERM_GOAL,75,HIGH
32,72000,42800,8300,229000,115000,20900,2,1,3,MONTHLY,MEDIUM,EMERGENCY_FUND,56,LOW
58,52000,29800,19500,252000,112000,2700,7,1,3,LUMP_SUM,MEDIUM,SHORT_TERM_GOAL,64,HIGH
36,56000,41300,8000,467000,59000,6700,6,3,2,MONTHLY,LOW,RETIREMENT,67,HIGH
28,82000,51900,11500,704000,228000,18600,1,1,5,QUARTERLY,MEDIUM,RETIREMENT,57,MEDIUM
37,43000,20200,10400,313000,55000,12400,4,2,5,MONTHLY,MEDIUM,SHORT_TERM_GOAL,76,HIGH
65,35000,29600,0,668000,214000,9400,2,1,2,LUMP_SUM,MEDIUM,WEALTH_CREATION,37,HIGH
62,71000,53400,0,2424000,204000,35500,22,1,2,MONTHLY,MEDIUM,RETIREMENT,56,HIGH
40,67000,51000,3000,534000,223000,13000,13,4,1,MONTHLY,HIGH,WEALTH_CREATION,58,HIGH
51,64000,37000,20000,1790000,287000,7000,3,3,4,MONTHLY,HIGH,SHORT_TERM_GOAL,72,HIGH
39,56000,35900,13200,336000,20000,6900,7,5,1,MONTHLY,HIGH,SHORT_TERM_GOAL,72,LOW
42,44000,30900,5000,724000,324000,8100,12,2,5,QUARTERLY,MEDIUM,EMERGENCY_FUND,61,HIGH
62,98000,76500,0,1505000,360000,38700,16,2,3,LUMP_SUM,HIGH,RETIREMENT,51,HIGH
21,202000,114700,46900,7623000,2625000,40400,6,1,3,MONTHLY,MEDIUM,WEALTH_CREATION,53,HIGH
43,61000,27700,22700,520000,142000,10600,16,2,3,RARELY,MEDIUM,WEALTH_CREATION,42,HIGH
33,167000,74500,56000,4802000,355000,36500,1,2,3,MONTHLY,LOW,WEALTH_CREATION,86,HIGH
49,68000,47300,8800,559000,229000,11900,4,4,2,MONTHLY,LOW,SHORT_TERM_GOAL,79,HIGH
47,78000,15600,48900,395000,91000,13500,8,2,5,QUARTERLY,MEDIUM,WEALTH_CREATION,78,HIGH
39,88000,41700,40800,936000,20000,5500,8,1,2,QUARTERLY,HIGH,EMERGENCY_FUND,40,MEDIUM
22,36000,21000,9800,594000,259000,5200,6,2,2,MONTHLY,HIGH,RETIREMENT,31,HIGH
23,110000,63700,24400,470000,86000,21900,11,1,4,QUARTERLY,MEDIUM,TAX_SAVING,62,MEDIUM
62,110000,61400,30900,897000,47000,17700,14,1,3,MONTHLY,MEDIUM,TAX_SAVING,54,HIGH
47,58000,23100,23100,263000,82000,11800,9,3,3,MONTHLY,MEDIUM,WEALTH_CREATION,72,HIGH
49,24000,17300,2200,1029000,110000,4500,5,2,3,QUARTERLY,MEDIUM,WEALTH_CREATION,62,HIGH
47,58000,43100,0,1125000,76000,16400,10,4,4,LUMP_SUM,HIGH,RETIREMENT,70,HIGH
61,74000,47100,22700,134000,51000,4200,14,2,5,MONTHLY,HIGH,WEALTH_CREATION,69,HIGH
37,48000,32700,0,654000,412000,18600,9,4,4,RARELY,HIGH,TAX_SAVING,71,HIGH
48,27000,19600,4800,222000,43000,2600,11,1,2,RARELY,HIGH,WEALTH_CREATION,18,MEDIUM
33,54000,45100,0,2012000,469000,12900,2,5,2,MONTHLY,MEDIUM,WEALTH_CREATION,75,HIGH
61,88000,55600,3100,1858000,362000,29300,7,2,2,RARELY,LOW,RETIREMENT,58,HIGH
48,113000,50900,27100,820000,157000,35000,5,2,1,MONTHLY,MEDIUM,WEALTH_CREATION,57,MEDIUM
46,58000,45400,11900,345000,18000,700,3,1,3,MONTHLY,LOW,WEALTH_CREATION,45,HIGH
35,47000,40000,3800,682000,237000,3200,2,2,3,RARELY,HIGH,TAX_SAVING,64,LOW
25,39000,34100,0,420000,192000,14000,7,2,4,MONTHLY,MEDIUM,WEALTH_CREATION,62,MEDIUM
47,203000,173800,0,5286000,4142000,45100,4,1,2,MONTHLY,MEDIUM,WEALTH_CREATION,48,HIGH
60,137000,72200,0,2729000,290000,66300,6,5,2,QUARTERLY,HIGH,TAX_SAVING,66,HIGH
28,46000,12500,23900,307000,100000,9600,3,3,3,LUMP_SUM,HIGH,SHORT_TERM_GOAL,52,MEDIUM
41,129000,54700,38400,1498000,101000,35900,5,1,2,LUMP_SUM,MEDIUM,TAX_SAVING,46,HIGH
52,99000,51100,37500,694000,132000,10400,9,3,2,MONTHLY,MEDIUM,SHORT_TERM_GOAL,72,HIGH
43,45000,27000,7400,578000,12000,10600,14,1,4,LUMP_SUM,HIGH,SHORT_TERM_GOAL,55,MEDIUM
33,48000,29200,3400,227000,42000,15400,19,1,1,RARELY,MEDIUM,SHORT_TERM_GOAL,38,LOW
64,70000,36500,7200,3266000,1333000,26300,5,2,4,MONTHLY,HIGH,TAX_SAVING,71,HIGH
56,95000,47900,6100,2929000,588000,41000,6,1,2,RARELY,LOW,WEALTH_CREATION,58,HIGH
45,64000,32400,21300,488000,143000,10300,7,2,1,MONTHLY,MEDIUM,TAX_SAVING,58,HIGH
52,116000,56500,32700,2047000,915000,26800,9,1,3,MONTHLY,HIGH,WEALTH_CREATION,56,HIGH
37,39000,26000,6600,1814000,437000,6400,12,1,5,MONTHLY,MEDIUM,TAX_SAVING,66,HIGH
62,34000,31200,0,415000,149000,3400,11,2,4,MONTHLY,LOW,SHORT_TERM_GOAL,91,HIGH
45,28000,17200,6400,118000,6000,4400,2,1,1,RARELY,LOW,EMERGENCY_FUND,44,LOW
25,101000,92900,0,850000,493000,13800,19,1,1,QUARTERLY,HIGH,TAX_SAVING,27,MEDIUM
42,76000,58200,9800,573000,118000,8000,7,3,3,MONTHLY,LOW,SHORT_TERM_GOAL,78,LOW
62,40000,28500,2300,779000,10000,9200,11,2,3,LUMP_SUM,MEDIUM,EMERGENCY_FUND,73,HIGH
54,21000,7100,10000,98000,49000,3900,8,2,4,MONTHLY,LOW,TAX_SAVING,64,HIGH
41,94000,43700,46900,579000,100000,3400,9,1,4,RARELY,LOW,RETIREMENT,67,HIGH
25,69000,49100,17900,1062000,131000,2000,17,1,3,LUMP_SUM,HIGH,EMERGENCY_FUND,54,HIGH
52,73000,38100,16900,1226000,59000,18000,10,2,4,MONTHLY,HIGH,WEALTH_CREATION,67,HIGH
42,53000,23800,17800,233000,38000,11400,3,3,3,MONTHLY,MEDIUM,RETIREMENT,89,HIGH
32,109000,34500,44200,609000,65000,30300,17,2,2,RARELY,MEDIUM,RETIREMENT,31,MEDIUM
59,45000,29600,3100,854000,472000,12300,4,1,3,LUMP_SUM,LOW,WEALTH_CREATION,51,HIGH
33,39000,28500,9000,1023000,149000,1500,18,2,4,QUARTERLY,MEDIUM,EMERGENCY_FUND,73,HIGH
57,42000,28500,12700,585000,373000,800,1,1,5,QUARTERLY,MEDIUM,RETIREMENT,65,HIGH
49,105000,60400,19400,1438000,530000,25200,4,1,2,MONTHLY,LOW,WEALTH_CREATION,59,HIGH
44,55000,45300,8300,1006000,120000,1400,11,3,1,QUARTERLY,LOW,TAX_SAVING,51,HIGH
24,92000,84600,0,1567000,556000,13800,15,1,4,MONTHLY,LOW,RETIREMENT,69,HIGH
62,26000,22700,0,597000,306000,8800,8,3,5,MONTHLY,HIGH,RETIREMENT,80,HIGH
47,29000,15600,12800,237000,52000,600,2,2,2,MONTHLY,LOW,SHORT_TERM_GOAL,70,HIGH
48,79000,35300,30300,266000,40000,13400,16,1,5,MONTHLY,HIGH,RETIREMENT,82,HIGH
47,79000,40100,30000,1346000,653000,8900,3,5,2,RARELY,MEDIUM,SHORT_TERM_GOAL,94,HIGH
65,86000,56600,0,1324000,944000,29700,1,4,4,MONTHLY,HIGH,WEALTH_CREATION,76,HIGH
61,63000,36600,0,671000,113000,30800,3,3,3,MONTHLY,LOW,RETIREMENT,79,HIGH
58,134000,73900,40000,1470000,246000,20100,11,2,2,MONTHLY,LOW,WEALTH_CREATION,70,HIGH
25,93000,61600,6500,3514000,870000,24900,2,1,5,MONTHLY,HIGH,EMERGENCY_FUND,73,HIGH
51,34000,23500,1900,298000,78000,8600,5,5,3,MONTHLY,HIGH,WEALTH_CREATION,83,HIGH
36,168000,129400,21600,3666000,513000,17000,5,2,5,RARELY,LOW,WEALTH_CREATION,73,HIGH
55,44000,36500,4100,618000,279000,3400,11,3,2,MONTHLY,MEDIUM,SHORT_TERM_GOAL,58,HIGH
36,51000,32300,15500,191000,29000,3200,12,2,1,QUARTERLY,MEDIUM,TAX_SAVING,55,MEDIUM
37,28000,15500,7400,33000,9000,5100,10,4,2,LUMP_SUM,HIGH,EMERGENCY_FUND,59,LOW
47,63000,23700,11400,129000,29000,27900,10,1,4,QUARTERLY,MEDIUM,RETIREMENT,56,MEDIUM
44,49000,11200,30300,199000,69000,7500,12,5,1,RARELY,MEDIUM,SHORT_TERM_GOAL,68,HIGH
21,81000,31200,36600,799000,410000,13200,6,1,5,RARELY,MEDIUM,EMERGENCY_FUND,66,HIGH
64,107000,83700,0,1680000,142000,29800,4,1,1,RARELY,MEDIUM,WEALTH_CREATION,52,MEDIUM
64,59000,40500,0,730000,321000,20200,2,1,3,MONTHLY,LOW,WEALTH_CREATION,71,HIGH
58,95000,78500,0,888000,51000,17400,10,1,3,MONTHLY,HIGH,RETIREMENT,75,MEDIUM
27,72000,53200,11000,253000,120000,7800,22,5,3,MONTHLY,MEDIUM,RETIREMENT,87,HIGH
57,119000,84400,8700,1812000,354000,25900,10,1,4,MONTHLY,HIGH,WEALTH_CREATION,71,HIGH
64,97000,68800,6100,1814000,297000,22100,2,5,4,LUMP_SUM,MEDIUM,SHORT_TERM_GOAL,92,HIGH
54,72000,27400,12100,883000,432000,32500,7,3,4,MONTHLY,MEDIUM,TAX_SAVING,73,HIGH
39,38000,18400,17300,98000,40000,2300,7,5,1,MONTHLY,MEDIUM,WEALTH_CREATION,73,HIGH
43,54000,34900,7300,2069000,393000,11800,23,3,2,MONTHLY,HIGH,RETIREMENT,66,HIGH
52,63000,40200,19300,1572000,316000,3500,12,1,5,MONTHLY,LOW,RETIREMENT,79,HIGH
48,117000,107600,0,1956000,710000,27700,18,3,5,LUMP_SUM,MEDIUM,WEALTH_CREATION,96,HIGH
61,39000,21400,15400,579000,170000,2200,18,2,2,MONTHLY,HIGH,WEALTH_CREATION,46,HIGH
24,27000,13200,10200,670000,129000,3600,1,1,3,LUMP_SUM,MEDIUM,SHORT_TERM_GOAL,43,HIGH
52,95000,61300,14400,1634000,742000,19300,9,1,2,MONTHLY,MEDIUM,WEALTH_CREATION,43,HIGH
47,59000,14200,40500,413000,170000,4300,11,1,3,MONTHLY,MEDIUM,SHORT_TERM_GOAL,40,HIGH
51,85000,65300,0,774000,97000,25500,17,2,5,LUMP_SUM,MEDIUM,WEALTH_CREATION,93,HIGH
56,41000,31500,1700,1279000,291000,7800,15,2,2,QUARTERLY,LOW,WEALTH_CREATION,63,HIGH
30,42000,23200,4500,533000,216000,14300,5,2,2,MONTHLY,MEDIUM,SHORT_TERM_GOAL,49,MEDIUM
55,20000,12700,1900,48000,2000,5400,13,2,2,MONTHLY,HIGH,SHORT_TERM_GOAL,49,LOW
60,60000,23600,31600,1262000,254000,4800,17,2,1,MONTHLY,LOW,WEALTH_CREATION,57,HIGH
23,125000,74300,30300,4983000,806000,20400,11,1,1,MONTHLY,LOW,WEALTH_CREATION,65,HIGH
53,208000,155400,49600,5913000,14000,3000,8,1,2,RARELY,MEDIUM,RETIREMENT,41,HIGH
39,61000,55200,0,104000,17000,10900,6,5,1,RARELY,LOW,SHORT_TERM_GOAL,79,LOW
28,150000,43800,94000,834000,139000,12200,3,2,1,QUARTERLY,LOW,EMERGENCY_FUND,61,MEDIUM
42,36000,27400,2600,797000,535000,6000,15,1,1,LUMP_SUM,HIGH,RETIREMENT,38,HIGH
38,94000,55000,29500,810000,360000,9500,4,1,3,QUARTERLY,LOW,SHORT_TERM_GOAL,61,MEDIUM
34,77000,59700,0,1198000,161000,22100,15,2,5,MONTHLY,MEDIUM,WEALTH_CREATION,84,HIGH
43,81000,74500,0,1106000,385000,20800,24,4,2,MONTHLY,MEDIUM,SHORT_TERM_GOAL,64,HIGH
58,63000,42800,14400,1076000,445000,5800,3,1,1,LUMP_SUM,LOW,EMERGENCY_FUND,72,HIGH
48,67000,29200,9800,814000,234000,28000,1,1,5,MONTHLY,LOW,TAX_SAVING,58,HIGH
33,70000,15900,38600,449000,261000,15500,11,4,3,RARELY,HIGH,RETIREMENT,47,MEDIUM
32,67000,36200,13300,662000,230000,17500,17,2,3,MONTHLY,MEDIUM,SHORT_TERM_GOAL,54,HIGH
64,62000,35300,6500,196000,29000,20200,9,1,4,RARELY,HIGH,RETIREMENT,44,LOW
41,103000,79800,0,507000,84000,28700,5,3,4,MONTHLY,MEDIUM,WEALTH_CREATION,93,HIGH
56,62000,55300,0,2013000,388000,19900,9,3,2,LUMP_SUM,LOW,WEALTH_CREATION,68,HIGH
28,174000,39800,105500,491000,77000,28700,8,2,1,MONTHLY,LOW,SHORT_TERM_GOAL,46,MEDIUM
46,34000,17100,14900,193000,76000,2000,2,1,4,MONTHLY,LOW,WEALTH_CREATION,96,HIGH
31,20000,6000,9900,101000,7000,4100,4,2,3,MONTHLY,LOW,WEALTH_CREATION,78,HIGH
59,67000,27600,26800,1961000,114000,12600,9,2,2,QUARTERLY,HIGH,EMERGENCY_FUND,64,HIGH
47,42000,18300,10300,189000,97000,13400,15,1,3,MONTHLY,HIGH,WEALTH_CREATION,56,HIGH
46,44000,31500,7400,327000,91000,5100,11,1,4,RARELY,MEDIUM,EMERGENCY_FUND,50,MEDIUM
56,181000,143500,0,2404000,1168000,46000,13,1,3,LUMP_SUM,HIGH,WEALTH_CREATION,54,HIGH
34,81000,42400,29200,940000,184000,9400,19,1,2,MONTHLY,MEDIUM,RETIREMENT,46,HIGH
47,310000,175800,117600,4960000,1607000,16600,19,1,2,MONTHLY,MEDIUM,WEALTH_CREATION,75,HIGH
31,116000,99800,14000,1970000,582000,2200,14,5,3,MONTHLY,MEDIUM,RETIREMENT,86,HIGH
65,79000,40000,22200,792000,341000,16800,2,4,4,QUARTERLY,MEDIUM,WEALTH_CREATION,86,HIGH
49,118000,75800,7400,2188000,573000,34800,2,1,2,MONTHLY,MEDIUM,SHORT_TERM_GOAL,51,HIGH
32,40000,29200,10600,127000,80000,200,5,2,5,LUMP_SUM,HIGH,WEALTH_CREATION,70,HIGH
24,97000,86400,0,2165000,369000,28800,11,1,2,MONTHLY,MEDIUM,SHORT_TERM_GOAL,55,HIGH
54,27000,14500,8200,286000,77000,4300,8,2,1,MONTHLY,MEDIUM,TAX_SAVING,63,HIGH
29,57000,29900,22200,191000,18000,4900,4,2,3,QUARTERLY,HIGH,EMERGENCY_FUND,58,LOW
54,65000,54400,2700,831000,109000,7900,4,1,3,QUARTERLY,MEDIUM,SHORT_TERM_GOAL,65,MEDIUM
57,44000,31400,11800,206000,30000,800,21,2,2,MONTHLY,HIGH,WEALTH_CREATION,39,HIGH
35,137000,62000,39600,2717000,890000,35400,15,3,1,QUARTERLY,MEDIUM,TAX_SAVING,41,HIGH
54,127000,83700,34400,4088000,2166000,8900,17,4,2,QUARTERLY,LOW,TAX_SAVING,78,HIGH
64,120000,43200,65800,550000,204000,11000,3,2,4,MONTHLY,MEDIUM,TAX_SAVING,74,HIGH
62,38000,22300,12800,300000,237000,2900,19,4,4,MONTHLY,MEDIUM,EMERGENCY_FUND,100,HIGH
63,86000,62800,22200,1075000,710000,1000,11,2,1,MONTHLY,MEDIUM,WEALTH_CREATION,51,HIGH
47,31000,12600,10900,180000,27000,7500,7,3,4,RARELY,MEDIUM,RETIREMENT,60,HIGH
62,28000,19600,8300,164000,18000,100,5,2,1,MONTHLY,LOW,RETIREMENT,64,HIGH
50,109000,67300,22400,518000,214000,19300,16,2,1,QUARTERLY,LOW,EMERGENCY_FUND,57,MEDIUM
24,51000,33400,7900,843000,82000,9700,9,3,3,QUARTERLY,MEDIUM,RETIREMENT,77,HIGH
59,133000,113900,0,2396000,879000,21700,6,2,2,LUMP_SUM,HIGH,RETIREMENT,49,HIGH
65,175000,141500,0,3410000,145000,40100,3,2,1,LUMP_SUM,LOW,WEALTH_CREATION,42,HIGH
25,42000,29500,5900,1312000,683000,6600,5,2,3,MONTHLY,HIGH,WEALTH_CREATION,56,HIGH
47,84000,70100,0,1925000,694000,27700,15,1,5,QUARTERLY,MEDIUM,EMERGENCY_FUND,69,HIGH
43,96000,49500,31300,3039000,1074000,15200,7,4,3,MONTHLY,MEDIUM,SHORT_TERM_GOAL,94,HIGH
48,126000,76400,0,2123000,188000,68600,13,3,2,MONTHLY,HIGH,WEALTH_CREATION,53,HIGH
64,87000,51300,31000,748000,251000,4700,4,5,3,QUARTERLY,HIGH,SHORT_TERM_GOAL,75,HIGH
44,25000,14400,9800,114000,62000,800,12,2,3,QUARTERLY,HIGH,WEALTH_CREATION,50,HIGH
63,160000,95700,32300,2737000,1038000,32000,17,1,3,LUMP_SUM,MEDIUM,RETIREMENT,68,HIGH
34,64000,38700,0,3261000,465000,26700,4,1,4,QUARTERLY,HIGH,RETIREMENT,47,HIGH
48,45000,35300,5800,114000,23000,3900,13,2,4,LUMP_SUM,LOW,RETIREMENT,78,HIGH
44,93000,36600,37200,315000,77000,19200,7,4,1,MONTHLY,HIGH,TAX_SAVING,60,MEDIUM
34,138000,118600,0,2843000,631000,33700,4,1,5,QUARTERLY,HIGH,EMERGENCY_FUND,56,MEDIUM
35,36000,14200,17300,279000,76000,4500,19,1,1,MONTHLY,HIGH,TAX_SAVING,41,MEDIUM
37,152000,115500,6000,1708000,323000,30500,4,1,5,LUMP_SUM,MEDIUM,RETIREMENT,77,HIGH
45,29000,20000,5200,80000,36000,3800,10,1,2,MONTHLY,MEDIUM,TAX_SAVING,45,LOW
64,175000,61100,91000,779000,163000,22900,9,2,2,LUMP_SUM,LOW,EMERGENCY_FUND,61,HIGH
33,98000,66400,18700,621000,133000,12900,14,5,3,QUARTERLY,HIGH,RETIREMENT,79,HIGH
28,74000,50100,4500,308000,26000,19400,6,1,1,MONTHLY,LOW,RETIREMENT,52,MEDIUM
22,35000,28100,0,367000,11000,8000,3,2,3,QUARTERLY,LOW,WEALTH_CREATION,74,HIGH
25,59000,40000,9800,1065000,536000,9200,11,2,4,RARELY,MEDIUM,WEALTH_CREATION,71,HIGH
60,30000,16600,10600,59000,20000,2800,5,1,2,MONTHLY,HIGH,EMERGENCY_FUND,37,LOW
25,74000,52300,17200,695000,293000,4500,2,5,3,MONTHLY,HIGH,WEALTH_CREATION,88,HIGH
42,37000,18300,15400,157000,34000,3300,6,3,3,MONTHLY,HIGH,RETIREMENT,68,HIGH
46,93000,56900,24900,820000,247000,11200,10,2,3,MONTHLY,LOW,TAX_SAVING,87,HIGH
23,62000,24800,28300,768000,356000,8900,7,2,4,RARELY,MEDIUM,EMERGENCY_FUND,41,HIGH
21,99000,58000,31700,1687000,51000,9300,5,1,2,QUARTERLY,MEDIUM,SHORT_TERM_GOAL,58,HIGH
61,74000,44900,13500,611000,67000,15600,3,3,1,LUMP_SUM,LOW,RETIREMENT,68,HIGH
62,68000,33800,31600,478000,75000,2600,13,2,1,MONTHLY,LOW,TAX_SAVING,64,HIGH
44,62000,42000,12400,1406000,529000,7600,21,4,3,RARELY,MEDIUM,TAX_SAVING,59,HIGH
29,254000,188600,24900,2555000,1222000,40500,21,2,1,MONTHLY,LOW,TAX_SAVING,58,HIGH
28,110000,54100,50100,1400000,154000,5800,14,1,3,QUARTERLY,HIGH,SHORT_TERM_GOAL,32,HIGH
23,91000,72800,0,152000,95000,22900,8,1,4,LUMP_SUM,MEDIUM,RETIREMENT,49,MEDIUM
25,82000,66400,0,1562000,354000,19000,1,2,5,RARELY,HIGH,WEALTH_CREATION,53,HIGH
34,71000,56900,0,1521000,423000,20900,4,3,2,RARELY,HIGH,RETIREMENT,59,HIGH
61,85000,58100,8300,1659000,367000,18600,13,1,2,LUMP_SUM,LOW,WEALTH_CREATION,56,HIGH
38,44000,27200,0,341000,15000,17200,15,3,1,MONTHLY,LOW,SHORT_TERM_GOAL,59,LOW
31,61000,43100,11800,540000,190000,6100,3,2,3,LUMP_SUM,LOW,SHORT_TERM_GOAL,57,MEDIUM
35,69000,37800,23000,755000,253000,8200,11,1,5,RARELY,LOW,RETIREMENT,82,HIGH
34,46000,30800,6100,350000,129000,9100,8,5,2,MONTHLY,LOW,EMERGENCY_FUND,82,MEDIUM
35,52000,38200,6800,1075000,117000,7000,3,2,3,QUARTERLY,MEDIUM,RETIREMENT,68,HIGH
32,51000,24400,16500,283000,10000,10100,1,2,2,RARELY,MEDIUM,RETIREMENT,47,LOW
53,35000,29000,0,312000,49000,8500,4,3,1,QUARTERLY,LOW,SHORT_TERM_GOAL,68,MEDIUM
54,34000,26500,1000,619000,136000,6500,11,3,2,RARELY,LOW,RETIREMENT,78,HIGH
31,95000,81400,2500,797000,122000,11100,4,2,3,MONTHLY,LOW,RETIREMENT,77,HIGH
65,91000,41600,14300,2194000,1303000,35100,9,4,1,MONTHLY,MEDIUM,WEALTH_CREATION,60,HIGH
62,48000,25800,5000,465000,212000,17200,10,5,3,MONTHLY,MEDIUM,TAX_SAVING,82,HIGH
33,60000,17200,9800,276000,1000,33000,1,1,3,QUARTERLY,MEDIUM,EMERGENCY_FUND,47,LOW
25,59000,37600,21100,572000,33000,300,8,2,2,MONTHLY,MEDIUM,EMERGENCY_FUND,49,HIGH
50,65000,51800,0,377000,46000,17700,6,1,4,MONTHLY,MEDIUM,RETIREMENT,56,MEDIUM
34,88000,75600,0,1162000,307000,19700,14,4,1,QUARTERLY,LOW,WEALTH_CREATION,71,HIGH
28,78000,53400,12600,622000,327000,12000,3,3,5,RARELY,HIGH,SHORT_TERM_GOAL,67,MEDIUM
44,23000,12400,10300,313000,180000,300,16,3,3,QUARTERLY,HIGH,RETIREMENT,68,HIGH
61,30000,19100,7600,127000,14000,3300,1,1,3,RARELY,LOW,WEALTH_CREATION,51,MEDIUM
34,20000,9700,4600,612000,299000,5700,20,2,4,RARELY,MEDIUM,WEALTH_CREATION,79,HIGH
24,50000,27500,11500,435000,244000,11000,4,2,3,MONTHLY,MEDIUM,RETIREMENT,63,HIGH
28,76000,33800,28200,351000,88000,14000,4,1,3,MONTHLY,MEDIUM,RETIREMENT,42,MEDIUM
58,29000,20400,2100,109000,11000,6500,13,3,3,LUMP_SUM,HIGH,WEALTH_CREATION,61,HIGH
49,40000,22700,8900,453000,178000,8400,15,1,3,RARELY,HIGH,WEALTH_CREATION,45,HIGH
59,74000,59100,0,2041000,117000,20400,15,3,5,MONTHLY,HIGH,EMERGENCY_FUND,100,HIGH
51,85000,46600,28600,904000,135000,9800,1,4,4,LUMP_SUM,MEDIUM,EMERGENCY_FUND,77,HIGH
33,21000,13300,1900,174000,6000,5800,21,1,2,QUARTERLY,MEDIUM,WEALTH_CREATION,57,HIGH
31,26000,17700,5300,324000,118000,3000,5,1,2,QUARTERLY,MEDIUM,TAX_SAVING,50,HIGH
31,102000,64800,30700,742000,309000,6500,16,3,1,MONTHLY,HIGH,SHORT_TERM_GOAL,38,MEDIUM
36,45000,26300,16900,1206000,685000,1800,3,2,1,LUMP_SUM,HIGH,RETIREMENT,45,HIGH
47,57000,41000,8500,549000,17000,7500,13,1,5,MONTHLY,LOW,WEALTH_CREATION,79,HIGH
59,96000,38700,14200,718000,262000,43100,9,4,4,LUMP_SUM,MEDIUM,SHORT_TERM_GOAL,85,HIGH
53,32000,24200,0,1158000,205000,14300,17,1,2,LUMP_SUM,MEDIUM,WEALTH_CREATION,46,HIGH
25,36000,30300,900,737000,69000,4800,14,3,2,RARELY,LOW,WEALTH_CREATION,66,HIGH
24,72000,60200,9400,1099000,31000,2400,3,1,3,RARELY,LOW,SHORT_TERM_GOAL,49,LOW
44,93000,68200,7400,1163000,573000,17400,14,1,1,LUMP_SUM,LOW,RETIREMENT,56,HIGH
56,32000,19300,4400,490000,254000,8300,3,3,1,QUARTERLY,MEDIUM,RETIREMENT,47,MEDIUM
64,68000,46600,19600,300000,176000,1800,9,3,3,QUARTERLY,HIGH,WEALTH_CREATION,51,MEDIUM
63,33000,15300,16100,50000,6000,1600,19,1,5,MONTHLY,LOW,WEALTH_CREATION,76,HIGH
38,27000,13000,12800,74000,33000,1200,12,3,4,QUARTERLY,MEDIUM,SHORT_TERM_GOAL,71,HIGH
61,101000,58400,18700,562000,83000,23900,2,3,5,LUMP_SUM,LOW,WEALTH_CREATION,91,HIGH
54,49000,35900,11300,1019000,738000,1800,9,3,1,QUARTERLY,LOW,SHORT_TERM_GOAL,75,HIGH
37,158000,143600,0,1367000,38000,14900,15,4,4,LUMP_SUM,MEDIUM,RETIREMENT,84,HIGH
38,51000,25000,11000,1877000,216000,15000,4,2,3,MONTHLY,HIGH,EMERGENCY_FUND,63,HIGH
58,99000,36300,16700,1022000,551000,46000,3,4,1,QUARTERLY,MEDIUM,WEALTH_CREATION,64,HIGH
22,63000,32600,15900,205000,94000,14500,2,5,2,MONTHLY,HIGH,RETIREMENT,78,HIGH
32,242000,187200,14300,1978000,964000,40500,12,3,4,MONTHLY,LOW,RETIREMENT,97,HIGH
35,143000,99100,36900,33000,1000,7000,7,2,2,MONTHLY,LOW,WEALTH_CREATION,65,HIGH
62,62000,41700,7700,1155000,121000,12600,16,2,3,MONTHLY,MEDIUM,SHORT_TERM_GOAL,63,HIGH
49,157000,115500,17100,2524000,1131000,24400,11,1,3,RARELY,LOW,TAX_SAVING,44,HIGH
62,25000,16000,5900,64000,21000,3100,21,2,4,LUMP_SUM,MEDIUM,WEALTH_CREATION,73,HIGH
39,142000,34600,94400,1147000,63000,13000,8,1,2,RARELY,LOW,WEALTH_CREATION,37,HIGH
54,65000,41700,0,742000,58000,35700,9,3,2,QUARTERLY,MEDIUM,WEALTH_CREATION,61,MEDIUM
46,73000,42700,8800,831000,92000,21500,7,4,2,RARELY,LOW,RETIREMENT,72,HIGH
56,125000,102500,0,1753000,259000,26600,3,3,2,RARELY,MEDIUM,EMERGENCY_FUND,62,LOW
58,37000,25400,6500,266000,76000,5100,12,3,5,QUARTERLY,MEDIUM,RETIREMENT,88,HIGH
55,79000,48200,16500,688000,48000,14300,6,1,5,LUMP_SUM,MEDIUM,RETIREMENT,74,HIGH
44,100000,37200,49800,247000,21000,13000,11,4,3,RARELY,MEDIUM,TAX_SAVING,74,HIGH
37,121000,68900,37700,1254000,195000,14400,4,2,5,MONTHLY,HIGH,WEALTH_CREATION,79,HIGH
55,73000,42000,20000,550000,25000,11000,5,4,3,QUARTERLY,HIGH,RETIREMENT,71,HIGH
45,53000,30100,14300,655000,49000,8600,12,1,2,MONTHLY,MEDIUM,RETIREMENT,44,HIGH
51,117000,57800,52300,227000,10000,6900,3,4,3,MONTHLY,MEDIUM,WEALTH_CREATION,73,HIGH
65,25000,16600,4500,110000,24000,3900,16,4,3,MONTHLY,MEDIUM,EMERGENCY_FUND,84,HIGH
45,33000,28200,0,148000,45000,5900,7,5,5,LUMP_SUM,MEDIUM,TAX_SAVING,90,HIGH
27,76000,29200,15600,1162000,739000,31200,9,3,1,MONTHLY,MEDIUM,EMERGENCY_FUND,48,HIGH
65,37000,22300,1600,721000,125000,13100,10,1,1,RARELY,MEDIUM,TAX_SAVING,46,MEDIUM
43,265000,53900,181400,158000,33000,29700,10,1,5,RARELY,HIGH,SHORT_TERM_GOAL,53,MEDIUM
65,71000,42500,24300,351000,45000,4200,4,2,1,MONTHLY,HIGH,WEALTH_CREATION,45,MEDIUM
62,62000,29100,2500,2003000,647000,30400,4,2,5,RARELY,HIGH,RETIREMENT,60,HIGH
55,385000,328100,46100,7146000,232000,10800,5,4,3,MONTHLY,LOW,SHORT_TERM_GOAL,99,HIGH
62,112000,22400,72800,441000,96000,16800,5,5,3,MONTHLY,LOW,WEALTH_CREATION,93,HIGH
37,54000,30700,16300,353000,42000,7000,5,3,2,MONTHLY,LOW,TAX_SAVING,88,HIGH
25,69000,47200,5200,725000,197000,16600,2,1,4,LUMP_SUM,MEDIUM,TAX_SAVING,48,LOW
50,82000,57100,6100,2640000,772000,18800,4,2,4,MONTHLY,HIGH,WEALTH_CREATION,67,HIGH
45,97000,39900,32200,1746000,506000,24900,13,2,1,MONTHLY,LOW,TAX_SAVING,57,HIGH
25,132000,76500,0,1402000,194000,61100,13,1,2,MONTHLY,HIGH,SHORT_TERM_GOAL,44,LOW
57,34000,23200,6000,138000,41000,4800,23,1,4,MONTHLY,HIGH,TAX_SAVING,73,HIGH
39,27000,18500,5000,163000,75000,3500,2,3,1,MONTHLY,MEDIUM,SHORT_TERM_GOAL,63,MEDIUM
25,33000,21700,0,313000,84000,12900,3,3,2,MONTHLY,MEDIUM,WEALTH_CREATION,73,MEDIUM
52,39000,23700,1200,813000,96000,14100,3,1,4,MONTHLY,HIGH,WEALTH_CREATION,55,HIGH
31,32000,25400,4300,246000,70000,2300,8,3,2,LUMP_SUM,HIGH,TAX_SAVING,57,HIGH
43,54000,30800,10400,1325000,982000,12800,12,2,5,RARELY,HIGH,SHORT_TERM_GOAL,61,HIGH
29,57000,35600,5400,720000,147000,16000,8,3,3,LUMP_SUM,MEDIUM,WEALTH_CREATION,87,HIGH
52,84000,56200,14800,2485000,453000,13000,13,1,1,LUMP_SUM,HIGH,EMERGENCY_FUND,37,HIGH
24,59000,35900,18100,21000,8000,5000,13,1,2,MONTHLY,LOW,WEALTH_CREATION,59,HIGH
27,39000,27700,1900,781000,313000,9400,3,1,2,LUMP_SUM,MEDIUM,RETIREMENT,45,MEDIUM
65,68000,30000,14000,1524000,448000,24000,6,4,1,MONTHLY,MEDIUM,WEALTH_CREATION,76,HIGH
36,57000,52400,0,918000,264000,18400,11,2,4,RARELY,LOW,EMERGENCY_FUND,64,HIGH
53,42000,31200,5600,598000,232000,5200,5,3,2,QUARTERLY,LOW,WEALTH_CREATION,66,HIGH
39,39000,28900,0,892000,292000,13000,4,4,3,QUARTERLY,LOW,TAX_SAVING,91,HIGH
33,141000,90200,0,2925000,1625000,54100,9,3,2,QUARTERLY,MEDIUM,WEALTH_CREATION,64,HIGH
51,43000,25200,10700,317000,68000,7100,5,3,1,QUARTERLY,HIGH,SHORT_TERM_GOAL,45,LOW
56,81000,58500,16200,426000,113000,6300,4,3,4,LUMP_SUM,LOW,EMERGENCY_FUND,75,HIGH
32,24000,7100,14300,173000,7000,2600,13,5,1,MONTHLY,MEDIUM,EMERGENCY_FUND,84,HIGH
61,54000,49600,0,903000,88000,11900,16,2,2,RARELY,MEDIUM,SHORT_TERM_GOAL,40,HIGH
25,88000,62900,4700,1121000,225000,20400,17,1,5,LUMP_SUM,MEDIUM,WEALTH_CREATION,68,HIGH
23,39000,24700,1600,204000,49000,12700,4,2,4,LUMP_SUM,HIGH,WEALTH_CREATION,64,MEDIUM
25,204000,143900,51600,1944000,164000,8500,3,1,2,LUMP_SUM,LOW,RETIREMENT,52,MEDIUM
41,31000,18400,4400,237000,38000,8200,5,1,1,MONTHLY,LOW,WEALTH_CREATION,49,MEDIUM
45,84000,47900,27400,2301000,23000,8700,20,2,1,LUMP_SUM,MEDIUM,RETIREMENT,31,HIGH
49,20000,13200,1600,123000,24000,5200,7,2,2,RARELY,HIGH,RETIREMENT,43,LOW
58,117000,73100,0,4575000,934000,61600,20,1,4,MONTHLY,HIGH,EMERGENCY_FUND,62,HIGH
40,92000,73400,0,827000,462000,20100,11,2,3,LUMP_SUM,MEDIUM,SHORT_TERM_GOAL,73,LOW
56,27000,22500,0,404000,56000,5500,8,2,5,MONTHLY,LOW,TAX_SAVING,100,HIGH
65,102000,78300,0,905000,60000,28700,3,3,2,MONTHLY,LOW,TAX_SAVING,78,MEDIUM
64,101000,78700,6200,2083000,1218000,16100,4,3,2,QUARTERLY,MEDIUM,WEALTH_CREATION,63,HIGH
62,150000,116600,0,4275000,214000,82500,6,3,3,QUARTERLY,LOW,SHORT_TERM_GOAL,98,HIGH
39,54000,27100,23300,207000,6000,3600,8,3,5,QUARTERLY,MEDIUM,RETIREMENT,83,HIGH
36,61000,35900,0,125000,11000,26100,17,1,3,LUMP_SUM,MEDIUM,WEALTH_CREATION,58,MEDIUM
55,38000,27400,1500,495000,60000,9100,5,1,2,MONTHLY,MEDIUM,SHORT_TERM_GOAL,54,LOW
29,65000,54000,0,141000,1000,11900,18,3,2,QUARTERLY,MEDIUM,TAX_SAVING,57,HIGH
55,103000,76400,600,802000,211000,26000,7,3,1,MONTHLY,MEDIUM,EMERGENCY_FUND,56,LOW
22,33000,22300,0,1048000,404000,15700,10,4,4,QUARTERLY,MEDIUM,RETIREMENT,82,HIGH
60,72000,50000,0,1394000,380000,32800,13,4,3,LUMP_SUM,HIGH,RETIREMENT,82,HIGH
24,67000,39200,21500,1154000,110000,6300,9,3,1,MONTHLY,MEDIUM,SHORT_TERM_GOAL,65,HIGH
31,64000,49800,2100,1247000,88000,12100,6,1,3,QUARTERLY,MEDIUM,EMERGENCY_FUND,38,HIGH
40,115000,58300,54500,987000,331000,2200,25,1,3,RARELY,LOW,EMERGENCY_FUND,63,MEDIUM
32,121000,76300,10200,2130000,568000,34500,8,5,1,MONTHLY,HIGH,TAX_SAVING,73,HIGH
38,74000,68000,0,1203000,127000,10800,8,1,4,QUARTERLY,HIGH,WEALTH_CREATION,55,HIGH
53,58000,35800,9900,166000,24000,12300,14,1,2,MONTHLY,MEDIUM,RETIREMENT,53,MEDIUM
53,49000,19500,22700,362000,167000,6800,14,2,2,RARELY,LOW,EMERGENCY_FUND,50,HIGH
64,67000,47100,8200,498000,166000,11700,2,1,5,LUMP_SUM,MEDIUM,WEALTH_CREATION,62,HIGH
21,116000,85700,0,3935000,341000,46400,6,2,4,MONTHLY,HIGH,WEALTH_CREATION,69,HIGH
53,42000,21600,7300,466000,75000,13100,11,3,4,MONTHLY,HIGH,EMERGENCY_FUND,69,MEDIUM
59,37000,24900,7800,173000,48000,4300,4,3,3,MONTHLY,LOW,EMERGENCY_FUND,73,MEDIUM
36,70000,48200,16700,1868000,20000,5100,13,3,4,QUARTERLY,MEDIUM,RETIREMENT,75,HIGH
37,37000,24100,5500,464000,56000,7400,3,3,2,RARELY,HIGH,WEALTH_CREATION,39,MEDIUM
25,34000,31200,0,259000,90000,8600,11,2,4,MONTHLY,HIGH,WEALTH_CREATION,64,HIGH
57,32000,23200,400,383000,124000,8400,2,2,2,MONTHLY,HIGH,SHORT_TERM_GOAL,50,LOW
22,92000,57500,13700,1150000,576000,20800,24,4,5,QUARTERLY,HIGH,WEALTH_CREATION,80,HIGH
21,63000,45000,0,531000,134000,18800,16,5,2,LUMP_SUM,HIGH,EMERGENCY_FUND,78,HIGH
23,37000,21000,6700,682000,218000,9300,2,3,1,MONTHLY,MEDIUM,WEALTH_CREATION,70,HIGH
25,44000,25800,8400,514000,252000,9800,4,3,4,RARELY,MEDIUM,WEALTH_CREATION,55,HIGH
22,47000,22100,14500,1007000,168000,10400,10,1,3,RARELY,MEDIUM,EMERGENCY_FUND,54,HIGH
63,56000,42700,9800,278000,47000,3500,16,1,2,MONTHLY,MEDIUM,EMERGENCY_FUND,65,MEDIUM
40,65000,13000,48800,132000,19000,3200,2,4,2,RARELY,MEDIUM,SHORT_TERM_GOAL,76,MEDIUM
27,84000,52400,15800,374000,93000,15800,10,3,3,MONTHLY,MEDIUM,WEALTH_CREATION,71,HIGH
65,70000,49200,0,3617000,2306000,21700,2,1,5,RARELY,LOW,EMERGENCY_FUND,62,HIGH
34,77000,49100,15200,655000,86000,12700,13,4,3,RARELY,MEDIUM,SHORT_TERM_GOAL,64,MEDIUM
55,48000,34800,7200,306000,6000,6000,13,3,4,MONTHLY,HIGH,TAX_SAVING,69,HIGH
61,87000,67000,5600,1651000,314000,14400,11,4,2,RARELY,LOW,TAX_SAVING,75,HIGH
58,68000,36900,13300,868000,588000,17800,3,2,4,MONTHLY,MEDIUM,TAX_SAVING,72,HIGH
65,49000,26900,7800,165000,55000,14300,12,1,4,MONTHLY,HIGH,RETIREMENT,49,HIGH
27,166000,100600,0,3135000,456000,69300,2,4,2,MONTHLY,LOW,WEALTH_CREATION,70,HIGH
57,69000,38200,23100,224000,22000,7700,13,4,1,LUMP_SUM,HIGH,WEALTH_CREATION,44,HIGH
57,53000,29300,9800,602000,102000,13900,23,1,3,MONTHLY,LOW,WEALTH_CREATION,54,HIGH
53,27000,15000,3200,543000,194000,8800,1,3,5,RARELY,LOW,TAX_SAVING,79,HIGH
30,49000,31100,5700,502000,120000,12200,17,2,2,QUARTERLY,MEDIUM,EMERGENCY_FUND,59,MEDIUM
48,35000,18400,12800,128000,48000,3800,11,1,1,MONTHLY,HIGH,SHORT_TERM_GOAL,26,MEDIUM
62,108000,76000,20200,732000,117000,11800,3,1,1,MONTHLY,MEDIUM,EMERGENCY_FUND,52,LOW
50,86000,63500,16000,691000,207000,6500,8,2,1,MONTHLY,MEDIUM,TAX_SAVING,52,HIGH
43,28000,13900,8100,139000,39000,6000,10,1,2,LUMP_SUM,HIGH,TAX_SAVING,42,MEDIUM
30,60000,40200,18500,337000,63000,1300,3,2,5,MONTHLY,HIGH,EMERGENCY_FUND,64,MEDIUM
40,56000,30300,12300,238000,63000,13400,3,4,4,MONTHLY,HIGH,RETIREMENT,83,HIGH
58,120000,70600,4300,248000,40000,45100,22,4,3,LUMP_SUM,MEDIUM,WEALTH_CREATION,77,MEDIUM
53,74000,42800,10800,593000,130000,20400,8,2,3,LUMP_SUM,HIGH,TAX_SAVING,61,MEDIUM
39,76000,59700,3000,592000,179000,13300,18,1,2,MONTHLY,MEDIUM,EMERGENCY_FUND,54,MEDIUM
61,43000,18600,23800,705000,142000,600,19,1,3,RARELY,MEDIUM,WEALTH_CREATION,41,HIGH
43,46000,37900,1800,901000,155000,6300,11,1,1,RARELY,MEDIUM,RETIREMENT,43,HIGH
30,41000,29100,9100,155000,41000,2800,7,2,1,MONTHLY,LOW,WEALTH_CREATION,62,HIGH
60,46000,25200,11500,580000,235000,9300,4,1,4,RARELY,HIGH,TAX_SAVING,59,MEDIUM
52,60000,53000,0,1476000,260000,8100,18,2,2,MONTHLY,LOW,SHORT_TERM_GOAL,73,HIGH
32,36000,18700,14700,136000,17000,2600,8,1,2,RARELY,LOW,EMERGENCY_FUND,59,MEDIUM
46,53000,27200,13400,727000,210000,12400,4,3,4,MONTHLY,LOW,WEALTH_CREATION,91,HIGH
46,71000,60900,0,862000,116000,14500,7,1,4,MONTHLY,MEDIUM,EMERGENCY_FUND,55,LOW
23,38000,26600,3900,390000,84000,7500,7,1,3,MONTHLY,HIGH,WEALTH_CREATION,54,HIGH
31,42000,26400,11300,318000,47000,4300,17,1,3,RARELY,MEDIUM,RETIREMENT,50,HIGH
64,52000,32400,5200,306000,158000,14400,2,1,4,QUARTERLY,HIGH,WEALTH_CREATION,52,MEDIUM
42,111000,91300,0,4930000,2608000,26800,4,2,3,QUARTERLY,LOW,TAX_SAVING,77,HIGH
33,63000,41900,2200,761000,19000,18900,5,1,1,RARELY,MEDIUM,RETIREMENT,31,LOW
63,99000,45200,24400,660000,88000,29400,15,1,1,MONTHLY,MEDIUM,EMERGENCY_FUND,38,LOW
57,54000,39700,11400,520000,126000,2900,10,2,3,LUMP_SUM,MEDIUM,SHORT_TERM_GOAL,49,HIGH
53,74000,43500,18800,741000,53000,11700,8,3,3,LUMP_SUM,MEDIUM,WEALTH_CREATION,80,HIGH
43,46000,29700,13200,425000,26000,3100,17,1,3,MONTHLY,HIGH,SHORT_TERM_GOAL,43,HIGH
41,163000,86000,31200,809000,61000,45800,5,2,1,MONTHLY,LOW,TAX_SAVING,55,LOW
25,149000,90400,0,1785000,422000,61100,6,5,3,QUARTERLY,HIGH,TAX_SAVING,71,HIGH
63,107000,56100,38400,988000,70000,12500,11,3,4,RARELY,LOW,RETIREMENT,69,HIGH
64,157000,96500,35500,1386000,311000,25000,8,1,2,LUMP_SUM,MEDIUM,SHORT_TERM_GOAL,54,MEDIUM
33,62000,47900,0,610000,124000,28400,3,4,3,RARELY,LOW,WEALTH_CREATION,70,MEDIUM
57,38000,15900,9500,673000,189000,12600,7,5,5,LUMP_SUM,MEDIUM,RETIREMENT,98,HIGH
44,185000,139600,24000,1724000,1401000,21400,7,1,2,MONTHLY,MEDIUM,WEALTH_CREATION,52,HIGH
64,58000,28700,28700,143000,49000,600,6,3,1,QUARTERLY,MEDIUM,WEALTH_CREATION,59,HIGH
48,44000,28200,5900,657000,207000,9900,1,3,1,RARELY,MEDIUM,WEALTH_CREATION,58,MEDIUM
42,59000,47800,0,552000,264000,11900,2,4,4,QUARTERLY,MEDIUM,RETIREMENT,97,HIGH
42,77000,39100,33300,653000,230000,4600,7,3,2,QUARTERLY,MEDIUM,RETIREMENT,69,HIGH
30,42000,30800,0,202000,18000,13400,11,2,2,RARELY,MEDIUM,SHORT_TERM_GOAL,49,LOW
57,68000,31400,29100,234000,95000,7500,16,2,5,MONTHLY,HIGH,EMERGENCY_FUND,72,HIGH
43,28000,18500,2700,434000,253000,6800,3,3,3,LUMP_SUM,HIGH,EMERGENCY_FUND,62,MEDIUM
50,24000,17600,1500,90000,23000,4900,21,1,4,MONTHLY,LOW,EMERGENCY_FUND,76,HIGH
47,31000,20600,5300,261000,71000,5100,2,2,5,RARELY,MEDIUM,TAX_SAVING,72,HIGH
44,53000,35500,0,1402000,364000,21700,4,1,5,LUMP_SUM,HIGH,TAX_SAVING,75,HIGH
47,46000,39700,0,371000,99000,10000,17,1,5,RARELY,MEDIUM,EMERGENCY_FUND,66,MEDIUM
39,119000,64900,51400,336000,27000,2700,2,2,1,MONTHLY,LOW,WEALTH_CREATION,63,HIGH
45,59000,22500,20600,133000,25000,15900,9,2,1,LUMP_SUM,HIGH,TAX_SAVING,39,LOW
41,45000,35600,6000,907000,89000,3400,6,1,1,MONTHLY,MEDIUM,WEALTH_CREATION,43,HIGH
25,63000,46900,2600,345000,149000,13500,14,4,1,MONTHLY,HIGH,WEALTH_CREATION,65,HIGH
49,36000,29100,0,879000,111000,15100,13,1,1,RARELY,HIGH,TAX_SAVING,43,MEDIUM
64,54000,35100,10600,1541000,339000,8300,7,2,1,MONTHLY,MEDIUM,SHORT_TERM_GOAL,42,HIGH
36,71000,22200,14300,313000,9000,34500,3,2,4,MONTHLY,MEDIUM,SHORT_TERM_GOAL,78,LOW
24,86000,34800,43100,1596000,172000,8100,2,1,2,QUARTERLY,HIGH,TAX_SAVING,32,MEDIUM
46,131000,42200,83400,461000,31000,5400,14,4,5,MONTHLY,HIGH,SHORT_TERM_GOAL,91,HIGH
48,57000,41800,1600,2299000,71000,13600,19,4,1,MONTHLY,MEDIUM,WEALTH_CREATION,65,HIGH
42,56000,51500,0,939000,154000,9600,3,3,4,MONTHLY,MEDIUM,EMERGENCY_FUND,86,HIGH
50,21000,11600,3000,527000,103000,6400,4,4,5,RARELY,LOW,RETIREMENT,90,HIGH
27,110000,101200,0,2774000,1011000,21400,10,3,3,MONTHLY,MEDIUM,SHORT_TERM_GOAL,67,HIGH
39,79000,35000,14100,1245000,87000,29900,2,1,3,MONTHLY,LOW,TAX_SAVING,59,HIGH
25,40000,17700,11600,480000,135000,10700,2,3,5,RARELY,LOW,EMERGENCY_FUND,79,HIGH
54,136000,83100,44900,873000,303000,8000,7,2,2,MONTHLY,MEDIUM,WEALTH_CREATION,55,HIGH
24,75000,46200,14600,2433000,401000,14200,12,1,3,QUARTERLY,LOW,EMERGENCY_FUND,66,HIGH
55,30000,12800,10400,247000,18000,6800,15,2,3,RARELY,MEDIUM,RETIREMENT,70,HIGH
32,65000,41900,22000,244000,38000,1100,17,2,5,LUMP_SUM,LOW,RETIREMENT,74,HIGH
38,72000,42500,16500,1288000,147000,13000,20,1,1,MONTHLY,MEDIUM,TAX_SAVING,31,HIGH
27,33000,23200,0,1071000,97000,14100,3,3,4,RARELY,LOW,WEALTH_CREATION,77,HIGH
36,63000,39800,0,367000,5000,23800,3,1,1,MONTHLY,LOW,EMERGENCY_FUND,48,LOW
35,40000,12000,21400,63000,27000,6600,2,1,2,MONTHLY,LOW,RETIREMENT,62,HIGH
26,79000,66500,0,1108000,192000,22400,1,1,1,MONTHLY,LOW,EMERGENCY_FUND,71,LOW
61,97000,46300,41500,1339000,439000,9200,4,2,3,LUMP_SUM,HIGH,EMERGENCY_FUND,49,HIGH
57,114000,65200,20000,1345000,428000,28800,2,4,2,QUARTERLY,MEDIUM,SHORT_TERM_GOAL,93,HIGH
39,50000,24400,8300,397000,67000,17300,11,2,2,RARELY,HIGH,TAX_SAVING,47,LOW
26,62000,42500,3400,956000,376000,16100,3,1,4,LUMP_SUM,HIGH,SHORT_TERM_GOAL,59,MEDIUM
27,37000,18600,16300,59000,4000,2100,20,1,2,MONTHLY,MEDIUM,SHORT_TERM_GOAL,41,MEDIUM
52,111000,78800,6800,1332000,141000,25400,13,2,2,QUARTERLY,HIGH,TAX_SAVING,48,HIGH
54,47000,27200,0,1047000,105000,22300,23,1,4,MONTHLY,MEDIUM,TAX_SAVING,63,HIGH
49,196000,128500,4900,955000,52000,62600,21,1,3,MONTHLY,MEDIUM,WEALTH_CREATION,64,MEDIUM
26,105000,68200,17400,518000,113000,19400,5,3,1,MONTHLY,MEDIUM,TAX_SAVING,65,MEDIUM
55,49000,31700,6500,2360000,502000,10800,11,1,1,MONTHLY,HIGH,RETIREMENT,28,HIGH
34,55000,34400,6400,1029000,272000,14200,15,2,1,MONTHLY,HIGH,SHORT_TERM_GOAL,55,HIGH
25,69000,50200,15000,1482000,155000,3800,6,2,2,LUMP_SUM,LOW,RETIREMENT,79,HIGH
31,22000,12100,0,751000,23000,10000,1,2,2,RARELY,HIGH,SHORT_TERM_GOAL,53,HIGH
49,59000,22900,30900,276000,7000,5200,13,1,1,QUARTERLY,MEDIUM,SHORT_TERM_GOAL,54,MEDIUM
49,69000,50000,14200,1171000,518000,4800,1,2,1,MONTHLY,MEDIUM,SHORT_TERM_GOAL,46,HIGH
26,131000,78700,51300,3024000,1782000,1000,4,2,4,RARELY,HIGH,TAX_SAVING,61,HIGH
41,39000,22100,11200,698000,206000,5700,23,3,4,MONTHLY,MEDIUM,EMERGENCY_FUND,77,HIGH
58,68000,33500,19100,394000,27000,15400,7,3,5,QUARTERLY,MEDIUM,WEALTH_CREATION,67,HIGH
35,214000,119400,0,4186000,1092000,117700,17,3,4,QUARTERLY,HIGH,SHORT_TERM_GOAL,68,HIGH
25,126000,56000,31700,1104000,454000,38300,14,1,5,MONTHLY,MEDIUM,SHORT_TERM_GOAL,74,HIGH
34,59000,49900,0,576000,216000,15000,8,2,3,MONTHLY,MEDIUM,EMERGENCY_FUND,68,MEDIUM
61,34000,18300,9700,300000,88000,6000,8,1,3,LUMP_SUM,MEDIUM,EMERGENCY_FUND,52,MEDIUM
27,27000,16900,8500,142000,23000,1600,14,4,5,LUMP_SUM,MEDIUM,EMERGENCY_FUND,92,HIGH
45,132000,57900,63500,279000,222000,10600,2,1,1,MONTHLY,HIGH,SHORT_TERM_GOAL,36,MEDIUM
53,76000,32800,34900,427000,232000,8300,3,1,4,RARELY,LOW,RETIREMENT,67,HIGH
41,101000,48200,39700,355000,197000,13100,4,3,3,MONTHLY,MEDIUM,SHORT_TERM_GOAL,74,HIGH
30,40000,11200,24100,422000,104000,4700,8,1,5,QUARTERLY,LOW,EMERGENCY_FUND,75,HIGH
23,36000,22600,1700,671000,217000,11700,11,1,4,MONTHLY,MEDIUM,EMERGENCY_FUND,57,MEDIUM
41,156000,68500,30600,4319000,557000,56900,10,3,1,RARELY,MEDIUM,WEALTH_CREATION,65,HIGH
50,102000,51500,28200,1397000,537000,22300,1,1,3,RARELY,LOW,RETIREMENT,69,HIGH
57,41000,11500,11400,380000,75000,18100,14,3,2,RARELY,LOW,WEALTH_CREATION,66,HIGH
65,62000,39400,11100,601000,45000,11500,2,2,4,RARELY,MEDIUM,TAX_SAVING,60,MEDIUM
59,57000,37700,18400,103000,61000,900,4,1,1,MONTHLY,LOW,EMERGENCY_FUND,49,LOW
57,46000,24400,20700,854000,223000,900,13,2,2,QUARTERLY,HIGH,SHORT_TERM_GOAL,53,HIGH
27,22000,13800,2100,235000,27000,6100,6,1,4,LUMP_SUM,HIGH,EMERGENCY_FUND,69,LOW
43,72000,43700,8400,2258000,363000,19900,19,1,2,MONTHLY,HIGH,SHORT_TERM_GOAL,56,HIGH
28,41000,26500,9900,507000,120000,4600,9,2,1,LUMP_SUM,MEDIUM,EMERGENCY_FUND,51,HIGH
36,76000,40600,29200,539000,105000,6200,3,2,2,QUARTERLY,HIGH,EMERGENCY_FUND,56,HIGH
28,35000,32200,0,232000,82000,7900,9,1,3,RARELY,MEDIUM,RETIREMENT,56,MEDIUM
64,105000,84900,17200,2613000,510000,2900,11,1,1,MONTHLY,LOW,TAX_SAVING,44,HIGH
47,103000,38200,22200,1195000,136000,42600,13,2,4,MONTHLY,MEDIUM,TAX_SAVING,55,MEDIUM
55,20000,10100,5400,173000,103000,4500,16,1,1,LUMP_SUM,MEDIUM,WEALTH_CREATION,45,HIGH
36,24000,22000,0,321000,49000,6900,7,3,2,MONTHLY,MEDIUM,WEALTH_CREATION,74,HIGH
21,63000,31200,12800,2525000,703000,19000,2,1,4,RARELY,LOW,EMERGENCY_FUND,74,HIGH
33,29000,13300,12700,54000,7000,3000,23,2,1,MONTHLY,MEDIUM,RETIREMENT,45,HIGH
30,20000,8500,9100,316000,35000,2400,11,1,4,MONTHLY,MEDIUM,RETIREMENT,72,HIGH
58,103000,62800,39100,70000,4000,1100,10,3,3,LUMP_SUM,MEDIUM,TAX_SAVING,59,HIGH
35,97000,78500,0,1565000,453000,42300,16,3,1,MONTHLY,MEDIUM,WEALTH_CREATION,58,HIGH
35,46000,34900,0,1305000,594000,11900,15,4,3,MONTHLY,MEDIUM,EMERGENCY_FUND,86,HIGH
48,244000,120900,85800,2124000,806000,37300,7,2,4,MONTHLY,MEDIUM,RETIREMENT,85,HIGH
33,50000,27400,13700,527000,114000,8900,5,3,2,MONTHLY,HIGH,RETIREMENT,74,HIGH
52,78000,56100,10900,2364000,560000,11000,6,2,3,MONTHLY,MEDIUM,TAX_SAVING,73,HIGH
55,65000,47700,800,689000,192000,16500,4,4,1,MONTHLY,HIGH,EMERGENCY_FUND,71,MEDIUM
60,136000,67400,44600,1404000,282000,24000,16,2,2,RARELY,LOW,EMERGENCY_FUND,63,HIGH
33,150000,91400,8900,3200000,135000,49700,3,3,1,RARELY,LOW,EMERGENCY_FUND,73,HIGH
24,29000,13600,14200,241000,34000,1200,10,4,3,QUARTERLY,LOW,WEALTH_CREATION,91,HIGH
59,115000,59400,15900,1660000,577000,39700,14,3,5,MONTHLY,HIGH,RETIREMENT,75,HIGH
54,122000,34700,21600,1365000,888000,65700,16,1,2,MONTHLY,LOW,SHORT_TERM_GOAL,36,HIGH
65,88000,39900,1200,643000,281000,46900,7,2,1,RARELY,HIGH,WEALTH_CREATION,32,LOW
25,189000,106700,28700,1818000,62000,53600,1,1,4,RARELY,MEDIUM,SHORT_TERM_GOAL,48,LOW
37,44000,28700,700,897000,252000,14600,18,4,2,RARELY,HIGH,EMERGENCY_FUND,40,HIGH
63,196000,116700,67300,1147000,151000,12000,5,1,5,LUMP_SUM,MEDIUM,WEALTH_CREATION,73,HIGH
63,103000,83500,0,476000,97000,23600,9,3,4,MONTHLY,HIGH,SHORT_TERM_GOAL,77,MEDIUM
65,102000,43600,41600,1172000,889000,16800,22,3,1,MONTHLY,MEDIUM,SHORT_TERM_GOAL,40,HIGH
40,50000,18000,18400,483000,23000,13600,11,4,2,LUMP_SUM,HIGH,WEALTH_CREATION,57,HIGH
38,74000,49400,7700,1023000,438000,16900,14,2,4,MONTHLY,MEDIUM,TAX_SAVING,80,HIGH
21,73000,52000,18900,589000,41000,2100,6,3,3,RARELY,MEDIUM,SHORT_TERM_GOAL,59,MEDIUM
27,41000,21700,14500,15000,1000,4800,1,1,2,QUARTERLY,HIGH,RETIREMENT,34,LOW
61,60000,29500,17100,942000,550000,13400,3,2,2,QUARTERLY,MEDIUM,EMERGENCY_FUND,42,HIGH
30,56000,23900,6500,543000,191000,25600,4,2,3,LUMP_SUM,MEDIUM,WEALTH_CREATION,66,MEDIUM
54,50000,29900,16900,111000,12000,3200,3,1,1,MONTHLY,MEDIUM,SHORT_TERM_GOAL,49,LOW
47,34000,31200,0,1155000,357000,5700,22,1,1,LUMP_SUM,LOW,WEALTH_CREATION,61,HIGH
33,58000,32300,6400,650000,236000,19300,6,2,2,MONTHLY,LOW,TAX_SAVING,62,HIGH
46,90000,71500,0,2055000,1417000,24300,15,4,2,RARELY,HIGH,TAX_SAVING,60,HIGH
62,37000,7400,28600,216000,28000,1000,12,2,4,QUARTERLY,MEDIUM,RETIREMENT,74,HIGH
48,83000,76300,0,3970000,1499000,27600,9,1,2,MONTHLY,LOW,TAX_SAVING,58,HIGH
28,153000,65100,85100,279000,71000,2800,17,4,2,MONTHLY,MEDIUM,WEALTH_CREATION,78,HIGH
55,128000,80700,0,1834000,311000,52900,7,1,5,QUARTERLY,MEDIUM,TAX_SAVING,65,HIGH
25,29000,11700,16000,193000,139000,1300,22,3,3,QUARTERLY,HIGH,WEALTH_CREATION,64,HIGH
49,91000,67600,0,636000,144000,24100,17,2,1,MONTHLY,LOW,TAX_SAVING,55,HIGH
55,72000,50500,3900,564000,64000,17600,11,5,3,MONTHLY,MEDIUM,WEALTH_CREATION,83,HIGH
45,177000,123900,50600,6034000,924000,2500,7,1,5,MONTHLY,HIGH,TAX_SAVING,58,HIGH
62,53000,18500,27500,373000,45000,7000,4,1,3,QUARTERLY,HIGH,WEALTH_CREATION,56,HIGH
57,43000,16000,20400,192000,12000,6600,2,3,4,MONTHLY,MEDIUM,WEALTH_CREATION,90,HIGH
35,68000,31900,25600,421000,48000,10500,3,2,2,RARELY,HIGH,RETIREMENT,42,LOW
63,49000,20600,7200,485000,134000,21200,21,2,5,LUMP_SUM,MEDIUM,SHORT_TERM_GOAL,60,HIGH
54,21000,10100,4300,150000,16000,6600,6,1,2,MONTHLY,MEDIUM,WEALTH_CREATION,55,MEDIUM
36,135000,63200,15400,1323000,185000,56400,2,4,3,RARELY,LOW,RETIREMENT,86,HIGH
40,74000,43400,8500,1045000,680000,22100,3,1,2,QUARTERLY,LOW,SHORT_TERM_GOAL,54,HIGH
27,34000,16500,12900,586000,305000,4600,1,3,4,QUARTERLY,HIGH,WEALTH_CREATION,73,HIGH
54,50000,27600,16200,515000,274000,6200,10,1,3,MONTHLY,MEDIUM,RETIREMENT,48,HIGH
24,53000,33100,15700,326000,156000,4200,19,2,2,MONTHLY,MEDIUM,WEALTH_CREATION,68,HIGH
63,43000,31900,400,420000,70000,10700,2,2,3,MONTHLY,HIGH,WEALTH_CREATION,56,MEDIUM
25,50000,34200,9800,468000,195000,6000,6,1,4,LUMP_SUM,MEDIUM,EMERGENCY_FUND,70,LOW
45,188000,100800,48800,1206000,210000,38400,2,2,1,MONTHLY,HIGH,EMERGENCY_FUND,38,LOW
22,176000,93000,80300,511000,264000,2700,11,2,4,MONTHLY,HIGH,WEALTH_CREATION,71,HIGH
48,77000,61600,0,699000,142000,18400,11,2,3,MONTHLY,HIGH,EMERGENCY_FUND,74,LOW
57,63000,35700,23200,383000,104000,4100,10,2,3,RARELY,HIGH,WEALTH_CREATION,57,HIGH
45,25000,13000,6800,235000,30000,5200,7,1,1,LUMP_SUM,MEDIUM,WEALTH_CREATION,43,HIGH
44,154000,72600,36300,2076000,482000,45100,3,1,3,MONTHLY,MEDIUM,WEALTH_CREATION,52,MEDIUM
53,101000,60000,27100,929000,360000,13900,4,3,3,QUARTERLY,MEDIUM,WEALTH_CREATION,75,HIGH
32,37000,11900,21100,221000,53000,4000,22,2,1,MONTHLY,HIGH,WEALTH_CREATION,44,HIGH
42,50000,27300,6800,83000,22000,15900,13,2,5,MONTHLY,MEDIUM,SHORT_TERM_GOAL,84,MEDIUM
25,137000,87200,1500,1085000,669000,48300,3,2,2,MONTHLY,MEDIUM,EMERGENCY_FUND,66,LOW
49,65000,48400,12900,577000,92000,3700,3,3,1,MONTHLY,MEDIUM,TAX_SAVING,67,HIGH
45,132000,83900,37400,443000,83000,10700,3,2,4,RARELY,MEDIUM,WEALTH_CREATION,66,HIGH
21,107000,64500,16400,1592000,447000,26100,11,5,5,RARELY,LOW,SHORT_TERM_GOAL,91,HIGH
64,62000,50200,5700,856000,322000,6100,7,1,2,RARELY,LOW,RETIREMENT,69,HIGH
47,158000,66300,25000,3674000,564000,66700,12,2,4,MONTHLY,HIGH,WEALTH_CREATION,51,HIGH
46,133000,78800,51400,1154000,40000,2800,5,2,3,MONTHLY,MEDIUM,RETIREMENT,73,HIGH
33,27000,24800,1200,343000,90000,1000,2,1,2,LUMP_SUM,HIGH,EMERGENCY_FUND,38,LOW
28,28000,16600,11300,67000,7000,100,12,4,4,MONTHLY,HIGH,WEALTH_CREATION,86,HIGH
41,118000,84000,0,2511000,61000,47000,2,1,3,MONTHLY,MEDIUM,SHORT_TERM_GOAL,54,LOW
46,68000,33700,7900,1074000,382000,26400,6,1,2,MONTHLY,HIGH,WEALTH_CREATION,37,MEDIUM
21,126000,77000,16800,438000,164000,32200,16,4,2,QUARTERLY,LOW,RETIREMENT,76,HIGH
50,70000,34900,13600,1639000,129000,21500,6,2,3,QUARTERLY,HIGH,EMERGENCY_FUND,64,HIGH
47,79000,42000,8700,1395000,585000,28300,4,2,2,MONTHLY,HIGH,EMERGENCY_FUND,49,MEDIUM
46,20000,11600,0,426000,55000,8700,10,1,2,RARELY,MEDIUM,RETIREMENT,34,MEDIUM
62,48000,34900,0,1328000,838000,20700,22,2,1,RARELY,HIGH,WEALTH_CREATION,30,HIGH
61,51000,32800,11400,1393000,372000,6800,18,2,5,LUMP_SUM,HIGH,WEALTH_CREATION,69,HIGH
51,79000,50200,9100,837000,499000,19700,10,2,4,LUMP_SUM,HIGH,EMERGENCY_FUND,62,MEDIUM
62,63000,32700,19700,430000,105000,10600,3,1,5,RARELY,LOW,WEALTH_CREATION,74,MEDIUM
31,150000,117100,8100,188000,44000,24800,17,1,2,RARELY,MEDIUM,WEALTH_CREATION,34,LOW
23,61000,52100,0,2602000,436000,17500,11,4,4,QUARTERLY,HIGH,TAX_SAVING,84,HIGH
27,81000,32600,20600,501000,44000,27800,1,3,5,QUARTERLY,HIGH,TAX_SAVING,79,MEDIUM
36,74000,35600,19200,1139000,146000,19200,16,2,1,MONTHLY,MEDIUM,RETIREMENT,48,HIGH
22,103000,74900,25000,3005000,2017000,3100,7,1,4,QUARTERLY,LOW,WEALTH_CREATION,78,HIGH
62,48000,28900,3400,907000,313000,15700,4,4,3,RARELY,MEDIUM,TAX_SAVING,76,HIGH
30,86000,30000,42600,392000,100000,13400,4,1,1,QUARTERLY,HIGH,EMERGENCY_FUND,21,LOW
25,28000,19800,2900,276000,77000,5300,6,3,2,MONTHLY,HIGH,WEALTH_CREATION,58,MEDIUM
31,104000,68500,31500,776000,260000,4000,2,1,5,MONTHLY,MEDIUM,WEALTH_CREATION,74,HIGH
42,90000,48900,14200,383000,32000,26900,15,2,1,MONTHLY,MEDIUM,WEALTH_CREATION,57,MEDIUM
56,44000,25400,3100,1133000,48000,15500,8,5,5,QUARTERLY,LOW,RETIREMENT,100,HIGH
26,209000,151500,0,2314000,401000,103400,14,2,2,QUARTERLY,HIGH,WEALTH_CREATION,61,MEDIUM
49,50000,31400,4400,218000,58000,14200,1,1,4,MONTHLY,MEDIUM,RETIREMENT,65,LOW
40,121000,104300,0,652000,92000,30600,4,1,2,RARELY,MEDIUM,EMERGENCY_FUND,33,LOW
57,59000,51200,0,4131000,898000,19400,1,3,2,RARELY,HIGH,WEALTH_CREATION,46,HIGH
55,242000,83900,117000,394000,175000,41100,3,2,2,MONTHLY,HIGH,TAX_SAVING,45,MEDIUM
46,54000,38800,11400,688000,199000,3800,6,2,3,RARELY,HIGH,SHORT_TERM_GOAL,54,HIGH
42,35000,22800,4900,615000,189000,7300,11,3,3,LUMP_SUM,LOW,WEALTH_CREATION,79,HIGH
30,29000,21700,0,1312000,13000,9000,9,1,3,MONTHLY,LOW,RETIREMENT,70,HIGH
56,33000,25800,2600,181000,39000,4600,1,1,1,LUMP_SUM,MEDIUM,TAX_SAVING,33,LOW
46,73000,45700,500,2139000,492000,26800,10,5,1,LUMP_SUM,MEDIUM,RETIREMENT,91,HIGH
50,136000,93100,17400,552000,228000,25500,13,3,2,LUMP_SUM,MEDIUM,EMERGENCY_FUND,72,MEDIUM
51,226000,82100,105000,1162000,42000,38900,13,2,3,RARELY,MEDIUM,SHORT_TERM_GOAL,53,LOW
27,36000,25700,2000,329000,19000,8300,9,1,3,RARELY,LOW,TAX_SAVING,53,HIGH
40,31000,14100,13500,196000,93000,3400,11,1,2,LUMP_SUM,MEDIUM,TAX_SAVING,43,HIGH
32,117000,90400,12100,353000,92000,14500,19,3,4,RARELY,HIGH,EMERGENCY_FUND,61,MEDIUM
47,71000,36700,200,1441000,291000,34100,22,2,1,RARELY,HIGH,WEALTH_CREATION,43,HIGH
45,78000,65100,0,1430000,584000,19900,4,2,2,LUMP_SUM,HIGH,TAX_SAVING,40,HIGH
34,20000,16700,0,301000,100000,3700,17,1,4,MONTHLY,HIGH,WEALTH_CREATION,57,HIGH
56,59000,31400,8500,585000,103000,19100,7,1,2,LUMP_SUM,HIGH,TAX_SAVING,34,LOW
46,55000,31000,8500,799000,142000,15500,9,2,3,MONTHLY,HIGH,EMERGENCY_FUND,48,MEDIUM
25,36000,13000,19400,734000,221000,3600,14,3,1,MONTHLY,MEDIUM,WEALTH_CREATION,67,HIGH
55,138000,67800,53600,1054000,150000,16600,1,4,4,MONTHLY,MEDIUM,TAX_SAVING,88,HIGH
48,86000,60600,18500,1979000,674000,6900,15,1,3,MONTHLY,MEDIUM,WEALTH_CREATION,40,HIGH
44,40000,36800,0,306000,191000,6100,3,4,4,MONTHLY,MEDIUM,RETIREMENT,94,HIGH
38,73000,39200,23600,556000,114000,10200,4,2,1,RARELY,HIGH,WEALTH_CREATION,10,LOW
47,38000,15200,19100,228000,51000,3700,8,4,1,MONTHLY,LOW,SHORT_TERM_GOAL,67,HIGH
38,48000,28300,18300,426000,22000,1400,8,2,3,QUARTERLY,LOW,WEALTH_CREATION,70,HIGH
36,155000,71500,57000,436000,26000,26500,2,1,3,MONTHLY,LOW,RETIREMENT,74,HIGH
27,122000,82800,38300,1223000,143000,900,4,4,3,MONTHLY,LOW,RETIREMENT,96,HIGH
48,36000,29400,4700,794000,235000,1900,3,3,4,MONTHLY,MEDIUM,SHORT_TERM_GOAL,78,HIGH
38,270000,230500,2200,5338000,176000,37300,14,1,1,MONTHLY,HIGH,RETIREMENT,55,HIGH
62,95000,38200,32700,646000,90000,24100,13,5,4,RARELY,LOW,TAX_SAVING,98,HIGH
39,35000,18000,7100,40000,3000,9900,8,2,3,LUMP_SUM,MEDIUM,WEALTH_CREATION,65,MEDIUM
59,41000,34000,3900,591000,8000,3100,5,5,1,LUMP_SUM,HIGH,TAX_SAVING,54,MEDIUM
64,87000,37700,37900,519000,41000,11400,1,1,3,MONTHLY,LOW,WEALTH_CREATION,74,HIGH
23,69000,61000,0,1279000,446000,17100,17,1,4,MONTHLY,HIGH,EMERGENCY_FUND,68,HIGH
27,56000,33700,7100,131000,3000,15200,5,4,1,RARELY,HIGH,WEALTH_CREATION,40,LOW
24,26000,17900,5900,418000,63000,2200,13,1,3,RARELY,MEDIUM,EMERGENCY_FUND,48,HIGH
21,94000,60700,19100,128000,20000,14200,12,3,2,MONTHLY,HIGH,WEALTH_CREATION,37,MEDIUM
34,87000,25900,55700,360000,148000,5400,1,1,2,MONTHLY,HIGH,RETIREMENT,35,HIGH
38,66000,30300,30200,119000,62000,5500,12,3,3,MONTHLY,LOW,RETIREMENT,74,HIGH
42,25000,15500,5700,178000,113000,3800,11,1,3,LUMP_SUM,HIGH,WEALTH_CREATION,63,HIGH
32,75000,38500,25800,391000,183000,10700,13,2,1,MONTHLY,LOW,TAX_SAVING,65,HIGH
31,86000,47300,32500,1316000,506000,6200,15,1,5,MONTHLY,HIGH,WEALTH_CREATION,73,HIGH
32,69000,44500,8300,920000,203000,16200,17,5,3,QUARTERLY,HIGH,WEALTH_CREATION,81,HIGH
51,49000,26700,12000,696000,170000,10300,15,2,4,LUMP_SUM,MEDIUM,WEALTH_CREATION,70,HIGH
33,102000,86900,0,937000,190000,25000,5,1,5,RARELY,LOW,WEALTH_CREATION,75,MEDIUM
32,111000,50100,40900,1554000,355000,20000,5,2,5,MONTHLY,MEDIUM,WEALTH_CREATION,80,HIGH
22,159000,94900,35400,4580000,1167000,28700,13,1,1,LUMP_SUM,HIGH,WEALTH_CREATION,25,HIGH
47,123000,97700,20600,1342000,77000,4700,3,4,5,QUARTERLY,MEDIUM,RETIREMENT,100,HIGH
58,30000,18200,5000,394000,84000,6800,9,2,1,MONTHLY,MEDIUM,TAX_SAVING,40,HIGH
57,192000,152600,0,2369000,422000,49500,11,1,5,MONTHLY,MEDIUM,WEALTH_CREATION,65,HIGH
53,34000,18600,5800,221000,94000,9600,3,2,3,RARELY,MEDIUM,RETIREMENT,59,LOW
44,45000,20700,4400,228000,0,19900,10,3,3,RARELY,HIGH,SHORT_TERM_GOAL,60,LOW
58,82000,55300,4800,1289000,384000,21900,16,3,4,MONTHLY,LOW,TAX_SAVING,72,HIGH
39,45000,22500,10700,478000,295000,11800,14,1,3,MONTHLY,MEDIUM,WEALTH_CREATION,62,HIGH
24,60000,32200,15500,524000,104000,12300,2,4,2,MONTHLY,LOW,SHORT_TERM_GOAL,70,HIGH
50,40000,28100,7900,130000,71000,4000,9,3,1,MONTHLY,HIGH,RETIREMENT,62,MEDIUM
51,50000,46000,0,596000,173000,6400,13,3,1,LUMP_SUM,MEDIUM,WEALTH_CREATION,54,HIGH
53,58000,41800,6100,388000,354000,10100,2,2,2,MONTHLY,HIGH,TAX_SAVING,39,LOW
61,109000,59600,30900,1333000,564000,18500,16,1,5,MONTHLY,LOW,WEALTH_CREATION,80,HIGH
46,36000,14300,18600,160000,34000,3100,15,3,2,RARELY,LOW,RETIREMENT,67,HIGH
30,150000,96900,29600,1812000,184000,23500,2,2,4,LUMP_SUM,LOW,WEALTH_CREATION,72,HIGH
55,41000,29700,7400,510000,399000,3900,2,2,3,RARELY,LOW,WEALTH_CREATION,71,HIGH
28,49000,35000,9600,556000,125000,4400,18,1,2,MONTHLY,MEDIUM,RETIREMENT,71,HIGH
31,71000,32000,29000,717000,92000,10000,3,2,3,LUMP_SUM,MEDIUM,SHORT_TERM_GOAL,56,MEDIUM
35,20000,12700,5700,619000,202000,1600,5,5,5,LUMP_SUM,HIGH,RETIREMENT,97,HIGH
38,48000,31200,13000,25000,4000,3800,13,1,3,LUMP_SUM,MEDIUM,EMERGENCY_FUND,47,LOW
38,84000,64300,0,774000,268000,23400,18,2,2,LUMP_SUM,LOW,RETIREMENT,60,HIGH
33,86000,56100,8700,1020000,819000,21200,9,3,4,QUARTERLY,LOW,WEALTH_CREATION,84,HIGH
21,79000,67400,0,1988000,253000,25600,8,1,1,MONTHLY,HIGH,TAX_SAVING,67,MEDIUM
21,36000,14700,15700,366000,227000,5600,12,3,2,MONTHLY,MEDIUM,WEALTH_CREATION,71,HIGH
24,92000,36300,54300,444000,80000,1400,9,5,1,MONTHLY,HIGH,WEALTH_CREATION,72,HIGH
53,58000,48200,7900,463000,27000,1900,4,1,2,LUMP_SUM,MEDIUM,WEALTH_CREATION,54,MEDIUM
57,60000,34300,19700,546000,148000,6000,24,4,4,LUMP_SUM,MEDIUM,EMERGENCY_FUND,79,HIGH
59,94000,75900,0,2141000,342000,22300,12,4,2,MONTHLY,MEDIUM,WEALTH_CREATION,74,HIGH
61,85000,37700,39200,984000,457000,8100,2,4,1,RARELY,MEDIUM,EMERGENCY_FUND,79,MEDIUM
37,158000,82100,30800,1353000,198000,45100,4,1,4,RARELY,LOW,EMERGENCY_FUND,66,LOW
55,49000,29400,14300,777000,259000,5300,11,4,1,MONTHLY,LOW,WEALTH_CREATION,84,HIGH
23,38000,31500,400,350000,174000,6100,7,1,3,MONTHLY,MEDIUM,WEALTH_CREATION,85,HIGH
33,31000,22100,0,383000,172000,13000,1,1,2,MONTHLY,MEDIUM,RETIREMENT,51,MEDIUM
41,118000,79100,34600,1527000,259000,4300,6,4,2,LUMP_SUM,MEDIUM,SHORT_TERM_GOAL,78,HIGH
50,68000,50800,0,1347000,474000,19700,4,3,2,RARELY,MEDIUM,WEALTH_CREATION,65,HIGH
62,63000,19900,22800,354000,279000,20300,11,1,5,QUARTERLY,HIGH,WEALTH_CREATION,69,HIGH
40,143000,95800,0,1349000,765000,61300,12,1,4,RARELY,MEDIUM,SHORT_TERM_GOAL,46,LOW
48,20000,18300,0,747000,272000,3300,6,3,3,LUMP_SUM,HIGH,TAX_SAVING,72,HIGH
36,43000,19600,20800,714000,232000,2600,7,2,4,QUARTERLY,HIGH,RETIREMENT,64,HIGH
31,82000,37200,28600,578000,353000,16200,4,1,3,RARELY,LOW,TAX_SAVING,73,HIGH
29,30000,22500,1900,406000,226000,5600,2,1,2,LUMP_SUM,LOW,SHORT_TERM_GOAL,44,MEDIUM
56,114000,102000,0,1345000,136000,40900,4,5,3,MONTHLY,MEDIUM,TAX_SAVING,92,HIGH
29,37000,32200,0,1577000,539000,12200,15,2,1,QUARTERLY,LOW,SHORT_TERM_GOAL,56,HIGH
62,25000,16100,7300,191000,53000,1600,12,1,2,MONTHLY,LOW,RETIREMENT,59,HIGH
40,64000,21500,36600,25000,5000,5900,7,2,2,MONTHLY,LOW,EMERGENCY_FUND,50,MEDIUM
65,57000,17500,26900,168000,65000,12600,10,3,2,MONTHLY,HIGH,RETIREMENT,60,HIGH
65,179000,164500,0,693000,30000,87600,15,1,5,MONTHLY,MEDIUM,RETIREMENT,85,MEDIUM
43,40000,30500,0,758000,171000,11400,4,2,4,MONTHLY,HIGH,RETIREMENT,72,HIGH
43,55000,31600,11500,375000,13000,11900,4,2,3,LUMP_SUM,HIGH,WEALTH_CREATION,60,MEDIUM
53,21000,13400,3200,135000,36000,4400,14,3,2,MONTHLY,MEDIUM,TAX_SAVING,71,MEDIUM
40,50000,29400,8800,356000,58000,11800,2,2,2,MONTHLY,HIGH,WEALTH_CREATION,47,MEDIUM
37,20000,9400,4500,77000,4000,6100,7,4,2,RARELY,HIGH,RETIREMENT,75,MEDIUM
60,87000,46200,2200,2445000,620000,38600,8,3,4,LUMP_SUM,LOW,WEALTH_CREATION,83,HIGH
41,52000,32200,5900,588000,282000,13900,12,2,1,MONTHLY,HIGH,WEALTH_CREATION,53,MEDIUM
40,47000,43200,500,503000,18000,3300,4,1,2,MONTHLY,LOW,WEALTH_CREATION,40,HIGH
64,147000,105600,1200,473000,143000,40200,4,5,4,LUMP_SUM,LOW,EMERGENCY_FUND,100,HIGH
40,29000,16700,700,684000,74000,11600,19,3,3,RARELY,MEDIUM,WEALTH_CREATION,63,HIGH
63,57000,28200,23800,778000,302000,5000,7,3,5,MONTHLY,LOW,TAX_SAVING,96,HIGH
28,117000,100300,4200,894000,362000,12500,14,2,2,RARELY,MEDIUM,WEALTH_CREATION,46,HIGH
44,197000,84100,107100,2871000,788000,5800,6,2,1,MONTHLY,MEDIUM,WEALTH_CREATION,56,HIGH
32,68000,39400,21500,1359000,574000,7100,4,1,1,RARELY,MEDIUM,EMERGENCY_FUND,40,HIGH
62,118000,68200,48900,1332000,850000,900,8,2,5,LUMP_SUM,LOW,RETIREMENT,82,HIGH
39,72000,43900,24400,714000,165000,3700,10,4,1,MONTHLY,MEDIUM,RETIREMENT,72,HIGH
25,54000,31200,7000,950000,253000,15800,2,1,5,QUARTERLY,HIGH,SHORT_TERM_GOAL,59,HIGH
45,62000,36500,21800,1168000,169000,3700,5,2,3,LUMP_SUM,LOW,RETIREMENT,79,HIGH
44,29000,17200,6700,279000,95000,5100,2,1,3,MONTHLY,LOW,WEALTH_CREATION,66,HIGH
26,138000,52000,77700,547000,154000,8300,8,1,5,LUMP_SUM,LOW,WEALTH_CREATION,78,HIGH
49,50000,29400,2700,310000,14000,17900,6,2,1,RARELY,MEDIUM,TAX_SAVING,38,LOW
36,130000,58500,69300,1615000,719000,2200,1,1,3,RARELY,MEDIUM,SHORT_TERM_GOAL,47,LOW
56,136000,83700,41000,5051000,1383000,11300,5,5,3,MONTHLY,MEDIUM,WEALTH_CREATION,93,HIGH
59,91000,53000,10900,1676000,532000,27100,3,2,1,RARELY,LOW,RETIREMENT,45,HIGH
34,99000,74700,2500,840000,205000,21800,9,3,2,RARELY,LOW,TAX_SAVING,69,HIGH
29,30000,21000,0,987000,178000,12700,7,3,2,RARELY,HIGH,WEALTH_CREATION,49,HIGH
40,50000,42700,1100,2608000,628000,6200,3,1,2,LUMP_SUM,MEDIUM,WEALTH_CREATION,37,HIGH
44,88000,57600,22100,3127000,2640000,8300,8,5,4,MONTHLY,HIGH,SHORT_TERM_GOAL,81,HIGH
52,116000,89500,4100,2098000,659000,22400,13,3,3,LUMP_SUM,HIGH,WEALTH_CREATION,80,HIGH
28,24000,19900,0,550000,85000,7900,17,3,5,MONTHLY,LOW,RETIREMENT,100,HIGH
22,31000,9900,12100,181000,14000,9000,5,3,4,LUMP_SUM,MEDIUM,WEALTH_CREATION,72,MEDIUM
65,51000,16000,33700,135000,60000,1300,5,3,5,MONTHLY,MEDIUM,WEALTH_CREATION,87,HIGH
21,41000,18800,16900,118000,72000,5300,9,2,4,RARELY,MEDIUM,EMERGENCY_FUND,50,MEDIUM
57,140000,91400,21900,2382000,518000,26700,9,1,3,QUARTERLY,MEDIUM,WEALTH_CREATION,70,HIGH
56,59000,31200,23700,130000,46000,4100,12,5,4,RARELY,HIGH,WEALTH_CREATION,79,HIGH
55,57000,27800,17100,317000,87000,12100,4,1,3,MONTHLY,HIGH,EMERGENCY_FUND,63,LOW
44,23000,15000,3200,163000,102000,4800,21,1,1,MONTHLY,HIGH,EMERGENCY_FUND,28,LOW
50,27000,15300,6800,534000,89000,4900,14,1,3,QUARTERLY,MEDIUM,TAX_SAVING,48,HIGH
65,134000,82800,19600,3377000,844000,31600,18,1,1,MONTHLY,HIGH,RETIREMENT,39,HIGH
54,95000,44300,39600,412000,135000,11100,10,1,3,RARELY,MEDIUM,SHORT_TERM_GOAL,54,MEDIUM
39,141000,121900,0,5725000,132000,44100,14,3,1,MONTHLY,HIGH,WEALTH_CREATION,41,HIGH
55,101000,41200,53200,811000,341000,6600,23,1,1,MONTHLY,MEDIUM,WEALTH_CREATION,57,HIGH
56,34000,16600,16100,480000,34000,1300,17,1,3,MONTHLY,MEDIUM,SHORT_TERM_GOAL,57,HIGH
27,113000,68000,32300,498000,44000,12700,11,2,1,RARELY,MEDIUM,TAX_SAVING,40,MEDIUM
34,130000,109100,16900,567000,47000,4000,16,5,3,RARELY,LOW,WEALTH_CREATION,62,HIGH
60,95000,62200,14500,1669000,1292000,18300,1,2,4,QUARTERLY,HIGH,SHORT_TERM_GOAL,56,HIGH
42,60000,33300,15700,1295000,180000,11000,15,4,3,MONTHLY,LOW,TAX_SAVING,83,HIGH
48,62000,39100,6300,569000,130000,16600,1,3,4,RARELY,MEDIUM,RETIREMENT,80,HIGH
28,66000,51900,12600,596000,356000,1500,6,1,3,MONTHLY,MEDIUM,TAX_SAVING,71,HIGH
57,46000,29500,5000,170000,27000,11500,7,1,3,MONTHLY,MEDIUM,RETIREMENT,67,MEDIUM
37,30000,18700,8600,277000,113000,2700,1,4,3,QUARTERLY,MEDIUM,EMERGENCY_FUND,78,HIGH
55,109000,57500,30000,1247000,846000,21500,2,2,5,RARELY,MEDIUM,WEALTH_CREATION,77,HIGH
32,22000,17400,3000,269000,87000,1600,13,3,2,LUMP_SUM,HIGH,WEALTH_CREATION,62,HIGH
31,205000,95400,98700,1480000,262000,10900,9,4,1,RARELY,MEDIUM,WEALTH_CREATION,81,HIGH
36,110000,63300,14700,1177000,549000,32000,8,1,4,MONTHLY,MEDIUM,EMERGENCY_FUND,69,HIGH
37,82000,44100,21200,68000,20000,16700,7,3,1,QUARTERLY,LOW,EMERGENCY_FUND,71,LOW
22,47000,29000,4700,663000,111000,13300,9,1,5,MONTHLY,MEDIUM,RETIREMENT,73,HIGH
59,130000,26000,77600,639000,45000,26400,9,1,3,LUMP_SUM,MEDIUM,TAX_SAVING,62,HIGH
39,112000,82600,5900,6571000,742000,23500,2,2,1,MONTHLY,HIGH,TAX_SAVING,41,HIGH
27,51000,30500,5600,890000,348000,14900,8,3,5,LUMP_SUM,MEDIUM,SHORT_TERM_GOAL,71,HIGH
63,23000,16800,0,687000,146000,10300,20,1,3,MONTHLY,MEDIUM,RETIREMENT,48,HIGH
39,132000,67500,31800,1557000,8000,32700,7,4,5,MONTHLY,HIGH,WEALTH_CREATION,80,HIGH
47,73000,43100,23500,852000,114000,6400,12,2,1,MONTHLY,LOW,EMERGENCY_FUND,57,HIGH
27,63000,48700,8600,1828000,725000,5700,8,3,2,QUARTERLY,HIGH,EMERGENCY_FUND,55,HIGH
61,208000,49000,99200,622000,154000,59800,12,2,1,RARELY,HIGH,RETIREMENT,36,MEDIUM
40,46000,26000,700,1405000,121000,19300,18,1,1,MONTHLY,HIGH,WEALTH_CREATION,29,HIGH
22,51000,33600,2300,820000,84000,15100,18,3,1,LUMP_SUM,LOW,WEALTH_CREATION,65,HIGH
24,136000,97400,33400,2702000,506000,5200,5,1,1,MONTHLY,MEDIUM,RETIREMENT,30,HIGH
39,53000,44000,0,328000,154000,11500,16,3,1,MONTHLY,LOW,SHORT_TERM_GOAL,65,HIGH
27,56000,35500,12400,291000,72000,8100,2,1,1,QUARTERLY,MEDIUM,WEALTH_CREATION,44,LOW
40,79000,40500,800,873000,141000,37700,21,3,5,MONTHLY,MEDIUM,TAX_SAVING,77,HIGH
61,41000,19600,10500,731000,237000,10900,3,2,2,QUARTERLY,MEDIUM,WEALTH_CREATION,57,HIGH
43,127000,84300,10200,2270000,158000,32500,8,3,2,MONTHLY,MEDIUM,WEALTH_CREATION,74,HIGH
47,67000,34700,16100,1547000,640000,16200,4,3,4,RARELY,HIGH,EMERGENCY_FUND,71,HIGH
40,82000,33100,25600,1946000,288000,23300,2,4,2,MONTHLY,HIGH,SHORT_TERM_GOAL,57,HIGH
61,32000,19700,7300,301000,91000,5000,11,2,3,RARELY,LOW,WEALTH_CREATION,80,HIGH
44,75000,69000,0,1041000,413000,7500,6,4,1,MONTHLY,MEDIUM,RETIREMENT,74,HIGH
51,28000,14500,5600,156000,39000,7900,9,1,3,MONTHLY,LOW,EMERGENCY_FUND,54,MEDIUM
43,91000,28100,44600,1191000,433000,18300,13,4,1,MONTHLY,MEDIUM,EMERGENCY_FUND,69,HIGH
38,107000,49800,36900,897000,146000,20300,11,1,2,RARELY,HIGH,SHORT_TERM_GOAL,39,LOW
36,40000,29000,7200,423000,95000,3800,3,1,2,RARELY,HIGH,WEALTH_CREATION,43,HIGH
49,115000,52100,51900,677000,359000,11000,1,3,1,MONTHLY,MEDIUM,WEALTH_CREATION,69,HIGH
33,64000,30700,27800,166000,40000,5500,4,3,2,MONTHLY,MEDIUM,TAX_SAVING,67,HIGH
57,62000,31800,1100,1470000,230000,29100,17,1,2,QUARTERLY,MEDIUM,TAX_SAVING,62,HIGH
46,20000,17300,600,228000,115000,2100,19,1,1,RARELY,MEDIUM,WEALTH_CREATION,26,HIGH
32,133000,67000,38900,3109000,480000,27100,7,1,2,QUARTERLY,LOW,SHORT_TERM_GOAL,42,HIGH
40,65000,43600,8400,365000,75000,13000,2,2,4,RARELY,MEDIUM,EMERGENCY_FUND,67,LOW
44,192000,139300,10900,3580000,956000,41800,11,2,3,RARELY,MEDIUM,EMERGENCY_FUND,61,MEDIUM
54,108000,64100,38600,352000,32000,5300,2,3,3,MONTHLY,LOW,WEALTH_CREATION,70,HIGH
38,85000,75300,0,1657000,855000,24600,2,2,1,MONTHLY,HIGH,EMERGENCY_FUND,52,LOW
53,87000,52000,26500,492000,70000,8500,1,1,4,RARELY,MEDIUM,WEALTH_CREATION,56,LOW
30,70000,36100,10800,1282000,76000,23100,4,3,1,QUARTERLY,HIGH,RETIREMENT,40,HIGH
38,170000,107500,38800,5226000,1373000,23700,20,3,3,RARELY,MEDIUM,EMERGENCY_FUND,44,HIGH
25,37000,30700,0,683000,128000,17300,20,2,4,MONTHLY,HIGH,RETIREMENT,69,HIGH
60,67000,34500,21900,1478000,248000,10600,8,5,4,RARELY,MEDIUM,RETIREMENT,97,HIGH
48,66000,41700,0,680000,179000,27000,6,1,3,QUARTERLY,LOW,EMERGENCY_FUND,54,LOW
65,103000,84400,0,973000,240000,54700,7,2,3,MONTHLY,HIGH,EMERGENCY_FUND,59,LOW
47,52000,28800,3500,1201000,166000,19700,2,1,4,RARELY,HIGH,WEALTH_CREATION,56,HIGH
57,70000,47900,20000,1347000,92000,2100,14,4,3,RARELY,LOW,RETIREMENT,65,HIGH
59,89000,59200,23000,1463000,64000,6800,11,4,1,MONTHLY,LOW,WEALTH_CREATION,74,HIGH
48,123000,61700,32200,165000,69000,29100,16,1,4,MONTHLY,HIGH,WEALTH_CREATION,49,HIGH
59,48000,32400,0,206000,102000,20000,1,3,4,QUARTERLY,HIGH,WEALTH_CREATION,69,LOW
34,77000,15400,59100,143000,7000,2500,8,5,2,MONTHLY,LOW,TAX_SAVING,92,HIGH
21,67000,32600,26600,771000,368000,7800,8,1,3,QUARTERLY,MEDIUM,WEALTH_CREATION,77,HIGH
25,73000,38400,26000,1157000,54000,8600,19,3,2,QUARTERLY,MEDIUM,WEALTH_CREATION,50,HIGH
50,183000,141500,15100,2156000,42000,26400,12,3,1,MONTHLY,HIGH,WEALTH_CREATION,59,HIGH
30,46000,29000,9700,1368000,154000,7300,1,1,3,MONTHLY,LOW,RETIREMENT,65,HIGH
23,67000,33200,0,650000,16000,36800,7,4,2,MONTHLY,HIGH,RETIREMENT,64,MEDIUM
35,84000,58700,5600,599000,89000,19700,2,3,4,MONTHLY,LOW,RETIREMENT,100,HIGH
33,104000,53900,39400,1384000,162000,10700,13,3,3,LUMP_SUM,LOW,WEALTH_CREATION,83,HIGH
23,179000,116000,0,4410000,402000,82600,13,3,2,MONTHLY,MEDIUM,SHORT_TERM_GOAL,68,HIGH
33,50000,36900,0,680000,362000,24500,2,3,1,MONTHLY,HIGH,EMERGENCY_FUND,38,LOW
57,100000,55100,28500,1958000,135000,16400,2,2,3,MONTHLY,HIGH,WEALTH_CREATION,41,HIGH
35,149000,84900,60800,730000,406000,3300,4,3,4,LUMP_SUM,HIGH,WEALTH_CREATION,66,HIGH
29,69000,61400,0,171000,24000,8300,9,2,3,MONTHLY,MEDIUM,SHORT_TERM_GOAL,65,HIGH
54,75000,25500,26400,200000,104000,23100,3,3,3,RARELY,HIGH,WEALTH_CREATION,36,LOW
38,132000,91800,3600,2532000,1498000,36600,6,3,1,MONTHLY,MEDIUM,EMERGENCY_FUND,61,HIGH
39,32000,15200,11600,325000,139000,5200,4,1,3,LUMP_SUM,HIGH,WEALTH_CREATION,44,HIGH
40,32000,21200,0,1004000,116000,16200,22,4,1,QUARTERLY,HIGH,TAX_SAVING,48,HIGH
27,74000,22600,49300,193000,10000,2100,3,4,4,LUMP_SUM,MEDIUM,WEALTH_CREATION,84,HIGH
33,73000,67100,0,598000,224000,28400,1,1,4,MONTHLY,MEDIUM,RETIREMENT,58,LOW
22,215000,139300,0,4570000,1400000,80100,17,4,4,RARELY,LOW,WEALTH_CREATION,80,HIGH
23,31000,16100,500,266000,148000,14400,5,3,4,MONTHLY,MEDIUM,RETIREMENT,86,HIGH
62,30000,18500,4300,145000,43000,7200,14,2,2,MONTHLY,MEDIUM,WEALTH_CREATION,65,HIGH
59,39000,18400,14200,234000,46000,6400,5,1,3,LUMP_SUM,LOW,SHORT_TERM_GOAL,46,MEDIUM
37,20000,5800,10100,234000,49000,4100,6,2,2,MONTHLY,MEDIUM,RETIREMENT,56,HIGH
53,103000,73300,0,757000,278000,29800,14,4,2,QUARTERLY,HIGH,WEALTH_CREATION,53,HIGH
41,33000,11800,15200,376000,147000,6000,10,2,2,MONTHLY,LOW,EMERGENCY_FUND,76,HIGH
49,100000,43800,30300,837000,215000,25900,2,3,2,MONTHLY,HIGH,EMERGENCY_FUND,61,LOW
50,335000,246900,2200,4842000,923000,85900,20,2,4,LUMP_SUM,LOW,TAX_SAVING,89,HIGH
49,23000,10800,3400,190000,52000,8800,4,3,4,QUARTERLY,MEDIUM,SHORT_TERM_GOAL,56,HIGH
62,107000,84300,3100,4766000,1672000,19600,4,2,3,MONTHLY,LOW,EMERGENCY_FUND,77,HIGH
21,80000,51000,0,830000,159000,30700,7,1,3,RARELY,HIGH,TAX_SAVING,39,LOW
46,31000,13700,14100,12000,4000,3200,7,5,2,MONTHLY,MEDIUM,RETIREMENT,95,HIGH
32,110000,75500,21400,1456000,565000,13100,12,1,2,QUARTERLY,MEDIUM,EMERGENCY_FUND,42,MEDIUM
49,125000,41600,58700,142000,54000,24700,7,4,2,MONTHLY,LOW,SHORT_TERM_GOAL,89,MEDIUM
37,314000,211700,0,9402000,394000,159200,11,1,1,MONTHLY,HIGH,TAX_SAVING,23,HIGH
34,67000,37700,26400,432000,83000,2900,1,2,5,LUMP_SUM,LOW,WEALTH_CREATION,88,HIGH
46,51000,34100,9300,533000,59000,7600,15,3,1,MONTHLY,HIGH,EMERGENCY_FUND,37,HIGH
30,138000,113000,7000,1241000,867000,18000,13,2,3,MONTHLY,HIGH,RETIREMENT,68,HIGH
24,65000,43500,14100,165000,68000,7400,19,1,1,LUMP_SUM,MEDIUM,EMERGENCY_FUND,39,LOW
33,171000,95100,29800,4070000,938000,46100,3,5,1,MONTHLY,HIGH,WEALTH_CREATION,70,HIGH
62,51000,30000,1700,1151000,173000,19300,20,1,3,MONTHLY,LOW,SHORT_TERM_GOAL,69,HIGH
39,60000,18500,27400,276000,90000,14100,4,1,4,MONTHLY,HIGH,WEALTH_CREATION,62,MEDIUM
46,156000,103000,48300,292000,100000,4700,8,1,2,RARELY,MEDIUM,WEALTH_CREATION,62,HIGH
32,44000,40400,0,163000,21000,9400,2,3,2,MONTHLY,MEDIUM,WEALTH_CREATION,69,MEDIUM
53,60000,30800,23900,383000,80000,5300,2,3,2,MONTHLY,MEDIUM,WEALTH_CREATION,55,HIGH
62,146000,35400,62700,3753000,281000,47900,19,3,1,MONTHLY,LOW,EMERGENCY_FUND,79,HIGH
46,109000,55500,12900,1308000,328000,40600,16,1,2,RARELY,MEDIUM,TAX_SAVING,37,MEDIUM
60,48000,17300,28600,784000,21000,2100,8,5,3,MONTHLY,MEDIUM,RETIREMENT,100,HIGH
21,58000,25800,13300,850000,286000,18900,1,3,3,MONTHLY,MEDIUM,SHORT_TERM_GOAL,81,HIGH
22,31000,22500,0,599000,60000,17000,16,2,3,LUMP_SUM,LOW,WEALTH_CREATION,91,HIGH
54,108000,93800,4600,1545000,210000,9600,14,4,2,MONTHLY,MEDIUM,RETIREMENT,74,HIGH
40,147000,126900,5400,1190000,452000,14700,10,3,5,LUMP_SUM,MEDIUM,EMERGENCY_FUND,86,HIGH
52,42000,26300,11800,281000,31000,3900,17,1,3,MONTHLY,MEDIUM,WEALTH_CREATION,58,HIGH
31,75000,52600,7200,3343000,2104000,15200,14,1,3,QUARTERLY,LOW,RETIREMENT,66,HIGH
58,199000,134000,64600,497000,31000,400,12,1,3,MONTHLY,MEDIUM,RETIREMENT,60,HIGH
65,95000,57000,0,2091000,559000,44200,15,1,1,QUARTERLY,MEDIUM,SHORT_TERM_GOAL,44,HIGH
31,79000,41500,30900,589000,66000,6600,10,3,1,MONTHLY,HIGH,RETIREMENT,48,HIGH
35,85000,52700,15000,454000,88000,17300,5,1,2,LUMP_SUM,MEDIUM,RETIREMENT,42,LOW
24,47000,36200,9500,1898000,205000,1300,8,2,3,MONTHLY,HIGH,EMERGENCY_FUND,45,HIGH
32,32000,22200,0,747000,484000,11100,8,2,1,MONTHLY,HIGH,TAX_SAVING,42,HIGH
59,99000,46400,25200,1831000,606000,27400,8,2,5,QUARTERLY,LOW,SHORT_TERM_GOAL,85,HIGH
45,52000,37800,1500,190000,22000,12700,13,2,4,MONTHLY,HIGH,WEALTH_CREATION,83,MEDIUM
29,42000,30200,0,367000,39000,13900,12,4,2,RARELY,MEDIUM,SHORT_TERM_GOAL,79,HIGH
40,34000,22500,6100,772000,309000,5400,5,1,2,QUARTERLY,HIGH,RETIREMENT,36,HIGH
53,49000,38500,0,836000,66000,11000,8,4,2,QUARTERLY,MEDIUM,WEALTH_CREATION,61,HIGH
63,64000,41800,14600,408000,174000,7600,7,1,1,MONTHLY,LOW,SHORT_TERM_GOAL,33,LOW
38,20000,13500,5800,168000,19000,700,14,3,1,RARELY,LOW,SHORT_TERM_GOAL,55,HIGH
39,103000,77400,1900,2547000,25000,23700,6,2,4,MONTHLY,MEDIUM,SHORT_TERM_GOAL,75,HIGH
58,155000,78400,56500,966000,185000,20100,18,2,2,LUMP_SUM,HIGH,EMERGENCY_FUND,37,MEDIUM
25,51000,13100,26100,48000,11000,11800,6,2,1,LUMP_SUM,HIGH,WEALTH_CREATION,47,LOW
57,60000,33200,10500,819000,283000,16300,11,4,3,LUMP_SUM,HIGH,WEALTH_CREATION,73,HIGH
34,101000,59500,37100,1268000,194000,4400,23,3,4,MONTHLY,LOW,EMERGENCY_FUND,99,HIGH
52,34000,23600,8900,364000,142000,1500,7,1,2,LUMP_SUM,HIGH,WEALTH_CREATION,49,HIGH
55,28000,10800,11800,194000,49000,5400,9,4,1,MONTHLY,MEDIUM,TAX_SAVING,61,HIGH
42,75000,45700,0,2100000,447000,35800,2,1,3,RARELY,LOW,WEALTH_CREATION,64,HIGH
56,44000,34800,3300,902000,338000,5900,2,5,3,MONTHLY,LOW,RETIREMENT,100,HIGH
46,137000,98000,13300,1551000,285000,25700,6,1,4,MONTHLY,HIGH,EMERGENCY_FUND,41,LOW
64,211000,85900,74700,2238000,1191000,50400,5,5,3,LUMP_SUM,MEDIUM,WEALTH_CREATION,100,HIGH
63,30000,26500,1600,185000,65000,1900,11,4,3,MONTHLY,LOW,WEALTH_CREATION,93,HIGH
53,62000,35800,11000,1970000,40000,15200,18,4,3,MONTHLY,HIGH,WEALTH_CREATION,76,HIGH
26,130000,119600,4400,3668000,771000,6000,4,1,2,MONTHLY,LOW,WEALTH_CREATION,64,HIGH
24,20000,16800,1500,166000,27000,1700,18,4,3,MONTHLY,LOW,WEALTH_CREATION,90,HIGH
65,165000,75500,68900,1054000,85000,20600,3,2,4,LUMP_SUM,LOW,WEALTH_CREATION,74,HIGH
47,65000,26000,12700,321000,200000,26300,7,2,2,MONTHLY,MEDIUM,RETIREMENT,80,HIGH
62,86000,79100,0,4210000,3411000,11800,19,3,2,MONTHLY,HIGH,EMERGENCY_FUND,58,HIGH
65,58000,40800,6300,86000,54000,10900,19,1,4,LUMP_SUM,HIGH,WEALTH_CREATION,55,MEDIUM
25,252000,75600,123400,2434000,841000,53000,9,2,4,QUARTERLY,HIGH,WEALTH_CREATION,84,HIGH
23,20000,7600,8600,308000,25000,3800,10,2,4,MONTHLY,LOW,SHORT_TERM_GOAL,81,HIGH
33,118000,44100,48900,1410000,366000,25000,20,3,2,MONTHLY,LOW,EMERGENCY_FUND,63,HIGH
42,68000,46800,0,1325000,659000,22000,6,1,4,LUMP_SUM,HIGH,WEALTH_CREATION,45,HIGH
52,113000,70100,6300,584000,69000,36600,11,1,2,MONTHLY,MEDIUM,TAX_SAVING,54,LOW
39,48000,32100,6400,452000,198000,9500,4,1,3,MONTHLY,MEDIUM,WEALTH_CREATION,68,HIGH
48,74000,34200,29700,423000,23000,10100,2,1,2,RARELY,MEDIUM,WEALTH_CREATION,61,MEDIUM
65,91000,46900,17800,1412000,90000,26300,13,2,2,MONTHLY,LOW,RETIREMENT,68,HIGH
47,84000,64400,0,1415000,57000,31200,2,2,3,MONTHLY,HIGH,EMERGENCY_FUND,58,LOW
47,48000,28300,15400,419000,196000,4300,8,2,2,RARELY,HIGH,WEALTH_CREATION,26,HIGH
55,65000,49200,7100,369000,166000,8700,17,1,2,MONTHLY,LOW,EMERGENCY_FUND,74,HIGH
25,128000,80800,25500,2359000,1445000,21700,1,3,5,MONTHLY,LOW,EMERGENCY_FUND,100,HIGH
58,62000,37400,13700,378000,101000,10900,13,1,3,LUMP_SUM,HIGH,WEALTH_CREATION,50,MEDIUM
55,72000,48500,22100,1052000,233000,1400,12,2,2,RARELY,LOW,WEALTH_CREATION,49,HIGH
49,54000,24600,19500,1121000,244000,9900,3,4,3,MONTHLY,HIGH,WEALTH_CREATION,75,HIGH
27,54000,38100,6200,980000,284000,9700,5,1,3,QUARTERLY,MEDIUM,EMERGENCY_FUND,52,MEDIUM
43,57000,42800,12700,645000,205000,1500,4,1,4,MONTHLY,LOW,WEALTH_CREATION,60,HIGH
50,100000,83400,10200,1918000,1002000,6400,2,3,2,RARELY,MEDIUM,WEALTH_CREATION,60,HIGH
46,38000,17500,17600,560000,318000,2900,17,1,2,MONTHLY,HIGH,EMERGENCY_FUND,42,HIGH
22,56000,36700,15800,113000,15000,3500,21,5,3,QUARTERLY,MEDIUM,RETIREMENT,83,HIGH
28,81000,49500,19600,621000,76000,11900,9,2,4,MONTHLY,HIGH,SHORT_TERM_GOAL,53,HIGH
41,84000,56300,0,1619000,338000,38500,7,1,1,RARELY,MEDIUM,WEALTH_CREATION,27,MEDIUM
24,80000,22900,38000,760000,371000,19100,17,1,2,MONTHLY,MEDIUM,WEALTH_CREATION,46,HIGH
62,57000,52400,0,1019000,266000,6600,15,1,2,MONTHLY,MEDIUM,RETIREMENT,58,HIGH
28,106000,46600,48500,514000,136000,10900,11,2,2,MONTHLY,MEDIUM,TAX_SAVING,70,HIGH
48,107000,52200,33900,200000,94000,20900,10,3,1,MONTHLY,LOW,WEALTH_CREATION,63,HIGH
23,39000,30800,6100,895000,261000,2100,12,2,5,RARELY,MEDIUM,RETIREMENT,63,HIGH
63,72000,56600,3100,1138000,260000,12300,16,1,2,MONTHLY,MEDIUM,WEALTH_CREATION,33,HIGH
54,34000,19500,8000,298000,12000,6500,6,1,2,RARELY,LOW,WEALTH_CREATION,49,HIGH
28,178000,84600,51800,1374000,42000,41600,19,4,1,MONTHLY,HIGH,WEALTH_CREATION,69,HIGH
51,24000,18500,4300,144000,52000,1200,2,1,2,MONTHLY,MEDIUM,EMERGENCY_FUND,53,LOW
35,57000,43700,7600,1561000,830000,5700,23,1,3,MONTHLY,HIGH,RETIREMENT,45,HIGH
29,90000,62500,19300,284000,20000,8200,7,3,4,LUMP_SUM,LOW,RETIREMENT,73,HIGH
54,91000,56300,7700,1372000,583000,27000,19,2,3,MONTHLY,HIGH,WEALTH_CREATION,48,HIGH
51,69000,49800,0,1188000,360000,28000,20,2,2,LUMP_SUM,MEDIUM,RETIREMENT,40,HIGH
57,31000,16500,9400,137000,24000,5100,4,1,2,MONTHLY,MEDIUM,WEALTH_CREATION,28,MEDIUM
37,93000,68900,20000,2076000,202000,4100,4,5,2,MONTHLY,MEDIUM,WEALTH_CREATION,82,HIGH
44,97000,84400,4100,1454000,211000,8500,1,2,5,RARELY,MEDIUM,TAX_SAVING,65,HIGH
30,102000,50600,42500,877000,54000,8900,20,2,4,MONTHLY,MEDIUM,EMERGENCY_FUND,77,HIGH
63,33000,21200,8200,553000,148000,3600,16,2,3,LUMP_SUM,MEDIUM,EMERGENCY_FUND,61,HIGH
27,73000,37300,10000,551000,211000,25700,5,2,3,QUARTERLY,MEDIUM,RETIREMENT,70,MEDIUM
28,107000,98400,0,372000,79000,8700,8,2,2,MONTHLY,MEDIUM,WEALTH_CREATION,64,MEDIUM
52,37000,30000,4400,1608000,662000,2600,9,1,1,MONTHLY,HIGH,WEALTH_CREATION,35,HIGH
64,57000,27600,8100,1708000,56000,21300,4,3,1,MONTHLY,HIGH,EMERGENCY_FUND,42,MEDIUM
33,26000,14700,6000,882000,216000,5300,2,3,3,RARELY,MEDIUM,RETIREMENT,73,HIGH
57,71000,49100,8700,708000,175000,13200,23,4,5,RARELY,HIGH,RETIREMENT,87,HIGH
29,74000,46100,0,2058000,499000,40700,18,4,2,RARELY,HIGH,RETIREMENT,46,HIGH
22,97000,36300,38100,1323000,292000,22600,1,5,3,MONTHLY,LOW,WEALTH_CREATION,95,HIGH
62,225000,175200,0,3801000,1722000,63800,19,1,4,LUMP_SUM,MEDIUM,SHORT_TERM_GOAL,75,HIGH
40,33000,21100,7800,630000,227000,4100,4,4,1,MONTHLY,MEDIUM,SHORT_TERM_GOAL,65,HIGH
21,51000,46600,0,644000,229000,7100,23,2,1,MONTHLY,MEDIUM,WEALTH_CREATION,51,HIGH
27,27000,12900,4400,279000,152000,9700,4,1,1,MONTHLY,LOW,EMERGENCY_FUND,26,LOW
58,41000,26100,11800,1195000,118000,3100,12,2,4,LUMP_SUM,HIGH,SHORT_TERM_GOAL,68,HIGH
34,70000,51600,6400,1686000,553000,12000,4,1,3,MONTHLY,HIGH,WEALTH_CREATION,48,HIGH
25,156000,102300,15700,2482000,137000,38000,8,2,5,LUMP_SUM,MEDIUM,WEALTH_CREATION,86,HIGH
27,34000,22300,0,221000,16000,12600,12,2,2,MONTHLY,MEDIUM,WEALTH_CREATION,61,LOW
29,83000,51300,24000,1183000,241000,7700,11,2,2,MONTHLY,MEDIUM,TAX_SAVING,67,HIGH
53,210000,193200,0,2510000,197000,33200,20,1,1,RARELY,LOW,TAX_SAVING,36,MEDIUM
25,100000,55700,36300,941000,597000,8000,23,1,2,MONTHLY,LOW,RETIREMENT,71,HIGH
24,76000,53900,0,2360000,537000,28800,18,2,4,RARELY,LOW,TAX_SAVING,69,HIGH
41,108000,78000,25600,1408000,127000,4400,17,1,4,LUMP_SUM,LOW,TAX_SAVING,74,HIGH
42,55000,36000,3600,873000,93000,15400,7,1,3,MONTHLY,LOW,SHORT_TERM_GOAL,71,HIGH
32,52000,10500,25500,132000,69000,16000,10,5,2,LUMP_SUM,LOW,EMERGENCY_FUND,83,HIGH
65,38000,28400,600,271000,15000,9000,12,2,2,LUMP_SUM,HIGH,SHORT_TERM_GOAL,47,LOW
43,52000,47800,0,722000,74000,7400,14,2,1,MONTHLY,MEDIUM,WEALTH_CREATION,50,HIGH
51,146000,124000,0,2032000,728000,25800,3,2,2,QUARTERLY,LOW,WEALTH_CREATION,61,HIGH
43,109000,73300,26100,1132000,582000,9600,17,2,3,RARELY,LOW,WEALTH_CREATION,54,HIGH
40,42000,19700,18200,475000,62000,4100,18,3,2,QUARTERLY,LOW,TAX_SAVING,80,HIGH
60,55000,30700,20200,699000,175000,4100,11,1,4,RARELY,MEDIUM,TAX_SAVING,62,HIGH
63,24000,18300,1700,459000,100000,4000,13,2,5,MONTHLY,HIGH,WEALTH_CREATION,69,HIGH
40,47000,24300,18900,842000,185000,3800,2,2,2,MONTHLY,LOW,RETIREMENT,54,HIGH
54,48000,27700,9100,172000,46000,11200,2,4,5,RARELY,HIGH,TAX_SAVING,56,LOW
44,96000,75000,16200,782000,53000,4800,3,1,4,MONTHLY,HIGH,WEALTH_CREATION,64,MEDIUM
44,70000,64400,0,1237000,469000,28700,9,1,4,MONTHLY,LOW,SHORT_TERM_GOAL,70,HIGH
54,27000,16200,4000,262000,51000,6800,16,1,4,MONTHLY,HIGH,RETIREMENT,76,HIGH
57,26000,11300,7200,42000,1000,7500,16,2,5,RARELY,MEDIUM,RETIREMENT,55,HIGH
62,110000,95200,0,3765000,458000,21700,1,2,2,RARELY,MEDIUM,EMERGENCY_FUND,58,HIGH
50,174000,91300,64700,1152000,134000,18000,7,2,4,MONTHLY,LOW,WEALTH_CREATION,91,HIGH
56,169000,104700,17000,2225000,306000,47300,1,5,1,MONTHLY,MEDIUM,SHORT_TERM_GOAL,80,MEDIUM
65,100000,63700,24800,797000,43000,11500,1,2,1,MONTHLY,LOW,RETIREMENT,68,MEDIUM
43,56000,29400,5100,301000,236000,21500,8,1,4,MONTHLY,HIGH,EMERGENCY_FUND,51,LOW
63,34000,27100,0,594000,272000,7400,1,3,2,RARELY,HIGH,SHORT_TERM_GOAL,40,MEDIUM
27,56000,27500,16300,1787000,120000,12200,15,2,3,MONTHLY,MEDIUM,RETIREMENT,50,HIGH
62,135000,64500,69100,589000,169000,1400,16,4,3,QUARTERLY,MEDIUM,RETIREMENT,80,HIGH
61,25000,14400,0,21000,3000,10600,4,3,1,RARELY,HIGH,WEALTH_CREATION,24,LOW
28,152000,99600,8900,2848000,408000,43500,9,3,4,MONTHLY,LOW,WEALTH_CREATION,88,HIGH
62,79000,49900,9400,1672000,199000,19700,5,3,3,MONTHLY,MEDIUM,RETIREMENT,73,HIGH
64,69000,28500,26400,598000,75000,14100,14,5,3,MONTHLY,HIGH,TAX_SAVING,67,HIGH
25,140000,108700,1000,3183000,122000,30300,2,3,4,MONTHLY,HIGH,EMERGENCY_FUND,82,HIGH
58,44000,23900,6100,300000,166000,14000,8,1,5,LUMP_SUM,MEDIUM,SHORT_TERM_GOAL,67,MEDIUM
63,54000,31200,7400,397000,167000,15400,6,3,1,MONTHLY,MEDIUM,RETIREMENT,78,HIGH
52,91000,49600,0,1038000,57000,42400,18,2,3,LUMP_SUM,MEDIUM,TAX_SAVING,58,MEDIUM
37,32000,14400,15500,445000,135000,2100,8,1,3,QUARTERLY,HIGH,WEALTH_CREATION,56,HIGH
63,218000,138400,51900,1247000,459000,27700,1,1,1,MONTHLY,HIGH,TAX_SAVING,40,LOW
27,59000,22900,27800,881000,311000,8300,1,5,4,MONTHLY,LOW,WEALTH_CREATION,100,HIGH
64,56000,29800,7000,858000,170000,19200,7,1,1,MONTHLY,MEDIUM,WEALTH_CREATION,36,HIGH
49,99000,23700,63600,709000,208000,11700,13,3,1,MONTHLY,MEDIUM,EMERGENCY_FUND,49,HIGH
65,59000,49800,0,1351000,264000,20200,8,4,4,RARELY,LOW,WEALTH_CREATION,77,HIGH
55,81000,55900,12200,1191000,451000,12900,1,1,3,RARELY,HIGH,SHORT_TERM_GOAL,53,LOW
46,80000,50100,0,1367000,189000,31500,2,4,1,RARELY,HIGH,EMERGENCY_FUND,65,LOW
25,89000,44800,23000,682000,331000,21200,7,3,2,LUMP_SUM,LOW,WEALTH_CREATION,77,HIGH
45,80000,71200,4100,1540000,592000,4700,1,1,1,RARELY,MEDIUM,RETIREMENT,41,HIGH
50,24000,9000,11500,257000,9000,3500,1,1,4,QUARTERLY,MEDIUM,WEALTH_CREATION,56,HIGH
40,83000,51700,8500,419000,50000,22800,3,2,4,MONTHLY,LOW,WEALTH_CREATION,83,HIGH
43,141000,96900,10600,1714000,963000,33500,12,2,5,LUMP_SUM,HIGH,RETIREMENT,66,HIGH
53,47000,28800,8900,1008000,424000,9300,11,1,3,LUMP_SUM,LOW,TAX_SAVING,56,HIGH
48,78000,33500,12800,531000,38000,31700,20,2,3,MONTHLY,MEDIUM,TAX_SAVING,71,HIGH
37,400000,238900,120600,9364000,1209000,40500,5,2,3,LUMP_SUM,HIGH,EMERGENCY_FUND,47,HIGH
27,43000,36200,0,1322000,445000,7000,4,2,4,RARELY,MEDIUM,WEALTH_CREATION,58,HIGH
43,79000,46600,22900,1865000,342000,9500,4,2,3,QUARTERLY,HIGH,RETIREMENT,53,HIGH
45,40000,29900,9500,327000,140000,600,13,2,4,MONTHLY,MEDIUM,EMERGENCY_FUND,62,HIGH
55,39000,19100,13000,346000,39000,6900,11,1,2,RARELY,MEDIUM,EMERGENCY_FUND,44,LOW
49,97000,62800,25500,232000,56000,8700,13,5,3,MONTHLY,HIGH,TAX_SAVING,100,HIGH
43,47000,29700,11900,1353000,216000,5400,1,3,4,RARELY,MEDIUM,WEALTH_CREATION,63,HIGH
39,55000,36300,16600,245000,40000,2100,9,3,2,MONTHLY,MEDIUM,WEALTH_CREATION,50,HIGH
50,35000,29200,2100,214000,80000,3700,14,1,2,MONTHLY,LOW,EMERGENCY_FUND,51,MEDIUM
55,94000,43900,42300,731000,381000,7800,11,2,5,MONTHLY,MEDIUM,EMERGENCY_FUND,72,HIGH
29,43000,16200,10500,203000,29000,16300,20,1,1,RARELY,MEDIUM,SHORT_TERM_GOAL,33,LOW
34,58000,33900,20200,465000,89000,3900,12,2,1,MONTHLY,LOW,EMERGENCY_FUND,76,HIGH
59,78000,37100,16800,740000,62000,24100,9,4,2,LUMP_SUM,HIGH,EMERGENCY_FUND,62,MEDIUM
59,63000,31200,13100,1098000,293000,18700,10,3,1,RARELY,MEDIUM,EMERGENCY_FUND,32,MEDIUM
41,31000,17800,10200,559000,246000,3000,18,2,2,MONTHLY,LOW,WEALTH_CREATION,50,HIGH
35,206000,125900,61900,1019000,366000,18200,17,1,2,MONTHLY,MEDIUM,WEALTH_CREATION,67,HIGH
57,44000,25200,7100,222000,8000,11700,11,1,2,MONTHLY,LOW,WEALTH_CREATION,65,HIGH
62,124000,65100,40900,2922000,174000,18000,17,1,3,LUMP_SUM,LOW,WEALTH_CREATION,67,HIGH
58,58000,27800,24900,153000,26000,5300,17,3,3,MONTHLY,LOW,WEALTH_CREATION,82,HIGH
28,35000,30300,0,1505000,335000,9900,2,3,4,RARELY,LOW,EMERGENCY_FUND,93,HIGH
59,136000,86300,41600,3226000,1427000,8100,4,1,1,LUMP_SUM,MEDIUM,TAX_SAVING,45,HIGH
50,130000,109100,7700,4857000,152000,13200,15,3,5,MONTHLY,MEDIUM,SHORT_TERM_GOAL,100,HIGH
40,70000,52000,9100,130000,61000,8900,2,3,3,MONTHLY,MEDIUM,RETIREMENT,77,MEDIUM
24,124000,53200,55300,310000,46000,15500,10,3,4,MONTHLY,LOW,SHORT_TERM_GOAL,82,HIGH
33,25000,13400,7200,279000,141000,4400,15,3,5,MONTHLY,MEDIUM,RETIREMENT,100,HIGH
21,59000,38900,10400,1053000,92000,9700,15,3,3,LUMP_SUM,MEDIUM,WEALTH_CREATION,68,HIGH
63,91000,59900,24800,551000,344000,6300,7,2,3,MONTHLY,LOW,SHORT_TERM_GOAL,61,HIGH
24,66000,57000,5900,518000,333000,3100,13,3,4,LUMP_SUM,HIGH,WEALTH_CREATION,80,HIGH
63,79000,72600,0,1865000,679000,26200,3,4,4,RARELY,MEDIUM,WEALTH_CREATION,61,HIGH
38,106000,56700,29700,1177000,149000,19600,5,3,1,RARELY,HIGH,SHORT_TERM_GOAL,29,LOW
39,32000,10500,6700,269000,159000,14800,18,2,4,MONTHLY,LOW,WEALTH_CREATION,77,HIGH
45,20000,16800,500,4000,0,2700,16,1,2,RARELY,LOW,TAX_SAVING,37,LOW
42,106000,73400,14400,1835000,592000,18200,15,2,3,MONTHLY,HIGH,TAX_SAVING,54,HIGH
48,123000,101500,0,1715000,61000,39800,6,1,4,MONTHLY,HIGH,TAX_SAVING,64,MEDIUM
39,32000,25100,5600,403000,178000,1300,4,1,4,MONTHLY,LOW,RETIREMENT,91,HIGH
45,22000,12700,7700,325000,106000,1600,10,3,3,MONTHLY,MEDIUM,WEALTH_CREATION,70,HIGH
52,85000,39700,25000,2709000,1700000,20300,10,3,1,MONTHLY,MEDIUM,SHORT_TERM_GOAL,64,HIGH
35,28000,16700,9600,412000,176000,1700,15,5,3,MONTHLY,MEDIUM,SHORT_TERM_GOAL,94,HIGH
63,85000,61700,11900,484000,165000,11400,18,2,2,QUARTERLY,LOW,TAX_SAVING,81,HIGH
62,59000,31700,14700,914000,256000,12600,23,3,3,MONTHLY,MEDIUM,WEALTH_CREATION,74,HIGH
57,59000,48400,0,1052000,277000,13900,11,1,2,RARELY,HIGH,WEALTH_CREATION,33,MEDIUM
61,100000,72300,16300,1080000,857000,11400,14,2,5,MONTHLY,MEDIUM,SHORT_TERM_GOAL,95,HIGH
54,97000,19400,32200,540000,161000,45400,11,3,4,LUMP_SUM,MEDIUM,SHORT_TERM_GOAL,72,HIGH
60,48000,20900,14900,183000,22000,12200,3,1,4,MONTHLY,LOW,WEALTH_CREATION,70,HIGH
26,40000,19700,0,299000,75000,21800,1,3,5,LUMP_SUM,MEDIUM,WEALTH_CREATION,78,MEDIUM
28,149000,74100,31100,839000,296000,43800,5,1,1,MONTHLY,MEDIUM,RETIREMENT,41,MEDIUM
60,62000,32500,27300,819000,62000,2200,11,3,3,MONTHLY,HIGH,TAX_SAVING,58,HIGH
50,52000,34900,0,689000,140000,25700,16,4,3,MONTHLY,LOW,WEALTH_CREATION,89,HIGH
65,187000,107700,36200,2547000,103000,43100,6,2,3,LUMP_SUM,HIGH,WEALTH_CREATION,49,MEDIUM
42,94000,86400,0,3852000,1841000,26200,7,1,4,LUMP_SUM,MEDIUM,RETIREMENT,71,HIGH
46,71000,46400,6500,896000,568000,18100,5,2,4,MONTHLY,MEDIUM,WEALTH_CREATION,75,HIGH
43,39000,17900,12500,235000,7000,8600,15,3,2,QUARTERLY,MEDIUM,WEALTH_CREATION,77,HIGH
48,42000,27600,3200,453000,308000,11200,10,2,5,MONTHLY,HIGH,RETIREMENT,85,HIGH
40,97000,36500,52700,603000,41000,7800,4,3,5,MONTHLY,MEDIUM,SHORT_TERM_GOAL,100,HIGH
65,50000,34300,6000,44000,6000,9700,2,3,2,RARELY,MEDIUM,RETIREMENT,62,LOW
45,112000,42300,63000,491000,213000,6700,17,2,1,MONTHLY,LOW,SHORT_TERM_GOAL,67,HIGH
64,85000,51600,23000,365000,157000,10400,2,4,3,QUARTERLY,MEDIUM,SHORT_TERM_GOAL,72,HIGH
27,70000,33200,14100,1526000,512000,22700,1,1,2,MONTHLY,MEDIUM,RETIREMENT,58,HIGH
65,73000,14600,49900,347000,164000,8500,5,2,4,RARELY,HIGH,RETIREMENT,65,HIGH
28,59000,40100,15600,313000,103000,3300,2,2,3,QUARTERLY,MEDIUM,TAX_SAVING,62,HIGH
64,20000,7700,11600,232000,68000,700,19,3,4,LUMP_SUM,MEDIUM,WEALTH_CREATION,83,HIGH
44,323000,200800,107000,2876000,1194000,15200,22,5,2,QUARTERLY,LOW,WEALTH_CREATION,100,HIGH
33,88000,61800,0,305000,4000,26300,10,1,5,MONTHLY,MEDIUM,TAX_SAVING,89,LOW
38,209000,162900,13600,6166000,3964000,32500,4,5,2,RARELY,LOW,TAX_SAVING,84,HIGH
46,41000,14000,12600,370000,27000,14400,7,2,5,MONTHLY,LOW,WEALTH_CREATION,92,HIGH
44,38000,16500,17500,285000,66000,4000,1,3,4,QUARTERLY,HIGH,TAX_SAVING,68,HIGH
25,97000,62800,0,3080000,1261000,35200,7,2,3,MONTHLY,MEDIUM,EMERGENCY_FUND,64,HIGH
24,100000,68700,16600,243000,4000,14700,19,5,4,RARELY,MEDIUM,EMERGENCY_FUND,85,MEDIUM
50,77000,16300,52800,120000,6000,7900,17,4,4,RARELY,HIGH,WEALTH_CREATION,76,HIGH
35,59000,40200,14400,380000,153000,4400,6,1,3,MONTHLY,LOW,WEALTH_CREATION,58,HIGH
42,32000,21500,2200,795000,265000,8300,2,2,3,LUMP_SUM,LOW,WEALTH_CREATION,77,HIGH
29,70000,43700,5800,656000,188000,20500,4,1,4,MONTHLY,MEDIUM,WEALTH_CREATION,69,HIGH
28,131000,84200,10400,2231000,265000,36400,7,2,3,MONTHLY,HIGH,EMERGENCY_FUND,57,MEDIUM
21,25000,7200,13900,63000,12000,3900,16,3,4,MONTHLY,LOW,WEALTH_CREATION,80,HIGH
28,45000,33100,10000,667000,17000,1900,12,2,2,MONTHLY,HIGH,WEALTH_CREATION,48,HIGH
57,50000,31100,0,511000,150000,27500,7,1,3,QUARTERLY,MEDIUM,WEALTH_CREATION,47,HIGH
61,74000,43400,11500,651000,40000,19100,1,4,2,LUMP_SUM,LOW,SHORT_TERM_GOAL,78,MEDIUM
63,57000,33000,4000,717000,41000,20000,7,2,3,MONTHLY,MEDIUM,WEALTH_CREATION,67,HIGH
25,60000,37700,5700,2015000,39000,16600,9,2,4,LUMP_SUM,MEDIUM,EMERGENCY_FUND,82,HIGH
52,176000,88700,25800,2025000,354000,61500,2,1,3,MONTHLY,HIGH,EMERGENCY_FUND,68,LOW
34,57000,48400,0,253000,180000,11300,12,3,1,MONTHLY,HIGH,RETIREMENT,55,MEDIUM
59,38000,23700,5800,213000,73000,8500,22,2,1,MONTHLY,MEDIUM,WEALTH_CREATION,49,HIGH
23,214000,154900,55000,2799000,1843000,4100,10,3,4,LUMP_SUM,MEDIUM,SHORT_TERM_GOAL,74,HIGH
25,50000,29800,0,260000,112000,20800,1,4,5,MONTHLY,MEDIUM,WEALTH_CREATION,100,HIGH
42,55000,21200,23200,595000,16000,10600,4,4,5,QUARTERLY,LOW,RETIREMENT,100,HIGH
55,98000,72100,6800,750000,49000,19100,7,1,5,MONTHLY,HIGH,EMERGENCY_FUND,56,MEDIUM
64,22000,12900,8900,146000,68000,200,5,2,1,MONTHLY,MEDIUM,WEALTH_CREATION,43,HIGH
49,52000,31200,0,722000,168000,28600,5,2,3,RARELY,LOW,TAX_SAVING,74,MEDIUM
21,91000,81500,0,913000,188000,13000,4,3,1,MONTHLY,MEDIUM,WEALTH_CREATION,49,HIGH
65,71000,40800,20000,1245000,95000,10200,9,4,3,MONTHLY,MEDIUM,TAX_SAVING,91,HIGH
60,117000,37000,54100,2220000,1043000,25900,20,2,3,MONTHLY,HIGH,TAX_SAVING,70,HIGH
36,40000,20800,9100,1252000,1048000,10100,17,2,3,RARELY,HIGH,EMERGENCY_FUND,48,HIGH
53,71000,31900,25000,581000,92000,14100,4,4,4,MONTHLY,MEDIUM,WEALTH_CREATION,93,HIGH
48,73000,33500,22200,1341000,533000,17300,2,5,4,MONTHLY,MEDIUM,TAX_SAVING,100,HIGH
48,81000,53200,0,523000,23000,36500,12,2,4,QUARTERLY,MEDIUM,WEALTH_CREATION,73,HIGH
59,107000,48100,41300,549000,214000,17600,4,3,4,LUMP_SUM,LOW,WEALTH_CREATION,99,HIGH
61,87000,48300,21500,1231000,793000,17200,6,5,1,LUMP_SUM,HIGH,EMERGENCY_FUND,64,HIGH
22,53000,17600,24200,255000,11000,11200,20,3,5,MONTHLY,MEDIUM,WEALTH_CREATION,89,HIGH
54,70000,52200,2200,1779000,656000,15600,1,2,3,MONTHLY,LOW,SHORT_TERM_GOAL,65,HIGH
46,52000,45200,0,1126000,555000,14200,7,1,3,LUMP_SUM,MEDIUM,RETIREMENT,41,HIGH
23,101000,51300,44400,274000,22000,5300,4,2,4,MONTHLY,HIGH,RETIREMENT,70,HIGH
61,100000,75000,2000,1915000,563000,23000,8,4,4,LUMP_SUM,LOW,WEALTH_CREATION,95,HIGH
60,25000,9000,8700,225000,24000,7300,14,3,2,MONTHLY,HIGH,EMERGENCY_FUND,74,HIGH
58,39000,30100,0,394000,43000,12700,9,1,4,MONTHLY,HIGH,RETIREMENT,58,MEDIUM
50,79000,67500,0,769000,237000,17800,18,1,3,LUMP_SUM,MEDIUM,WEALTH_CREATION,61,HIGH
51,134000,76700,48000,1043000,154000,9300,4,1,3,RARELY,MEDIUM,WEALTH_CREATION,41,MEDIUM
28,82000,47400,26200,284000,59000,8400,1,1,1,MONTHLY,LOW,EMERGENCY_FUND,42,LOW
22,99000,62500,19600,1399000,134000,16900,5,2,3,RARELY,HIGH,TAX_SAVING,49,MEDIUM
31,58000,30200,10500,1793000,238000,17300,2,2,4,MONTHLY,LOW,WEALTH_CREATION,78,HIGH
26,36000,30900,3400,390000,219000,1700,8,1,4,RARELY,MEDIUM,RETIREMENT,60,HIGH
30,44000,29800,3000,866000,264000,11200,7,2,3,RARELY,HIGH,RETIREMENT,44,HIGH
63,32000,27300,0,602000,147000,10500,4,3,1,MONTHLY,LOW,EMERGENCY_FUND,63,HIGH
53,84000,70400,0,193000,22000,18400,15,1,2,MONTHLY,HIGH,WEALTH_CREATION,47,MEDIUM
59,134000,101200,19500,918000,133000,13300,23,2,3,RARELY,LOW,RETIREMENT,83,HIGH
33,55000,39900,8900,2496000,47000,6200,6,3,3,MONTHLY,LOW,SHORT_TERM_GOAL,75,HIGH
61,83000,64700,17100,1742000,116000,1200,2,4,3,MONTHLY,LOW,SHORT_TERM_GOAL,68,HIGH
55,114000,102300,0,3269000,1327000,16200,6,1,5,MONTHLY,LOW,TAX_SAVING,84,HIGH
41,175000,73200,91900,1789000,573000,9900,10,2,2,QUARTERLY,MEDIUM,SHORT_TERM_GOAL,56,HIGH
26,215000,135700,0,5844000,3290000,109500,12,1,1,MONTHLY,HIGH,WEALTH_CREATION,20,HIGH
37,74000,29000,26800,85000,0,18200,1,1,3,LUMP_SUM,MEDIUM,SHORT_TERM_GOAL,44,LOW
26,76000,63800,0,493000,111000,14700,16,1,4,MONTHLY,LOW,WEALTH_CREATION,62,HIGH
52,76000,32500,29300,214000,13000,14200,5,2,1,RARELY,MEDIUM,TAX_SAVING,31,LOW
50,112000,91800,0,1235000,419000,24800,2,1,2,RARELY,LOW,WEALTH_CREATION,41,MEDIUM
65,25000,12500,12300,444000,224000,200,18,3,5,QUARTERLY,LOW,SHORT_TERM_GOAL,98,HIGH
39,41000,26100,12700,759000,51000,2200,8,2,3,MONTHLY,MEDIUM,RETIREMENT,64,HIGH
53,83000,56400,26100,307000,29000,500,16,5,3,MONTHLY,MEDIUM,SHORT_TERM_GOAL,88,HIGH
39,60000,47000,0,96000,8000,19600,4,1,1,QUARTERLY,LOW,TAX_SAVING,58,LOW
33,101000,30100,60500,537000,231000,10400,13,2,3,MONTHLY,HIGH,RETIREMENT,73,HIGH
48,39000,34900,0,756000,202000,5800,10,4,5,MONTHLY,HIGH,RETIREMENT,85,HIGH
47,102000,54100,30400,686000,255000,17500,4,4,4,RARELY,HIGH,RETIREMENT,72,HIGH
37,20000,15500,800,290000,54000,3700,8,2,1,MONTHLY,HIGH,WEALTH_CREATION,43,HIGH
38,110000,56600,11500,429000,46000,41900,9,1,2,RARELY,MEDIUM,WEALTH_CREATION,45,LOW
45,32000,17000,7600,219000,10000,7400,7,1,2,MONTHLY,MEDIUM,SHORT_TERM_GOAL,58,LOW
33,64000,51300,1500,947000,32000,11200,1,3,2,MONTHLY,MEDIUM,WEALTH_CREATION,73,HIGH
28,85000,60300,8100,208000,46000,16600,7,2,3,MONTHLY,HIGH,WEALTH_CREATION,58,MEDIUM
22,34000,16300,6800,243000,28000,10900,3,2,3,QUARTERLY,LOW,TAX_SAVING,77,HIGH
42,61000,40200,14500,750000,40000,6300,1,3,4,MONTHLY,HIGH,SHORT_TERM_GOAL,62,MEDIUM
33,49000,28700,13700,273000,40000,6600,10,1,5,LUMP_SUM,HIGH,TAX_SAVING,57,HIGH
60,35000,18700,7800,366000,129000,8500,24,5,1,MONTHLY,HIGH,RETIREMENT,84,HIGH
31,118000,94800,0,389000,89000,28000,15,3,3,MONTHLY,LOW,TAX_SAVING,73,HIGH
65,45000,18000,3300,513000,130000,23700,1,4,1,LUMP_SUM,HIGH,RETIREMENT,61,LOW
27,89000,48700,23700,848000,266000,16600,4,2,5,LUMP_SUM,HIGH,EMERGENCY_FUND,68,LOW
49,43000,35900,0,333000,129000,10600,12,1,2,LUMP_SUM,MEDIUM,RETIREMENT,45,MEDIUM
53,40000,25300,1700,295000,71000,13000,17,1,4,QUARTERLY,MEDIUM,EMERGENCY_FUND,67,MEDIUM
60,133000,86000,0,3519000,298000,73100,12,4,2,RARELY,LOW,WEALTH_CREATION,59,HIGH
34,73000,33900,35600,477000,90000,3500,9,1,3,RARELY,LOW,WEALTH_CREATION,61,HIGH
22,34000,24600,3400,622000,46000,6000,9,5,2,RARELY,MEDIUM,WEALTH_CREATION,53,HIGH
44,23000,17200,1000,300000,116000,4800,12,3,3,MONTHLY,HIGH,RETIREMENT,64,HIGH
38,77000,42400,31500,578000,307000,3100,14,1,2,MONTHLY,LOW,EMERGENCY_FUND,64,HIGH
51,37000,20100,4500,472000,87000,12400,3,1,2,MONTHLY,MEDIUM,RETIREMENT,77,MEDIUM
63,79000,26600,46800,960000,169000,5600,10,1,4,QUARTERLY,HIGH,EMERGENCY_FUND,58,MEDIUM
27,49000,27600,21400,92000,13000,0,11,1,3,MONTHLY,HIGH,RETIREMENT,44,HIGH
36,52000,17400,25100,189000,21000,9500,5,4,4,QUARTERLY,MEDIUM,TAX_SAVING,100,HIGH
50,63000,25100,31400,299000,33000,6500,6,2,2,MONTHLY,LOW,WEALTH_CREATION,59,HIGH
56,79000,53600,11700,239000,35000,13700,14,3,3,MONTHLY,MEDIUM,WEALTH_CREATION,71,HIGH
56,142000,65400,46400,627000,82000,30200,3,3,4,MONTHLY,LOW,SHORT_TERM_GOAL,99,HIGH
58,91000,51200,17900,1316000,441000,21900,9,1,3,QUARTERLY,HIGH,TAX_SAVING,46,HIGH
53,44000,22200,2900,1929000,682000,18900,1,3,3,QUARTERLY,HIGH,EMERGENCY_FUND,55,HIGH
50,53000,19000,29200,337000,133000,4800,20,2,4,LUMP_SUM,LOW,EMERGENCY_FUND,79,HIGH
46,43000,13000,14200,456000,37000,15800,9,2,2,LUMP_SUM,HIGH,WEALTH_CREATION,48,HIGH
55,60000,55200,0,1160000,247000,32500,19,4,4,MONTHLY,MEDIUM,TAX_SAVING,73,HIGH
52,69000,44800,21300,1276000,277000,2900,3,1,4,RARELY,HIGH,EMERGENCY_FUND,51,MEDIUM
32,105000,93300,0,1544000,217000,12600,7,1,2,RARELY,MEDIUM,SHORT_TERM_GOAL,35,LOW
32,55000,35300,4200,387000,225000,15500,14,3,4,RARELY,MEDIUM,RETIREMENT,75,HIGH
48,57000,47700,0,1643000,523000,13700,19,3,1,MONTHLY,LOW,RETIREMENT,66,HIGH
51,140000,44900,85100,295000,190000,10000,8,1,5,LUMP_SUM,LOW,RETIREMENT,74,HIGH
47,67000,41000,20800,1227000,346000,5200,18,1,3,QUARTERLY,LOW,RETIREMENT,68,HIGH
35,241000,96400,74100,1466000,177000,70500,4,1,5,MONTHLY,HIGH,SHORT_TERM_GOAL,53,MEDIUM
52,58000,17700,33600,302000,8000,6700,10,1,2,LUMP_SUM,HIGH,WEALTH_CREATION,36,MEDIUM
37,69000,40300,17500,1213000,350000,11200,3,1,2,MONTHLY,HIGH,TAX_SAVING,50,HIGH
47,115000,105800,900,2164000,1233000,8300,7,3,1,MONTHLY,MEDIUM,EMERGENCY_FUND,55,HIGH
27,54000,44200,0,1011000,505000,16400,1,1,5,MONTHLY,MEDIUM,TAX_SAVING,81,HIGH
27,26000,12800,0,193000,97000,14300,22,4,2,RARELY,MEDIUM,RETIREMENT,62,MEDIUM
38,32000,22600,4600,737000,278000,4800,6,1,5,RARELY,LOW,WEALTH_CREATION,55,HIGH
45,76000,15200,54200,30000,10000,6600,5,1,5,MONTHLY,LOW,WEALTH_CREATION,84,HIGH
54,156000,89700,47500,835000,37000,18800,14,2,2,RARELY,LOW,WEALTH_CREATION,61,HIGH
48,50000,33300,4300,1318000,72000,12400,11,1,2,MONTHLY,MEDIUM,WEALTH_CREATION,52,HIGH
37,97000,48200,23800,1821000,690000,25000,17,5,4,RARELY,HIGH,EMERGENCY_FUND,58,HIGH
33,61000,33500,20700,626000,102000,6800,21,3,4,LUMP_SUM,HIGH,RETIREMENT,68,HIGH
47,31000,8700,15200,384000,294000,7100,9,3,2,LUMP_SUM,MEDIUM,RETIREMENT,58,HIGH
41,76000,39100,32800,1016000,221000,4100,1,3,3,LUMP_SUM,MEDIUM,WEALTH_CREATION,76,HIGH
45,21000,18400,0,925000,58000,5300,6,4,4,LUMP_SUM,LOW,WEALTH_CREATION,83,HIGH
22,80000,50200,21100,2096000,539000,8700,4,2,4,MONTHLY,LOW,SHORT_TERM_GOAL,78,HIGH
51,53000,42400,0,295000,94000,25000,3,1,5,MONTHLY,LOW,EMERGENCY_FUND,60,LOW
37,44000,20500,22700,164000,79000,800,1,1,5,RARELY,LOW,TAX_SAVING,65,HIGH
53,58000,23200,31700,124000,19000,3100,13,2,2,MONTHLY,LOW,SHORT_TERM_GOAL,58,HIGH
42,51000,33200,2600,1191000,312000,15200,3,1,2,MONTHLY,MEDIUM,SHORT_TERM_GOAL,48,HIGH
48,55000,31600,16200,441000,5000,7200,14,2,4,MONTHLY,MEDIUM,WEALTH_CREATION,77,HIGH
51,115000,56100,16400,1256000,493000,42500,2,1,4,QUARTERLY,LOW,WEALTH_CREATION,73,HIGH
51,82000,60500,7200,428000,32000,14300,2,3,2,QUARTERLY,MEDIUM,RETIREMENT,79,LOW
61,66000,42700,14200,690000,202000,9100,9,4,4,QUARTERLY,MEDIUM,WEALTH_CREATION,92,HIGH
65,223000,205100,0,6073000,686000,52300,15,1,5,MONTHLY,MEDIUM,WEALTH_CREATION,69,HIGH
63,57000,45700,2400,1366000,236000,8900,6,2,2,QUARTERLY,LOW,WEALTH_CREATION,62,HIGH
64,57000,52400,800,618000,254000,3800,1,4,3,LUMP_SUM,MEDIUM,EMERGENCY_FUND,65,MEDIUM
56,39000,24800,12400,87000,4000,1800,2,4,2,RARELY,HIGH,EMERGENCY_FUND,41,LOW
29,57000,27300,0,1300000,87000,31300,1,2,4,LUMP_SUM,MEDIUM,RETIREMENT,64,MEDIUM
21,49000,43700,0,274000,103000,24800,17,3,5,RARELY,MEDIUM,EMERGENCY_FUND,82,LOW
64,50000,28200,10800,269000,92000,11000,3,1,3,LUMP_SUM,MEDIUM,RETIREMENT,58,MEDIUM
23,65000,40500,8100,898000,222000,16400,4,1,3,MONTHLY,MEDIUM,EMERGENCY_FUND,58,MEDIUM
24,54000,30900,13200,1805000,666000,9900,1,2,4,LUMP_SUM,MEDIUM,TAX_SAVING,69,HIGH
44,42000,9300,28500,227000,44000,4200,6,1,2,RARELY,HIGH,RETIREMENT,30,MEDIUM
57,43000,21900,17500,901000,459000,3600,3,2,2,MONTHLY,MEDIUM,SHORT_TERM_GOAL,52,HIGH
43,99000,83000,0,2221000,1512000,39200,11,2,3,MONTHLY,LOW,SHORT_TERM_GOAL,72,HIGH
62,132000,109600,13500,1068000,172000,8900,4,2,4,LUMP_SUM,LOW,SHORT_TERM_GOAL,76,MEDIUM
48,89000,21000,25000,1459000,380000,43000,17,1,3,MONTHLY,LOW,WEALTH_CREATION,71,HIGH
56,151000,136900,0,8710000,3677000,36600,10,2,3,MONTHLY,HIGH,SHORT_TERM_GOAL,68,HIGH
29,34000,18500,14200,319000,85000,1300,9,4,2,MONTHLY,LOW,WEALTH_CREATION,86,HIGH
64,46000,32500,11900,671000,59000,1600,21,4,3,RARELY,HIGH,WEALTH_CREATION,58,HIGH
30,44000,40400,2300,152000,54000,1300,19,3,3,RARELY,MEDIUM,WEALTH_CREATION,65,HIGH
28,109000,56900,18000,372000,110000,34100,1,2,2,MONTHLY,MEDIUM,SHORT_TERM_GOAL,67,LOW
53,73000,50500,16100,1256000,711000,6400,3,2,3,MONTHLY,HIGH,RETIREMENT,80,HIGH
28,34000,27800,4400,59000,6000,1800,3,1,3,LUMP_SUM,MEDIUM,EMERGENCY_FUND,54,LOW
27,128000,66400,29500,1424000,920000,32100,13,4,4,RARELY,MEDIUM,WEALTH_CREATION,83,HIGH
34,35000,18400,11600,387000,16000,5000,24,1,3,MONTHLY,LOW,EMERGENCY_FUND,61,HIGH
27,32000,18600,0,241000,151000,16900,11,2,1,LUMP_SUM,LOW,TAX_SAVING,55,MEDIUM
47,152000,79700,38600,545000,185000,33700,4,2,2,MONTHLY,MEDIUM,WEALTH_CREATION,63,MEDIUM
49,37000,20900,7500,358000,21000,8600,9,2,1,QUARTERLY,HIGH,TAX_SAVING,54,MEDIUM
33,67000,47600,12500,405000,18000,6900,13,3,1,LUMP_SUM,LOW,TAX_SAVING,52,HIGH
58,243000,138600,61800,5140000,3382000,42600,14,2,4,MONTHLY,MEDIUM,EMERGENCY_FUND,66,HIGH
22,74000,50600,3000,1770000,287000,20400,23,3,4,RARELY,HIGH,WEALTH_CREATION,58,HIGH
60,52000,43000,6500,1094000,293000,2500,5,3,5,RARELY,LOW,WEALTH_CREATION,74,HIGH
65,161000,104900,0,4377000,812000,63100,6,3,4,QUARTERLY,MEDIUM,SHORT_TERM_GOAL,78,HIGH
57,91000,46200,37200,1802000,521000,7600,3,4,1,RARELY,MEDIUM,WEALTH_CREATION,62,HIGH
24,90000,82800,0,785000,12000,23900,4,2,4,MONTHLY,LOW,WEALTH_CREATION,56,MEDIUM
36,97000,85600,6900,2137000,561000,4500,3,3,4,LUMP_SUM,HIGH,WEALTH_CREATION,71,HIGH
52,80000,27700,15900,736000,102000,36400,17,2,4,QUARTERLY,MEDIUM,WEALTH_CREATION,71,HIGH
57,60000,41600,17500,1224000,430000,900,4,5,2,LUMP_SUM,MEDIUM,TAX_SAVING,73,HIGH
24,27000,23800,0,344000,18000,9600,2,5,1,MONTHLY,LOW,WEALTH_CREATION,84,HIGH
54,64000,54000,8100,1095000,461000,1900,3,3,3,QUARTERLY,HIGH,RETIREMENT,80,HIGH
23,39000,19500,3200,165000,58000,16300,16,2,1,QUARTERLY,HIGH,RETIREMENT,48,LOW
48,121000,67600,12400,843000,249000,41000,17,1,4,MONTHLY,HIGH,WEALTH_CREATION,58,HIGH
37,34000,20800,9000,606000,277000,4200,3,4,1,MONTHLY,MEDIUM,WEALTH_CREATION,76,HIGH
34,25000,16000,4600,255000,19000,4400,3,2,2,LUMP_SUM,MEDIUM,WEALTH_CREATION,45,MEDIUM
41,112000,86600,21700,917000,347000,3700,18,5,5,MONTHLY,HIGH,WEALTH_CREATION,92,HIGH
56,106000,81400,14900,933000,314000,9700,1,1,4,MONTHLY,HIGH,EMERGENCY_FUND,65,LOW
46,53000,42800,1200,216000,18000,9000,12,1,2,RARELY,MEDIUM,EMERGENCY_FUND,42,LOW
21,57000,38100,12400,720000,131000,6500,5,2,2,LUMP_SUM,HIGH,RETIREMENT,52,HIGH
64,114000,53500,48300,635000,184000,12200,17,1,3,MONTHLY,MEDIUM,RETIREMENT,52,HIGH
62,62000,37000,5300,375000,8000,19700,2,2,1,MONTHLY,MEDIUM,EMERGENCY_FUND,54,LOW
47,129000,85900,22200,2411000,704000,20900,12,2,1,MONTHLY,MEDIUM,SHORT_TERM_GOAL,44,HIGH
39,154000,74500,75900,1411000,25000,3600,6,3,2,MONTHLY,HIGH,TAX_SAVING,58,HIGH
35,91000,74700,0,3574000,833000,26300,3,3,3,RARELY,HIGH,RETIREMENT,58,HIGH
35,52000,21500,28800,335000,55000,1700,20,1,1,LUMP_SUM,MEDIUM,TAX_SAVING,58,HIGH
62,97000,52500,18500,1046000,139000,26000,2,1,4,LUMP_SUM,HIGH,TAX_SAVING,41,MEDIUM
42,47000,24400,15400,186000,19000,7200,16,2,3,MONTHLY,HIGH,EMERGENCY_FUND,58,MEDIUM
49,123000,102600,0,2918000,1061000,48600,7,1,1,RARELY,HIGH,WEALTH_CREATION,28,MEDIUM
33,42000,29500,5700,284000,41000,6800,8,2,3,MONTHLY,MEDIUM,WEALTH_CREATION,75,HIGH
43,46000,23700,13300,1489000,196000,9000,8,2,5,LUMP_SUM,HIGH,TAX_SAVING,69,HIGH
33,40000,21400,5800,661000,186000,12800,20,3,5,MONTHLY,MEDIUM,TAX_SAVING,93,HIGH
37,162000,92500,41400,406000,290000,28100,10,1,2,RARELY,MEDIUM,TAX_SAVING,46,LOW
22,21000,16900,3900,485000,139000,200,12,3,3,MONTHLY,MEDIUM,RETIREMENT,69,HIGH
41,98000,67900,12200,1089000,129000,17900,3,1,2,MONTHLY,HIGH,RETIREMENT,44,LOW
35,47000,20700,17100,454000,152000,9200,15,2,5,LUMP_SUM,LOW,EMERGENCY_FUND,92,HIGH
63,86000,34500,43400,876000,85000,8100,8,4,2,MONTHLY,LOW,WEALTH_CREATION,83,HIGH
50,284000,241300,0,3084000,143000,76000,6,5,2,MONTHLY,MEDIUM,TAX_SAVING,81,MEDIUM
40,140000,97500,33000,3156000,292000,9500,3,1,5,MONTHLY,MEDIUM,RETIREMENT,72,HIGH
55,51000,22600,17300,485000,158000,11100,4,1,1,LUMP_SUM,MEDIUM,EMERGENCY_FUND,39,LOW
32,63000,33700,8200,623000,105000,21100,1,2,3,MONTHLY,HIGH,WEALTH_CREATION,69,HIGH
22,153000,98800,33400,850000,229000,20800,1,3,2,RARELY,MEDIUM,RETIREMENT,61,MEDIUM
39,31000,7200,9600,258000,67000,14200,1,2,3,QUARTERLY,HIGH,SHORT_TERM_GOAL,50,LOW
35,41000,24400,12100,134000,22000,4500,7,4,2,LUMP_SUM,HIGH,RETIREMENT,59,MEDIUM
44,52000,23200,26900,552000,118000,1900,23,3,2,MONTHLY,HIGH,RETIREMENT,58,HIGH
54,67000,52900,5900,1014000,584000,8200,5,2,1,RARELY,LOW,SHORT_TERM_GOAL,61,HIGH
46,95000,53900,31300,1385000,256000,9800,12,1,4,RARELY,HIGH,EMERGENCY_FUND,40,MEDIUM
32,26000,10300,13400,222000,125000,2300,4,1,2,LUMP_SUM,LOW,TAX_SAVING,60,HIGH
29,80000,65400,13200,634000,59000,1400,2,1,4,RARELY,HIGH,SHORT_TERM_GOAL,64,LOW
58,35000,18200,14700,66000,31000,2100,22,4,3,MONTHLY,LOW,TAX_SAVING,93,HIGH
28,30000,15200,12100,369000,249000,2700,14,4,1,LUMP_SUM,MEDIUM,TAX_SAVING,57,HIGH
45,63000,51700,0,529000,122000,12900,16,4,3,RARELY,MEDIUM,WEALTH_CREATION,87,HIGH
54,36000,20400,3700,620000,90000,11900,14,2,3,RARELY,MEDIUM,TAX_SAVING,69,HIGH
22,55000,42100,0,394000,13000,16200,8,2,4,RARELY,MEDIUM,RETIREMENT,74,MEDIUM
52,23000,17400,0,613000,254000,6000,8,4,4,MONTHLY,MEDIUM,SHORT_TERM_GOAL,83,HIGH
40,25000,19500,0,265000,117000,6600,19,3,2,MONTHLY,LOW,WEALTH_CREATION,77,HIGH
22,104000,73800,19500,1217000,106000,10700,1,2,5,RARELY,HIGH,WEALTH_CREATION,62,HIGH
52,88000,45500,0,1657000,624000,43200,2,2,2,RARELY,MEDIUM,SHORT_TERM_GOAL,50,MEDIUM
34,33000,23800,0,596000,336000,9300,12,2,3,MONTHLY,HIGH,WEALTH_CREATION,57,HIGH
34,41000,19900,4700,1026000,289000,16400,9,2,3,RARELY,LOW,RETIREMENT,51,HIGH
49,136000,60200,55300,683000,123000,20500,11,3,2,MONTHLY,MEDIUM,RETIREMENT,61,HIGH
29,43000,31000,6000,969000,161000,6000,20,3,2,LUMP_SUM,MEDIUM,WEALTH_CREATION,60,HIGH
25,108000,66700,2400,1951000,677000,38900,20,2,4,MONTHLY,HIGH,WEALTH_CREATION,66,HIGH
62,103000,69200,5900,3196000,213000,27900,10,1,4,RARELY,MEDIUM,EMERGENCY_FUND,55,HIGH
31,92000,38600,46000,447000,150000,7400,14,1,2,QUARTERLY,HIGH,WEALTH_CREATION,31,HIGH
28,58000,35500,13200,1253000,145000,9300,7,1,3,MONTHLY,HIGH,WEALTH_CREATION,36,HIGH
47,36000,27500,200,334000,43000,8300,8,1,2,QUARTERLY,MEDIUM,TAX_SAVING,51,LOW
25,39000,20200,15900,460000,200000,2900,8,2,3,QUARTERLY,MEDIUM,RETIREMENT,61,HIGH
61,37000,16000,11200,304000,47000,9800,2,2,3,QUARTERLY,MEDIUM,WEALTH_CREATION,66,MEDIUM
53,59000,50100,6100,761000,183000,2800,11,1,4,QUARTERLY,LOW,EMERGENCY_FUND,67,HIGH
52,110000,92700,0,1796000,84000,49900,17,2,5,MONTHLY,HIGH,RETIREMENT,89,HIGH
47,85000,44600,20900,2472000,843000,19500,8,1,3,MONTHLY,HIGH,EMERGENCY_FUND,53,HIGH
31,94000,86400,0,541000,346000,8300,1,3,3,MONTHLY,LOW,SHORT_TERM_GOAL,74,MEDIUM
61,22000,16100,3800,379000,72000,2100,11,2,4,RARELY,MEDIUM,WEALTH_CREATION,56,HIGH
57,50000,22100,21800,582000,54000,6100,8,4,2,QUARTERLY,MEDIUM,RETIREMENT,66,HIGH
34,67000,46400,4300,2113000,887000,16300,13,5,4,MONTHLY,MEDIUM,RETIREMENT,100,HIGH
31,104000,34400,59400,819000,189000,10200,3,3,2,MONTHLY,HIGH,WEALTH_CREATION,67,HIGH
26,118000,72000,30200,340000,153000,15800,9,3,2,MONTHLY,LOW,TAX_SAVING,85,HIGH
62,72000,22900,30900,419000,170000,18200,3,1,4,MONTHLY,MEDIUM,EMERGENCY_FUND,55,MEDIUM
47,36000,20700,14000,227000,39000,1300,6,2,3,MONTHLY,LOW,RETIREMENT,72,HIGH
44,60000,44100,10600,514000,11000,5300,7,3,3,MONTHLY,LOW,WEALTH_CREATION,81,HIGH
47,63000,38500,10700,712000,256000,13800,10,5,1,QUARTERLY,HIGH,WEALTH_CREATION,70,HIGH
48,168000,52100,89900,708000,120000,26000,1,3,2,MONTHLY,MEDIUM,RETIREMENT,63,HIGH
61,158000,98700,34900,3384000,246000,24400,9,1,4,MONTHLY,HIGH,RETIREMENT,63,HIGH
49,25000,15700,4700,457000,81000,4600,10,3,2,MONTHLY,MEDIUM,RETIREMENT,71,HIGH
53,95000,68600,13100,214000,8000,13300,13,4,2,QUARTERLY,MEDIUM,RETIREMENT,79,HIGH
57,72000,61500,0,1999000,1380000,12700,1,3,3,LUMP_SUM,LOW,TAX_SAVING,71,HIGH
48,56000,28500,16900,1710000,701000,10600,4,5,3,RARELY,MEDIUM,WEALTH_CREATION,74,HIGH
34,240000,132000,98200,709000,166000,9800,1,1,4,MONTHLY,MEDIUM,WEALTH_CREATION,61,HIGH
33,61000,28500,6200,497000,43000,26300,7,1,1,LUMP_SUM,HIGH,WEALTH_CREATION,35,LOW
45,60000,33200,13600,242000,109000,13200,1,2,5,MONTHLY,LOW,EMERGENCY_FUND,91,MEDIUM
64,143000,91400,39100,1088000,500000,12500,11,3,1,MONTHLY,HIGH,WEALTH_CREATION,59,HIGH
61,76000,63200,0,571000,60000,15800,9,5,2,MONTHLY,LOW,SHORT_TERM_GOAL,99,HIGH
54,130000,96400,19400,367000,84000,14200,14,2,4,LUMP_SUM,LOW,RETIREMENT,81,HIGH
34,104000,71800,25400,448000,48000,6800,8,2,1,RARELY,MEDIUM,EMERGENCY_FUND,43,LOW
63,61000,35400,17900,595000,10000,7700,11,1,4,LUMP_SUM,MEDIUM,RETIREMENT,61,HIGH
62,53000,34900,1100,1156000,119000,17000,3,3,1,MONTHLY,MEDIUM,EMERGENCY_FUND,68,HIGH
61,110000,85800,16900,2259000,271000,7300,10,3,1,RARELY,HIGH,RETIREMENT,43,HIGH
56,62000,28600,17200,424000,132000,16200,3,1,1,MONTHLY,HIGH,TAX_SAVING,42,MEDIUM
46,102000,69100,15700,397000,149000,17200,18,1,4,LUMP_SUM,MEDIUM,SHORT_TERM_GOAL,75,LOW
43,107000,84400,3400,564000,194000,19200,7,1,3,LUMP_SUM,LOW,EMERGENCY_FUND,53,MEDIUM
25,33000,16000,8600,978000,130000,8400,8,1,4,MONTHLY,HIGH,WEALTH_CREATION,34,HIGH
56,52000,41600,4800,256000,19000,5600,1,1,1,MONTHLY,LOW,WEALTH_CREATION,40,MEDIUM
22,57000,38200,4200,55000,13000,14600,8,1,3,MONTHLY,MEDIUM,SHORT_TERM_GOAL,55,LOW
52,60000,33800,6500,554000,88000,19700,4,2,2,QUARTERLY,MEDIUM,SHORT_TERM_GOAL,59,MEDIUM
46,77000,50300,18000,372000,37000,8700,8,2,4,LUMP_SUM,MEDIUM,WEALTH_CREATION,63,HIGH
55,66000,25100,15500,159000,26000,25400,12,3,4,MONTHLY,MEDIUM,RETIREMENT,73,HIGH
23,153000,128400,0,3000000,1584000,47300,2,3,2,QUARTERLY,LOW,RETIREMENT,74,HIGH
45,25000,17000,3000,653000,138000,5000,7,4,5,MONTHLY,MEDIUM,WEALTH_CREATION,88,HIGH
65,72000,38500,31200,563000,119000,2300,8,3,2,LUMP_SUM,MEDIUM,TAX_SAVING,60,HIGH
22,34000,22300,3100,407000,11000,8600,6,3,2,QUARTERLY,MEDIUM,RETIREMENT,81,HIGH
55,49000,25900,5600,293000,35000,17500,7,3,2,QUARTERLY,HIGH,WEALTH_CREATION,52,LOW
60,53000,19300,30800,167000,55000,2900,12,2,3,QUARTERLY,LOW,TAX_SAVING,77,HIGH
43,37000,34000,0,649000,72000,13700,20,1,2,LUMP_SUM,HIGH,WEALTH_CREATION,31,MEDIUM
35,58000,43300,0,1450000,773000,17400,3,4,1,MONTHLY,HIGH,SHORT_TERM_GOAL,56,HIGH
32,90000,35200,43500,180000,6000,11300,5,4,5,MONTHLY,HIGH,EMERGENCY_FUND,74,MEDIUM
55,123000,93000,24000,342000,184000,6000,14,3,1,RARELY,LOW,TAX_SAVING,61,HIGH
29,60000,24100,24300,208000,97000,11600,1,2,3,QUARTERLY,HIGH,EMERGENCY_FUND,61,LOW
64,55000,19500,24300,454000,96000,11200,9,1,1,MONTHLY,LOW,EMERGENCY_FUND,57,MEDIUM
52,191000,93400,61500,2249000,285000,36100,1,3,2,MONTHLY,HIGH,RETIREMENT,71,HIGH
35,36000,20200,9000,472000,135000,6800,14,3,2,LUMP_SUM,LOW,EMERGENCY_FUND,72,HIGH
36,99000,64800,19900,2594000,483000,14300,12,1,1,MONTHLY,HIGH,TAX_SAVING,30,HIGH
53,79000,52200,22700,1592000,647000,4100,6,3,2,MONTHLY,MEDIUM,TAX_SAVING,74,HIGH
38,24000,17100,1600,381000,143000,5300,5,2,3,MONTHLY,HIGH,SHORT_TERM_GOAL,53,MEDIUM
51,83000,55500,23200,847000,119000,4300,2,3,3,QUARTERLY,HIGH,SHORT_TERM_GOAL,65,MEDIUM
27,31000,17200,3000,539000,51000,10800,19,1,2,MONTHLY,HIGH,TAX_SAVING,42,HIGH
35,144000,91400,34300,1894000,220000,18300,8,1,3,MONTHLY,LOW,TAX_SAVING,70,HIGH
55,162000,85900,58500,1402000,341000,17600,16,2,2,RARELY,LOW,RETIREMENT,55,HIGH
48,32000,19800,5500,492000,47000,6700,16,2,2,MONTHLY,MEDIUM,EMERGENCY_FUND,70,HIGH
37,35000,26900,4100,357000,185000,4000,1,4,5,RARELY,MEDIUM,RETIREMENT,87,HIGH
49,58000,53300,0,1621000,112000,16800,13,3,2,MONTHLY,HIGH,EMERGENCY_FUND,48,HIGH
48,32000,16300,0,280000,43000,17600,13,3,2,MONTHLY,HIGH,WEALTH_CREATION,57,MEDIUM
40,103000,45100,49600,329000,74000,8300,13,4,3,MONTHLY,HIGH,RETIREMENT,64,HIGH
43,22000,17400,300,455000,137000,4300,2,1,1,MONTHLY,LOW,SHORT_TERM_GOAL,55,HIGH
41,66000,49700,0,652000,162000,23400,11,1,4,LUMP_SUM,MEDIUM,WEALTH_CREATION,63,MEDIUM
36,106000,73400,14100,1229000,326000,18500,3,1,4,MONTHLY,HIGH,WEALTH_CREATION,42,HIGH
50,42000,16800,19900,247000,47000,5300,7,1,4,MONTHLY,LOW,WEALTH_CREATION,81,HIGH
22,145000,115200,14100,953000,412000,15700,12,4,3,LUMP_SUM,LOW,WEALTH_CREATION,67,HIGH
41,229000,134200,66500,5465000,361000,28300,1,1,2,MONTHLY,MEDIUM,WEALTH_CREATION,32,HIGH
49,70000,55600,0,301000,229000,19200,3,4,4,MONTHLY,HIGH,EMERGENCY_FUND,80,LOW
50,29000,13800,5100,346000,157000,10100,13,1,4,QUARTERLY,HIGH,WEALTH_CREATION,60,HIGH
59,77000,70800,0,1916000,223000,27200,8,1,2,MONTHLY,HIGH,SHORT_TERM_GOAL,59,MEDIUM
36,172000,78800,49200,2312000,1091000,44000,10,2,3,MONTHLY,MEDIUM,RETIREMENT,78,HIGH
33,170000,114000,16800,2412000,345000,39200,5,3,5,RARELY,HIGH,SHORT_TERM_GOAL,71,MEDIUM
23,47000,34900,9700,432000,113000,2400,10,1,4,RARELY,MEDIUM,TAX_SAVING,56,HIGH
22,44000,30200,5800,189000,9000,8000,9,4,1,QUARTERLY,LOW,WEALTH_CREATION,81,HIGH
41,20000,11500,4600,336000,132000,3900,2,2,4,RARELY,HIGH,RETIREMENT,44,MEDIUM
59,37000,28200,500,337000,67000,8300,5,2,5,QUARTERLY,HIGH,EMERGENCY_FUND,65,LOW
58,37000,17100,5200,489000,127000,14700,23,3,4,LUMP_SUM,LOW,WEALTH_CREATION,75,HIGH
32,24000,17300,0,212000,2000,10100,7,2,2,MONTHLY,MEDIUM,TAX_SAVING,65,LOW
35,41000,21600,18400,650000,366000,1000,6,1,2,RARELY,MEDIUM,WEALTH_CREATION,42,HIGH
27,275000,142000,87700,2303000,467000,45300,6,1,4,MONTHLY,MEDIUM,SHORT_TERM_GOAL,66,HIGH
58,103000,82600,0,1942000,178000,24400,7,1,3,MONTHLY,MEDIUM,RETIREMENT,56,HIGH
26,97000,59000,3100,1296000,317000,34900,9,1,5,LUMP_SUM,LOW,SHORT_TERM_GOAL,68,HIGH
60,86000,19100,55800,193000,70000,11100,3,1,2,LUMP_SUM,LOW,WEALTH_CREATION,61,HIGH
48,47000,31700,7300,184000,23000,8000,4,2,5,RARELY,LOW,WEALTH_CREATION,90,HIGH
59,96000,71600,0,3526000,206000,44100,12,4,1,MONTHLY,MEDIUM,WEALTH_CREATION,81,HIGH
34,36000,18400,9500,263000,13000,8100,9,1,3,QUARTERLY,HIGH,WEALTH_CREATION,49,MEDIUM
53,56000,35600,6600,1456000,370000,13800,10,4,1,QUARTERLY,LOW,WEALTH_CREATION,76,HIGH
27,150000,86800,10700,430000,181000,52500,10,2,2,MONTHLY,LOW,WEALTH_CREATION,75,HIGH
49,63000,31400,14000,423000,96000,17600,17,5,4,LUMP_SUM,MEDIUM,WEALTH_CREATION,88,HIGH
63,39000,32400,0,736000,26000,15200,7,5,3,RARELY,HIGH,WEALTH_CREATION,64,HIGH
26,195000,173400,16600,3082000,123000,5000,21,3,2,LUMP_SUM,MEDIUM,RETIREMENT,72,HIGH
45,68000,47200,12300,916000,275000,8500,14,2,3,RARELY,LOW,RETIREMENT,60,HIGH
32,23000,12900,9800,66000,17000,300,6,1,2,LUMP_SUM,LOW,EMERGENCY_FUND,56,MEDIUM
27,23000,12200,3500,633000,14000,7300,6,1,4,QUARTERLY,MEDIUM,TAX_SAVING,59,HIGH
63,81000,66700,8200,974000,572000,6100,7,1,4,RARELY,LOW,WEALTH_CREATION,65,HIGH
56,46000,37600,3100,1081000,520000,5300,1,3,2,MONTHLY,HIGH,RETIREMENT,57,HIGH
22,75000,43800,28800,399000,132000,2400,8,5,2,LUMP_SUM,LOW,SHORT_TERM_GOAL,89,HIGH
39,193000,91100,89500,3791000,442000,12400,13,4,3,MONTHLY,HIGH,RETIREMENT,53,HIGH
36,33000,14400,5200,359000,48000,13400,11,3,2,MONTHLY,LOW,WEALTH_CREATION,85,HIGH
45,21000,8300,9000,252000,50000,3700,12,1,2,MONTHLY,LOW,WEALTH_CREATION,49,HIGH
28,42000,22600,0,583000,285000,23100,1,3,3,LUMP_SUM,LOW,SHORT_TERM_GOAL,61,MEDIUM
54,52000,31500,3000,412000,134000,17500,1,1,1,QUARTERLY,MEDIUM,RETIREMENT,58,LOW
52,120000,103100,0,4662000,910000,18400,1,2,1,RARELY,HIGH,RETIREMENT,28,HIGH
59,24000,9900,11200,55000,29000,2900,3,3,2,MONTHLY,MEDIUM,WEALTH_CREATION,79,HIGH
34,38000,27300,8600,308000,8000,2100,4,3,4,MONTHLY,HIGH,RETIREMENT,74,HIGH
34,29000,7400,14700,189000,56000,6900,3,1,2,MONTHLY,LOW,WEALTH_CREATION,66,HIGH
61,26000,18900,1700,227000,23000,5400,6,4,2,MONTHLY,HIGH,SHORT_TERM_GOAL,74,MEDIUM
23,55000,28600,16300,1352000,94000,10100,22,3,3,MONTHLY,MEDIUM,WEALTH_CREATION,73,HIGH
39,155000,92300,33000,704000,256000,29700,19,5,3,RARELY,HIGH,WEALTH_CREATION,61,HIGH
43,88000,75200,0,1450000,425000,28200,18,2,4,QUARTERLY,HIGH,RETIREMENT,68,HIGH
59,74000,55700,0,523000,238000,26700,19,2,1,RARELY,HIGH,EMERGENCY_FUND,14,LOW
36,28000,20800,4800,637000,328000,2400,7,1,5,RARELY,HIGH,SHORT_TERM_GOAL,76,HIGH
36,52000,30300,16100,183000,106000,5600,19,2,1,LUMP_SUM,LOW,TAX_SAVING,52,HIGH
21,35000,21500,900,1043000,261000,12600,6,4,1,MONTHLY,LOW,WEALTH_CREATION,84,HIGH
27,49000,21100,24800,180000,36000,3100,9,2,5,MONTHLY,MEDIUM,SHORT_TERM_GOAL,68,HIGH
33,41000,31900,0,1149000,145000,19600,21,2,5,MONTHLY,HIGH,RETIREMENT,74,HIGH
41,88000,56200,26800,645000,28000,5000,3,2,2,MONTHLY,LOW,WEALTH_CREATION,78,HIGH
40,44000,25100,16100,328000,119000,2800,1,2,2,RARELY,MEDIUM,SHORT_TERM_GOAL,58,MEDIUM
52,79000,54700,17100,596000,158000,7200,8,4,1,LUMP_SUM,HIGH,TAX_SAVING,53,HIGH
21,46000,42300,0,1713000,843000,4600,16,1,2,MONTHLY,MEDIUM,TAX_SAVING,41,HIGH
57,61000,47800,6600,1416000,1056000,6600,7,1,1,MONTHLY,MEDIUM,SHORT_TERM_GOAL,60,HIGH
40,49000,40100,0,777000,21000,9200,16,2,4,LUMP_SUM,MEDIUM,RETIREMENT,93,HIGH
25,61000,33200,9300,600000,190000,18500,4,1,1,MONTHLY,LOW,SHORT_TERM_GOAL,69,MEDIUM
39,27000,15900,10000,96000,13000,1100,1,2,4,MONTHLY,MEDIUM,TAX_SAVING,64,MEDIUM
43,64000,40700,6100,550000,96000,17200,1,1,2,MONTHLY,LOW,WEALTH_CREATION,63,HIGH
33,146000,79200,31000,570000,90000,35800,14,5,2,MONTHLY,HIGH,WEALTH_CREATION,94,MEDIUM
42,74000,43700,2600,310000,13000,27700,2,2,2,MONTHLY,MEDIUM,RETIREMENT,56,LOW
65,49000,38500,0,2427000,646000,22400,15,2,5,RARELY,LOW,EMERGENCY_FUND,78,HIGH
26,111000,69900,26300,664000,354000,14800,16,2,4,MONTHLY,HIGH,SHORT_TERM_GOAL,69,HIGH
46,38000,23500,9100,265000,45000,5400,10,3,4,QUARTERLY,MEDIUM,WEALTH_CREATION,91,HIGH
61,29000,19600,1300,319000,56000,8100,1,2,5,QUARTERLY,LOW,EMERGENCY_FUND,89,HIGH
44,49000,28700,0,713000,252000,26900,3,4,1,MONTHLY,MEDIUM,RETIREMENT,82,HIGH
54,133000,122300,0,2162000,1359000,44500,6,5,4,LUMP_SUM,MEDIUM,WEALTH_CREATION,93,HIGH
55,29000,19400,7900,452000,112000,1700,9,2,1,MONTHLY,MEDIUM,WEALTH_CREATION,61,HIGH
32,52000,34200,8400,560000,210000,9400,7,1,4,MONTHLY,MEDIUM,SHORT_TERM_GOAL,58,HIGH
40,65000,46300,2700,372000,49000,16000,3,2,4,MONTHLY,HIGH,WEALTH_CREATION,79,HIGH
31,59000,39500,7200,471000,213000,12300,1,3,2,MONTHLY,LOW,SHORT_TERM_GOAL,60,HIGH
30,33000,16200,6700,342000,26000,10100,23,4,4,QUARTERLY,LOW,WEALTH_CREATION,94,HIGH
44,189000,158400,15000,408000,48000,15600,1,3,5,MONTHLY,MEDIUM,RETIREMENT,91,HIGH
56,104000,40500,41100,545000,132000,22400,11,3,4,RARELY,LOW,EMERGENCY_FUND,66,HIGH
54,26000,13100,8800,75000,11000,4100,4,1,2,LUMP_SUM,MEDIUM,RETIREMENT,28,LOW
53,77000,58600,800,560000,229000,17600,5,1,2,MONTHLY,MEDIUM,TAX_SAVING,50,MEDIUM
35,99000,52900,39100,390000,17000,7000,9,2,5,QUARTERLY,HIGH,WEALTH_CREATION,70,HIGH
61,138000,103000,0,1255000,320000,35800,2,3,2,QUARTERLY,MEDIUM,TAX_SAVING,61,MEDIUM
23,60000,39400,11300,256000,25000,9300,5,4,3,MONTHLY,HIGH,EMERGENCY_FUND,86,MEDIUM
33,62000,23800,29200,707000,208000,9000,15,1,4,RARELY,MEDIUM,WEALTH_CREATION,65,HIGH
25,220000,149100,40200,3239000,1132000,30700,11,2,2,MONTHLY,MEDIUM,WEALTH_CREATION,78,HIGH
47,48000,35700,4900,609000,159000,7400,2,4,2,MONTHLY,MEDIUM,WEALTH_CREATION,92,HIGH
49,33000,15400,8400,304000,49000,9200,13,2,3,QUARTERLY,MEDIUM,WEALTH_CREATION,76,HIGH
37,69000,37700,4600,99000,16000,26700,17,3,4,MONTHLY,MEDIUM,EMERGENCY_FUND,72,HIGH
49,74000,51400,0,2235000,355000,40700,3,1,1,MONTHLY,LOW,WEALTH_CREATION,59,HIGH
54,140000,51700,31100,720000,12000,57200,12,2,1,QUARTERLY,MEDIUM,SHORT_TERM_GOAL,51,LOW
30,107000,69400,23000,3170000,189000,14600,14,1,1,MONTHLY,MEDIUM,EMERGENCY_FUND,47,HIGH
43,32000,27000,0,223000,110000,9900,1,3,2,RARELY,HIGH,TAX_SAVING,61,LOW
44,45000,31000,8300,1128000,194000,5700,7,2,2,LUMP_SUM,MEDIUM,RETIREMENT,48,HIGH
50,26000,14400,7900,189000,34000,3700,21,3,1,RARELY,LOW,TAX_SAVING,60,HIGH
38,75000,49200,16800,19000,6000,9000,7,3,3,MONTHLY,MEDIUM,WEALTH_CREATION,60,HIGH
61,66000,48600,6000,1726000,278000,11400,13,1,2,LUMP_SUM,LOW,WEALTH_CREATION,56,HIGH
33,50000,30000,4000,260000,54000,16000,4,2,2,RARELY,MEDIUM,TAX_SAVING,45,LOW
43,79000,41000,18800,436000,28000,19200,2,4,3,MONTHLY,MEDIUM,RETIREMENT,98,HIGH
23,20000,10600,8500,48000,15000,900,12,1,2,MONTHLY,HIGH,WEALTH_CREATION,34,HIGH
37,99000,36300,46900,705000,54000,15800,10,5,3,LUMP_SUM,LOW,TAX_SAVING,86,HIGH
50,45000,24600,2000,377000,133000,18400,13,1,3,MONTHLY,MEDIUM,WEALTH_CREATION,67,HIGH
23,90000,26300,56600,442000,198000,7100,6,1,5,LUMP_SUM,HIGH,RETIREMENT,73,HIGH
23,79000,72600,0,716000,356000,13500,1,2,2,MONTHLY,MEDIUM,TAX_SAVING,68,MEDIUM
28,35000,24900,4900,219000,130000,5200,1,4,3,MONTHLY,LOW,RETIREMENT,85,HIGH
60,75000,49200,6100,485000,112000,19700,13,1,2,RARELY,MEDIUM,WEALTH_CREATION,40,LOW
57,47000,24500,14600,190000,19000,7900,2,2,3,LUMP_SUM,HIGH,WEALTH_CREATION,45,LOW
26,128000,80000,13600,717000,395000,34400,3,1,2,RARELY,MEDIUM,TAX_SAVING,32,MEDIUM
36,48000,24600,6100,382000,10000,17300,18,4,3,LUMP_SUM,MEDIUM,WEALTH_CREATION,91,HIGH
65,96000,34200,9000,406000,188000,52800,3,3,2,MONTHLY,HIGH,WEALTH_CREATION,50,MEDIUM
21,112000,81300,15100,507000,52000,15600,1,1,1,MONTHLY,HIGH,WEALTH_CREATION,42,LOW
57,151000,68100,32100,1603000,566000,50800,12,1,3,QUARTERLY,LOW,TAX_SAVING,60,HIGH
31,20000,13500,0,747000,237000,7400,4,3,2,QUARTERLY,HIGH,WEALTH_CREATION,41,HIGH
26,96000,64100,26500,2284000,994000,5400,4,1,3,MONTHLY,MEDIUM,WEALTH_CREATION,44,HIGH
56,55000,20700,23400,466000,102000,10900,9,2,5,QUARTERLY,MEDIUM,WEALTH_CREATION,70,HIGH
65,52000,36400,0,1067000,245000,16700,7,5,2,MONTHLY,MEDIUM,RETIREMENT,88,HIGH
43,87000,72100,12300,421000,201000,2600,19,5,1,MONTHLY,HIGH,WEALTH_CREATION,63,HIGH
27,54000,32500,0,619000,5000,25200,3,4,3,QUARTERLY,HIGH,RETIREMENT,79,MEDIUM
61,69000,37500,8000,822000,347000,23500,8,1,1,QUARTERLY,MEDIUM,EMERGENCY_FUND,39,LOW
23,34000,28600,0,623000,124000,10800,8,2,1,LUMP_SUM,HIGH,RETIREMENT,37,MEDIUM
65,84000,34700,29900,625000,73000,19400,1,2,4,MONTHLY,MEDIUM,SHORT_TERM_GOAL,67,MEDIUM
47,53000,31200,11900,550000,115000,9900,13,4,3,QUARTERLY,HIGH,RETIREMENT,78,HIGH
55,64000,49400,3200,320000,60000,11400,7,2,2,RARELY,HIGH,SHORT_TERM_GOAL,55,LOW
43,52000,39500,9700,337000,156000,2800,17,1,4,RARELY,HIGH,WEALTH_CREATION,42,HIGH
45,98000,33100,35400,299000,32000,29500,7,1,2,LUMP_SUM,HIGH,WEALTH_CREATION,35,MEDIUM
44,98000,49300,9000,1422000,523000,39700,4,4,2,LUMP_SUM,MEDIUM,SHORT_TERM_GOAL,79,MEDIUM
25,70000,60600,3900,1445000,343000,5500,6,1,2,QUARTERLY,HIGH,TAX_SAVING,47,HIGH
22,109000,54100,31900,295000,76000,23000,11,4,4,MONTHLY,LOW,RETIREMENT,100,HIGH
48,150000,38600,61200,3280000,1023000,50200,5,1,2,LUMP_SUM,MEDIUM,SHORT_TERM_GOAL,44,HIGH
62,82000,49500,18100,2943000,1409000,14400,11,2,4,MONTHLY,MEDIUM,WEALTH_CREATION,64,HIGH
51,74000,52500,0,1575000,898000,25100,6,4,5,QUARTERLY,HIGH,WEALTH_CREATION,93,HIGH
42,52000,30100,14400,228000,51000,7500,15,3,5,MONTHLY,LOW,TAX_SAVING,88,HIGH
47,86000,73700,0,795000,188000,17800,1,3,4,QUARTERLY,LOW,WEALTH_CREATION,85,HIGH
27,86000,79100,0,1627000,656000,23000,13,3,4,MONTHLY,LOW,TAX_SAVING,87,HIGH
44,89000,64100,13400,465000,52000,11500,15,3,3,LUMP_SUM,LOW,WEALTH_CREATION,67,HIGH
51,93000,80500,0,2027000,1111000,27600,13,1,2,MONTHLY,MEDIUM,TAX_SAVING,61,HIGH
41,51000,26800,11900,938000,672000,12300,8,2,3,QUARTERLY,MEDIUM,TAX_SAVING,63,HIGH
54,129000,77200,14300,2115000,574000,37500,11,1,2,LUMP_SUM,MEDIUM,TAX_SAVING,44,HIGH
61,45000,20500,19300,361000,31000,5200,8,2,1,RARELY,MEDIUM,WEALTH_CREATION,53,HIGH
36,55000,50600,0,1207000,108000,22900,14,2,5,MONTHLY,HIGH,SHORT_TERM_GOAL,73,HIGH
30,76000,39900,27300,695000,201000,8800,2,2,3,RARELY,LOW,TAX_SAVING,57,HIGH
21,59000,30000,8100,433000,72000,20900,2,1,4,MONTHLY,HIGH,WEALTH_CREATION,77,MEDIUM
39,87000,59800,22500,605000,109000,4700,5,1,4,RARELY,MEDIUM,TAX_SAVING,71,HIGH
57,23000,10600,3300,228000,30000,9100,12,4,3,MONTHLY,LOW,SHORT_TERM_GOAL,79,HIGH
34,82000,54500,20800,564000,98000,6700,2,2,3,MONTHLY,HIGH,RETIREMENT,64,MEDIUM
49,130000,75800,41700,234000,24000,12500,13,4,1,QUARTERLY,MEDIUM,WEALTH_CREATION,79,HIGH
64,50000,34200,10900,485000,242000,4900,11,2,2,MONTHLY,MEDIUM,WEALTH_CREATION,62,HIGH
55,39000,24900,12900,360000,33000,1200,3,4,2,LUMP_SUM,HIGH,EMERGENCY_FUND,51,LOW
30,60000,21500,15700,1057000,434000,22800,5,1,3,QUARTERLY,MEDIUM,WEALTH_CREATION,58,HIGH
49,90000,65300,13800,1640000,84000,10900,15,4,3,MONTHLY,MEDIUM,WEALTH_CREATION,72,HIGH
31,88000,57800,10900,645000,142000,19300,1,2,1,MONTHLY,HIGH,EMERGENCY_FUND,37,LOW
38,61000,46000,3200,302000,18000,11800,10,4,4,LUMP_SUM,HIGH,WEALTH_CREATION,80,HIGH
30,50000,29100,9400,1467000,71000,11500,7,3,3,MONTHLY,LOW,WEALTH_CREATION,91,HIGH
25,70000,31100,38500,342000,116000,400,17,2,5,MONTHLY,HIGH,EMERGENCY_FUND,81,HIGH
42,45000,26600,12500,231000,76000,5900,9,5,3,RARELY,MEDIUM,WEALTH_CREATION,93,HIGH
64,65000,59800,0,1603000,772000,5700,8,1,5,RARELY,MEDIUM,WEALTH_CREATION,58,HIGH
56,49000,25300,14100,520000,86000,9600,5,3,2,MONTHLY,LOW,EMERGENCY_FUND,67,HIGH
30,41000,29300,3800,202000,37000,7900,5,4,3,RARELY,HIGH,RETIREMENT,67,MEDIUM
48,67000,35000,22400,725000,146000,9600,22,1,3,MONTHLY,LOW,EMERGENCY_FUND,62,HIGH
64,76000,44100,24100,348000,41000,7800,1,2,3,LUMP_SUM,HIGH,WEALTH_CREATION,56,MEDIUM
49,70000,36800,29500,253000,98000,3700,5,1,3,RARELY,LOW,TAX_SAVING,52,HIGH
40,46000,29700,3000,1501000,286000,13300,25,4,3,LUMP_SUM,LOW,EMERGENCY_FUND,89,HIGH
52,33000,30300,0,978000,119000,7800,2,1,1,QUARTERLY,LOW,SHORT_TERM_GOAL,81,HIGH
27,38000,23100,2500,125000,42000,12400,9,2,3,LUMP_SUM,HIGH,WEALTH_CREATION,50,LOW
47,74000,50700,5300,917000,135000,18000,3,2,3,LUMP_SUM,MEDIUM,EMERGENCY_FUND,75,LOW
42,26000,16700,8100,393000,89000,1200,1,2,5,RARELY,LOW,WEALTH_CREATION,72,HIGH
34,50000,42800,0,1408000,224000,13600,3,2,4,QUARTERLY,LOW,WEALTH_CREATION,81,HIGH
25,63000,50000,0,116000,21000,13800,1,2,2,QUARTERLY,HIGH,WEALTH_CREATION,37,LOW
29,92000,67600,0,692000,154000,24900,14,1,2,MONTHLY,MEDIUM,WEALTH_CREATION,47,MEDIUM
53,91000,65300,0,3511000,764000,29500,15,3,3,MONTHLY,LOW,SHORT_TERM_GOAL,85,HIGH
60,46000,20900,21500,334000,221000,3600,8,2,3,MONTHLY,HIGH,WEALTH_CREATION,54,HIGH
47,187000,125500,34700,1806000,196000,26800,1,3,3,RARELY,HIGH,SHORT_TERM_GOAL,61,LOW
50,60000,54700,0,609000,47000,14400,2,2,5,QUARTERLY,LOW,RETIREMENT,85,HIGH
21,30000,14600,12000,67000,40000,3400,4,1,2,LUMP_SUM,MEDIUM,WEALTH_CREATION,64,MEDIUM
60,140000,85100,5700,1110000,30000,49200,3,1,1,MONTHLY,LOW,WEALTH_CREATION,40,LOW
54,60000,38000,16000,273000,157000,6000,7,2,3,MONTHLY,HIGH,WEALTH_CREATION,54,HIGH
56,163000,114900,15000,3958000,1628000,33100,1,1,3,LUMP_SUM,LOW,SHORT_TERM_GOAL,61,HIGH
39,29000,15600,11100,141000,14000,2300,3,2,1,LUMP_SUM,MEDIUM,EMERGENCY_FUND,50,LOW
36,39000,22600,4400,397000,112000,12000,11,2,2,LUMP_SUM,MEDIUM,EMERGENCY_FUND,59,MEDIUM
24,52000,44100,0,74000,25000,7900,14,3,2,LUMP_SUM,HIGH,WEALTH_CREATION,55,MEDIUM
31,21000,9600,6300,33000,7000,5100,1,1,1,QUARTERLY,HIGH,WEALTH_CREATION,38,LOW
32,112000,67300,10900,1444000,74000,33800,3,1,1,MONTHLY,MEDIUM,RETIREMENT,55,MEDIUM
24,257000,210600,35000,702000,80000,11400,12,4,5,MONTHLY,MEDIUM,TAX_SAVING,100,HIGH
30,59000,43800,3600,2752000,918000,11600,10,3,4,MONTHLY,LOW,EMERGENCY_FUND,97,HIGH
60,43000,14000,19900,355000,17000,9100,13,4,2,MONTHLY,MEDIUM,RETIREMENT,76,HIGH
49,88000,70200,0,1882000,262000,32700,5,4,3,MONTHLY,LOW,TAX_SAVING,78,HIGH
33,97000,61400,26100,724000,291000,9500,1,3,2,LUMP_SUM,LOW,WEALTH_CREATION,78,HIGH
21,36000,20200,0,518000,189000,19800,7,1,3,QUARTERLY,MEDIUM,TAX_SAVING,48,MEDIUM
31,68000,40100,11400,612000,55000,16500,9,2,1,MONTHLY,HIGH,WEALTH_CREATION,52,LOW
28,93000,47000,0,369000,31000,47700,22,1,2,LUMP_SUM,HIGH,TAX_SAVING,48,LOW
47,56000,30200,17400,1350000,152000,8400,1,1,1,MONTHLY,MEDIUM,WEALTH_CREATION,39,HIGH
46,69000,62700,3300,114000,2000,3000,1,1,3,RARELY,LOW,TAX_SAVING,67,MEDIUM
26,168000,66400,97500,528000,219000,4100,10,3,3,MONTHLY,HIGH,WEALTH_CREATION,52,HIGH
41,109000,52200,22200,588000,331000,34600,2,1,3,RARELY,MEDIUM,WEALTH_CREATION,49,MEDIUM
31,50000,21400,27500,373000,103000,1100,2,2,1,QUARTERLY,MEDIUM,RETIREMENT,36,HIGH
25,26000,14300,10300,319000,5000,1400,3,4,2,MONTHLY,MEDIUM,EMERGENCY_FUND,61,HIGH
65,70000,50900,1500,415000,107000,17600,23,1,1,MONTHLY,LOW,WEALTH_CREATION,58,HIGH
59,43000,39500,0,112000,17000,10900,13,3,3,MONTHLY,MEDIUM,WEALTH_CREATION,68,HIGH
49,58000,34700,19200,1365000,346000,4100,1,1,4,QUARTERLY,MEDIUM,EMERGENCY_FUND,75,HIGH
48,47000,43200,2100,1316000,633000,1700,7,1,2,LUMP_SUM,LOW,RETIREMENT,40,HIGH
39,80000,73600,0,818000,45000,14600,10,5,5,MONTHLY,LOW,RETIREMENT,100,HIGH
59,20000,10300,7400,495000,202000,2300,17,2,3,LUMP_SUM,HIGH,WEALTH_CREATION,71,HIGH
40,101000,61000,30400,1176000,707000,9600,14,2,1,MONTHLY,MEDIUM,TAX_SAVING,69,HIGH
61,157000,66000,77000,1670000,1074000,14000,4,3,4,MONTHLY,HIGH,RETIREMENT,80,HIGH
62,109000,87300,1200,1928000,873000,20500,18,2,3,RARELY,MEDIUM,TAX_SAVING,55,HIGH
54,99000,41700,15900,973000,160000,41400,1,1,3,RARELY,LOW,WEALTH_CREATION,65,MEDIUM
61,54000,43600,0,761000,224000,11300,14,2,4,MONTHLY,HIGH,RETIREMENT,60,HIGH
52,65000,41300,1000,905000,629000,22700,2,2,4,QUARTERLY,MEDIUM,RETIREMENT,53,HIGH
37,148000,107100,18400,2105000,520000,22500,13,4,3,LUMP_SUM,LOW,EMERGENCY_FUND,73,HIGH
29,109000,71200,33300,1323000,363000,4500,6,4,5,MONTHLY,LOW,RETIREMENT,100,HIGH
56,78000,43700,32500,404000,65000,1800,2,2,1,LUMP_SUM,LOW,EMERGENCY_FUND,59,LOW
50,37000,20600,12400,580000,77000,4000,11,1,3,MONTHLY,HIGH,WEALTH_CREATION,55,HIGH
54,83000,59300,16700,1638000,322000,7000,24,1,4,RARELY,LOW,WEALTH_CREATION,55,HIGH
22,34000,8600,20000,268000,61000,5400,13,3,1,QUARTERLY,LOW,TAX_SAVING,57,HIGH
36,148000,80800,300,1427000,446000,66900,9,1,4,MONTHLY,HIGH,EMERGENCY_FUND,59,LOW
24,35000,19000,8700,367000,30000,7300,22,3,3,MONTHLY,LOW,WEALTH_CREATION,85,HIGH
54,62000,44400,1100,438000,57000,16500,18,1,2,LUMP_SUM,LOW,RETIREMENT,45,HIGH
32,20000,12200,2500,64000,45000,5300,8,3,4,MONTHLY,MEDIUM,TAX_SAVING,76,MEDIUM
23,55000,30000,6000,1479000,231000,19000,12,5,1,RARELY,MEDIUM,TAX_SAVING,56,HIGH
33,42000,27900,12300,218000,56000,1800,9,1,1,QUARTERLY,LOW,WEALTH_CREATION,43,MEDIUM
30,86000,40200,20900,2181000,828000,24900,5,2,3,QUARTERLY,MEDIUM,SHORT_TERM_GOAL,66,HIGH
24,59000,38300,14200,778000,464000,6500,8,4,3,QUARTERLY,HIGH,SHORT_TERM_GOAL,73,HIGH
30,51000,35300,14000,527000,247000,1700,1,2,2,RARELY,MEDIUM,WEALTH_CREATION,48,HIGH
50,101000,59300,11400,1477000,154000,30300,3,2,2,QUARTERLY,LOW,WEALTH_CREATION,59,HIGH
54,99000,34100,27700,901000,121000,37200,20,3,5,RARELY,HIGH,WEALTH_CREATION,85,HIGH
49,26000,15700,5400,303000,84000,4900,14,1,2,RARELY,HIGH,WEALTH_CREATION,22,MEDIUM
32,60000,36200,16700,148000,32000,7100,7,4,3,RARELY,HIGH,WEALTH_CREATION,69,MEDIUM
29,230000,156300,28500,3205000,468000,45200,6,4,1,MONTHLY,MEDIUM,WEALTH_CREATION,76,HIGH
50,103000,79400,3100,1013000,391000,20500,5,2,3,MONTHLY,LOW,TAX_SAVING,80,HIGH
52,97000,38100,34200,503000,19000,24700,11,2,2,MONTHLY,MEDIUM,WEALTH_CREATION,54,HIGH
59,61000,37500,0,1052000,42000,28000,3,2,3,MONTHLY,MEDIUM,WEALTH_CREATION,68,MEDIUM
39,71000,47300,0,954000,285000,24700,1,1,4,QUARTERLY,MEDIUM,SHORT_TERM_GOAL,56,LOW
50,70000,37900,14000,181000,6000,18100,2,3,1,MONTHLY,LOW,WEALTH_CREATION,66,MEDIUM
55,73000,42400,13200,945000,488000,17400,2,1,1,RARELY,MEDIUM,RETIREMENT,42,MEDIUM
24,49000,33300,3500,1544000,480000,12200,6,1,3,MONTHLY,MEDIUM,TAX_SAVING,46,HIGH
61,36000,23100,0,856000,412000,14200,9,1,3,MONTHLY,LOW,WEALTH_CREATION,66,HIGH
52,82000,61100,1600,397000,124000,19300,6,3,4,RARELY,LOW,WEALTH_CREATION,74,HIGH
21,62000,37000,20900,218000,48000,4100,3,3,5,RARELY,HIGH,WEALTH_CREATION,62,HIGH
53,41000,28400,9900,289000,99000,2700,3,2,2,RARELY,MEDIUM,EMERGENCY_FUND,50,LOW
42,28000,14600,8500,19000,8000,4900,7,1,4,MONTHLY,MEDIUM,EMERGENCY_FUND,74,LOW
25,35000,26800,7000,431000,94000,1200,8,2,3,MONTHLY,HIGH,WEALTH_CREATION,68,HIGH
48,73000,28600,42300,1177000,363000,2100,20,2,3,QUARTERLY,MEDIUM,WEALTH_CREATION,76,HIGH
53,91000,57300,28200,819000,69000,5500,3,1,1,MONTHLY,HIGH,WEALTH_CREATION,36,LOW
51,26000,21500,4100,612000,94000,400,4,1,1,MONTHLY,LOW,EMERGENCY_FUND,54,HIGH
57,92000,54200,28400,556000,134000,9400,2,2,3,RARELY,HIGH,EMERGENCY_FUND,51,LOW
44,117000,59500,0,1648000,590000,64300,6,3,3,MONTHLY,MEDIUM,TAX_SAVING,68,HIGH
52,115000,105800,0,1466000,706000,11500,2,1,2,MONTHLY,MEDIUM,WEALTH_CREATION,55,HIGH
32,71000,19000,25200,234000,140000,26800,3,1,4,MONTHLY,LOW,EMERGENCY_FUND,68,MEDIUM
56,46000,40300,0,296000,47000,10900,3,2,2,MONTHLY,MEDIUM,WEALTH_CREATION,46,MEDIUM
53,126000,82100,33300,1927000,469000,10600,8,1,3,LUMP_SUM,LOW,RETIREMENT,86,HIGH
34,60000,38500,16200,436000,225000,5300,6,1,4,LUMP_SUM,LOW,SHORT_TERM_GOAL,71,MEDIUM
41,127000,68100,50000,950000,302000,8900,1,3,3,MONTHLY,LOW,WEALTH_CREATION,96,HIGH
31,55000,27100,0,435000,6000,29100,15,3,3,QUARTERLY,MEDIUM,WEALTH_CREATION,75,MEDIUM
59,44000,30100,8300,1368000,228000,5600,7,2,2,MONTHLY,HIGH,WEALTH_CREATION,69,HIGH
49,75000,17100,50800,336000,44000,7100,12,1,3,QUARTERLY,MEDIUM,RETIREMENT,58,HIGH
41,124000,79100,37300,859000,192000,7600,5,1,3,MONTHLY,MEDIUM,RETIREMENT,52,HIGH
48,60000,31300,5200,560000,66000,23500,3,1,2,QUARTERLY,MEDIUM,SHORT_TERM_GOAL,48,LOW
23,20000,10500,6900,188000,50000,2600,20,4,1,LUMP_SUM,LOW,SHORT_TERM_GOAL,74,HIGH
62,88000,30900,31600,1652000,1048000,25500,2,2,4,MONTHLY,HIGH,SHORT_TERM_GOAL,57,HIGH
50,48000,36400,3800,1950000,972000,7800,11,3,4,MONTHLY,HIGH,TAX_SAVING,79,HIGH
21,91000,66400,0,2906000,50000,31500,18,3,5,LUMP_SUM,HIGH,RETIREMENT,65,HIGH
57,206000,134900,50600,609000,107000,20500,5,2,1,MONTHLY,MEDIUM,WEALTH_CREATION,51,HIGH
32,121000,69600,21400,875000,175000,30000,4,1,4,RARELY,HIGH,WEALTH_CREATION,32,LOW
64,48000,28300,15600,369000,50000,4100,14,3,2,MONTHLY,LOW,WEALTH_CREATION,60,HIGH
49,34000,22800,0,238000,123000,11900,6,1,2,RARELY,HIGH,RETIREMENT,49,LOW
65,59000,29200,27200,319000,111000,2600,5,2,2,QUARTERLY,MEDIUM,TAX_SAVING,65,HIGH
56,49000,19500,17200,460000,86000,12300,4,1,3,MONTHLY,LOW,TAX_SAVING,72,HIGH
44,93000,65300,0,468000,172000,27700,13,1,2,QUARTERLY,HIGH,SHORT_TERM_GOAL,44,LOW
63,52000,27300,13500,384000,106000,11200,7,1,3,MONTHLY,MEDIUM,WEALTH_CREATION,59,HIGH
60,100000,82900,11800,654000,34000,5300,17,2,3,LUMP_SUM,MEDIUM,EMERGENCY_FUND,84,MEDIUM
40,53000,22800,22300,770000,181000,7900,4,2,3,RARELY,MEDIUM,RETIREMENT,69,HIGH
65,142000,130600,0,458000,78000,15700,2,1,1,MONTHLY,MEDIUM,WEALTH_CREATION,51,LOW
45,36000,22300,8800,223000,25000,4900,1,1,3,MONTHLY,MEDIUM,EMERGENCY_FUND,76,MEDIUM
63,67000,36400,21300,198000,27000,9300,5,3,1,LUMP_SUM,MEDIUM,TAX_SAVING,59,MEDIUM
27,82000,44000,24400,313000,46000,13600,8,2,1,MONTHLY,MEDIUM,RETIREMENT,61,MEDIUM
21,89000,46000,37600,2486000,176000,5400,17,1,4,QUARTERLY,HIGH,WEALTH_CREATION,52,HIGH
58,187000,78100,19200,4031000,1167000,89700,4,3,1,QUARTERLY,MEDIUM,RETIREMENT,68,HIGH
50,45000,15000,26900,184000,116000,3100,14,1,3,MONTHLY,LOW,WEALTH_CREATION,62,HIGH
28,55000,34700,15100,268000,109000,5200,5,1,1,QUARTERLY,MEDIUM,SHORT_TERM_GOAL,38,MEDIUM
37,71000,33200,36100,305000,94000,1700,7,1,3,QUARTERLY,LOW,RETIREMENT,61,HIGH
41,81000,53900,11300,1249000,690000,15800,17,2,1,MONTHLY,LOW,WEALTH_CREATION,64,HIGH
34,109000,60000,45500,1761000,205000,3500,4,1,3,LUMP_SUM,MEDIUM,WEALTH_CREATION,56,HIGH
55,176000,137100,37900,1608000,434000,1000,16,3,1,MONTHLY,HIGH,TAX_SAVING,57,HIGH
43,61000,41800,2400,1914000,1072000,16800,7,1,3,MONTHLY,MEDIUM,RETIREMENT,58,HIGH
48,45000,32500,0,402000,190000,12700,10,3,2,LUMP_SUM,HIGH,RETIREMENT,51,HIGH
42,47000,20700,22100,377000,154000,4200,8,3,4,LUMP_SUM,MEDIUM,RETIREMENT,92,HIGH
42,22000,16700,1200,243000,144000,4100,5,2,1,MONTHLY,HIGH,TAX_SAVING,42,MEDIUM
27,39000,20900,0,680000,16000,19200,2,2,1,LUMP_SUM,MEDIUM,TAX_SAVING,47,LOW
54,76000,50800,10400,157000,62000,14800,21,4,5,MONTHLY,HIGH,RETIREMENT,90,HIGH
51,91000,39700,11800,44000,1000,39500,9,4,4,LUMP_SUM,HIGH,WEALTH_CREATION,76,MEDIUM
21,65000,52600,3500,1358000,284000,8900,14,4,3,QUARTERLY,MEDIUM,WEALTH_CREATION,86,HIGH
40,115000,76400,33100,319000,53000,5500,5,4,4,MONTHLY,MEDIUM,SHORT_TERM_GOAL,82,HIGH
37,74000,34700,22300,637000,84000,17000,4,2,2,QUARTERLY,MEDIUM,TAX_SAVING,55,MEDIUM
48,42000,23700,8600,1843000,52000,9700,7,2,1,MONTHLY,HIGH,WEALTH_CREATION,42,HIGH
45,34000,20200,9400,341000,88000,4400,3,1,3,MONTHLY,LOW,RETIREMENT,49,HIGH
59,60000,34400,13000,1180000,228000,12600,2,4,3,MONTHLY,MEDIUM,WEALTH_CREATION,97,HIGH
59,46000,30100,13500,555000,81000,2400,16,5,3,MONTHLY,MEDIUM,TAX_SAVING,94,HIGH
64,89000,44200,39000,779000,96000,5800,5,4,3,RARELY,MEDIUM,WEALTH_CREATION,74,HIGH
56,34000,29900,0,783000,248000,10300,7,2,3,LUMP_SUM,MEDIUM,WEALTH_CREATION,71,HIGH
31,31000,26800,0,313000,43000,7400,19,2,3,RARELY,LOW,WEALTH_CREATION,75,HIGH
45,24000,14100,6300,173000,28000,3600,2,1,4,RARELY,MEDIUM,TAX_SAVING,49,MEDIUM
36,195000,110500,72900,1567000,355000,11600,5,2,2,LUMP_SUM,HIGH,WEALTH_CREATION,60,MEDIUM
39,69000,40700,20500,1142000,521000,7800,16,4,4,MONTHLY,LOW,TAX_SAVING,90,HIGH
29,116000,76500,26200,2317000,83000,13300,13,4,2,QUARTERLY,MEDIUM,SHORT_TERM_GOAL,63,HIGH
22,37000,17000,16100,305000,59000,3900,8,3,4,MONTHLY,LOW,RETIREMENT,88,HIGH
51,43000,20200,18900,454000,81000,3900,14,2,5,MONTHLY,MEDIUM,EMERGENCY_FUND,87,HIGH
56,20000,13200,5100,42000,14000,1700,10,1,3,LUMP_SUM,HIGH,EMERGENCY_FUND,33,LOW
21,79000,50100,11100,2114000,453000,17800,12,2,3,LUMP_SUM,MEDIUM,EMERGENCY_FUND,49,HIGH
33,160000,106500,12300,4658000,1670000,41200,5,3,3,QUARTERLY,LOW,SHORT_TERM_GOAL,86,HIGH
27,60000,34900,14800,509000,174000,10300,2,4,3,MONTHLY,HIGH,WEALTH_CREATION,64,HIGH
63,28000,21600,2400,882000,262000,4000,6,1,4,RARELY,HIGH,RETIREMENT,57,HIGH
52,138000,69300,39600,1877000,352000,29100,3,1,4,MONTHLY,HIGH,TAX_SAVING,58,HIGH
49,22000,9000,10900,202000,44000,2100,8,2,2,LUMP_SUM,LOW,RETIREMENT,56,HIGH
63,208000,147600,53800,1492000,60000,6600,4,1,3,RARELY,LOW,RETIREMENT,62,MEDIUM
48,119000,62900,52000,1228000,124000,4100,1,2,3,MONTHLY,LOW,WEALTH_CREATION,92,HIGH
63,87000,53400,15100,1273000,251000,18500,17,2,1,MONTHLY,LOW,SHORT_TERM_GOAL,54,HIGH
25,116000,77000,24500,782000,106000,14500,17,1,3,MONTHLY,MEDIUM,SHORT_TERM_GOAL,59,HIGH
48,93000,76100,16100,1620000,617000,800,14,1,3,MONTHLY,LOW,RETIREMENT,58,HIGH
56,130000,101000,100,4642000,294000,28900,2,1,2,RARELY,MEDIUM,EMERGENCY_FUND,47,HIGH
37,124000,114000,0,2770000,768000,20600,16,5,1,LUMP_SUM,HIGH,EMERGENCY_FUND,58,HIGH
47,74000,30200,19000,518000,177000,24800,9,2,3,QUARTERLY,HIGH,RETIREMENT,47,HIGH
36,313000,202800,64200,1781000,517000,46000,2,1,4,MONTHLY,MEDIUM,WEALTH_CREATION,63,HIGH
43,35000,16500,9200,380000,143000,9300,16,2,2,MONTHLY,MEDIUM,EMERGENCY_FUND,55,HIGH
50,141000,85900,31700,512000,82000,23400,4,1,3,LUMP_SUM,LOW,EMERGENCY_FUND,64,LOW
48,60000,30200,19500,741000,243000,10300,9,1,1,MONTHLY,LOW,RETIREMENT,59,HIGH
61,59000,51500,0,325000,141000,7800,3,3,3,RARELY,HIGH,SHORT_TERM_GOAL,68,LOW
48,136000,85100,0,1584000,232000,59400,2,4,3,RARELY,MEDIUM,RETIREMENT,60,MEDIUM
24,39000,14900,17900,149000,41000,6200,7,1,1,LUMP_SUM,MEDIUM,TAX_SAVING,58,LOW
57,54000,19700,22900,505000,72000,11400,2,5,2,QUARTERLY,MEDIUM,TAX_SAVING,71,HIGH
36,89000,46300,37000,1031000,635000,5700,5,1,3,MONTHLY,LOW,WEALTH_CREATION,57,HIGH
33,79000,52400,9600,1548000,18000,17000,8,2,1,MONTHLY,LOW,EMERGENCY_FUND,54,HIGH
57,57000,25100,18700,290000,121000,13200,11,1,4,RARELY,LOW,TAX_SAVING,71,HIGH
61,39000,12400,12600,80000,22000,14000,2,3,5,RARELY,MEDIUM,SHORT_TERM_GOAL,79,MEDIUM
37,70000,32900,30600,612000,47000,6500,13,3,3,QUARTERLY,MEDIUM,WEALTH_CREATION,70,HIGH
54,21000,9900,8600,409000,115000,2500,23,3,2,MONTHLY,HIGH,WEALTH_CREATION,62,HIGH
22,26000,21900,0,216000,3000,8600,6,1,4,LUMP_SUM,HIGH,EMERGENCY_FUND,53,LOW
52,27000,16900,0,488000,277000,12500,8,2,2,MONTHLY,MEDIUM,SHORT_TERM_GOAL,57,MEDIUM
56,78000,61300,0,705000,342000,39800,4,2,4,QUARTERLY,MEDIUM,TAX_SAVING,69,MEDIUM
32,91000,60800,8600,1414000,686000,21600,1,2,4,MONTHLY,HIGH,TAX_SAVING,75,HIGH
27,67000,45200,200,1417000,92000,21600,3,3,3,MONTHLY,HIGH,WEALTH_CREATION,64,HIGH
65,159000,79800,73600,989000,269000,5600,3,3,3,MONTHLY,MEDIUM,WEALTH_CREATION,79,HIGH
39,97000,50400,43500,1024000,101000,3100,21,1,3,MONTHLY,MEDIUM,RETIREMENT,62,HIGH
40,108000,49700,14200,492000,104000,44100,5,3,3,MONTHLY,LOW,WEALTH_CREATION,79,HIGH
64,56000,48300,0,890000,341000,17000,7,2,5,LUMP_SUM,MEDIUM,SHORT_TERM_GOAL,83,HIGH
54,100000,69100,22400,1075000,32000,8500,6,5,1,MONTHLY,HIGH,RETIREMENT,83,HIGH
35,42000,18900,15500,639000,108000,7600,4,3,3,MONTHLY,MEDIUM,WEALTH_CREATION,84,HIGH
22,40000,17500,2700,348000,38000,19800,11,2,1,MONTHLY,HIGH,RETIREMENT,27,MEDIUM
32,155000,103900,16000,2492000,830000,35100,5,2,3,MONTHLY,MEDIUM,WEALTH_CREATION,70,HIGH
62,123000,67100,15200,347000,29000,40700,23,3,2,MONTHLY,MEDIUM,WEALTH_CREATION,81,HIGH
50,78000,64700,0,612000,134000,18500,9,2,1,MONTHLY,MEDIUM,WEALTH_CREATION,54,MEDIUM
50,67000,41700,21400,225000,113000,3900,22,1,3,MONTHLY,LOW,EMERGENCY_FUND,71,HIGH
46,39000,29600,1300,613000,147000,8100,10,5,3,LUMP_SUM,LOW,SHORT_TERM_GOAL,74,HIGH
44,100000,50300,25800,1467000,468000,23900,1,3,2,MONTHLY,MEDIUM,RETIREMENT,74,HIGH
51,40000,21700,8100,670000,107000,10200,5,1,3,QUARTERLY,MEDIUM,RETIREMENT,50,HIGH
32,55000,31700,0,501000,56000,27100,2,3,4,RARELY,HIGH,SHORT_TERM_GOAL,69,LOW
27,103000,80400,6800,638000,297000,15800,3,3,3,MONTHLY,MEDIUM,TAX_SAVING,70,MEDIUM
22,91000,54900,8600,654000,176000,27500,8,1,5,MONTHLY,MEDIUM,EMERGENCY_FUND,94,MEDIUM
59,101000,82200,0,411000,104000,40300,4,1,3,MONTHLY,MEDIUM,EMERGENCY_FUND,58,LOW
33,79000,55700,8800,1555000,107000,14500,5,3,2,QUARTERLY,MEDIUM,TAX_SAVING,64,HIGH
44,47000,16700,11500,327000,145000,18800,8,2,3,MONTHLY,LOW,WEALTH_CREATION,64,HIGH
45,27000,18100,7500,147000,29000,1400,11,2,3,QUARTERLY,HIGH,TAX_SAVING,59,MEDIUM
27,35000,22400,10600,246000,60000,2000,20,1,1,LUMP_SUM,LOW,WEALTH_CREATION,37,HIGH
49,26000,21600,300,152000,40000,4100,9,2,2,MONTHLY,HIGH,WEALTH_CREATION,41,MEDIUM
60,36000,19100,13600,735000,62000,3300,16,4,4,QUARTERLY,MEDIUM,EMERGENCY_FUND,83,HIGH
57,92000,68300,22200,777000,85000,1500,11,1,4,LUMP_SUM,MEDIUM,WEALTH_CREATION,66,HIGH
51,84000,63400,10500,1852000,392000,10100,24,4,1,QUARTERLY,LOW,RETIREMENT,71,HIGH
65,90000,77600,0,3531000,861000,36100,3,4,2,MONTHLY,MEDIUM,RETIREMENT,76,HIGH
22,23000,18800,0,55000,15000,4400,1,3,3,MONTHLY,LOW,WEALTH_CREATION,75,MEDIUM
40,44000,32900,0,841000,165000,14900,3,4,5,MONTHLY,MEDIUM,WEALTH_CREATION,92,HIGH
63,103000,88800,0,3522000,1063000,17200,1,1,2,MONTHLY,HIGH,RETIREMENT,53,HIGH
65,170000,96000,48800,2573000,1265000,25200,5,2,1,MONTHLY,LOW,WEALTH_CREATION,56,HIGH
50,51000,35500,2500,142000,18000,13000,14,2,4,MONTHLY,HIGH,EMERGENCY_FUND,65,LOW
61,77000,57100,0,635000,150000,22300,9,3,1,MONTHLY,MEDIUM,WEALTH_CREATION,57,MEDIUM
55,161000,60300,53300,552000,129000,47400,16,4,2,LUMP_SUM,LOW,EMERGENCY_FUND,79,HIGH
64,172000,91200,49800,2039000,1810000,31000,14,3,3,MONTHLY,MEDIUM,WEALTH_CREATION,65,HIGH
38,67000,33300,23100,931000,300000,10600,24,1,3,MONTHLY,LOW,TAX_SAVING,73,HIGH
22,126000,79800,9100,1067000,232000,37100,19,5,5,LUMP_SUM,MEDIUM,SHORT_TERM_GOAL,100,HIGH
21,136000,125100,0,1856000,932000,21000,5,1,1,LUMP_SUM,HIGH,EMERGENCY_FUND,22,LOW
38,85000,52700,18700,1197000,331000,13600,12,3,1,QUARTERLY,HIGH,WEALTH_CREATION,50,HIGH
38,27000,22500,0,804000,143000,7100,10,1,1,RARELY,HIGH,RETIREMENT,24,HIGH
63,89000,44200,33300,937000,34000,11500,2,1,3,MONTHLY,HIGH,EMERGENCY_FUND,33,LOW
21,64000,51900,0,707000,239000,17500,7,4,1,MONTHLY,HIGH,RETIREMENT,81,HIGH
64,83000,56000,12000,827000,234000,15000,10,2,5,QUARTERLY,LOW,WEALTH_CREATION,78,HIGH
43,28000,20200,5500,930000,276000,2300,16,1,1,RARELY,HIGH,EMERGENCY_FUND,34,HIGH
53,68000,48100,0,477000,94000,35200,10,2,3,MONTHLY,HIGH,WEALTH_CREATION,57,MEDIUM
51,44000,25700,8500,147000,44000,9800,20,3,4,RARELY,LOW,RETIREMENT,97,HIGH
58,89000,52400,33600,1090000,581000,3000,5,2,2,MONTHLY,MEDIUM,RETIREMENT,54,HIGH
50,111000,83500,20500,1362000,15000,7000,11,4,2,RARELY,HIGH,RETIREMENT,56,HIGH
62,91000,35400,49500,305000,80000,6100,8,2,4,MONTHLY,MEDIUM,RETIREMENT,75,HIGH
31,57000,52400,2300,1430000,872000,2300,4,2,3,MONTHLY,HIGH,WEALTH_CREATION,70,HIGH
47,103000,74300,1100,696000,187000,27600,11,4,2,MONTHLY,LOW,WEALTH_CREATION,73,HIGH
54,62000,47900,0,809000,73000,20700,13,1,1,MONTHLY,MEDIUM,SHORT_TERM_GOAL,42,LOW
35,73000,49600,19800,1142000,585000,3600,12,3,2,LUMP_SUM,LOW,RETIREMENT,90,HIGH
29,31000,11900,11800,253000,98000,7300,6,2,4,MONTHLY,MEDIUM,SHORT_TERM_GOAL,51,MEDIUM
31,43000,36500,2600,557000,108000,3900,16,4,3,RARELY,HIGH,SHORT_TERM_GOAL,65,MEDIUM
25,42000,38600,0,455000,103000,10700,13,5,2,MONTHLY,MEDIUM,RETIREMENT,89,HIGH
58,240000,197100,34200,853000,112000,8700,7,4,3,MONTHLY,HIGH,RETIREMENT,80,HIGH
61,89000,76000,0,1143000,463000,22500,15,1,2,MONTHLY,MEDIUM,WEALTH_CREATION,57,HIGH
27,37000,17500,17300,480000,129000,2200,8,4,2,MONTHLY,HIGH,WEALTH_CREATION,61,HIGH
41,33000,23600,8500,580000,70000,900,5,3,3,QUARTERLY,MEDIUM,WEALTH_CREATION,55,HIGH
45,32000,20500,8700,41000,25000,2800,8,1,4,RARELY,MEDIUM,RETIREMENT,48,MEDIUM
38,96000,51700,0,987000,346000,47600,12,3,2,MONTHLY,MEDIUM,WEALTH_CREATION,72,HIGH
52,105000,80600,7200,1002000,487000,17200,15,4,3,LUMP_SUM,MEDIUM,EMERGENCY_FUND,58,HIGH
22,44000,27800,9800,343000,129000,6400,4,3,1,LUMP_SUM,LOW,TAX_SAVING,73,HIGH
34,124000,82100,12600,1592000,196000,29300,9,1,4,MONTHLY,HIGH,TAX_SAVING,49,HIGH
27,125000,72000,27700,1579000,511000,25300,9,3,1,MONTHLY,LOW,RETIREMENT,71,HIGH
51,74000,39500,20000,587000,98000,14500,13,2,2,MONTHLY,HIGH,WEALTH_CREATION,44,MEDIUM
28,42000,25600,0,230000,113000,18500,12,2,3,QUARTERLY,HIGH,EMERGENCY_FUND,80,MEDIUM
45,63000,36700,12900,1209000,175000,13400,22,4,1,MONTHLY,MEDIUM,SHORT_TERM_GOAL,59,HIGH
64,76000,47700,5000,1410000,195000,23300,9,2,3,RARELY,MEDIUM,WEALTH_CREATION,61,HIGH
55,57000,20100,31900,581000,67000,5000,2,2,1,RARELY,HIGH,TAX_SAVING,31,MEDIUM
27,127000,67500,17800,3560000,417000,41700,8,1,3,RARELY,HIGH,EMERGENCY_FUND,49,MEDIUM
59,87000,66700,0,737000,193000,24000,21,2,2,QUARTERLY,MEDIUM,TAX_SAVING,36,MEDIUM
33,94000,32300,40700,763000,57000,21000,25,1,3,LUMP_SUM,MEDIUM,TAX_SAVING,60,HIGH
42,137000,71100,56200,890000,557000,9700,8,1,3,MONTHLY,HIGH,EMERGENCY_FUND,42,MEDIUM
53,49000,16200,21100,317000,117000,11700,12,2,3,RARELY,MEDIUM,WEALTH_CREATION,63,HIGH
52,38000,24100,10300,539000,151000,3600,3,4,1,MONTHLY,MEDIUM,RETIREMENT,86,HIGH
36,146000,99700,38900,1856000,596000,7400,16,4,2,MONTHLY,HIGH,WEALTH_CREATION,69,HIGH
37,76000,57000,9400,147000,42000,9600,7,5,1,MONTHLY,MEDIUM,WEALTH_CREATION,83,HIGH
30,37000,24600,7800,683000,137000,4600,11,1,4,QUARTERLY,MEDIUM,EMERGENCY_FUND,70,HIGH
60,69000,43500,0,2163000,11000,28000,10,2,2,RARELY,MEDIUM,EMERGENCY_FUND,54,MEDIUM
26,61000,46700,0,754000,128000,23900,2,2,3,MONTHLY,HIGH,WEALTH_CREATION,64,MEDIUM
22,102000,44000,55700,542000,31000,2300,3,2,1,MONTHLY,MEDIUM,TAX_SAVING,33,MEDIUM
22,77000,63500,0,848000,199000,37700,11,2,4,MONTHLY,MEDIUM,WEALTH_CREATION,95,HIGH
43,158000,86800,51800,621000,447000,19400,3,4,4,RARELY,HIGH,WEALTH_CREATION,63,HIGH
27,61000,39100,18200,1031000,57000,3700,4,3,1,QUARTERLY,HIGH,TAX_SAVING,30,HIGH
38,28000,17000,5800,126000,53000,5200,4,1,3,LUMP_SUM,HIGH,RETIREMENT,39,LOW
29,132000,56300,52900,504000,162000,22800,4,1,2,LUMP_SUM,HIGH,WEALTH_CREATION,40,MEDIUM
54,67000,31500,20300,402000,169000,15200,3,1,2,MONTHLY,HIGH,WEALTH_CREATION,56,MEDIUM
37,64000,46100,14500,1249000,52000,3400,11,2,2,MONTHLY,HIGH,RETIREMENT,49,HIGH
34,97000,76300,3400,1166000,242000,17300,22,3,3,RARELY,MEDIUM,RETIREMENT,69,HIGH
28,35000,16300,17800,104000,35000,900,13,3,4,MONTHLY,MEDIUM,EMERGENCY_FUND,79,HIGH
62,218000,157100,11300,2428000,284000,49600,9,2,4,QUARTERLY,MEDIUM,SHORT_TERM_GOAL,63,MEDIUM
32,37000,28600,300,32000,11000,8100,3,2,1,MONTHLY,MEDIUM,WEALTH_CREATION,55,LOW
56,25000,17500,3500,301000,21000,4000,18,4,5,QUARTERLY,LOW,WEALTH_CREATION,98,HIGH
46,20000,16800,0,185000,59000,3500,1,1,3,RARELY,HIGH,WEALTH_CREATION,50,MEDIUM
25,134000,101700,0,2479000,266000,33800,15,2,1,MONTHLY,MEDIUM,EMERGENCY_FUND,61,HIGH
52,68000,36800,30000,159000,14000,1200,3,3,5,QUARTERLY,MEDIUM,EMERGENCY_FUND,89,HIGH
53,37000,25000,0,1325000,56000,14500,10,1,5,MONTHLY,MEDIUM,WEALTH_CREATION,69,HIGH
33,38000,20600,8000,98000,22000,9400,5,4,1,MONTHLY,LOW,TAX_SAVING,73,HIGH
21,30000,16200,9000,304000,34000,4800,13,1,1,MONTHLY,MEDIUM,WEALTH_CREATION,49,HIGH
49,51000,29000,16200,648000,154000,5800,3,1,2,LUMP_SUM,HIGH,WEALTH_CREATION,34,MEDIUM
47,54000,20600,20700,301000,126000,12700,3,4,4,QUARTERLY,LOW,SHORT_TERM_GOAL,100,HIGH
53,122000,99000,0,2506000,1017000,23300,6,1,4,MONTHLY,LOW,SHORT_TERM_GOAL,81,HIGH
35,44000,39500,0,543000,110000,5300,17,3,2,QUARTERLY,MEDIUM,TAX_SAVING,61,HIGH
28,89000,50300,31600,405000,29000,7100,16,5,1,LUMP_SUM,HIGH,SHORT_TERM_GOAL,67,HIGH
37,132000,62700,58900,361000,56000,10400,1,1,3,MONTHLY,MEDIUM,WEALTH_CREATION,70,MEDIUM
58,95000,23100,33900,1527000,173000,38000,8,3,3,LUMP_SUM,MEDIUM,WEALTH_CREATION,81,HIGH
48,37000,15300,15200,440000,116000,6500,24,1,3,RARELY,HIGH,WEALTH_CREATION,48,HIGH
47,64000,49300,11900,727000,90000,2800,17,3,2,MONTHLY,HIGH,WEALTH_CREATION,40,HIGH
34,59000,40100,0,1072000,214000,25800,4,2,1,MONTHLY,MEDIUM,EMERGENCY_FUND,42,MEDIUM
43,76000,25000,48600,317000,28000,2400,10,5,2,MONTHLY,LOW,TAX_SAVING,67,HIGH
32,82000,75400,0,2028000,557000,37100,11,2,4,QUARTERLY,MEDIUM,RETIREMENT,73,HIGH
55,29000,11900,13700,76000,1000,3400,9,2,1,LUMP_SUM,MEDIUM,RETIREMENT,49,HIGH
32,335000,241000,71800,512000,90000,22200,3,2,2,MONTHLY,HIGH,RETIREMENT,62,MEDIUM
62,52000,24100,22200,165000,50000,5700,6,2,5,LUMP_SUM,LOW,RETIREMENT,84,HIGH
29,112000,48700,49900,2079000,1385000,13400,4,4,4,QUARTERLY,MEDIUM,SHORT_TERM_GOAL,89,HIGH
31,38000,19200,14100,344000,36000,4700,21,1,4,MONTHLY,HIGH,TAX_SAVING,75,HIGH
24,145000,64400,45700,835000,150000,34900,4,3,3,MONTHLY,HIGH,EMERGENCY_FUND,72,MEDIUM
51,75000,45600,20700,563000,145000,8700,3,1,2,LUMP_SUM,HIGH,SHORT_TERM_GOAL,50,LOW
57,32000,23800,4500,332000,167000,3700,2,3,1,MONTHLY,MEDIUM,TAX_SAVING,54,MEDIUM
44,43000,29600,8100,987000,75000,5300,14,1,2,MONTHLY,LOW,SHORT_TERM_GOAL,70,HIGH
25,66000,36700,12800,252000,47000,16500,12,2,5,MONTHLY,HIGH,SHORT_TERM_GOAL,80,MEDIUM
40,96000,64900,25500,1310000,397000,5600,3,1,3,RARELY,LOW,TAX_SAVING,59,HIGH
29,53000,46100,0,952000,26000,16900,11,1,1,MONTHLY,MEDIUM,TAX_SAVING,56,HIGH
50,155000,85600,57700,506000,96000,11700,8,4,2,MONTHLY,MEDIUM,EMERGENCY_FUND,91,HIGH
44,121000,67800,34300,719000,60000,18900,1,4,3,MONTHLY,LOW,WEALTH_CREATION,98,HIGH
57,31000,18900,4900,367000,51000,7200,21,2,4,RARELY,MEDIUM,WEALTH_CREATION,64,HIGH
23,37000,23400,10800,111000,9000,2800,2,1,2,QUARTERLY,LOW,SHORT_TERM_GOAL,40,LOW
29,27000,17200,7700,309000,51000,2100,5,1,5,MONTHLY,HIGH,EMERGENCY_FUND,64,MEDIUM
65,60000,34500,11700,593000,201000,13800,8,2,3,MONTHLY,MEDIUM,RETIREMENT,57,MEDIUM
35,57000,33300,18800,150000,19000,4900,13,3,3,RARELY,HIGH,EMERGENCY_FUND,69,MEDIUM
35,93000,66200,2100,754000,152000,24700,9,3,1,RARELY,HIGH,WEALTH_CREATION,57,LOW
29,63000,36100,20100,474000,22000,6800,3,1,1,MONTHLY,LOW,SHORT_TERM_GOAL,47,MEDIUM
65,55000,38500,0,1436000,444000,21000,14,1,4,MONTHLY,MEDIUM,WEALTH_CREATION,55,HIGH
40,69000,54500,8400,1488000,255000,6100,8,1,4,RARELY,HIGH,RETIREMENT,56,HIGH
30,113000,65500,36700,1205000,430000,10800,5,2,2,QUARTERLY,LOW,RETIREMENT,79,HIGH
61,41000,30000,5100,289000,83000,5900,9,2,3,MONTHLY,MEDIUM,RETIREMENT,60,HIGH
45,28000,14700,6800,335000,117000,6500,6,3,4,MONTHLY,MEDIUM,WEALTH_CREATION,83,HIGH
64,109000,59400,32800,72000,19000,16800,2,2,3,LUMP_SUM,LOW,SHORT_TERM_GOAL,64,LOW
46,39000,18600,10200,1046000,257000,10200,14,4,1,QUARTERLY,LOW,WEALTH_CREATION,68,HIGH
35,180000,60400,105000,717000,382000,14600,2,4,3,MONTHLY,MEDIUM,WEALTH_CREATION,92,HIGH
29,61000,37800,7900,726000,204000,15300,11,3,4,MONTHLY,HIGH,RETIREMENT,78,HIGH
54,75000,37000,27200,934000,629000,10800,12,4,2,LUMP_SUM,HIGH,WEALTH_CREATION,49,HIGH
52,52000,26100,20600,161000,79000,5300,10,1,4,RARELY,HIGH,RETIREMENT,38,MEDIUM
30,48000,23300,20600,950000,90000,4100,19,1,1,QUARTERLY,MEDIUM,RETIREMENT,38,HIGH
24,59000,45100,11900,969000,227000,2000,10,1,3,QUARTERLY,LOW,WEALTH_CREATION,71,HIGH
56,72000,42700,26300,1086000,427000,3000,18,1,5,LUMP_SUM,MEDIUM,EMERGENCY_FUND,65,HIGH
52,124000,78900,30700,1798000,495000,14400,2,2,5,LUMP_SUM,LOW,WEALTH_CREATION,82,HIGH
55,52000,33300,11900,388000,263000,6800,19,3,3,QUARTERLY,HIGH,TAX_SAVING,67,HIGH
28,132000,88200,8900,1035000,39000,34900,15,5,3,RARELY,LOW,EMERGENCY_FUND,100,HIGH
48,50000,30200,12500,338000,66000,7300,9,4,2,MONTHLY,HIGH,WEALTH_CREATION,56,HIGH
33,32000,28600,0,1033000,540000,9600,16,1,5,MONTHLY,MEDIUM,SHORT_TERM_GOAL,64,HIGH
47,52000,29000,19200,387000,6000,3800,3,1,5,MONTHLY,MEDIUM,WEALTH_CREATION,92,HIGH
41,92000,66300,13500,2314000,647000,12200,14,4,3,MONTHLY,MEDIUM,EMERGENCY_FUND,100,HIGH
57,69000,45900,17100,1230000,256000,6000,3,1,1,MONTHLY,MEDIUM,SHORT_TERM_GOAL,58,MEDIUM
23,77000,21600,36800,601000,81000,18600,1,1,3,LUMP_SUM,MEDIUM,WEALTH_CREATION,42,HIGH
48,157000,131500,0,5771000,2519000,66800,6,2,1,MONTHLY,LOW,WEALTH_CREATION,52,HIGH
31,72000,42000,10200,1067000,512000,19800,14,1,3,QUARTERLY,MEDIUM,WEALTH_CREATION,47,HIGH
47,205000,103000,42300,787000,231000,59700,18,3,1,RARELY,MEDIUM,RETIREMENT,46,MEDIUM
22,55000,28100,18700,579000,164000,8200,8,4,4,QUARTERLY,MEDIUM,WEALTH_CREATION,89,HIGH
52,74000,53300,10800,163000,70000,9900,17,1,3,MONTHLY,LOW,WEALTH_CREATION,92,HIGH
46,79000,40000,31000,122000,56000,8000,10,2,1,MONTHLY,MEDIUM,TAX_SAVING,56,MEDIUM
37,108000,40400,22100,743000,22000,45500,14,1,4,RARELY,MEDIUM,WEALTH_CREATION,78,MEDIUM
50,106000,73800,0,902000,501000,58300,1,1,1,LUMP_SUM,HIGH,EMERGENCY_FUND,38,LOW
23,62000,31500,2500,1059000,185000,28000,5,2,3,QUARTERLY,HIGH,TAX_SAVING,55,MEDIUM
36,43000,30500,6600,748000,140000,5900,13,4,3,LUMP_SUM,MEDIUM,RETIREMENT,70,HIGH
29,44000,32800,0,631000,305000,22000,14,1,5,MONTHLY,MEDIUM,WEALTH_CREATION,77,HIGH
38,123000,98700,0,1175000,613000,32400,20,2,3,RARELY,MEDIUM,SHORT_TERM_GOAL,69,HIGH
57,34000,15400,8500,137000,12000,10100,1,1,1,RARELY,MEDIUM,TAX_SAVING,37,LOW
57,188000,51900,44200,1683000,297000,91900,3,1,2,MONTHLY,HIGH,EMERGENCY_FUND,53,LOW
53,30000,24000,800,215000,14000,5200,3,2,2,LUMP_SUM,MEDIUM,TAX_SAVING,42,LOW
61,42000,25200,11900,2158000,1557000,4900,16,2,3,MONTHLY,MEDIUM,EMERGENCY_FUND,75,HIGH
35,59000,31800,20500,763000,98000,6700,7,1,1,LUMP_SUM,MEDIUM,EMERGENCY_FUND,36,MEDIUM
25,127000,106300,11900,2741000,2278000,8800,15,3,4,RARELY,MEDIUM,WEALTH_CREATION,69,HIGH
32,87000,62300,9100,1052000,386000,15600,15,1,1,MONTHLY,MEDIUM,RETIREMENT,56,HIGH
62,167000,64200,75900,426000,64000,26900,4,1,3,MONTHLY,MEDIUM,WEALTH_CREATION,54,MEDIUM
59,23000,12300,8900,42000,19000,1800,7,2,2,MONTHLY,MEDIUM,RETIREMENT,64,HIGH
60,158000,82800,45500,936000,300000,29700,12,3,1,MONTHLY,LOW,SHORT_TERM_GOAL,81,HIGH
42,42000,29000,5400,778000,142000,7600,3,2,3,RARELY,MEDIUM,WEALTH_CREATION,69,HIGH
31,61000,51200,2700,174000,27000,7100,4,2,4,MONTHLY,HIGH,WEALTH_CREATION,54,MEDIUM
36,44000,22900,16200,108000,49000,4900,2,4,3,MONTHLY,MEDIUM,SHORT_TERM_GOAL,91,MEDIUM
28,75000,57300,0,2170000,314000,41200,18,3,1,QUARTERLY,MEDIUM,RETIREMENT,57,HIGH
54,33000,15600,2300,561000,98000,15100,8,1,1,MONTHLY,MEDIUM,SHORT_TERM_GOAL,54,HIGH
65,62000,25600,24200,398000,76000,12200,4,5,4,RARELY,LOW,RETIREMENT,92,HIGH
56,153000,83300,56400,2074000,39000,13300,9,4,3,LUMP_SUM,HIGH,EMERGENCY_FUND,54,MEDIUM
27,69000,40500,11200,1716000,177000,17300,23,4,5,MONTHLY,LOW,TAX_SAVING,89,HIGH
52,70000,25700,35000,161000,76000,9300,15,1,1,QUARTERLY,LOW,RETIREMENT,49,HIGH
37,33000,30300,0,45000,7000,7400,10,2,3,MONTHLY,MEDIUM,WEALTH_CREATION,62,MEDIUM
55,122000,71700,40400,387000,106000,9900,9,2,3,QUARTERLY,MEDIUM,WEALTH_CREATION,70,HIGH
37,79000,47700,0,660000,180000,33500,21,3,4,MONTHLY,LOW,WEALTH_CREATION,97,HIGH
42,64000,43000,100,940000,239000,20900,6,3,2,RARELY,HIGH,WEALTH_CREATION,55,MEDIUM
57,70000,59700,0,1681000,642000,18400,18,5,4,QUARTERLY,LOW,WEALTH_CREATION,100,HIGH
58,59000,34500,9300,323000,268000,15200,1,2,3,MONTHLY,MEDIUM,RETIREMENT,61,LOW
37,127000,82700,14700,3238000,183000,29600,1,3,2,MONTHLY,MEDIUM,EMERGENCY_FUND,67,HIGH
56,84000,55900,8100,1351000,237000,20000,12,4,1,QUARTERLY,HIGH,WEALTH_CREATION,57,HIGH
56,82000,57300,0,838000,307000,33300,13,3,1,MONTHLY,MEDIUM,WEALTH_CREATION,48,HIGH
36,160000,111600,41100,876000,64000,7300,4,2,5,MONTHLY,HIGH,TAX_SAVING,64,HIGH
65,94000,40700,18000,1332000,125000,35300,7,5,2,MONTHLY,MEDIUM,TAX_SAVING,77,HIGH
61,59000,54200,0,61000,28000,20200,3,2,1,MONTHLY,MEDIUM,EMERGENCY_FUND,48,LOW
35,48000,20800,12900,1673000,558000,14300,19,1,2,MONTHLY,MEDIUM,TAX_SAVING,49,HIGH
40,67000,33200,31100,185000,59000,2700,10,1,4,QUARTERLY,HIGH,TAX_SAVING,71,HIGH
63,48000,30300,7000,1021000,37000,10700,4,5,2,MONTHLY,MEDIUM,SHORT_TERM_GOAL,93,HIGH
56,89000,46900,35700,699000,126000,6400,1,1,2,QUARTERLY,MEDIUM,RETIREMENT,34,MEDIUM
49,77000,50200,26200,805000,139000,600,14,4,2,MONTHLY,MEDIUM,WEALTH_CREATION,76,HIGH
64,31000,17500,10400,160000,34000,3100,3,2,4,RARELY,HIGH,WEALTH_CREATION,52,HIGH
47,54000,14300,22200,213000,53000,17500,2,1,3,RARELY,MEDIUM,RETIREMENT,57,LOW
65,40000,27400,4700,534000,79000,7900,3,1,3,RARELY,MEDIUM,RETIREMENT,40,LOW
30,76000,59000,600,1278000,258000,16400,3,1,2,RARELY,MEDIUM,RETIREMENT,32,MEDIUM
48,40000,23600,14300,565000,36000,2100,6,1,3,MONTHLY,MEDIUM,EMERGENCY_FUND,59,HIGH
50,64000,26100,2700,821000,27000,35200,1,1,5,RARELY,MEDIUM,WEALTH_CREATION,76,LOW
63,69000,33500,23400,860000,87000,12100,4,1,1,MONTHLY,LOW,RETIREMENT,49,HIGH
26,43000,15200,26200,221000,37000,1600,6,1,1,QUARTERLY,MEDIUM,WEALTH_CREATION,53,HIGH
35,22000,20200,0,198000,52000,2900,12,2,1,MONTHLY,LOW,RETIREMENT,54,HIGH
25,62000,55000,0,260000,62000,18100,13,1,1,LUMP_SUM,LOW,RETIREMENT,53,LOW
24,174000,93300,0,2182000,387000,92200,2,3,2,MONTHLY,LOW,WEALTH_CREATION,74,MEDIUM
45,87000,68900,0,2078000,600000,22300,1,5,2,MONTHLY,MEDIUM,WEALTH_CREATION,83,HIGH
25,59000,29000,17200,392000,35000,12800,17,1,5,RARELY,MEDIUM,WEALTH_CREATION,70,HIGH
31,84000,33300,43800,495000,170000,6900,3,3,3,RARELY,HIGH,RETIREMENT,60,MEDIUM
55,140000,45400,59200,1586000,382000,35400,1,1,4,QUARTERLY,HIGH,RETIREMENT,36,MEDIUM
57,104000,58800,24400,911000,274000,20800,4,2,3,MONTHLY,LOW,TAX_SAVING,54,HIGH
48,120000,60400,41900,680000,303000,17700,4,3,1,QUARTERLY,LOW,RETIREMENT,65,HIGH
54,184000,133400,39000,6334000,2804000,11600,11,1,1,LUMP_SUM,LOW,WEALTH_CREATION,69,HIGH
22,79000,35700,37200,735000,3000,6100,4,1,3,MONTHLY,HIGH,TAX_SAVING,56,HIGH
51,64000,41500,7300,522000,70000,15200,4,1,2,MONTHLY,LOW,WEALTH_CREATION,54,HIGH
36,94000,61900,3600,2852000,262000,28500,11,1,2,RARELY,MEDIUM,RETIREMENT,48,HIGH
42,79000,40700,21500,1703000,537000,16800,4,1,1,LUMP_SUM,MEDIUM,RETIREMENT,29,HIGH
31,119000,59900,22800,2479000,691000,36300,20,5,5,MONTHLY,MEDIUM,EMERGENCY_FUND,98,HIGH
44,55000,31600,13400,870000,68000,10000,6,2,3,MONTHLY,MEDIUM,RETIREMENT,61,HIGH
39,175000,40900,119200,287000,27000,14900,7,5,4,LUMP_SUM,LOW,WEALTH_CREATION,98,HIGH
29,35000,22400,4700,639000,208000,7900,13,2,1,MONTHLY,LOW,TAX_SAVING,73,HIGH
43,34000,31200,0,488000,79000,7900,6,3,1,QUARTERLY,MEDIUM,EMERGENCY_FUND,43,LOW
59,124000,45800,64900,225000,34000,13300,6,1,1,MONTHLY,LOW,WEALTH_CREATION,43,HIGH
26,68000,60400,0,1797000,601000,31900,2,4,1,MONTHLY,LOW,SHORT_TERM_GOAL,69,HIGH
61,164000,76900,48500,3946000,2710000,38600,5,1,5,MONTHLY,MEDIUM,EMERGENCY_FUND,72,HIGH
53,147000,96400,36600,2387000,1123000,14000,1,1,5,MONTHLY,MEDIUM,RETIREMENT,88,HIGH
60,65000,36700,16200,458000,212000,12100,15,3,4,MONTHLY,LOW,EMERGENCY_FUND,96,HIGH
43,49000,31400,9000,204000,65000,8600,6,3,4,LUMP_SUM,MEDIUM,EMERGENCY_FUND,98,MEDIUM
42,106000,74600,25400,1641000,729000,6000,10,5,1,QUARTERLY,MEDIUM,SHORT_TERM_GOAL,66,HIGH
42,166000,137400,9800,1072000,552000,18800,24,2,3,MONTHLY,LOW,WEALTH_CREATION,71,HIGH
24,28000,23200,4000,156000,30000,800,21,3,1,LUMP_SUM,LOW,WEALTH_CREATION,73,HIGH
32,51000,39700,0,1644000,253000,15800,7,1,3,LUMP_SUM,LOW,TAX_SAVING,58,HIGH
45,94000,60500,11400,1869000,1476000,22100,22,3,3,QUARTERLY,LOW,RETIREMENT,80,HIGH
63,99000,56700,21400,245000,37000,20900,5,2,2,MONTHLY,MEDIUM,RETIREMENT,50,LOW
59,63000,47000,11700,812000,189000,4300,7,1,4,MONTHLY,LOW,TAX_SAVING,70,HIGH
35,80000,51400,23200,962000,281000,5400,20,1,5,MONTHLY,LOW,WEALTH_CREATION,78,HIGH
46,39000,34300,0,1101000,485000,6500,14,3,1,LUMP_SUM,HIGH,TAX_SAVING,50,HIGH
53,28000,14500,12000,435000,38000,1500,6,1,4,QUARTERLY,LOW,EMERGENCY_FUND,62,HIGH
52,74000,29800,31300,353000,44000,12900,2,4,2,QUARTERLY,HIGH,WEALTH_CREATION,58,HIGH
56,74000,34700,26600,928000,126000,12700,15,2,5,MONTHLY,LOW,WEALTH_CREATION,83,HIGH
63,67000,37900,21100,411000,109000,8000,9,2,2,RARELY,LOW,SHORT_TERM_GOAL,43,HIGH
64,26000,15800,3600,390000,5000,6600,5,1,1,MONTHLY,HIGH,WEALTH_CREATION,34,MEDIUM
32,61000,44000,1500,867000,201000,15500,5,3,3,RARELY,HIGH,EMERGENCY_FUND,48,LOW
40,62000,49500,9100,610000,144000,3400,2,1,3,MONTHLY,MEDIUM,RETIREMENT,52,HIGH
60,83000,50600,26900,1977000,105000,5500,4,4,1,MONTHLY,MEDIUM,RETIREMENT,68,HIGH
37,29000,15500,5300,183000,97000,8200,15,1,2,LUMP_SUM,LOW,EMERGENCY_FUND,69,HIGH
36,41000,28400,10400,298000,53000,2200,5,3,3,MONTHLY,MEDIUM,RETIREMENT,72,HIGH
50,57000,39000,0,1561000,228000,23100,21,3,1,LUMP_SUM,HIGH,WEALTH_CREATION,56,HIGH
58,81000,38200,34800,1890000,372000,8000,20,5,3,QUARTERLY,LOW,RETIREMENT,87,HIGH
37,94000,44300,44700,93000,4000,5000,17,2,2,QUARTERLY,MEDIUM,TAX_SAVING,61,HIGH
47,102000,71000,11000,385000,121000,20000,16,1,1,MONTHLY,LOW,EMERGENCY_FUND,45,MEDIUM
45,42000,19600,10900,858000,416000,11500,20,2,3,MONTHLY,MEDIUM,EMERGENCY_FUND,56,HIGH
27,47000,28400,12200,399000,125000,6400,15,4,2,QUARTERLY,LOW,RETIREMENT,85,HIGH
28,75000,48900,0,1943000,345000,32800,5,3,2,MONTHLY,MEDIUM,SHORT_TERM_GOAL,66,HIGH
53,55000,45500,2000,668000,196000,7500,9,2,5,LUMP_SUM,MEDIUM,SHORT_TERM_GOAL,85,HIGH
43,149000,73300,40200,382000,66000,35500,9,4,5,MONTHLY,HIGH,RETIREMENT,97,HIGH
25,94000,26800,26700,649000,56000,40500,13,2,1,QUARTERLY,HIGH,RETIREMENT,45,MEDIUM
61,36000,27800,5100,745000,255000,3100,6,1,1,MONTHLY,MEDIUM,WEALTH_CREATION,52,HIGH
60,105000,62900,19400,1271000,192000,22700,4,1,2,RARELY,MEDIUM,SHORT_TERM_GOAL,46,LOW
54,51000,33200,8900,53000,16000,8900,10,4,5,QUARTERLY,MEDIUM,WEALTH_CREATION,100,HIGH
60,20000,13700,900,145000,60000,5400,16,3,1,RARELY,HIGH,TAX_SAVING,53,LOW
33,39000,15700,14000,311000,26000,9300,4,2,3,LUMP_SUM,MEDIUM,TAX_SAVING,69,HIGH
27,77000,40300,27400,1433000,226000,9300,4,3,4,MONTHLY,HIGH,EMERGENCY_FUND,72,HIGH
57,127000,79300,30900,3046000,874000,16800,2,1,3,LUMP_SUM,LOW,WEALTH_CREATION,52,HIGH
62,58000,51200,0,270000,81000,10100,1,5,3,MONTHLY,MEDIUM,RETIREMENT,87,HIGH
50,57000,39800,9500,467000,86000,7700,12,4,2,MONTHLY,MEDIUM,SHORT_TERM_GOAL,78,HIGH
62,205000,127000,45400,1923000,906000,32600,3,2,2,MONTHLY,HIGH,TAX_SAVING,37,MEDIUM
62,164000,97600,46400,1065000,580000,20000,6,1,3,MONTHLY,MEDIUM,TAX_SAVING,64,HIGH
31,39000,19500,11400,234000,139000,8100,5,4,5,LUMP_SUM,MEDIUM,WEALTH_CREATION,94,HIGH
55,57000,41800,0,846000,386000,16400,22,4,2,RARELY,MEDIUM,TAX_SAVING,66,HIGH
61,131000,78600,20300,1027000,527000,32100,19,2,1,MONTHLY,MEDIUM,RETIREMENT,41,HIGH
43,59000,32900,14300,1203000,248000,11800,5,2,5,RARELY,MEDIUM,SHORT_TERM_GOAL,72,HIGH
30,48000,25600,14500,874000,243000,7900,5,2,1,RARELY,HIGH,EMERGENCY_FUND,59,MEDIUM
28,25000,15000,6400,64000,23000,3600,5,2,2,RARELY,MEDIUM,WEALTH_CREATION,55,LOW
38,39000,21500,11000,953000,312000,6500,18,1,4,QUARTERLY,MEDIUM,WEALTH_CREATION,57,HIGH
52,61000,38500,17000,1440000,449000,5500,1,5,4,QUARTERLY,HIGH,TAX_SAVING,87,HIGH
58,51000,37300,5400,847000,25000,8300,7,1,3,MONTHLY,HIGH,WEALTH_CREATION,50,HIGH
59,63000,27100,24500,1035000,489000,11400,5,2,2,MONTHLY,LOW,RETIREMENT,60,HIGH
35,112000,60000,6700,2271000,253000,45300,20,2,3,MONTHLY,MEDIUM,SHORT_TERM_GOAL,60,HIGH
61,47000,27500,8400,403000,12000,11100,19,1,2,RARELY,MEDIUM,TAX_SAVING,38,MEDIUM
37,60000,24400,15100,210000,84000,20500,11,3,5,MONTHLY,MEDIUM,RETIREMENT,87,HIGH
43,87000,48000,32800,139000,28000,6200,18,1,3,MONTHLY,HIGH,WEALTH_CREATION,52,HIGH
23,57000,21700,20600,504000,252000,14700,6,1,2,RARELY,MEDIUM,TAX_SAVING,32,LOW
37,51000,30500,0,1207000,61000,28000,1,1,4,MONTHLY,HIGH,SHORT_TERM_GOAL,52,MEDIUM
38,55000,44700,7500,976000,255000,2800,10,2,4,MONTHLY,LOW,SHORT_TERM_GOAL,71,HIGH
29,69000,18800,25300,381000,67000,24900,14,3,1,MONTHLY,HIGH,SHORT_TERM_GOAL,72,MEDIUM
55,103000,87200,0,1901000,597000,25300,4,4,5,QUARTERLY,MEDIUM,WEALTH_CREATION,83,HIGH
22,281000,174000,37700,2191000,829000,69300,19,1,4,RARELY,MEDIUM,WEALTH_CREATION,57,HIGH
44,54000,28700,19500,1005000,309000,5800,9,5,2,MONTHLY,LOW,TAX_SAVING,85,HIGH
63,87000,49300,2200,372000,23000,35500,19,1,2,MONTHLY,LOW,RETIREMENT,46,MEDIUM
39,42000,26800,4500,380000,67000,10700,6,5,3,MONTHLY,LOW,EMERGENCY_FUND,99,HIGH
48,36000,16500,16500,500000,142000,3000,1,1,2,RARELY,HIGH,RETIREMENT,23,HIGH
53,159000,49600,86700,307000,20000,22700,7,2,1,MONTHLY,LOW,TAX_SAVING,60,HIGH
28,137000,40700,54400,1832000,220000,41900,6,4,3,RARELY,HIGH,WEALTH_CREATION,63,HIGH
24,65000,34900,7500,1702000,775000,22600,18,4,2,RARELY,HIGH,RETIREMENT,75,HIGH
55,37000,27300,0,1606000,874000,20300,4,4,1,MONTHLY,HIGH,SHORT_TERM_GOAL,54,HIGH
44,46000,41700,0,601000,171000,7500,2,1,3,LUMP_SUM,MEDIUM,SHORT_TERM_GOAL,59,LOW
63,262000,175000,55900,542000,7000,31100,1,1,2,MONTHLY,MEDIUM,WEALTH_CREATION,52,LOW
33,90000,51900,24500,1130000,823000,13600,7,4,3,MONTHLY,LOW,WEALTH_CREATION,86,HIGH
52,41000,18800,18300,278000,63000,3900,9,1,5,MONTHLY,MEDIUM,SHORT_TERM_GOAL,52,HIGH
55,216000,110200,98000,3104000,1433000,7800,11,4,3,MONTHLY,LOW,WEALTH_CREATION,86,HIGH
60,56000,24000,20600,795000,335000,11400,3,1,2,RARELY,LOW,SHORT_TERM_GOAL,52,MEDIUM
42,47000,43200,100,1339000,795000,3700,19,3,4,LUMP_SUM,MEDIUM,WEALTH_CREATION,79,HIGH
43,50000,36000,7900,1181000,217000,6100,17,1,2,RARELY,MEDIUM,WEALTH_CREATION,43,HIGH
31,25000,15900,0,125000,29000,13700,2,4,4,MONTHLY,HIGH,WEALTH_CREATION,82,MEDIUM
53,90000,72400,0,1547000,153000,21500,9,4,2,LUMP_SUM,HIGH,WEALTH_CREATION,70,HIGH
42,28000,20800,0,310000,6000,11500,4,1,3,MONTHLY,LOW,WEALTH_CREATION,54,HIGH
28,53000,26800,13200,621000,158000,13000,4,3,1,MONTHLY,MEDIUM,WEALTH_CREATION,43,HIGH
42,67000,49800,7400,846000,51000,9800,1,3,1,MONTHLY,MEDIUM,SHORT_TERM_GOAL,63,MEDIUM
39,32000,13000,16800,259000,69000,2200,4,1,1,RARELY,MEDIUM,RETIREMENT,29,MEDIUM
32,145000,89600,13600,2701000,488000,41800,3,1,1,LUMP_SUM,LOW,RETIREMENT,36,MEDIUM
39,55000,28600,17300,719000,115000,9100,1,1,3,MONTHLY,MEDIUM,EMERGENCY_FUND,72,MEDIUM
49,90000,57400,27600,819000,173000,5000,12,1,3,MONTHLY,MEDIUM,SHORT_TERM_GOAL,50,HIGH
25,151000,71800,36500,1810000,645000,42700,21,2,2,MONTHLY,HIGH,WEALTH_CREATION,57,HIGH
21,58000,45000,8800,915000,515000,4200,7,3,1,MONTHLY,LOW,RETIREMENT,71,HIGH
30,38000,30300,0,385000,55000,10100,3,3,4,MONTHLY,HIGH,TAX_SAVING,77,MEDIUM
51,136000,66800,11000,4379000,616000,58200,6,1,2,MONTHLY,MEDIUM,TAX_SAVING,38,HIGH
63,47000,25600,8200,245000,64000,13200,15,1,2,MONTHLY,LOW,WEALTH_CREATION,41,HIGH
40,31000,13100,12600,235000,38000,5300,6,1,2,MONTHLY,MEDIUM,RETIREMENT,60,HIGH
43,155000,118300,500,2450000,925000,36200,6,2,4,QUARTERLY,MEDIUM,SHORT_TERM_GOAL,81,HIGH
27,92000,77300,0,973000,616000,30400,8,1,5,MONTHLY,MEDIUM,EMERGENCY_FUND,62,MEDIUM
63,54000,44300,5300,173000,20000,4400,17,3,3,RARELY,MEDIUM,RETIREMENT,67,MEDIUM
21,55000,32200,8900,1520000,330000,13900,11,3,3,MONTHLY,MEDIUM,TAX_SAVING,77,HIGH
53,83000,75200,5900,1959000,946000,1900,11,3,3,RARELY,MEDIUM,EMERGENCY_FUND,49,HIGH
48,129000,80200,19700,157000,29000,29100,4,3,2,QUARTERLY,HIGH,EMERGENCY_FUND,68,LOW
37,29000,24200,0,94000,32000,5200,6,4,4,MONTHLY,MEDIUM,WEALTH_CREATION,77,HIGH
56,86000,35300,40400,554000,125000,10300,8,4,2,RARELY,HIGH,WEALTH_CREATION,82,HIGH
53,31000,13900,10600,240000,86000,6500,15,2,1,MONTHLY,MEDIUM,SHORT_TERM_GOAL,49,MEDIUM
51,51000,46900,0,2288000,454000,11200,10,2,4,MONTHLY,HIGH,SHORT_TERM_GOAL,72,HIGH
53,115000,40600,30900,730000,198000,43500,3,4,3,MONTHLY,LOW,EMERGENCY_FUND,98,MEDIUM
40,47000,22500,20400,1778000,145000,4100,3,1,1,LUMP_SUM,MEDIUM,WEALTH_CREATION,49,HIGH
21,57000,45600,1400,1590000,659000,10000,5,2,2,MONTHLY,LOW,EMERGENCY_FUND,79,HIGH
38,67000,45500,10400,979000,726000,11100,6,1,3,MONTHLY,MEDIUM,RETIREMENT,77,HIGH
22,78000,58500,10400,1108000,528000,9100,8,1,4,MONTHLY,HIGH,WEALTH_CREATION,59,HIGH
55,136000,65200,46000,1444000,626000,24800,7,3,1,MONTHLY,LOW,WEALTH_CREATION,74,HIGH
28,68000,51900,3400,568000,47000,12700,6,1,2,MONTHLY,MEDIUM,WEALTH_CREATION,45,HIGH
57,49000,34800,10800,355000,138000,3400,18,1,5,QUARTERLY,MEDIUM,SHORT_TERM_GOAL,74,HIGH
33,36000,23500,0,869000,115000,18300,3,1,3,LUMP_SUM,HIGH,TAX_SAVING,47,MEDIUM
62,66000,35400,14800,1026000,231000,15800,15,2,2,MONTHLY,LOW,RETIREMENT,59,HIGH
35,74000,68000,0,786000,163000,14400,18,1,2,MONTHLY,LOW,WEALTH_CREATION,60,HIGH
44,116000,80500,24600,1924000,31000,10900,21,1,4,MONTHLY,HIGH,WEALTH_CREATION,46,HIGH
61,57000,38200,15100,1532000,343000,3700,16,2,3,MONTHLY,LOW,TAX_SAVING,76,HIGH
40,80000,52900,0,2817000,660000,34900,4,3,5,LUMP_SUM,MEDIUM,SHORT_TERM_GOAL,86,HIGH
50,112000,40600,57600,360000,38000,13800,1,2,5,LUMP_SUM,MEDIUM,SHORT_TERM_GOAL,78,HIGH
46,20000,10400,9400,85000,26000,200,16,1,4,RARELY,HIGH,EMERGENCY_FUND,43,LOW
44,52000,30500,11800,1227000,638000,9700,8,3,5,MONTHLY,MEDIUM,WEALTH_CREATION,84,HIGH
51,29000,11500,12600,114000,23000,4900,16,3,2,MONTHLY,MEDIUM,RETIREMENT,67,HIGH
57,50000,30700,12600,460000,114000,6700,6,1,3,LUMP_SUM,HIGH,WEALTH_CREATION,61,HIGH
32,161000,116900,0,1770000,289000,63400,14,1,4,LUMP_SUM,MEDIUM,EMERGENCY_FUND,62,HIGH
44,96000,42000,22000,647000,123000,32000,11,1,2,RARELY,MEDIUM,SHORT_TERM_GOAL,31,LOW
60,57000,29300,23000,858000,291000,4700,3,3,5,RARELY,MEDIUM,RETIREMENT,66,HIGH
56,48000,37900,6400,595000,194000,3700,6,1,3,MONTHLY,LOW,WEALTH_CREATION,70,HIGH
48,25000,11600,5200,598000,27000,8200,14,2,4,LUMP_SUM,MEDIUM,SHORT_TERM_GOAL,69,HIGH
29,87000,60300,19100,1494000,76000,7600,3,1,2,QUARTERLY,MEDIUM,EMERGENCY_FUND,31,MEDIUM
60,126000,63400,44500,729000,32000,18100,3,4,3,RARELY,MEDIUM,WEALTH_CREATION,76,HIGH
64,121000,93300,0,316000,94000,41900,6,1,3,LUMP_SUM,MEDIUM,RETIREMENT,55,LOW
50,69000,41700,0,486000,174000,37900,1,2,1,LUMP_SUM,LOW,TAX_SAVING,76,LOW
42,26000,13900,6400,784000,172000,5700,1,2,4,MONTHLY,HIGH,RETIREMENT,76,HIGH
24,165000,91000,60100,3170000,1258000,13900,9,1,3,RARELY,HIGH,TAX_SAVING,36,HIGH
26,93000,70500,3700,218000,162000,18800,17,1,3,MONTHLY,LOW,EMERGENCY_FUND,54,HIGH
54,122000,99400,1600,741000,30000,21000,4,3,3,QUARTERLY,HIGH,TAX_SAVING,84,MEDIUM
50,64000,37400,8600,429000,78000,18000,2,3,5,MONTHLY,MEDIUM,RETIREMENT,87,HIGH
49,104000,37000,65300,409000,123000,1700,3,1,3,LUMP_SUM,LOW,EMERGENCY_FUND,60,LOW
34,133000,68300,19600,1930000,646000,45100,16,1,4,QUARTERLY,MEDIUM,TAX_SAVING,43,HIGH
50,72000,26400,21900,129000,80000,23700,11,1,3,MONTHLY,MEDIUM,RETIREMENT,57,MEDIUM
63,55000,39000,12500,738000,61000,3500,17,3,1,MONTHLY,MEDIUM,WEALTH_CREATION,66,HIGH
55,62000,52000,2700,356000,159000,7300,6,2,3,LUMP_SUM,LOW,EMERGENCY_FUND,60,MEDIUM
48,66000,40200,19100,251000,23000,6700,7,2,2,RARELY,MEDIUM,RETIREMENT,33,MEDIUM
37,229000,120100,66900,4177000,796000,42000,8,4,2,QUARTERLY,HIGH,SHORT_TERM_GOAL,65,HIGH
30,20000,12700,300,101000,20000,7000,17,3,3,RARELY,HIGH,WEALTH_CREATION,50,MEDIUM
45,50000,45500,0,941000,420000,12000,9,2,2,QUARTERLY,MEDIUM,TAX_SAVING,63,HIGH
29,74000,48800,0,1213000,155000,26500,9,2,4,MONTHLY,HIGH,EMERGENCY_FUND,47,MEDIUM
65,65000,35100,20900,1217000,50000,9000,3,2,3,MONTHLY,LOW,WEALTH_CREATION,90,HIGH
60,55000,43000,900,571000,328000,11100,15,3,4,QUARTERLY,MEDIUM,TAX_SAVING,68,HIGH
53,94000,48400,40900,467000,57000,4700,15,3,3,MONTHLY,HIGH,SHORT_TERM_GOAL,72,HIGH
64,111000,83800,0,2495000,1207000,50600,4,4,2,MONTHLY,LOW,RETIREMENT,82,HIGH
39,108000,99300,0,3170000,995000,22500,5,1,4,QUARTERLY,MEDIUM,SHORT_TERM_GOAL,45,HIGH
45,135000,94400,29300,1393000,165000,11300,9,2,2,MONTHLY,MEDIUM,WEALTH_CREATION,74,HIGH
33,68000,62500,0,557000,10000,37400,2,5,2,RARELY,MEDIUM,WEALTH_CREATION,86,LOW
61,41000,37500,0,148000,35000,11800,6,4,3,LUMP_SUM,LOW,EMERGENCY_FUND,85,MEDIUM
29,116000,97200,7700,2325000,732000,11100,20,5,1,LUMP_SUM,HIGH,SHORT_TERM_GOAL,62,HIGH
64,24000,14900,2300,152000,13000,6800,4,4,3,MONTHLY,MEDIUM,WEALTH_CREATION,87,HIGH
23,35000,13200,16700,432000,129000,5100,14,1,5,QUARTERLY,MEDIUM,WEALTH_CREATION,65,HIGH
25,85000,55800,800,633000,228000,28400,20,4,2,MONTHLY,HIGH,WEALTH_CREATION,66,MEDIUM
28,74000,37100,22500,1493000,134000,14400,10,4,1,LUMP_SUM,MEDIUM,TAX_SAVING,77,HIGH
32,51000,40400,0,119000,31000,19000,1,1,4,MONTHLY,MEDIUM,RETIREMENT,61,MEDIUM
24,54000,41000,0,1837000,281000,28900,1,5,4,MONTHLY,HIGH,RETIREMENT,93,HIGH
42,20000,13100,0,728000,66000,9100,15,5,4,LUMP_SUM,MEDIUM,TAX_SAVING,95,HIGH
36,68000,47400,4600,327000,19000,16000,8,3,4,QUARTERLY,HIGH,RETIREMENT,75,MEDIUM
59,36000,20200,11500,35000,9000,4300,5,4,2,MONTHLY,MEDIUM,TAX_SAVING,70,MEDIUM
30,77000,46800,23100,718000,239000,7100,11,1,1,QUARTERLY,MEDIUM,WEALTH_CREATION,36,HIGH
43,41000,29800,2400,749000,245000,8800,13,2,1,MONTHLY,LOW,WEALTH_CREATION,38,HIGH
31,145000,90700,33700,4185000,925000,20600,9,5,2,QUARTERLY,LOW,TAX_SAVING,100,HIGH
51,170000,72600,56700,1846000,411000,40700,10,3,2,LUMP_SUM,MEDIUM,RETIREMENT,68,HIGH
50,195000,154000,29000,3344000,1300000,12000,1,1,4,MONTHLY,HIGH,WEALTH_CREATION,61,HIGH
22,52000,46400,0,540000,293000,17800,1,2,3,QUARTERLY,LOW,WEALTH_CREATION,72,HIGH
56,96000,72800,4800,1497000,170000,18400,5,3,1,LUMP_SUM,MEDIUM,RETIREMENT,57,HIGH
47,121000,94400,9200,414000,113000,17400,10,1,3,LUMP_SUM,MEDIUM,SHORT_TERM_GOAL,51,LOW
61,38000,16400,18700,159000,28000,2900,2,1,2,MONTHLY,LOW,RETIREMENT,49,HIGH
36,71000,51500,0,946000,154000,37700,7,1,2,MONTHLY,HIGH,WEALTH_CREATION,41,MEDIUM
30,150000,61500,80500,2593000,479000,8000,2,1,1,LUMP_SUM,LOW,WEALTH_CREATION,55,HIGH
61,87000,50500,0,2319000,1300000,42500,3,1,3,MONTHLY,MEDIUM,WEALTH_CREATION,73,HIGH
56,85000,51300,29900,386000,122000,3800,4,4,2,RARELY,LOW,EMERGENCY_FUND,71,MEDIUM
46,23000,7100,9900,167000,29000,6000,17,4,3,MONTHLY,MEDIUM,RETIREMENT,88,HIGH
37,111000,53500,43700,1047000,308000,13800,1,5,3,LUMP_SUM,MEDIUM,EMERGENCY_FUND,100,HIGH
38,92000,81600,4000,812000,57000,6400,1,4,2,MONTHLY,MEDIUM,SHORT_TERM_GOAL,87,MEDIUM
44,123000,78200,27200,1808000,616000,17600,13,2,3,QUARTERLY,MEDIUM,SHORT_TERM_GOAL,70,HIGH
37,48000,35200,5500,1768000,762000,7300,1,2,3,QUARTERLY,HIGH,RETIREMENT,54,HIGH
44,53000,26900,21500,510000,95000,4600,23,2,4,QUARTERLY,HIGH,RETIREMENT,64,HIGH
29,90000,60100,12500,2847000,267000,17400,10,1,1,QUARTERLY,HIGH,RETIREMENT,38,HIGH
21,30000,24600,0,721000,107000,10400,7,1,4,MONTHLY,HIGH,WEALTH_CREATION,54,HIGH
54,32000,23900,6700,553000,323000,1400,10,4,3,RARELY,MEDIUM,WEALTH_CREATION,89,HIGH
58,130000,77900,21700,2759000,622000,30400,2,3,3,MONTHLY,MEDIUM,RETIREMENT,73,HIGH
24,41000,13000,25600,11000,4000,2400,4,3,5,MONTHLY,MEDIUM,WEALTH_CREATION,89,HIGH
44,97000,57800,10600,1105000,330000,28600,20,1,3,MONTHLY,MEDIUM,TAX_SAVING,61,HIGH
54,87000,74100,6600,1163000,204000,6300,7,3,5,RARELY,HIGH,WEALTH_CREATION,74,HIGH
26,42000,21300,11300,253000,59000,9400,3,2,2,MONTHLY,MEDIUM,RETIREMENT,58,HIGH
24,145000,89600,12100,1043000,204000,43300,5,4,3,MONTHLY,LOW,WEALTH_CREATION,99,HIGH
21,88000,62000,500,2651000,921000,25500,19,4,2,MONTHLY,HIGH,TAX_SAVING,77,HIGH
54,79000,49200,20900,758000,399000,8900,1,5,5,MONTHLY,HIGH,EMERGENCY_FUND,100,HIGH
49,146000,89300,43900,836000,144000,12800,10,1,5,LUMP_SUM,MEDIUM,TAX_SAVING,79,HIGH
62,90000,73500,0,1644000,54000,20700,1,1,3,MONTHLY,HIGH,WEALTH_CREATION,58,HIGH
63,113000,66000,42100,425000,133000,4900,13,1,1,LUMP_SUM,MEDIUM,WEALTH_CREATION,40,HIGH
21,57000,49200,0,499000,83000,12500,10,3,3,MONTHLY,MEDIUM,WEALTH_CREATION,89,HIGH
42,53000,23000,12900,1084000,306000,17100,13,1,4,MONTHLY,MEDIUM,RETIREMENT,73,HIGH
54,31000,28500,0,323000,13000,4100,13,2,2,MONTHLY,MEDIUM,WEALTH_CREATION,65,HIGH
51,52000,47800,600,249000,24000,3600,13,2,5,RARELY,MEDIUM,RETIREMENT,62,HIGH
25,37000,16400,10600,126000,46000,10000,9,4,1,LUMP_SUM,MEDIUM,EMERGENCY_FUND,68,LOW
60,96000,80800,6600,1863000,488000,8600,20,3,1,MONTHLY,MEDIUM,WEALTH_CREATION,43,HIGH
25,63000,45100,2100,1218000,89000,15800,7,4,4,MONTHLY,MEDIUM,EMERGENCY_FUND,82,HIGH
21,52000,31200,17300,388000,20000,3500,15,1,4,RARELY,HIGH,SHORT_TERM_GOAL,46,MEDIUM
22,56000,27900,4700,379000,53000,23400,9,1,3,RARELY,LOW,RETIREMENT,49,MEDIUM
52,122000,51600,51000,2004000,218000,19400,8,1,5,RARELY,HIGH,WEALTH_CREATION,62,HIGH
22,125000,72500,0,894000,262000,68000,2,3,1,LUMP_SUM,MEDIUM,SHORT_TERM_GOAL,65,LOW
29,67000,26900,34900,132000,5000,5200,2,4,3,RARELY,HIGH,RETIREMENT,65,MEDIUM
33,80000,57500,6600,286000,19000,15900,12,4,3,MONTHLY,LOW,RETIREMENT,91,HIGH
28,251000,201000,0,2922000,1670000,52500,5,3,1,LUMP_SUM,HIGH,RETIREMENT,46,MEDIUM
48,71000,26100,34800,739000,171000,10100,4,2,2,LUMP_SUM,LOW,EMERGENCY_FUND,70,HIGH
54,68000,32800,6100,220000,78000,29100,21,1,3,LUMP_SUM,LOW,TAX_SAVING,52,MEDIUM
38,103000,66000,18700,785000,44000,18300,14,1,1,QUARTERLY,HIGH,EMERGENCY_FUND,41,LOW
29,84000,47200,24400,1010000,137000,12400,4,1,5,MONTHLY,MEDIUM,TAX_SAVING,58,HIGH
50,72000,18800,39700,189000,52000,13500,13,3,2,RARELY,MEDIUM,RETIREMENT,44,HIGH
46,89000,81800,3600,2781000,855000,3600,8,1,3,LUMP_SUM,MEDIUM,EMERGENCY_FUND,59,HIGH
43,79000,49300,14400,1785000,454000,15300,7,1,1,LUMP_SUM,HIGH,WEALTH_CREATION,36,HIGH
43,79000,48900,21800,905000,228000,8300,10,3,3,MONTHLY,LOW,WEALTH_CREATION,64,HIGH
35,148000,63600,80200,1235000,503000,4200,11,3,4,QUARTERLY,LOW,SHORT_TERM_GOAL,93,HIGH
24,104000,38500,36500,2475000,371000,29000,4,4,5,MONTHLY,HIGH,RETIREMENT,100,HIGH
58,37000,26400,0,189000,58000,13500,8,4,3,MONTHLY,LOW,SHORT_TERM_GOAL,92,MEDIUM
52,146000,61000,60400,1364000,165000,24600,2,3,4,LUMP_SUM,HIGH,SHORT_TERM_GOAL,69,MEDIUM
47,88000,80900,0,3156000,2260000,33800,6,1,4,RARELY,HIGH,WEALTH_CREATION,52,HIGH
54,43000,11100,22600,69000,6000,9300,15,1,1,MONTHLY,HIGH,WEALTH_CREATION,31,MEDIUM
56,67000,40400,18800,1259000,109000,7800,5,2,5,MONTHLY,MEDIUM,EMERGENCY_FUND,78,HIGH
64,38000,17300,11400,36000,11000,9300,13,3,1,LUMP_SUM,HIGH,TAX_SAVING,48,LOW
59,20000,14100,4000,144000,42000,1900,6,1,4,QUARTERLY,HIGH,RETIREMENT,51,MEDIUM
45,53000,38300,3600,514000,18000,11100,11,2,2,MONTHLY,LOW,SHORT_TERM_GOAL,50,HIGH
48,44000,36600,0,663000,92000,9500,1,2,1,LUMP_SUM,MEDIUM,TAX_SAVING,38,MEDIUM
40,46000,27800,13000,475000,51000,5200,1,3,1,MONTHLY,HIGH,TAX_SAVING,40,MEDIUM
32,38000,12000,21200,263000,130000,4800,6,2,1,MONTHLY,MEDIUM,SHORT_TERM_GOAL,46,MEDIUM
31,82000,63400,15000,1095000,369000,3600,2,1,4,MONTHLY,HIGH,WEALTH_CREATION,62,HIGH
59,66000,52200,0,559000,62000,16000,17,1,4,MONTHLY,MEDIUM,WEALTH_CREATION,74,HIGH
60,61000,29900,26000,312000,52000,5100,1,3,3,QUARTERLY,MEDIUM,WEALTH_CREATION,85,HIGH
65,81000,43500,21800,1291000,112000,15700,10,3,3,RARELY,LOW,RETIREMENT,61,HIGH
52,50000,31200,0,1082000,625000,27000,10,2,3,RARELY,MEDIUM,WEALTH_CREATION,78,HIGH
51,36000,18400,9700,497000,34000,7900,1,2,1,QUARTERLY,LOW,WEALTH_CREATION,60,HIGH
21,36000,26500,0,560000,288000,14100,2,2,1,LUMP_SUM,MEDIUM,WEALTH_CREATION,50,HIGH
36,27000,21300,0,164000,17000,10700,4,2,3,MONTHLY,HIGH,RETIREMENT,60,LOW
53,63000,37500,3300,275000,88000,22200,12,4,3,MONTHLY,MEDIUM,RETIREMENT,76,MEDIUM
64,37000,18900,8100,1068000,59000,10000,8,2,3,RARELY,MEDIUM,EMERGENCY_FUND,52,HIGH
56,194000,76900,80000,480000,93000,37100,17,1,3,MONTHLY,HIGH,RETIREMENT,44,HIGH
44,64000,42500,16000,2035000,548000,5500,14,1,4,MONTHLY,HIGH,SHORT_TERM_GOAL,56,HIGH
28,20000,11100,6500,47000,7000,2400,13,1,3,LUMP_SUM,HIGH,WEALTH_CREATION,33,MEDIUM
39,87000,63900,18600,1600000,511000,4500,12,1,4,QUARTERLY,HIGH,SHORT_TERM_GOAL,49,HIGH
31,66000,39100,5800,621000,90000,21100,11,2,1,QUARTERLY,HIGH,RETIREMENT,39,LOW
41,20000,6400,12600,55000,6000,1000,10,2,4,MONTHLY,MEDIUM,WEALTH_CREATION,81,HIGH
25,100000,44400,53200,644000,50000,2400,7,3,5,MONTHLY,MEDIUM,WEALTH_CREATION,93,HIGH
45,51000,36400,9500,807000,164000,5100,12,3,3,LUMP_SUM,MEDIUM,WEALTH_CREATION,90,HIGH
40,400000,277200,96100,1364000,496000,26700,5,2,4,RARELY,HIGH,WEALTH_CREATION,68,MEDIUM
21,192000,94800,67300,2627000,107000,29900,5,5,3,MONTHLY,MEDIUM,EMERGENCY_FUND,84,HIGH
50,65000,46700,9800,1071000,299000,8500,2,2,3,MONTHLY,MEDIUM,SHORT_TERM_GOAL,65,HIGH
32,96000,50100,39100,290000,21000,6800,14,1,3,MONTHLY,LOW,TAX_SAVING,67,HIGH
27,51000,39300,0,848000,237000,28000,8,5,1,RARELY,HIGH,WEALTH_CREATION,56,MEDIUM
64,34000,16900,13200,108000,27000,3900,12,1,2,LUMP_SUM,HIGH,WEALTH_CREATION,56,HIGH
44,55000,35600,8500,544000,78000,10900,3,1,1,RARELY,MEDIUM,WEALTH_CREATION,36,LOW
53,33000,19400,12200,442000,145000,1400,1,3,3,LUMP_SUM,HIGH,TAX_SAVING,74,HIGH
31,139000,47000,15600,370000,44000,76400,4,1,2,RARELY,MEDIUM,WEALTH_CREATION,37,LOW
27,169000,148100,0,4792000,1891000,36500,16,3,1,LUMP_SUM,HIGH,SHORT_TERM_GOAL,62,HIGH
32,42000,20000,8900,702000,402000,13100,5,1,2,MONTHLY,MEDIUM,RETIREMENT,57,HIGH
30,193000,68600,94500,867000,132000,29900,12,4,4,MONTHLY,HIGH,TAX_SAVING,80,HIGH
47,39000,28400,0,800000,151000,13500,6,3,5,LUMP_SUM,MEDIUM,EMERGENCY_FUND,93,HIGH
41,74000,39100,15500,1238000,366000,19400,23,3,1,RARELY,LOW,EMERGENCY_FUND,62,HIGH
61,63000,39400,0,507000,168000,25300,17,2,3,LUMP_SUM,LOW,RETIREMENT,82,HIGH
30,35000,25000,6600,337000,98000,3400,3,2,4,LUMP_SUM,LOW,SHORT_TERM_GOAL,75,HIGH
65,78000,15600,43600,409000,123000,18800,21,2,3,RARELY,MEDIUM,TAX_SAVING,58,HIGH
21,48000,17600,8300,530000,108000,22100,1,1,2,RARELY,MEDIUM,RETIREMENT,48,LOW
36,76000,41700,21900,904000,297000,12400,1,2,4,MONTHLY,LOW,WEALTH_CREATION,82,HIGH
55,44000,24800,17800,195000,25000,1400,12,3,3,LUMP_SUM,HIGH,WEALTH_CREATION,68,HIGH
52,116000,106700,0,3273000,1335000,26900,10,4,3,MONTHLY,MEDIUM,WEALTH_CREATION,87,HIGH
62,159000,97600,37800,2059000,615000,23600,10,1,3,LUMP_SUM,MEDIUM,EMERGENCY_FUND,45,HIGH
59,89000,54500,24000,1363000,372000,10500,15,5,4,MONTHLY,HIGH,RETIREMENT,87,HIGH
61,264000,148100,97800,3205000,238000,18100,14,3,3,RARELY,HIGH,WEALTH_CREATION,55,HIGH
60,44000,20600,23000,91000,13000,400,6,2,3,MONTHLY,MEDIUM,EMERGENCY_FUND,71,MEDIUM
46,37000,23300,8800,584000,131000,4900,10,1,5,MONTHLY,MEDIUM,WEALTH_CREATION,69,HIGH
54,45000,34200,8200,805000,90000,2600,7,4,4,LUMP_SUM,LOW,TAX_SAVING,95,HIGH
64,90000,63800,21000,877000,145000,5200,2,1,4,LUMP_SUM,MEDIUM,EMERGENCY_FUND,51,LOW
24,81000,63300,11400,1176000,230000,6300,2,2,3,MONTHLY,MEDIUM,TAX_SAVING,88,HIGH
48,113000,92700,100,1672000,490000,20200,15,2,5,MONTHLY,HIGH,EMERGENCY_FUND,74,HIGH
33,57000,25400,27900,636000,238000,3700,10,1,1,MONTHLY,MEDIUM,TAX_SAVING,50,HIGH
36,114000,80000,27500,271000,82000,6500,16,4,1,MONTHLY,LOW,TAX_SAVING,83,HIGH
46,197000,157000,0,2394000,736000,58500,10,3,2,MONTHLY,MEDIUM,EMERGENCY_FUND,70,HIGH
54,34000,28700,0,119000,34000,7700,7,1,3,LUMP_SUM,LOW,RETIREMENT,66,MEDIUM
41,54000,31800,17800,374000,79000,4400,7,2,2,MONTHLY,LOW,RETIREMENT,56,HIGH
62,29000,17100,11600,498000,182000,300,3,3,2,MONTHLY,LOW,TAX_SAVING,71,HIGH
54,33000,14800,17900,375000,282000,300,2,4,5,LUMP_SUM,MEDIUM,RETIREMENT,95,HIGH
25,60000,48700,0,1692000,498000,23000,2,1,2,MONTHLY,MEDIUM,TAX_SAVING,49,HIGH
64,48000,28600,9300,712000,5000,10100,5,2,4,MONTHLY,MEDIUM,WEALTH_CREATION,92,HIGH
59,49000,45000,0,987000,336000,13100,7,1,4,MONTHLY,MEDIUM,EMERGENCY_FUND,44,HIGH
28,47000,27200,9200,405000,47000,10600,20,2,3,MONTHLY,LOW,TAX_SAVING,58,HIGH
26,48000,44100,0,492000,136000,23600,13,2,3,MONTHLY,MEDIUM,TAX_SAVING,57,MEDIUM
28,35000,22400,9200,502000,98000,3400,8,5,1,MONTHLY,LOW,RETIREMENT,92,HIGH
63,100000,69900,18500,2828000,1315000,11600,19,3,5,MONTHLY,HIGH,WEALTH_CREATION,76,HIGH
30,130000,105200,12200,2397000,382000,12600,3,1,3,MONTHLY,MEDIUM,RETIREMENT,60,HIGH
62,75000,50300,19700,725000,28000,5000,12,1,1,MONTHLY,MEDIUM,WEALTH_CREATION,36,HIGH
32,47000,24800,19600,199000,51000,2600,6,1,1,MONTHLY,HIGH,RETIREMENT,23,MEDIUM
28,67000,45600,0,252000,196000,27600,4,2,2,LUMP_SUM,LOW,RETIREMENT,67,LOW
22,90000,49800,32100,941000,429000,8100,1,5,5,MONTHLY,MEDIUM,WEALTH_CREATION,91,HIGH
52,114000,53400,47300,188000,18000,13300,3,2,2,LUMP_SUM,HIGH,WEALTH_CREATION,56,MEDIUM
39,86000,60000,0,1136000,356000,35800,2,1,1,RARELY,MEDIUM,TAX_SAVING,37,LOW
22,193000,156600,32900,1759000,141000,3500,15,2,5,MONTHLY,LOW,RETIREMENT,87,HIGH
42,50000,37300,11000,578000,37000,1700,6,3,4,MONTHLY,MEDIUM,WEALTH_CREATION,86,HIGH
46,75000,24100,19300,972000,134000,31600,17,1,5,MONTHLY,MEDIUM,RETIREMENT,83,HIGH
25,88000,58300,9600,1423000,495000,20100,17,5,3,MONTHLY,MEDIUM,WEALTH_CREATION,89,HIGH
46,46000,24800,2600,285000,144000,18600,3,3,3,MONTHLY,LOW,WEALTH_CREATION,87,MEDIUM
50,49000,43400,0,1059000,72000,6700,8,2,3,MONTHLY,LOW,TAX_SAVING,76,HIGH
59,44000,29000,5100,247000,40000,9900,3,1,5,RARELY,LOW,WEALTH_CREATION,66,HIGH
21,28000,21800,0,256000,19000,14000,11,1,1,RARELY,HIGH,SHORT_TERM_GOAL,24,LOW
29,52000,36000,8800,298000,158000,7200,2,1,1,QUARTERLY,MEDIUM,WEALTH_CREATION,32,MEDIUM
23,79000,40200,33400,189000,68000,5400,2,4,3,MONTHLY,HIGH,RETIREMENT,86,HIGH
45,57000,29400,25700,282000,31000,1900,5,1,5,MONTHLY,LOW,SHORT_TERM_GOAL,86,MEDIUM
25,82000,70900,0,533000,102000,23000,4,1,3,MONTHLY,MEDIUM,EMERGENCY_FUND,63,MEDIUM
23,75000,61600,0,918000,311000,22500,13,2,2,MONTHLY,MEDIUM,SHORT_TERM_GOAL,37,MEDIUM
56,64000,38500,10400,747000,62000,15100,12,3,5,QUARTERLY,HIGH,TAX_SAVING,68,HIGH
21,103000,58600,40900,1168000,46000,3500,4,2,2,MONTHLY,HIGH,SHORT_TERM_GOAL,46,MEDIUM
35,45000,28600,0,268000,86000,17500,20,1,4,QUARTERLY,LOW,RETIREMENT,67,HIGH
39,42000,17600,19300,204000,62000,5100,23,1,3,MONTHLY,MEDIUM,RETIREMENT,63,HIGH
52,90000,62900,9300,1082000,639000,17800,19,3,2,MONTHLY,LOW,WEALTH_CREATION,88,HIGH
27,110000,54700,9100,2899000,1084000,46200,13,3,1,LUMP_SUM,MEDIUM,TAX_SAVING,56,HIGH
64,151000,91300,6400,1248000,316000,53300,7,3,3,MONTHLY,HIGH,WEALTH_CREATION,69,MEDIUM
24,48000,26900,16400,287000,135000,4700,12,5,2,MONTHLY,LOW,TAX_SAVING,95,HIGH
31,128000,92400,30000,59000,19000,5600,14,4,1,LUMP_SUM,MEDIUM,RETIREMENT,60,HIGH
23,67000,30800,31600,256000,178000,4600,9,2,5,QUARTERLY,MEDIUM,SHORT_TERM_GOAL,76,HIGH
21,51000,25100,8300,1049000,366000,17600,16,4,1,MONTHLY,HIGH,SHORT_TERM_GOAL,71,HIGH
60,132000,78100,23400,2997000,1612000,30500,17,2,4,QUARTERLY,LOW,WEALTH_CREATION,89,HIGH
32,76000,53900,6300,930000,380000,15800,14,1,2,MONTHLY,MEDIUM,WEALTH_CREATION,51,HIGH
54,64000,55400,0,2053000,87000,21600,1,2,2,RARELY,HIGH,TAX_SAVING,47,HIGH
31,29000,21700,3900,106000,19000,3400,13,4,5,MONTHLY,MEDIUM,WEALTH_CREATION,91,HIGH
53,102000,62800,18600,1189000,521000,20600,3,1,4,MONTHLY,MEDIUM,TAX_SAVING,66,HIGH
62,91000,61300,0,497000,280000,32300,9,2,1,MONTHLY,MEDIUM,WEALTH_CREATION,47,LOW
37,55000,35900,6800,6000,0,12300,20,1,2,LUMP_SUM,MEDIUM,SHORT_TERM_GOAL,44,LOW
51,113000,78400,15500,720000,431000,19100,3,2,4,LUMP_SUM,LOW,WEALTH_CREATION,73,HIGH
35,103000,47800,1400,1652000,141000,53800,14,2,1,MONTHLY,LOW,TAX_SAVING,73,HIGH
31,77000,32600,38000,315000,60000,6400,1,1,3,LUMP_SUM,MEDIUM,WEALTH_CREATION,71,HIGH
57,99000,49400,41100,319000,73000,8500,18,2,2,RARELY,LOW,TAX_SAVING,62,HIGH
28,64000,41400,17900,805000,77000,4700,11,1,1,QUARTERLY,HIGH,EMERGENCY_FUND,44,MEDIUM
29,38000,21400,10600,434000,74000,6000,8,4,3,MONTHLY,MEDIUM,WEALTH_CREATION,81,HIGH
35,53000,42700,0,611000,126000,10300,12,2,2,MONTHLY,MEDIUM,TAX_SAVING,54,MEDIUM
56,84000,45400,16600,736000,224000,22000,14,3,4,MONTHLY,MEDIUM,EMERGENCY_FUND,85,HIGH
46,60000,24400,12200,500000,20000,23400,15,3,3,LUMP_SUM,MEDIUM,EMERGENCY_FUND,62,MEDIUM
33,128000,50500,32000,1511000,239000,45500,5,2,3,MONTHLY,MEDIUM,WEALTH_CREATION,74,HIGH
60,42000,34500,0,263000,72000,11200,18,3,3,LUMP_SUM,LOW,SHORT_TERM_GOAL,74,MEDIUM
23,51000,36900,0,1514000,511000,21200,4,3,3,RARELY,MEDIUM,RETIREMENT,55,HIGH
21,32000,13600,4000,799000,30000,14400,6,1,2,MONTHLY,MEDIUM,RETIREMENT,74,HIGH
49,57000,35400,10600,41000,10000,11000,2,1,3,MONTHLY,MEDIUM,TAX_SAVING,59,LOW
55,52000,29400,21700,1378000,129000,900,5,1,2,LUMP_SUM,MEDIUM,SHORT_TERM_GOAL,61,HIGH
34,89000,58700,23200,60000,7000,7100,13,2,3,MONTHLY,MEDIUM,RETIREMENT,56,HIGH
58,65000,31200,10800,1793000,325000,23000,4,1,5,RARELY,HIGH,WEALTH_CREATION,62,HIGH
51,184000,110100,43800,1151000,506000,30100,7,3,1,MONTHLY,HIGH,SHORT_TERM_GOAL,66,HIGH
47,31000,24200,4900,165000,110000,1900,3,3,4,QUARTERLY,MEDIUM,SHORT_TERM_GOAL,89,HIGH
32,102000,76600,13100,821000,71000,12300,5,3,3,MONTHLY,LOW,RETIREMENT,86,HIGH
30,58000,44500,0,494000,147000,13900,4,2,4,RARELY,MEDIUM,WEALTH_CREATION,60,MEDIUM
46,321000,295300,0,2682000,52000,42100,6,1,1,MONTHLY,LOW,SHORT_TERM_GOAL,52,LOW
44,66000,35700,26800,526000,33000,3500,22,3,1,MONTHLY,MEDIUM,SHORT_TERM_GOAL,65,HIGH
64,60000,23700,22600,134000,20000,13700,5,2,3,MONTHLY,LOW,RETIREMENT,81,HIGH
49,109000,88200,0,669000,102000,38300,9,3,1,RARELY,LOW,EMERGENCY_FUND,50,LOW
62,49000,41100,2900,252000,53000,5000,6,4,4,RARELY,HIGH,RETIREMENT,69,MEDIUM
61,47000,39700,0,227000,54000,9900,6,3,4,MONTHLY,HIGH,RETIREMENT,68,MEDIUM
62,123000,108400,0,1345000,515000,35100,1,1,4,MONTHLY,HIGH,SHORT_TERM_GOAL,59,LOW
64,118000,54900,35800,1419000,372000,27300,7,2,3,RARELY,HIGH,EMERGENCY_FUND,61,MEDIUM
37,99000,35900,38900,933000,279000,24200,6,2,5,QUARTERLY,HIGH,WEALTH_CREATION,68,HIGH
34,273000,111900,114500,2313000,306000,46600,9,3,5,LUMP_SUM,MEDIUM,WEALTH_CREATION,74,HIGH
63,230000,106500,95700,1067000,281000,27800,23,4,4,MONTHLY,HIGH,SHORT_TERM_GOAL,76,HIGH
64,34000,16900,14500,452000,164000,2600,1,3,1,RARELY,HIGH,SHORT_TERM_GOAL,27,MEDIUM
44,117000,107600,0,1671000,530000,16300,4,1,1,LUMP_SUM,MEDIUM,WEALTH_CREATION,40,HIGH
64,62000,43700,0,430000,92000,25100,2,3,4,LUMP_SUM,HIGH,WEALTH_CREATION,73,MEDIUM
33,23000,14000,8000,167000,8000,1000,2,3,5,MONTHLY,MEDIUM,SHORT_TERM_GOAL,94,HIGH
23,123000,74700,39400,354000,112000,8900,15,3,5,LUMP_SUM,MEDIUM,WEALTH_CREATION,89,HIGH
28,67000,34800,0,421000,30000,36800,21,2,4,MONTHLY,MEDIUM,SHORT_TERM_GOAL,76,LOW
43,120000,81900,0,1956000,597000,55000,17,1,3,LUMP_SUM,HIGH,EMERGENCY_FUND,55,LOW
23,42000,30600,3800,426000,31000,7600,15,2,1,RARELY,MEDIUM,TAX_SAVING,26,MEDIUM
49,132000,56500,66600,2409000,730000,8900,19,1,1,RARELY,MEDIUM,WEALTH_CREATION,31,HIGH
31,111000,68700,8300,1741000,135000,34000,1,1,2,MONTHLY,MEDIUM,WEALTH_CREATION,47,MEDIUM
43,86000,57500,5200,831000,155000,23300,6,3,5,MONTHLY,MEDIUM,RETIREMENT,97,HIGH
34,30000,9200,12800,144000,61000,8000,5,1,4,MONTHLY,MEDIUM,WEALTH_CREATION,76,HIGH
26,36000,27300,0,1226000,475000,11900,1,2,3,MONTHLY,LOW,WEALTH_CREATION,80,HIGH
26,126000,81000,24200,1733000,616000,20800,6,1,4,LUMP_SUM,LOW,WEALTH_CREATION,52,HIGH
65,66000,54400,1400,1653000,595000,10200,19,1,2,LUMP_SUM,LOW,WEALTH_CREATION,51,HIGH
49,161000,108200,37900,888000,392000,14900,10,2,4,LUMP_SUM,MEDIUM,WEALTH_CREATION,62,HIGH
23,119000,76900,16400,466000,103000,25700,14,1,3,RARELY,HIGH,RETIREMENT,43,LOW
57,87000,47600,24700,317000,38000,14700,7,1,2,MONTHLY,LOW,TAX_SAVING,58,MEDIUM
53,104000,77000,4300,2457000,774000,22700,18,4,4,QUARTERLY,LOW,EMERGENCY_FUND,87,HIGH
27,54000,13200,35600,235000,2000,5200,1,1,3,MONTHLY,LOW,SHORT_TERM_GOAL,76,HIGH
44,82000,43100,1200,1194000,648000,37700,2,4,4,QUARTERLY,MEDIUM,WEALTH_CREATION,93,HIGH
40,119000,97500,0,4739000,776000,25000,3,1,3,QUARTERLY,LOW,WEALTH_CREATION,58,HIGH
35,66000,38300,12800,516000,181000,14900,3,2,2,LUMP_SUM,LOW,TAX_SAVING,53,MEDIUM
50,72000,36700,16200,333000,128000,19100,7,1,5,QUARTERLY,HIGH,EMERGENCY_FUND,61,LOW
53,35000,25300,2800,840000,168000,6900,13,5,1,MONTHLY,MEDIUM,EMERGENCY_FUND,75,HIGH
22,56000,43500,7900,1797000,398000,4600,11,4,3,RARELY,LOW,WEALTH_CREATION,82,HIGH
61,206000,165900,1600,414000,61000,38500,12,5,1,RARELY,LOW,WEALTH_CREATION,80,HIGH
24,60000,48200,0,1210000,135000,15300,2,2,3,RARELY,MEDIUM,WEALTH_CREATION,52,HIGH
48,102000,90500,0,669000,271000,36400,5,2,3,RARELY,HIGH,WEALTH_CREATION,48,LOW
28,119000,61200,21500,2427000,766000,36300,12,2,4,MONTHLY,MEDIUM,TAX_SAVING,77,HIGH
50,77000,44800,28800,162000,25000,3400,10,2,5,MONTHLY,HIGH,WEALTH_CREATION,74,HIGH
39,54000,30700,12200,302000,163000,11100,15,4,2,QUARTERLY,MEDIUM,WEALTH_CREATION,75,HIGH
60,20000,14900,2300,134000,12000,2800,20,1,1,QUARTERLY,MEDIUM,WEALTH_CREATION,49,HIGH
37,25000,15500,7400,462000,14000,2100,6,1,1,RARELY,HIGH,TAX_SAVING,25,MEDIUM
60,144000,108400,21700,2909000,354000,13900,5,1,2,LUMP_SUM,LOW,SHORT_TERM_GOAL,48,HIGH
26,34000,13500,8000,302000,93000,12500,5,1,2,MONTHLY,LOW,RETIREMENT,60,HIGH
32,56000,44200,2400,254000,37000,9400,10,2,3,QUARTERLY,MEDIUM,TAX_SAVING,54,MEDIUM
26,82000,36600,41100,156000,26000,4300,3,2,4,RARELY,HIGH,EMERGENCY_FUND,54,LOW
48,108000,58200,35500,661000,311000,14300,21,2,2,MONTHLY,HIGH,TAX_SAVING,50,HIGH
36,35000,25000,6300,212000,1000,3700,5,1,4,MONTHLY,MEDIUM,WEALTH_CREATION,76,HIGH
44,46000,30600,0,267000,40000,22600,2,4,5,MONTHLY,MEDIUM,WEALTH_CREATION,100,HIGH
36,33000,13600,10300,889000,58000,9100,15,2,2,MONTHLY,LOW,WEALTH_CREATION,65,HIGH
59,68000,38000,26100,706000,188000,3900,2,2,1,MONTHLY,MEDIUM,WEALTH_CREATION,56,HIGH
53,65000,50400,4700,674000,122000,9900,4,3,4,RARELY,MEDIUM,EMERGENCY_FUND,59,MEDIUM
27,74000,50200,20800,264000,21000,3000,1,1,1,MONTHLY,HIGH,RETIREMENT,39,LOW
33,90000,61800,5500,423000,48000,22700,2,2,2,MONTHLY,LOW,WEALTH_CREATION,89,HIGH
62,156000,89000,35300,256000,152000,31700,3,3,1,QUARTERLY,MEDIUM,RETIREMENT,48,LOW
32,56000,33300,13500,995000,128000,9200,11,1,2,RARELY,MEDIUM,RETIREMENT,38,HIGH
39,79000,29300,27600,1538000,1018000,22100,5,1,4,LUMP_SUM,MEDIUM,SHORT_TERM_GOAL,67,HIGH
21,51000,32500,2200,581000,26000,16300,3,2,2,MONTHLY,LOW,WEALTH_CREATION,78,MEDIUM
58,80000,58800,19300,370000,8000,1900,9,4,2,RARELY,MEDIUM,WEALTH_CREATION,41,HIGH
39,44000,20700,17200,618000,105000,6100,12,1,2,QUARTERLY,HIGH,TAX_SAVING,39,HIGH
59,91000,32700,17900,719000,134000,40400,12,2,1,MONTHLY,LOW,RETIREMENT,80,HIGH
54,78000,51600,13800,680000,107000,12600,1,2,1,MONTHLY,HIGH,RETIREMENT,45,MEDIUM
43,43000,27900,2400,395000,54000,12700,1,3,1,MONTHLY,MEDIUM,TAX_SAVING,65,MEDIUM
62,70000,44600,17100,2334000,771000,8300,23,2,5,MONTHLY,LOW,RETIREMENT,76,HIGH
52,85000,55100,20300,569000,96000,9600,8,1,5,MONTHLY,HIGH,RETIREMENT,76,HIGH
24,30000,18500,5800,673000,169000,5700,1,4,4,QUARTERLY,MEDIUM,WEALTH_CREATION,91,HIGH
57,134000,48800,74800,356000,187000,10400,10,1,3,RARELY,HIGH,WEALTH_CREATION,43,MEDIUM
36,62000,42700,9700,987000,252000,9600,5,4,5,MONTHLY,MEDIUM,WEALTH_CREATION,91,HIGH
24,48000,18200,16100,808000,75000,13700,3,1,2,MONTHLY,LOW,WEALTH_CREATION,70,HIGH
44,113000,83900,20000,611000,225000,9100,11,2,5,MONTHLY,HIGH,WEALTH_CREATION,77,HIGH
58,58000,53300,0,1516000,622000,14800,22,1,3,LUMP_SUM,MEDIUM,RETIREMENT,60,HIGH
48,76000,47600,14300,1197000,353000,14100,2,1,3,QUARTERLY,LOW,EMERGENCY_FUND,70,HIGH
59,58000,37200,3500,1010000,161000,17300,7,2,1,MONTHLY,MEDIUM,RETIREMENT,57,HIGH
23,111000,78400,19200,1694000,372000,13400,4,3,2,MONTHLY,LOW,WEALTH_CREATION,70,HIGH
51,62000,51700,0,1063000,97000,29600,13,4,2,RARELY,HIGH,WEALTH_CREATION,57,HIGH
33,65000,52900,4200,1004000,18000,7900,22,2,5,MONTHLY,MEDIUM,RETIREMENT,61,HIGH
36,48000,22500,23000,805000,353000,2500,19,3,5,LUMP_SUM,LOW,TAX_SAVING,98,HIGH
32,64000,53600,0,3108000,1745000,25500,7,1,4,LUMP_SUM,MEDIUM,WEALTH_CREATION,54,HIGH
37,55000,21700,30600,480000,182000,2700,16,2,5,MONTHLY,MEDIUM,RETIREMENT,89,HIGH
54,74000,33000,37700,500000,43000,3300,5,3,2,QUARTERLY,LOW,RETIREMENT,72,HIGH
26,34000,14400,12700,399000,125000,6900,1,2,5,MONTHLY,MEDIUM,WEALTH_CREATION,83,HIGH
44,31000,18100,9500,109000,34000,3400,1,4,4,MONTHLY,HIGH,WEALTH_CREATION,91,HIGH
57,156000,102400,29800,950000,487000,23800,3,1,4,QUARTERLY,MEDIUM,RETIREMENT,63,MEDIUM
45,34000,14500,7600,141000,82000,11900,13,3,3,MONTHLY,MEDIUM,RETIREMENT,63,HIGH
42,41000,30200,0,416000,46000,11200,10,1,3,RARELY,HIGH,EMERGENCY_FUND,26,LOW
64,73000,43900,17600,125000,10000,11500,3,2,2,MONTHLY,MEDIUM,RETIREMENT,41,MEDIUM
57,37000,15600,8800,327000,68000,12600,21,3,1,LUMP_SUM,HIGH,SHORT_TERM_GOAL,62,MEDIUM
50,30000,23400,5500,72000,5000,1100,13,3,3,LUMP_SUM,MEDIUM,SHORT_TERM_GOAL,80,HIGH
34,109000,81800,7500,1224000,118000,19700,4,2,2,MONTHLY,MEDIUM,EMERGENCY_FUND,52,LOW
63,62000,30700,29300,213000,61000,2000,8,4,4,RARELY,MEDIUM,WEALTH_CREATION,93,HIGH
45,78000,52300,21300,1125000,479000,4400,6,2,2,RARELY,LOW,SHORT_TERM_GOAL,52,HIGH
40,154000,122400,0,48000,6000,59000,23,2,3,MONTHLY,LOW,SHORT_TERM_GOAL,75,LOW
26,59000,35800,500,1429000,841000,22700,5,1,1,RARELY,MEDIUM,WEALTH_CREATION,34,HIGH
56,97000,76800,0,851000,203000,32700,6,3,1,RARELY,MEDIUM,WEALTH_CREATION,43,LOW
62,36000,23400,0,549000,97000,15900,9,2,1,LUMP_SUM,LOW,RETIREMENT,60,MEDIUM
59,20000,10300,0,196000,56000,10800,7,2,2,MONTHLY,HIGH,WEALTH_CREATION,68,LOW
58,35000,23300,8800,90000,27000,2900,2,2,4,RARELY,HIGH,TAX_SAVING,75,LOW
55,86000,41700,25900,1882000,679000,18400,5,2,1,QUARTERLY,LOW,WEALTH_CREATION,46,HIGH
51,43000,25500,8400,1305000,602000,9100,7,4,5,RARELY,MEDIUM,WEALTH_CREATION,84,HIGH
22,37000,22200,2600,492000,21000,12200,5,1,2,RARELY,MEDIUM,SHORT_TERM_GOAL,42,LOW
52,83000,41200,9700,2350000,692000,32100,25,1,4,MONTHLY,LOW,SHORT_TERM_GOAL,69,HIGH
38,153000,107700,0,6450000,1989000,84100,3,1,5,LUMP_SUM,LOW,RETIREMENT,69,HIGH
57,89000,54800,7200,913000,586000,27000,5,1,4,LUMP_SUM,MEDIUM,WEALTH_CREATION,63,HIGH
29,144000,83600,52300,2973000,305000,8100,15,2,1,RARELY,LOW,TAX_SAVING,40,HIGH
58,38000,23700,400,937000,136000,13900,12,1,1,LUMP_SUM,MEDIUM,RETIREMENT,51,HIGH
49,82000,48800,8700,1689000,212000,24500,1,1,4,LUMP_SUM,LOW,WEALTH_CREATION,65,HIGH
57,164000,101600,5100,5511000,586000,57300,6,1,3,QUARTERLY,MEDIUM,RETIREMENT,46,HIGH
33,87000,72900,4800,874000,92000,9300,10,1,2,QUARTERLY,LOW,EMERGENCY_FUND,57,MEDIUM
56,58000,32100,9300,580000,87000,16600,6,2,2,RARELY,HIGH,WEALTH_CREATION,46,HIGH
41,36000,27000,2900,133000,68000,6100,1,2,4,RARELY,LOW,EMERGENCY_FUND,76,LOW
62,54000,38400,10800,1461000,207000,4800,1,2,2,MONTHLY,MEDIUM,SHORT_TERM_GOAL,60,HIGH
56,92000,39000,13800,870000,220000,39200,1,4,2,LUMP_SUM,HIGH,RETIREMENT,64,MEDIUM
64,125000,95500,0,1558000,881000,31700,17,4,3,LUMP_SUM,MEDIUM,SHORT_TERM_GOAL,100,HIGH
65,100000,51500,34600,2437000,490000,13900,10,1,3,MONTHLY,HIGH,RETIREMENT,65,HIGH
39,42000,34700,0,178000,83000,7400,5,1,4,MONTHLY,MEDIUM,WEALTH_CREATION,56,MEDIUM
21,26000,17900,3000,113000,22000,5100,1,1,2,QUARTERLY,MEDIUM,EMERGENCY_FUND,43,LOW
63,20000,15000,0,419000,145000,7900,3,2,3,MONTHLY,MEDIUM,WEALTH_CREATION,75,HIGH
32,67000,52200,5500,851000,621000,9300,1,2,1,QUARTERLY,MEDIUM,WEALTH_CREATION,43,HIGH
61,70000,52100,12900,1310000,268000,5000,18,4,3,MONTHLY,HIGH,WEALTH_CREATION,72,HIGH
64,115000,55400,22400,4447000,626000,37200,12,1,3,QUARTERLY,LOW,TAX_SAVING,68,HIGH
40,37000,21900,12100,107000,5000,3000,9,3,3,LUMP_SUM,MEDIUM,RETIREMENT,74,HIGH
44,60000,37900,3800,474000,119000,18300,16,1,3,RARELY,MEDIUM,RETIREMENT,52,MEDIUM
60,65000,38300,11200,423000,42000,15500,9,1,2,MONTHLY,LOW,WEALTH_CREATION,53,HIGH
58,104000,66000,33000,1192000,217000,5000,11,2,2,QUARTERLY,HIGH,WEALTH_CREATION,43,HIGH
47,51000,30900,400,666000,353000,19700,4,5,1,MONTHLY,LOW,EMERGENCY_FUND,100,HIGH
41,42000,27000,3700,658000,72000,11300,4,5,3,MONTHLY,MEDIUM,SHORT_TERM_GOAL,82,HIGH
48,192000,169200,0,1226000,517000,32000,6,3,4,MONTHLY,HIGH,WEALTH_CREATION,73,HIGH
38,90000,55600,0,1884000,170000,43000,11,3,4,MONTHLY,LOW,WEALTH_CREATION,84,HIGH
37,132000,62900,25400,1786000,192000,43700,19,5,4,LUMP_SUM,HIGH,TAX_SAVING,75,HIGH
52,69000,63400,0,734000,324000,11300,14,1,4,MONTHLY,MEDIUM,WEALTH_CREATION,73,HIGH
42,39000,33500,0,558000,50000,14400,6,3,4,MONTHLY,LOW,WEALTH_CREATION,83,HIGH
31,32000,12300,17200,152000,34000,2500,5,2,2,MONTHLY,HIGH,TAX_SAVING,75,HIGH
36,83000,44800,16200,564000,172000,22000,18,2,4,MONTHLY,LOW,RETIREMENT,84,HIGH
31,39000,29800,5200,488000,327000,4000,6,1,2,QUARTERLY,MEDIUM,SHORT_TERM_GOAL,70,HIGH
40,78000,71700,0,1122000,319000,23800,9,1,2,MONTHLY,MEDIUM,RETIREMENT,51,HIGH
42,23000,21100,0,380000,95000,6300,19,1,2,QUARTERLY,LOW,WEALTH_CREATION,46,HIGH
62,35000,15300,8100,119000,54000,11600,11,2,1,LUMP_SUM,MEDIUM,RETIREMENT,54,MEDIUM
59,183000,69800,89700,1478000,194000,23500,9,2,5,RARELY,HIGH,WEALTH_CREATION,64,HIGH
31,50000,37600,11300,1174000,231000,1100,17,1,3,LUMP_SUM,MEDIUM,TAX_SAVING,45,HIGH
56,64000,24700,32900,258000,184000,6400,15,4,1,RARELY,MEDIUM,TAX_SAVING,57,HIGH
65,56000,38900,8000,1155000,537000,9100,18,2,5,QUARTERLY,MEDIUM,EMERGENCY_FUND,88,HIGH
63,50000,30600,4200,1427000,277000,15200,1,3,3,RARELY,HIGH,WEALTH_CREATION,59,HIGH
38,184000,100100,33800,346000,120000,50100,15,5,5,RARELY,HIGH,RETIREMENT,78,HIGH
56,35000,15800,15400,225000,63000,3800,8,2,2,LUMP_SUM,HIGH,WEALTH_CREATION,71,HIGH
62,22000,17000,4600,84000,27000,400,15,1,4,MONTHLY,MEDIUM,WEALTH_CREATION,73,HIGH
39,60000,42400,0,1244000,494000,17900,5,1,1,MONTHLY,LOW,TAX_SAVING,58,HIGH
38,92000,67500,15400,1874000,233000,9100,4,5,3,MONTHLY,MEDIUM,WEALTH_CREATION,100,HIGH
65,66000,54900,5000,850000,161000,6100,1,1,2,LUMP_SUM,MEDIUM,WEALTH_CREATION,56,HIGH
29,80000,66700,6400,1349000,370000,6900,17,3,5,LUMP_SUM,HIGH,WEALTH_CREATION,56,HIGH
63,41000,25700,0,363000,89000,16500,6,1,3,LUMP_SUM,LOW,WEALTH_CREATION,44,MEDIUM
47,76000,54700,0,795000,396000,22400,4,2,3,MONTHLY,HIGH,TAX_SAVING,75,MEDIUM
54,40000,25900,11300,349000,65000,2800,19,1,4,MONTHLY,MEDIUM,EMERGENCY_FUND,75,HIGH
47,118000,83100,29200,733000,231000,5700,5,4,4,LUMP_SUM,HIGH,WEALTH_CREATION,87,HIGH
62,93000,60100,9100,786000,505000,23800,3,3,4,LUMP_SUM,MEDIUM,WEALTH_CREATION,75,HIGH
57,99000,45500,16100,1357000,474000,37400,15,3,1,QUARTERLY,HIGH,WEALTH_CREATION,43,HIGH
29,34000,28200,3600,454000,108000,2200,20,1,1,MONTHLY,MEDIUM,TAX_SAVING,51,HIGH
63,38000,19200,17400,87000,41000,1400,10,3,3,RARELY,MEDIUM,WEALTH_CREATION,51,MEDIUM
64,116000,57000,14500,2257000,694000,44500,13,4,2,MONTHLY,LOW,WEALTH_CREATION,77,HIGH
62,124000,79700,18500,2990000,651000,25800,1,1,1,MONTHLY,MEDIUM,EMERGENCY_FUND,58,HIGH
27,192000,145900,12600,4901000,1382000,33500,1,2,4,LUMP_SUM,HIGH,TAX_SAVING,41,HIGH
29,114000,68900,25700,325000,57000,19400,4,4,1,LUMP_SUM,HIGH,WEALTH_CREATION,55,LOW
27,114000,29500,77900,86000,18000,6600,16,4,2,MONTHLY,MEDIUM,WEALTH_CREATION,86,HIGH
63,38000,23900,0,948000,319000,14300,13,4,1,LUMP_SUM,MEDIUM,TAX_SAVING,62,HIGH
49,175000,124400,23000,1768000,110000,27600,9,2,1,LUMP_SUM,LOW,WEALTH_CREATION,44,HIGH
25,104000,80200,0,1463000,403000,29100,3,4,2,MONTHLY,LOW,EMERGENCY_FUND,74,MEDIUM
47,83000,57000,0,696000,127000,27900,4,3,4,LUMP_SUM,MEDIUM,SHORT_TERM_GOAL,87,HIGH
27,74000,47300,0,612000,105000,31400,4,2,4,MONTHLY,LOW,SHORT_TERM_GOAL,86,HIGH
34,60000,54800,0,338000,8000,27200,4,1,3,LUMP_SUM,HIGH,EMERGENCY_FUND,51,LOW
57,121000,81200,0,939000,546000,64300,12,1,1,MONTHLY,HIGH,TAX_SAVING,55,LOW
23,60000,34300,4600,958000,170000,21100,4,2,3,MONTHLY,HIGH,TAX_SAVING,72,MEDIUM
29,127000,72300,47900,1847000,585000,6800,20,3,1,LUMP_SUM,HIGH,WEALTH_CREATION,45,HIGH
64,121000,93800,2200,696000,230000,25000,3,1,3,MONTHLY,MEDIUM,RETIREMENT,60,MEDIUM
64,72000,66200,0,445000,11000,13600,9,1,3,QUARTERLY,LOW,RETIREMENT,75,HIGH
30,37000,25300,7300,576000,111000,4400,20,4,1,QUARTERLY,LOW,WEALTH_CREATION,75,HIGH
54,20000,16200,0,233000,35000,5100,1,1,4,MONTHLY,LOW,RETIREMENT,68,MEDIUM
48,120000,81500,26800,452000,244000,11700,5,4,2,MONTHLY,MEDIUM,WEALTH_CREATION,81,MEDIUM
41,105000,86500,0,5247000,1119000,19500,15,1,3,QUARTERLY,LOW,SHORT_TERM_GOAL,72,HIGH
29,48000,34400,9900,790000,386000,3700,8,1,1,RARELY,MEDIUM,SHORT_TERM_GOAL,37,MEDIUM
27,75000,52000,13700,433000,42000,9300,12,1,3,RARELY,LOW,WEALTH_CREATION,52,HIGH
39,87000,67700,1700,493000,99000,17600,23,2,3,MONTHLY,HIGH,WEALTH_CREATION,61,HIGH
53,51000,21000,25600,366000,28000,4400,13,3,3,LUMP_SUM,HIGH,RETIREMENT,48,HIGH
38,54000,36100,0,309000,46000,29700,1,1,4,LUMP_SUM,MEDIUM,SHORT_TERM_GOAL,40,LOW
23,75000,22700,39200,158000,56000,13100,6,2,2,MONTHLY,MEDIUM,RETIREMENT,59,MEDIUM
56,40000,21600,13000,759000,60000,5400,7,1,1,MONTHLY,LOW,EMERGENCY_FUND,44,HIGH
35,152000,69500,76800,556000,171000,5700,9,3,2,RARELY,LOW,WEALTH_CREATION,73,HIGH
55,83000,44800,19900,1934000,493000,18300,12,1,2,MONTHLY,HIGH,SHORT_TERM_GOAL,45,HIGH
35,47000,28400,12400,574000,56000,6200,2,1,4,RARELY,HIGH,TAX_SAVING,42,MEDIUM
50,29000,19600,7600,625000,164000,1800,10,5,2,MONTHLY,LOW,RETIREMENT,86,HIGH
21,43000,24200,13200,328000,55000,5600,4,3,1,MONTHLY,LOW,RETIREMENT,68,HIGH
59,50000,27200,13100,402000,138000,9700,3,4,5,RARELY,MEDIUM,TAX_SAVING,100,HIGH
44,20000,12500,7000,66000,23000,500,24,2,4,MONTHLY,LOW,EMERGENCY_FUND,76,HIGH
34,25000,19600,800,482000,52000,4600,4,3,4,RARELY,MEDIUM,RETIREMENT,66,HIGH
44,70000,43500,20500,678000,329000,6000,13,2,4,MONTHLY,MEDIUM,WEALTH_CREATION,80,HIGH
26,108000,94500,100,4613000,2641000,13400,15,3,1,LUMP_SUM,LOW,SHORT_TERM_GOAL,64,HIGH
43,71000,39100,19800,158000,75000,12100,16,2,2,RARELY,LOW,TAX_SAVING,60,MEDIUM
29,29000,18700,900,1431000,457000,9400,11,3,2,RARELY,HIGH,WEALTH_CREATION,40,HIGH
39,130000,67100,44900,923000,161000,18000,2,1,4,QUARTERLY,HIGH,SHORT_TERM_GOAL,52,HIGH
57,123000,93700,20700,2862000,682000,8600,3,1,2,MONTHLY,LOW,WEALTH_CREATION,61,HIGH
21,66000,33600,16300,347000,128000,16100,17,4,2,MONTHLY,MEDIUM,TAX_SAVING,89,HIGH
50,29000,21000,0,1586000,375000,13900,11,1,5,MONTHLY,LOW,WEALTH_CREATION,66,HIGH
53,59000,45600,7700,536000,323000,5700,14,1,5,LUMP_SUM,MEDIUM,SHORT_TERM_GOAL,69,HIGH
63,20000,8700,6100,147000,32000,5200,5,1,4,MONTHLY,MEDIUM,WEALTH_CREATION,63,HIGH
39,164000,120900,27200,6327000,1670000,15900,5,1,3,LUMP_SUM,LOW,WEALTH_CREATION,46,HIGH
64,91000,65700,16700,1350000,8000,8600,13,4,2,MONTHLY,MEDIUM,WEALTH_CREATION,76,HIGH
21,47000,30000,1600,573000,230000,15400,13,4,3,RARELY,LOW,TAX_SAVING,85,HIGH
56,42000,24900,0,267000,12000,18300,11,3,2,MONTHLY,MEDIUM,RETIREMENT,74,HIGH
53,54000,23100,29400,174000,60000,1500,11,2,4,RARELY,HIGH,RETIREMENT,42,HIGH
32,34000,21600,0,2664000,1614000,15400,17,2,2,MONTHLY,MEDIUM,RETIREMENT,72,HIGH
24,34000,18100,13400,349000,86000,2500,12,3,4,RARELY,HIGH,TAX_SAVING,64,HIGH
26,181000,125200,26300,2085000,492000,29500,2,3,1,MONTHLY,HIGH,TAX_SAVING,69,HIGH
36,47000,33000,8400,578000,2000,5600,18,3,1,MONTHLY,HIGH,EMERGENCY_FUND,58,MEDIUM
33,183000,126100,16300,4461000,1032000,40600,9,3,2,QUARTERLY,MEDIUM,EMERGENCY_FUND,55,HIGH
55,60000,33800,0,1155000,267000,29200,21,4,3,RARELY,MEDIUM,WEALTH_CREATION,61,HIGH
46,146000,107500,11800,3053000,253000,26700,15,1,1,MONTHLY,LOW,RETIREMENT,70,HIGH
21,99000,79100,0,1991000,1188000,32000,3,2,4,RARELY,HIGH,EMERGENCY_FUND,42,HIGH
39,67000,56700,6800,1203000,459000,3500,4,3,3,RARELY,MEDIUM,TAX_SAVING,70,HIGH
65,30000,12100,11800,234000,59000,6100,3,5,3,MONTHLY,HIGH,WEALTH_CREATION,77,HIGH
25,104000,71900,8700,535000,120000,23400,8,2,3,MONTHLY,MEDIUM,TAX_SAVING,82,MEDIUM
44,85000,58000,16000,827000,196000,11000,8,1,3,LUMP_SUM,MEDIUM,SHORT_TERM_GOAL,62,MEDIUM
48,46000,40600,0,653000,252000,7400,10,5,1,LUMP_SUM,MEDIUM,TAX_SAVING,72,HIGH
22,47000,34300,3200,436000,65000,9500,17,2,1,MONTHLY,LOW,TAX_SAVING,61,HIGH
55,60000,29200,16100,1318000,125000,14700,2,5,2,RARELY,LOW,RETIREMENT,89,HIGH
60,38000,20400,10000,578000,319000,7600,2,2,3,MONTHLY,HIGH,WEALTH_CREATION,64,HIGH
36,105000,89900,7800,709000,363000,7300,3,4,2,MONTHLY,MEDIUM,WEALTH_CREATION,61,HIGH
21,57000,24800,25800,726000,151000,6400,1,5,1,LUMP_SUM,HIGH,WEALTH_CREATION,70,HIGH
29,81000,61900,8900,760000,326000,10200,4,1,5,QUARTERLY,HIGH,TAX_SAVING,62,HIGH
58,40000,30700,0,1360000,910000,11000,11,2,4,MONTHLY,HIGH,TAX_SAVING,73,HIGH
21,40000,34200,3800,259000,116000,2000,10,1,4,QUARTERLY,MEDIUM,WEALTH_CREATION,58,HIGH
39,100000,62200,16600,512000,130000,21200,8,5,3,MONTHLY,LOW,TAX_SAVING,100,HIGH
33,33000,23100,5700,562000,45000,4200,4,4,2,RARELY,LOW,WEALTH_CREATION,86,HIGH
45,235000,161800,0,3388000,730000,129200,1,1,4,MONTHLY,MEDIUM,TAX_SAVING,59,MEDIUM
62,55000,12100,41800,183000,84000,1100,16,3,4,QUARTERLY,MEDIUM,WEALTH_CREATION,44,HIGH
44,49000,36200,6300,262000,98000,6500,7,1,2,MONTHLY,MEDIUM,SHORT_TERM_GOAL,50,MEDIUM
36,72000,32400,33900,269000,53000,5700,12,1,4,RARELY,MEDIUM,EMERGENCY_FUND,49,MEDIUM
35,25000,19400,2900,261000,23000,2700,15,1,3,MONTHLY,HIGH,SHORT_TERM_GOAL,39,MEDIUM
29,20000,15500,0,108000,12000,6100,4,1,2,MONTHLY,MEDIUM,WEALTH_CREATION,59,MEDIUM
37,140000,66100,17600,2748000,220000,56300,4,1,3,QUARTERLY,MEDIUM,WEALTH_CREATION,55,HIGH
38,100000,31400,63400,239000,54000,5200,1,2,3,MONTHLY,LOW,WEALTH_CREATION,83,HIGH
42,64000,30700,8700,2311000,1255000,24600,8,2,2,LUMP_SUM,HIGH,TAX_SAVING,47,HIGH
63,182000,73800,32300,2518000,1476000,75900,7,2,3,LUMP_SUM,MEDIUM,WEALTH_CREATION,63,HIGH
60,78000,49300,21200,1362000,250000,7500,6,2,4,MONTHLY,MEDIUM,WEALTH_CREATION,74,HIGH
64,107000,76300,0,1124000,93000,48900,11,1,3,MONTHLY,HIGH,TAX_SAVING,54,MEDIUM
22,44000,32400,5000,840000,69000,6600,14,1,5,MONTHLY,LOW,TAX_SAVING,89,HIGH
56,67000,38700,7800,42000,24000,20500,1,4,5,MONTHLY,LOW,WEALTH_CREATION,97,MEDIUM
24,191000,143800,4400,2763000,1107000,42800,3,3,5,LUMP_SUM,MEDIUM,EMERGENCY_FUND,70,HIGH
33,79000,65700,10000,1581000,349000,3300,6,1,2,RARELY,LOW,EMERGENCY_FUND,55,HIGH
45,68000,40300,17800,861000,262000,9900,1,1,3,MONTHLY,MEDIUM,TAX_SAVING,62,MEDIUM
24,241000,143200,51100,3792000,1185000,46700,4,2,4,LUMP_SUM,MEDIUM,WEALTH_CREATION,78,HIGH
48,127000,59300,56500,651000,102000,11200,13,3,4,RARELY,HIGH,SHORT_TERM_GOAL,46,MEDIUM
34,59000,22000,12700,1954000,31000,24300,5,4,3,MONTHLY,MEDIUM,WEALTH_CREATION,89,HIGH
26,178000,129400,0,3636000,639000,52800,5,2,4,QUARTERLY,MEDIUM,WEALTH_CREATION,60,HIGH
61,22000,16600,4400,73000,16000,1000,4,4,3,QUARTERLY,MEDIUM,EMERGENCY_FUND,75,MEDIUM
27,69000,55300,300,1703000,1089000,13400,11,1,1,RARELY,MEDIUM,RETIREMENT,32,HIGH
27,37000,26600,6000,173000,78000,4400,1,2,4,LUMP_SUM,MEDIUM,WEALTH_CREATION,47,MEDIUM
59,37000,21000,11400,279000,9000,4600,9,1,3,QUARTERLY,MEDIUM,SHORT_TERM_GOAL,58,HIGH
29,59000,41100,8300,1681000,702000,9600,5,3,3,MONTHLY,HIGH,WEALTH_CREATION,87,HIGH
23,72000,31100,32800,52000,13000,8100,2,2,1,QUARTERLY,MEDIUM,WEALTH_CREATION,40,MEDIUM
58,50000,37000,11900,460000,95000,1100,6,1,2,QUARTERLY,LOW,WEALTH_CREATION,46,HIGH
37,33000,21200,5000,434000,65000,6800,10,1,3,LUMP_SUM,MEDIUM,EMERGENCY_FUND,43,MEDIUM
63,122000,60000,31700,805000,221000,30300,11,1,4,LUMP_SUM,LOW,RETIREMENT,63,HIGH
25,189000,144000,0,2990000,1769000,53600,9,5,4,MONTHLY,MEDIUM,EMERGENCY_FUND,100,HIGH
43,55000,23300,27000,686000,26000,4700,10,5,2,MONTHLY,MEDIUM,RETIREMENT,98,HIGH
56,140000,99100,4800,6946000,2686000,36100,4,3,1,MONTHLY,HIGH,WEALTH_CREATION,48,HIGH
28,25000,9000,13000,104000,0,3000,16,2,2,MONTHLY,MEDIUM,SHORT_TERM_GOAL,59,HIGH
36,42000,37900,0,354000,125000,5400,6,3,2,MONTHLY,HIGH,SHORT_TERM_GOAL,50,LOW
57,20000,9500,4400,64000,8000,6100,1,1,3,RARELY,HIGH,RETIREMENT,32,LOW
65,66000,31700,13400,1498000,686000,20900,5,1,1,LUMP_SUM,MEDIUM,TAX_SAVING,43,HIGH
52,97000,53800,24900,2283000,117000,18300,15,2,1,LUMP_SUM,MEDIUM,WEALTH_CREATION,45,HIGH
42,174000,123200,41700,946000,773000,9100,13,2,1,MONTHLY,MEDIUM,TAX_SAVING,60,HIGH
39,80000,73600,0,1445000,250000,10900,13,2,1,QUARTERLY,MEDIUM,SHORT_TERM_GOAL,66,HIGH
34,95000,49800,0,447000,196000,52200,6,2,1,MONTHLY,MEDIUM,RETIREMENT,67,LOW
59,49000,22300,18100,329000,195000,8600,8,1,1,MONTHLY,HIGH,TAX_SAVING,41,MEDIUM
41,113000,82400,0,1860000,511000,47400,7,4,4,RARELY,HIGH,WEALTH_CREATION,71,HIGH
52,29000,11300,10300,442000,71000,7400,6,3,1,QUARTERLY,MEDIUM,SHORT_TERM_GOAL,59,HIGH
31,56000,41300,0,1040000,397000,22000,7,1,2,LUMP_SUM,MEDIUM,TAX_SAVING,61,MEDIUM
41,78000,35800,35400,1100000,86000,6800,13,2,1,LUMP_SUM,HIGH,EMERGENCY_FUND,48,MEDIUM
44,42000,38600,0,750000,266000,19900,6,1,3,QUARTERLY,MEDIUM,RETIREMENT,56,MEDIUM
63,96000,88300,0,577000,226000,9800,16,1,5,MONTHLY,LOW,RETIREMENT,77,HIGH
55,79000,47600,30800,437000,37000,600,1,4,3,QUARTERLY,LOW,WEALTH_CREATION,80,HIGH
32,20000,9600,0,215000,78000,11000,1,2,2,RARELY,MEDIUM,SHORT_TERM_GOAL,46,LOW
39,125000,96500,0,1523000,249000,48200,12,1,4,MONTHLY,HIGH,RETIREMENT,50,MEDIUM
38,85000,39500,32600,266000,68000,12900,13,1,2,QUARTERLY,LOW,WEALTH_CREATION,63,HIGH
27,60000,38900,14400,282000,244000,6700,14,4,1,QUARTERLY,LOW,WEALTH_CREATION,86,HIGH
61,88000,56000,16800,1064000,278000,15200,12,2,5,MONTHLY,LOW,TAX_SAVING,97,HIGH
42,30000,17800,8700,96000,48000,3500,18,2,5,RARELY,MEDIUM,SHORT_TERM_GOAL,65,HIGH
57,57000,44500,0,831000,378000,15900,6,3,3,MONTHLY,MEDIUM,WEALTH_CREATION,88,HIGH
64,21000,16300,1500,317000,35000,3200,1,2,4,RARELY,MEDIUM,WEALTH_CREATION,60,HIGH
57,49000,20800,21000,65000,21000,7200,3,1,5,MONTHLY,HIGH,TAX_SAVING,68,HIGH
45,163000,122000,8200,442000,34000,32800,4,2,2,RARELY,HIGH,WEALTH_CREATION,52,LOW
30,45000,17800,25400,489000,126000,1800,4,1,3,RARELY,LOW,WEALTH_CREATION,52,HIGH
48,65000,38300,0,680000,113000,28700,3,1,4,MONTHLY,LOW,EMERGENCY_FUND,77,MEDIUM
49,73000,41200,22000,1037000,42000,9800,5,2,2,MONTHLY,HIGH,WEALTH_CREATION,49,MEDIUM
51,80000,48100,14300,1346000,432000,17600,3,2,1,QUARTERLY,HIGH,RETIREMENT,33,MEDIUM
40,161000,94900,34800,1225000,431000,31300,9,3,5,LUMP_SUM,HIGH,EMERGENCY_FUND,81,MEDIUM
52,37000,34000,1200,327000,42000,1800,3,1,4,QUARTERLY,HIGH,EMERGENCY_FUND,76,LOW
64,129000,93300,18600,2516000,967000,17100,22,1,2,RARELY,LOW,RETIREMENT,57,HIGH
44,49000,29100,12500,1203000,17000,7400,8,3,3,MONTHLY,MEDIUM,SHORT_TERM_GOAL,75,HIGH
41,36000,20800,1100,605000,169000,14100,7,4,4,MONTHLY,MEDIUM,RETIREMENT,97,HIGH
64,81000,51100,9400,244000,169000,20500,4,4,3,LUMP_SUM,MEDIUM,WEALTH_CREATION,79,HIGH
61,37000,13400,22200,248000,111000,1400,21,2,3,MONTHLY,HIGH,TAX_SAVING,56,HIGH
60,75000,59400,0,1050000,402000,26600,1,1,2,LUMP_SUM,MEDIUM,RETIREMENT,54,MEDIUM
40,27000,17500,7600,120000,26000,1900,12,3,2,RARELY,LOW,EMERGENCY_FUND,75,MEDIUM
45,53000,25800,0,546000,13000,27600,12,3,2,RARELY,HIGH,RETIREMENT,43,LOW
63,102000,54300,24100,333000,181000,23600,4,3,1,QUARTERLY,MEDIUM,WEALTH_CREATION,67,MEDIUM
64,59000,48300,0,3172000,226000,16100,4,1,1,MONTHLY,LOW,WEALTH_CREATION,50,HIGH
21,95000,52100,41000,428000,88000,1900,7,1,5,MONTHLY,MEDIUM,SHORT_TERM_GOAL,73,HIGH
21,43000,22900,14800,165000,30000,5300,16,2,1,MONTHLY,MEDIUM,RETIREMENT,46,HIGH
56,60000,32600,20000,709000,58000,7400,16,1,2,LUMP_SUM,HIGH,WEALTH_CREATION,26,HIGH
27,46000,18000,15500,544000,326000,12500,8,2,3,QUARTERLY,LOW,RETIREMENT,80,HIGH
48,124000,98600,0,2224000,303000,31500,3,1,3,MONTHLY,LOW,SHORT_TERM_GOAL,80,MEDIUM
23,45000,23300,20000,723000,138000,1700,7,4,2,LUMP_SUM,MEDIUM,WEALTH_CREATION,78,HIGH
40,77000,55000,5200,709000,81000,16800,18,2,3,QUARTERLY,LOW,WEALTH_CREATION,69,HIGH
36,60000,45800,0,713000,477000,15100,1,2,4,QUARTERLY,LOW,WEALTH_CREATION,85,HIGH
58,78000,49000,20000,840000,373000,9000,2,5,2,RARELY,LOW,WEALTH_CREATION,56,HIGH
33,64000,35900,12900,1167000,73000,15200,1,2,3,RARELY,MEDIUM,WEALTH_CREATION,64,HIGH
33,77000,39900,11100,19000,2000,26000,4,1,1,MONTHLY,LOW,TAX_SAVING,48,LOW
21,126000,100900,0,4901000,1323000,54200,2,1,3,MONTHLY,MEDIUM,SHORT_TERM_GOAL,66,HIGH
35,34000,23800,6100,660000,179000,4100,13,1,4,MONTHLY,MEDIUM,EMERGENCY_FUND,73,HIGH
50,39000,12400,17800,659000,391000,8800,20,1,2,LUMP_SUM,HIGH,EMERGENCY_FUND,48,HIGH
58,94000,66800,0,1118000,168000,37900,3,4,1,QUARTERLY,HIGH,EMERGENCY_FUND,51,LOW
63,119000,80800,20300,1173000,140000,17900,21,2,1,LUMP_SUM,HIGH,SHORT_TERM_GOAL,20,MEDIUM
57,151000,130900,0,1034000,555000,43100,9,1,2,QUARTERLY,MEDIUM,EMERGENCY_FUND,36,MEDIUM
49,56000,44200,9900,1409000,507000,1900,24,3,3,MONTHLY,LOW,WEALTH_CREATION,77,HIGH
55,55000,39400,9700,253000,75000,5900,2,2,2,RARELY,HIGH,TAX_SAVING,45,LOW
24,68000,39200,14600,366000,22000,14200,1,1,1,MONTHLY,MEDIUM,RETIREMENT,44,LOW
35,64000,23100,11800,773000,144000,29100,19,1,2,MONTHLY,HIGH,EMERGENCY_FUND,48,MEDIUM
59,40000,24400,3100,788000,269000,12500,4,1,1,QUARTERLY,HIGH,WEALTH_CREATION,39,MEDIUM
49,47000,43200,1400,840000,219000,2400,5,2,5,MONTHLY,MEDIUM,WEALTH_CREATION,78,HIGH
63,83000,45600,31300,131000,24000,6100,18,2,5,MONTHLY,HIGH,WEALTH_CREATION,67,HIGH
37,76000,54300,17600,250000,95000,4100,13,1,3,MONTHLY,MEDIUM,WEALTH_CREATION,45,HIGH
57,103000,80300,0,1452000,226000,28900,8,5,4,QUARTERLY,MEDIUM,EMERGENCY_FUND,88,HIGH
44,94000,46800,11000,782000,171000,36200,9,4,2,MONTHLY,MEDIUM,RETIREMENT,64,HIGH
59,86000,49000,28700,1571000,9000,8300,2,2,4,MONTHLY,LOW,EMERGENCY_FUND,79,HIGH
26,60000,32600,24900,1073000,721000,2500,2,1,3,MONTHLY,HIGH,SHORT_TERM_GOAL,47,HIGH
54,62000,24600,3300,1465000,530000,34100,5,4,2,MONTHLY,LOW,SHORT_TERM_GOAL,60,HIGH
36,92000,64200,2100,2538000,144000,25700,19,2,3,LUMP_SUM,MEDIUM,EMERGENCY_FUND,51,HIGH
55,93000,70500,15600,304000,55000,6900,1,2,2,MONTHLY,MEDIUM,WEALTH_CREATION,66,MEDIUM
45,125000,66900,51800,983000,780000,6300,25,3,1,QUARTERLY,MEDIUM,WEALTH_CREATION,75,HIGH
58,94000,44400,40700,1332000,293000,8900,19,5,2,MONTHLY,MEDIUM,RETIREMENT,83,HIGH
35,204000,144100,29000,5987000,961000,30900,20,4,2,MONTHLY,LOW,SHORT_TERM_GOAL,85,HIGH
59,72000,37900,21600,1013000,323000,12500,8,1,4,MONTHLY,HIGH,TAX_SAVING,66,HIGH
22,117000,99500,0,1624000,727000,21400,4,3,3,MONTHLY,MEDIUM,SHORT_TERM_GOAL,64,HIGH
43,91000,56600,33000,1414000,629000,1400,4,3,4,MONTHLY,MEDIUM,EMERGENCY_FUND,84,HIGH
41,26000,17900,1100,185000,29000,7000,5,1,1,MONTHLY,LOW,TAX_SAVING,63,LOW
60,41000,14100,25200,145000,12000,1700,7,5,5,RARELY,HIGH,TAX_SAVING,89,HIGH
28,73000,53600,4400,1053000,375000,15000,10,1,5,QUARTERLY,LOW,WEALTH_CREATION,79,HIGH
22,74000,26400,38900,1453000,216000,8700,3,3,1,QUARTERLY,LOW,WEALTH_CREATION,56,HIGH
40,66000,46900,15300,440000,69000,3800,7,1,5,LUMP_SUM,LOW,RETIREMENT,62,HIGH
49,91000,64500,21300,908000,568000,5200,4,1,4,RARELY,LOW,WEALTH_CREATION,53,HIGH
27,40000,21400,16600,747000,403000,2000,7,2,1,LUMP_SUM,MEDIUM,SHORT_TERM_GOAL,66,HIGH
62,186000,99400,66300,747000,386000,20300,12,4,2,LUMP_SUM,HIGH,WEALTH_CREATION,80,HIGH
65,43000,22300,10200,312000,47000,10500,5,4,4,RARELY,MEDIUM,SHORT_TERM_GOAL,74,MEDIUM
25,163000,70700,51500,1108000,465000,40800,13,3,3,MONTHLY,HIGH,WEALTH_CREATION,79,HIGH
25,112000,63100,33000,1241000,29000,15900,13,2,2,LUMP_SUM,LOW,EMERGENCY_FUND,52,HIGH
54,97000,45900,33300,341000,86000,17800,7,3,5,MONTHLY,MEDIUM,WEALTH_CREATION,89,HIGH
61,21000,13500,6300,159000,85000,1200,4,4,3,MONTHLY,MEDIUM,WEALTH_CREATION,69,HIGH
51,75000,36500,30100,1121000,232000,8400,4,3,1,RARELY,MEDIUM,RETIREMENT,51,HIGH
21,164000,111700,9300,3203000,31000,43000,18,3,4,LUMP_SUM,MEDIUM,EMERGENCY_FUND,76,HIGH
31,145000,89300,14700,6043000,1916000,41000,13,2,3,MONTHLY,MEDIUM,SHORT_TERM_GOAL,72,HIGH
51,41000,16500,11700,467000,101000,12800,1,3,2,MONTHLY,HIGH,WEALTH_CREATION,55,HIGH
25,88000,56000,23300,1922000,275000,8700,23,2,1,RARELY,MEDIUM,SHORT_TERM_GOAL,28,HIGH
38,113000,59100,29500,1684000,131000,24400,7,1,2,RARELY,MEDIUM,TAX_SAVING,29,MEDIUM
47,85000,58300,9700,934000,274000,17000,19,4,4,LUMP_SUM,LOW,WEALTH_CREATION,77,HIGH
31,75000,40700,11300,590000,241000,23000,16,3,2,MONTHLY,HIGH,WEALTH_CREATION,57,HIGH
30,69000,63400,0,650000,455000,18400,3,2,2,RARELY,MEDIUM,WEALTH_CREATION,43,LOW
36,138000,67400,24900,644000,147000,45700,21,2,4,QUARTERLY,LOW,SHORT_TERM_GOAL,86,HIGH
33,50000,37300,8000,225000,28000,4700,17,5,1,LUMP_SUM,HIGH,WEALTH_CREATION,78,HIGH
21,71000,55700,4900,1460000,90000,10400,5,4,1,RARELY,MEDIUM,SHORT_TERM_GOAL,58,HIGH
65,46000,36500,0,528000,213000,10100,4,3,1,MONTHLY,MEDIUM,TAX_SAVING,71,HIGH
38,60000,29900,28600,958000,185000,1500,8,4,5,LUMP_SUM,MEDIUM,WEALTH_CREATION,95,HIGH
22,65000,28000,23700,325000,49000,13300,18,3,1,MONTHLY,MEDIUM,EMERGENCY_FUND,59,HIGH
42,96000,67400,0,687000,258000,43100,2,1,3,MONTHLY,MEDIUM,TAX_SAVING,58,LOW
21,72000,34800,21400,828000,111000,15800,11,2,3,LUMP_SUM,MEDIUM,RETIREMENT,59,HIGH
49,59000,35800,13700,563000,19000,9500,24,2,2,MONTHLY,LOW,WEALTH_CREATION,56,HIGH
51,26000,15900,6700,169000,17000,3400,13,3,1,MONTHLY,HIGH,RETIREMENT,46,MEDIUM
64,153000,90600,33400,2153000,92000,29000,16,3,2,RARELY,LOW,TAX_SAVING,68,HIGH
24,61000,47000,0,1500000,415000,14700,15,2,4,RARELY,MEDIUM,TAX_SAVING,59,HIGH
57,122000,58300,40100,1733000,180000,23600,5,2,2,MONTHLY,LOW,EMERGENCY_FUND,55,MEDIUM
30,65000,42000,2900,1809000,169000,20100,3,3,3,MONTHLY,MEDIUM,RETIREMENT,69,HIGH
52,87000,78300,0,1512000,595000,9600,18,2,5,MONTHLY,MEDIUM,WEALTH_CREATION,83,HIGH
65,193000,110900,33000,1354000,378000,49100,16,3,1,MONTHLY,HIGH,EMERGENCY_FUND,71,LOW
27,82000,30900,34800,209000,27000,16300,11,2,4,MONTHLY,LOW,EMERGENCY_FUND,85,HIGH
45,93000,58300,4000,640000,303000,30700,16,3,1,MONTHLY,LOW,WEALTH_CREATION,66,HIGH
27,207000,117200,23000,1322000,371000,66800,7,1,2,LUMP_SUM,HIGH,EMERGENCY_FUND,42,LOW
23,32000,18100,3200,494000,100000,10700,2,3,4,MONTHLY,HIGH,EMERGENCY_FUND,64,MEDIUM
39,92000,72600,14700,4276000,2877000,4700,15,5,3,MONTHLY,LOW,SHORT_TERM_GOAL,92,HIGH
57,123000,70200,35100,2973000,545000,17700,6,1,1,RARELY,MEDIUM,RETIREMENT,32,HIGH
45,24000,22000,0,1427000,149000,3100,8,2,4,MONTHLY,HIGH,WEALTH_CREATION,62,HIGH
61,78000,54400,0,464000,111000,32800,7,1,1,RARELY,MEDIUM,WEALTH_CREATION,38,LOW
30,51000,35800,6300,953000,381000,8900,13,4,3,MONTHLY,HIGH,RETIREMENT,78,HIGH
58,60000,35900,18900,406000,23000,5200,15,2,2,MONTHLY,LOW,EMERGENCY_FUND,60,HIGH
50,78000,33200,32900,411000,25000,11900,18,2,5,MONTHLY,MEDIUM,SHORT_TERM_GOAL,83,HIGH
41,64000,31300,27900,614000,102000,4800,2,3,1,MONTHLY,MEDIUM,EMERGENCY_FUND,56,MEDIUM
59,38000,25200,8000,414000,173000,4800,9,1,3,QUARTERLY,HIGH,WEALTH_CREATION,62,HIGH
65,34000,21200,3900,572000,120000,8900,14,1,2,LUMP_SUM,HIGH,EMERGENCY_FUND,37,LOW
60,89000,81800,0,1224000,460000,15400,11,1,1,RARELY,HIGH,RETIREMENT,34,LOW
31,57000,21700,27100,367000,10000,8200,2,2,5,MONTHLY,MEDIUM,WEALTH_CREATION,84,HIGH
25,85000,37100,29100,424000,35000,18800,15,1,2,RARELY,MEDIUM,WEALTH_CREATION,34,MEDIUM
43,40000,11000,22200,807000,225000,6800,9,2,5,RARELY,HIGH,WEALTH_CREATION,60,HIGH
30,106000,68600,1400,1202000,339000,36000,12,1,2,MONTHLY,MEDIUM,TAX_SAVING,43,MEDIUM
27,22000,12200,5300,488000,7000,4500,15,2,5,QUARTERLY,HIGH,TAX_SAVING,63,HIGH
62,32000,12800,16900,395000,85000,2300,7,1,3,MONTHLY,LOW,RETIREMENT,56,HIGH
53,53000,21300,21300,442000,126000,10400,21,1,1,RARELY,MEDIUM,WEALTH_CREATION,18,MEDIUM
39,56000,31500,13100,1114000,464000,11400,2,1,2,LUMP_SUM,LOW,WEALTH_CREATION,42,HIGH
52,44000,11600,14200,757000,359000,18200,9,1,3,LUMP_SUM,MEDIUM,RETIREMENT,55,HIGH
65,126000,50500,51100,1649000,1356000,24400,3,2,4,MONTHLY,MEDIUM,SHORT_TERM_GOAL,75,HIGH
61,165000,96800,60700,2283000,569000,7500,8,4,3,QUARTERLY,LOW,RETIREMENT,85,HIGH
29,95000,37200,35200,364000,28000,22600,6,5,3,QUARTERLY,LOW,EMERGENCY_FUND,93,HIGH
46,101000,72700,22800,559000,31000,5500,11,1,4,QUARTERLY,HIGH,WEALTH_CREATION,75,HIGH
64,124000,76200,29900,228000,36000,17900,11,2,5,RARELY,HIGH,WEALTH_CREATION,64,MEDIUM
52,42000,30400,4700,601000,135000,6900,24,4,4,QUARTERLY,LOW,SHORT_TERM_GOAL,91,HIGH
47,72000,45000,1200,453000,67000,25800,1,4,4,RARELY,MEDIUM,WEALTH_CREATION,70,MEDIUM
24,59000,37500,9000,1179000,73000,12500,2,2,3,LUMP_SUM,HIGH,WEALTH_CREATION,56,HIGH
31,101000,66900,7700,2062000,1362000,26400,18,1,2,MONTHLY,LOW,WEALTH_CREATION,52,HIGH
35,80000,26200,11600,2994000,208000,42200,21,3,4,RARELY,HIGH,RETIREMENT,61,HIGH
41,150000,97000,11900,2034000,565000,41100,12,3,3,RARELY,HIGH,RETIREMENT,50,HIGH
40,68000,47200,11200,473000,42000,9600,8,1,4,RARELY,LOW,WEALTH_CREATION,70,HIGH
41,127000,83600,32700,836000,50000,10700,13,2,3,RARELY,HIGH,RETIREMENT,50,HIGH
52,38000,32400,0,1596000,215000,6400,8,1,4,LUMP_SUM,LOW,EMERGENCY_FUND,79,HIGH
23,61000,28500,25800,162000,3000,6700,10,3,2,MONTHLY,MEDIUM,WEALTH_CREATION,86,HIGH
34,44000,33000,4400,707000,219000,6600,4,2,2,MONTHLY,MEDIUM,WEALTH_CREATION,61,HIGH
55,84000,40500,40500,428000,174000,3000,9,2,2,MONTHLY,MEDIUM,TAX_SAVING,55,HIGH
47,64000,54400,0,1047000,122000,24400,5,2,4,MONTHLY,MEDIUM,WEALTH_CREATION,70,HIGH
24,88000,51700,18500,345000,84000,17800,8,1,1,MONTHLY,LOW,WEALTH_CREATION,55,MEDIUM
24,93000,59400,30600,287000,58000,3000,5,2,2,MONTHLY,MEDIUM,WEALTH_CREATION,49,HIGH
39,54000,36800,16200,307000,43000,1000,7,1,5,QUARTERLY,MEDIUM,EMERGENCY_FUND,74,HIGH
60,63000,30900,29200,530000,225000,2900,8,2,5,RARELY,HIGH,WEALTH_CREATION,54,HIGH
22,25000,12400,4800,813000,255000,7800,7,4,2,MONTHLY,LOW,RETIREMENT,69,HIGH
63,42000,26700,1900,620000,117000,13400,17,5,1,MONTHLY,MEDIUM,RETIREMENT,64,HIGH
57,64000,58800,0,870000,159000,13700,12,2,1,QUARTERLY,LOW,WEALTH_CREATION,56,HIGH
65,20000,11900,5800,248000,19000,2300,10,2,2,QUARTERLY,MEDIUM,TAX_SAVING,78,HIGH
51,37000,24600,0,523000,131000,15500,6,1,3,QUARTERLY,HIGH,WEALTH_CREATION,39,MEDIUM
54,55000,20000,25300,396000,149000,9700,2,2,4,MONTHLY,HIGH,RETIREMENT,56,MEDIUM
35,40000,14200,20600,435000,259000,5200,19,2,1,QUARTERLY,MEDIUM,TAX_SAVING,52,HIGH
42,85000,61300,1200,2566000,1081000,22500,5,4,4,MONTHLY,MEDIUM,TAX_SAVING,96,HIGH
63,74000,37100,31600,1052000,478000,5300,2,3,3,QUARTERLY,LOW,EMERGENCY_FUND,74,HIGH
24,71000,53000,7100,915000,267000,10900,14,1,4,MONTHLY,LOW,WEALTH_CREATION,84,HIGH
56,55000,30100,18900,1377000,238000,6000,3,2,4,QUARTERLY,HIGH,WEALTH_CREATION,66,HIGH
58,63000,45200,11100,771000,20000,6700,4,4,5,MONTHLY,MEDIUM,EMERGENCY_FUND,86,HIGH
22,130000,92700,22700,783000,148000,14600,23,5,4,MONTHLY,MEDIUM,WEALTH_CREATION,98,HIGH
29,101000,74100,0,746000,107000,55500,16,1,5,LUMP_SUM,MEDIUM,WEALTH_CREATION,69,MEDIUM
51,20000,14300,1300,386000,123000,4400,2,1,3,MONTHLY,MEDIUM,TAX_SAVING,44,HIGH
53,39000,7800,13400,689000,254000,17800,1,4,3,MONTHLY,MEDIUM,SHORT_TERM_GOAL,88,HIGH
43,29000,15100,8300,1140000,604000,5600,10,1,3,LUMP_SUM,MEDIUM,WEALTH_CREATION,70,HIGH
61,49000,34600,5500,1030000,220000,8900,3,3,3,MONTHLY,HIGH,TAX_SAVING,91,HIGH
60,100000,76700,15300,699000,168000,8000,21,1,3,RARELY,MEDIUM,RETIREMENT,46,MEDIUM
47,60000,33900,19100,856000,57000,7000,17,2,3,RARELY,MEDIUM,RETIREMENT,60,HIGH
34,53000,27800,15100,609000,253000,10100,1,2,5,RARELY,MEDIUM,WEALTH_CREATION,71,HIGH
40,74000,62100,0,1461000,77000,27700,8,3,4,MONTHLY,LOW,RETIREMENT,92,HIGH
56,30000,27100,0,576000,130000,5400,11,1,3,MONTHLY,HIGH,SHORT_TERM_GOAL,42,HIGH
36,52000,47800,0,1112000,72000,13800,3,1,4,RARELY,HIGH,WEALTH_CREATION,39,HIGH
39,111000,70900,13400,2099000,110000,26700,2,3,2,LUMP_SUM,HIGH,WEALTH_CREATION,63,MEDIUM
21,20000,14500,200,595000,430000,5300,4,3,2,RARELY,LOW,EMERGENCY_FUND,58,HIGH
62,57000,37300,0,685000,80000,21400,7,1,5,RARELY,HIGH,WEALTH_CREATION,64,MEDIUM
36,47000,28500,12700,355000,93000,5800,3,1,1,QUARTERLY,LOW,RETIREMENT,57,HIGH
62,81000,19000,50400,951000,168000,11600,11,4,2,RARELY,HIGH,EMERGENCY_FUND,69,MEDIUM
63,191000,82500,79000,360000,54000,29500,14,2,1,MONTHLY,LOW,WEALTH_CREATION,45,HIGH
60,33000,30300,0,160000,40000,3900,1,2,1,MONTHLY,MEDIUM,EMERGENCY_FUND,49,LOW
51,58000,39500,4000,775000,76000,14500,14,2,3,QUARTERLY,LOW,RETIREMENT,67,HIGH
43,294000,117900,129500,4097000,1625000,46600,19,3,4,MONTHLY,LOW,SHORT_TERM_GOAL,90,HIGH
28,93000,37200,24400,858000,135000,31400,12,1,1,MONTHLY,MEDIUM,RETIREMENT,49,HIGH
22,117000,80600,4200,1997000,537000,32200,8,1,3,MONTHLY,HIGH,WEALTH_CREATION,46,HIGH
36,76000,27900,41900,164000,62000,6200,3,4,5,MONTHLY,LOW,SHORT_TERM_GOAL,96,HIGH
45,30000,23700,100,409000,195000,6200,3,2,1,RARELY,HIGH,RETIREMENT,25,LOW
61,146000,61800,78800,552000,66000,5400,2,4,3,MONTHLY,MEDIUM,TAX_SAVING,80,HIGH
25,178000,80100,78800,1025000,244000,19100,3,4,2,QUARTERLY,MEDIUM,TAX_SAVING,70,HIGH
53,34000,30800,0,189000,10000,12200,6,2,4,MONTHLY,MEDIUM,SHORT_TERM_GOAL,68,LOW
45,48000,28300,500,1330000,200000,19200,18,2,2,MONTHLY,HIGH,SHORT_TERM_GOAL,60,HIGH
56,72000,38400,23400,1032000,200000,10200,12,4,4,MONTHLY,LOW,SHORT_TERM_GOAL,87,HIGH
58,55000,35600,7100,626000,83000,12300,2,1,3,MONTHLY,HIGH,TAX_SAVING,52,MEDIUM
44,24000,15100,5300,386000,134000,3600,10,2,3,MONTHLY,HIGH,TAX_SAVING,67,HIGH
29,111000,56900,26900,365000,46000,27200,6,1,1,QUARTERLY,MEDIUM,WEALTH_CREATION,23,MEDIUM
35,60000,41800,0,1851000,456000,31000,12,1,3,MONTHLY,MEDIUM,WEALTH_CREATION,51,HIGH
24,166000,118600,0,2022000,774000,52700,1,3,1,MONTHLY,HIGH,WEALTH_CREATION,53,MEDIUM
50,62000,39100,14800,358000,166000,8100,12,2,2,MONTHLY,HIGH,WEALTH_CREATION,51,MEDIUM
60,104000,90300,0,3623000,1475000,15300,18,1,2,RARELY,HIGH,EMERGENCY_FUND,30,HIGH
30,89000,49900,600,776000,141000,38500,12,4,4,MONTHLY,MEDIUM,WEALTH_CREATION,94,HIGH
41,45000,27700,9400,1127000,30000,7900,4,1,1,MONTHLY,HIGH,RETIREMENT,36,HIGH
28,59000,36200,10900,1018000,426000,11900,3,1,1,QUARTERLY,MEDIUM,RETIREMENT,49,HIGH
62,74000,53200,900,2153000,986000,19900,13,1,3,MONTHLY,MEDIUM,EMERGENCY_FUND,66,HIGH
30,40000,15300,20300,258000,56000,4400,2,1,3,RARELY,MEDIUM,WEALTH_CREATION,50,MEDIUM
43,26000,16800,1800,323000,138000,7400,22,1,5,MONTHLY,MEDIUM,WEALTH_CREATION,74,HIGH
50,175000,107900,63200,2191000,126000,3900,10,3,4,QUARTERLY,HIGH,SHORT_TERM_GOAL,58,HIGH
37,64000,41100,15400,243000,95000,7500,7,3,1,QUARTERLY,HIGH,EMERGENCY_FUND,54,LOW
23,77000,30700,20700,190000,87000,25600,6,1,5,MONTHLY,HIGH,WEALTH_CREATION,67,MEDIUM
23,68000,47000,12500,611000,26000,8500,5,1,3,MONTHLY,MEDIUM,TAX_SAVING,54,HIGH
63,49000,24300,16200,347000,262000,8500,7,2,2,MONTHLY,HIGH,WEALTH_CREATION,37,MEDIUM
48,88000,57500,23200,1241000,427000,7300,10,1,2,RARELY,HIGH,WEALTH_CREATION,44,MEDIUM
63,53000,32900,8300,607000,106000,11800,10,2,4,MONTHLY,MEDIUM,WEALTH_CREATION,70,HIGH
45,66000,32100,18300,502000,81000,15600,14,1,2,MONTHLY,LOW,TAX_SAVING,58,HIGH
27,64000,13500,36700,516000,92000,13800,3,3,2,MONTHLY,HIGH,TAX_SAVING,71,MEDIUM
48,67000,50700,0,1639000,403000,16600,9,3,2,MONTHLY,MEDIUM,WEALTH_CREATION,72,HIGH
62,173000,102500,36100,3109000,568000,34400,15,2,3,MONTHLY,MEDIUM,SHORT_TERM_GOAL,69,HIGH
53,59000,36400,18500,363000,21000,4100,12,2,2,LUMP_SUM,LOW,RETIREMENT,83,HIGH
59,91000,45800,39500,563000,83000,5700,7,1,4,RARELY,HIGH,RETIREMENT,55,HIGH
28,115000,81500,25000,2478000,1588000,8500,1,2,3,MONTHLY,HIGH,WEALTH_CREATION,53,HIGH
62,20000,12000,5900,111000,1000,2100,11,1,5,LUMP_SUM,MEDIUM,EMERGENCY_FUND,83,MEDIUM
59,79000,46800,5900,2315000,618000,26300,2,1,1,RARELY,HIGH,RETIREMENT,12,HIGH
55,38000,28400,2500,193000,19000,7100,16,1,2,RARELY,HIGH,TAX_SAVING,53,LOW
29,69000,31900,24800,254000,78000,12300,14,5,5,LUMP_SUM,LOW,EMERGENCY_FUND,100,HIGH
58,50000,25700,11800,1143000,159000,12500,11,1,2,MONTHLY,HIGH,EMERGENCY_FUND,39,HIGH
55,103000,57000,35800,1579000,304000,10200,16,5,3,MONTHLY,MEDIUM,RETIREMENT,92,HIGH
59,37000,33200,0,99000,15000,4600,6,3,5,QUARTERLY,MEDIUM,RETIREMENT,82,MEDIUM
60,45000,20500,18200,681000,266000,6300,15,2,2,QUARTERLY,MEDIUM,RETIREMENT,56,HIGH
28,54000,44700,7200,1627000,292000,2100,10,2,4,LUMP_SUM,HIGH,EMERGENCY_FUND,51,HIGH
55,33000,17900,2500,525000,398000,12600,17,3,2,MONTHLY,MEDIUM,TAX_SAVING,67,HIGH
49,44000,30100,10600,1895000,639000,3300,18,2,2,MONTHLY,HIGH,WEALTH_CREATION,62,HIGH
28,32000,20600,9200,46000,28000,2200,5,1,3,QUARTERLY,LOW,WEALTH_CREATION,69,HIGH
34,55000,50600,2700,178000,24000,1700,11,1,3,MONTHLY,HIGH,EMERGENCY_FUND,51,LOW
56,32000,22800,3300,251000,77000,5900,5,4,1,MONTHLY,MEDIUM,EMERGENCY_FUND,57,LOW
41,141000,96500,34700,1075000,624000,9800,14,2,3,MONTHLY,HIGH,WEALTH_CREATION,62,HIGH
43,74000,37400,33700,725000,284000,2900,15,2,3,MONTHLY,MEDIUM,EMERGENCY_FUND,63,HIGH
49,49000,23200,15800,452000,61000,10000,4,1,1,LUMP_SUM,LOW,TAX_SAVING,53,HIGH
46,51000,32200,0,383000,141000,20600,2,1,3,QUARTERLY,LOW,SHORT_TERM_GOAL,63,LOW
48,52000,33700,1800,574000,325000,16500,1,3,2,MONTHLY,HIGH,RETIREMENT,57,MEDIUM
38,71000,38600,28400,1174000,228000,4000,12,1,1,MONTHLY,HIGH,WEALTH_CREATION,35,HIGH
47,114000,66700,13200,1152000,416000,34100,2,1,4,RARELY,MEDIUM,RETIREMENT,63,HIGH
59,46000,24700,11900,360000,16000,9400,9,4,4,QUARTERLY,LOW,WEALTH_CREATION,100,HIGH
44,61000,39700,8000,793000,362000,13300,9,4,5,RARELY,HIGH,WEALTH_CREATION,94,HIGH
23,60000,30900,17700,334000,157000,11400,15,3,1,RARELY,HIGH,RETIREMENT,44,MEDIUM
50,77000,47500,13700,1962000,39000,15800,8,2,3,QUARTERLY,MEDIUM,EMERGENCY_FUND,85,HIGH
24,90000,51300,7900,1406000,279000,30800,14,2,3,MONTHLY,MEDIUM,SHORT_TERM_GOAL,72,HIGH
64,98000,61700,0,2966000,1129000,53900,1,2,3,LUMP_SUM,LOW,TAX_SAVING,74,HIGH
28,57000,42400,0,1474000,328000,23800,14,1,2,RARELY,MEDIUM,WEALTH_CREATION,43,HIGH
28,99000,73500,24400,904000,221000,1100,21,1,1,MONTHLY,MEDIUM,SHORT_TERM_GOAL,58,MEDIUM
29,106000,41100,52000,333000,82000,12900,4,1,2,MONTHLY,MEDIUM,WEALTH_CREATION,66,MEDIUM
44,69000,54700,0,1471000,961000,14400,5,2,2,LUMP_SUM,HIGH,RETIREMENT,47,HIGH
65,67000,61600,0,291000,114000,12800,1,4,2,RARELY,MEDIUM,WEALTH_CREATION,91,MEDIUM
22,79000,38100,19500,244000,61000,21400,8,1,1,LUMP_SUM,HIGH,RETIREMENT,32,LOW
35,82000,48300,0,2119000,1092000,34100,6,2,3,MONTHLY,MEDIUM,RETIREMENT,59,HIGH
37,49000,28900,2800,307000,144000,17300,5,1,2,MONTHLY,LOW,TAX_SAVING,45,MEDIUM
59,146000,122600,0,928000,147000,42600,15,1,3,LUMP_SUM,LOW,SHORT_TERM_GOAL,73,HIGH
21,82000,75400,0,302000,12000,6700,13,1,3,MONTHLY,HIGH,RETIREMENT,58,MEDIUM
41,94000,62900,18000,630000,188000,13100,3,2,4,QUARTERLY,LOW,WEALTH_CREATION,73,HIGH
56,65000,47400,6400,137000,37000,11200,13,3,3,LUMP_SUM,MEDIUM,RETIREMENT,56,HIGH
55,35000,26400,6400,1321000,241000,2200,19,1,5,MONTHLY,HIGH,RETIREMENT,63,HIGH
40,172000,87900,70500,812000,105000,13600,8,3,1,RARELY,MEDIUM,TAX_SAVING,45,HIGH
61,185000,105800,59300,2136000,1067000,19900,9,1,1,QUARTERLY,LOW,RETIREMENT,53,HIGH
42,63000,53800,300,337000,97000,8900,2,1,4,LUMP_SUM,MEDIUM,WEALTH_CREATION,68,MEDIUM
63,21000,14000,1900,676000,408000,5100,7,4,4,MONTHLY,MEDIUM,WEALTH_CREATION,92,HIGH
33,47000,36800,2900,1214000,98000,7300,2,1,1,MONTHLY,LOW,SHORT_TERM_GOAL,58,HIGH
64,122000,80500,31900,1687000,47000,9600,11,2,2,QUARTERLY,MEDIUM,SHORT_TERM_GOAL,54,MEDIUM
28,124000,82600,29800,2948000,155000,11600,7,1,4,MONTHLY,HIGH,WEALTH_CREATION,55,HIGH
55,185000,128800,33300,2379000,375000,22900,16,2,1,QUARTERLY,HIGH,WEALTH_CREATION,41,HIGH
38,150000,122800,0,4564000,2059000,82500,4,1,5,MONTHLY,MEDIUM,TAX_SAVING,73,HIGH
55,87000,58900,11100,830000,159000,17000,1,5,2,MONTHLY,MEDIUM,WEALTH_CREATION,82,HIGH
29,55000,31600,19200,275000,129000,4200,5,3,3,QUARTERLY,HIGH,SHORT_TERM_GOAL,72,MEDIUM
65,35000,15100,19000,326000,76000,900,16,3,2,MONTHLY,HIGH,SHORT_TERM_GOAL,71,HIGH
21,64000,51300,6200,722000,219000,6500,11,4,1,QUARTERLY,LOW,EMERGENCY_FUND,68,HIGH
47,111000,40000,64000,424000,165000,7000,10,1,4,LUMP_SUM,MEDIUM,TAX_SAVING,64,HIGH
39,69000,63400,0,1435000,405000,10900,20,4,3,MONTHLY,MEDIUM,WEALTH_CREATION,85,HIGH
53,41000,25700,10000,565000,322000,5300,7,3,3,MONTHLY,MEDIUM,WEALTH_CREATION,79,HIGH
36,58000,50100,500,792000,21000,7400,15,4,1,QUARTERLY,HIGH,TAX_SAVING,58,HIGH
25,56000,24300,900,260000,77000,30800,8,2,2,LUMP_SUM,HIGH,WEALTH_CREATION,39,LOW
43,41000,32000,7200,427000,99000,1800,12,2,2,QUARTERLY,HIGH,TAX_SAVING,55,HIGH
46,185000,143100,1500,4850000,2834000,40400,15,1,4,RARELY,HIGH,WEALTH_CREATION,66,HIGH
57,33000,18600,9700,371000,146000,4700,23,4,3,MONTHLY,MEDIUM,WEALTH_CREATION,74,HIGH
56,46000,36700,0,543000,262000,14000,8,1,1,RARELY,LOW,WEALTH_CREATION,53,MEDIUM
44,93000,77900,0,810000,244000,24500,1,3,3,RARELY,LOW,SHORT_TERM_GOAL,65,LOW
25,41000,17400,1700,762000,259000,21900,10,3,2,LUMP_SUM,HIGH,WEALTH_CREATION,48,HIGH
25,46000,30000,14800,103000,22000,1200,10,3,2,RARELY,MEDIUM,EMERGENCY_FUND,57,LOW
46,39000,25100,0,401000,57000,17700,4,2,2,LUMP_SUM,MEDIUM,WEALTH_CREATION,60,MEDIUM
53,131000,110500,0,1026000,253000,33900,9,3,5,MONTHLY,LOW,TAX_SAVING,87,HIGH
40,115000,70200,27500,1786000,25000,17300,7,1,5,QUARTERLY,HIGH,SHORT_TERM_GOAL,58,MEDIUM
45,75000,46600,25100,1068000,138000,3300,14,2,4,MONTHLY,MEDIUM,TAX_SAVING,74,HIGH
51,22000,20200,0,340000,154000,10900,7,2,1,MONTHLY,LOW,TAX_SAVING,57,HIGH
56,117000,70900,45300,1496000,212000,800,10,1,3,QUARTERLY,MEDIUM,SHORT_TERM_GOAL,54,HIGH
25,156000,115100,39500,2843000,795000,1400,13,1,3,RARELY,HIGH,SHORT_TERM_GOAL,25,HIGH
58,43000,25200,6000,233000,85000,11800,16,3,2,QUARTERLY,MEDIUM,RETIREMENT,60,HIGH
42,58000,32200,17100,319000,76000,8700,8,2,1,QUARTERLY,HIGH,TAX_SAVING,45,MEDIUM
59,69000,36800,16000,147000,72000,16200,1,1,1,LUMP_SUM,MEDIUM,EMERGENCY_FUND,31,LOW
26,92000,44500,14200,698000,303000,33300,2,2,5,RARELY,MEDIUM,SHORT_TERM_GOAL,53,LOW
22,67000,33600,18600,496000,58000,14800,12,3,4,LUMP_SUM,LOW,WEALTH_CREATION,89,HIGH
25,73000,55100,3400,761000,298000,14500,19,4,1,MONTHLY,HIGH,WEALTH_CREATION,63,HIGH
26,127000,98700,0,1323000,39000,37200,20,3,4,MONTHLY,HIGH,RETIREMENT,61,HIGH
64,61000,42600,15300,1181000,411000,3100,12,1,3,MONTHLY,LOW,EMERGENCY_FUND,60,HIGH
29,59000,34000,19500,1159000,608000,5500,14,2,3,RARELY,MEDIUM,TAX_SAVING,59,HIGH
36,120000,73500,36300,769000,144000,10200,11,4,5,MONTHLY,LOW,SHORT_TERM_GOAL,100,HIGH
59,43000,16300,22700,364000,75000,4000,13,1,3,MONTHLY,HIGH,EMERGENCY_FUND,55,HIGH
23,55000,33200,13100,909000,257000,8700,13,2,3,MONTHLY,HIGH,RETIREMENT,56,HIGH
32,77000,68700,0,1315000,311000,13200,1,5,1,MONTHLY,HIGH,WEALTH_CREATION,65,HIGH
38,128000,63600,23200,2000000,432000,41200,14,4,5,MONTHLY,MEDIUM,EMERGENCY_FUND,84,HIGH
60,49000,32800,6000,1606000,338000,10200,3,3,2,RARELY,MEDIUM,SHORT_TERM_GOAL,50,HIGH
43,35000,21300,10300,861000,537000,3400,5,3,2,LUMP_SUM,MEDIUM,TAX_SAVING,80,HIGH
43,46000,35600,0,1972000,850000,14000,21,1,3,RARELY,LOW,WEALTH_CREATION,51,HIGH
32,49000,30700,15000,166000,31000,3300,1,4,2,MONTHLY,HIGH,EMERGENCY_FUND,66,LOW
49,71000,62800,0,1624000,894000,32300,11,1,3,MONTHLY,HIGH,RETIREMENT,49,HIGH
38,54000,33500,17900,208000,95000,2600,12,2,3,MONTHLY,MEDIUM,WEALTH_CREATION,72,HIGH
22,68000,42000,10100,149000,65000,15900,1,2,3,MONTHLY,HIGH,WEALTH_CREATION,63,MEDIUM
44,34000,28100,0,663000,99000,11100,10,2,3,MONTHLY,MEDIUM,WEALTH_CREATION,81,HIGH
52,109000,86700,8800,338000,171000,13500,15,2,3,MONTHLY,HIGH,WEALTH_CREATION,52,HIGH
32,69000,52100,14300,815000,300000,2600,7,1,4,MONTHLY,HIGH,WEALTH_CREATION,65,HIGH
64,58000,28000,5000,268000,38000,25000,3,2,3,MONTHLY,LOW,RETIREMENT,70,MEDIUM
21,51000,38200,4200,299000,14000,8600,14,3,3,LUMP_SUM,HIGH,SHORT_TERM_GOAL,57,MEDIUM
33,94000,67500,8500,2628000,317000,18000,6,2,4,MONTHLY,MEDIUM,EMERGENCY_FUND,61,HIGH
30,42000,38300,0,52000,5000,9800,5,2,3,MONTHLY,HIGH,WEALTH_CREATION,68,LOW
37,75000,50700,11900,912000,382000,12400,16,1,5,RARELY,MEDIUM,WEALTH_CREATION,67,HIGH
21,29000,20800,0,286000,45000,8900,1,3,2,MONTHLY,LOW,WEALTH_CREATION,72,HIGH
21,106000,85800,0,688000,317000,24300,11,4,3,MONTHLY,MEDIUM,WEALTH_CREATION,87,HIGH
44,94000,86400,0,1370000,548000,39300,18,4,4,MONTHLY,LOW,TAX_SAVING,90,HIGH
57,71000,54500,100,497000,77000,16400,11,2,4,MONTHLY,HIGH,TAX_SAVING,58,HIGH
58,46000,27900,13900,827000,172000,4200,6,3,2,MONTHLY,HIGH,TAX_SAVING,68,HIGH
39,66000,47800,0,401000,168000,20100,1,1,3,MONTHLY,MEDIUM,RETIREMENT,54,LOW
36,39000,33600,2500,1152000,224000,2900,5,4,1,MONTHLY,HIGH,RETIREMENT,63,HIGH
51,44000,31500,1800,1690000,115000,10700,6,1,2,MONTHLY,HIGH,SHORT_TERM_GOAL,45,HIGH
44,98000,81300,0,3417000,353000,20500,11,2,1,MONTHLY,MEDIUM,WEALTH_CREATION,62,HIGH
45,63000,54300,5900,327000,94000,2800,18,3,5,MONTHLY,MEDIUM,TAX_SAVING,91,HIGH
37,46000,24700,20300,301000,186000,1000,9,2,1,LUMP_SUM,LOW,RETIREMENT,55,HIGH
64,49000,27800,19000,239000,51000,2200,9,2,5,MONTHLY,HIGH,EMERGENCY_FUND,83,MEDIUM
25,42000,20800,14600,81000,13000,6600,3,3,3,MONTHLY,MEDIUM,WEALTH_CREATION,80,HIGH
60,155000,70300,65900,2937000,1091000,18800,8,1,1,MONTHLY,HIGH,RETIREMENT,35,HIGH
63,91000,41200,2800,1606000,774000,47000,18,2,3,LUMP_SUM,LOW,SHORT_TERM_GOAL,71,HIGH
51,147000,84800,37800,1400000,367000,24400,14,3,1,RARELY,LOW,WEALTH_CREATION,60,HIGH
50,30000,24700,0,1021000,116000,15300,19,4,5,QUARTERLY,MEDIUM,SHORT_TERM_GOAL,94,HIGH
21,49000,32500,0,1483000,128000,19200,5,2,2,RARELY,MEDIUM,EMERGENCY_FUND,53,MEDIUM
56,36000,31800,0,178000,4000,5700,10,4,4,MONTHLY,LOW,EMERGENCY_FUND,83,HIGH
37,76000,43000,15800,1120000,147000,17200,6,4,3,LUMP_SUM,LOW,EMERGENCY_FUND,91,HIGH
25,142000,98100,29600,2422000,1339000,14300,5,4,3,MONTHLY,MEDIUM,SHORT_TERM_GOAL,90,HIGH
43,57000,28100,9200,1270000,198000,19700,2,3,3,MONTHLY,HIGH,SHORT_TERM_GOAL,62,HIGH
28,59000,48300,8700,969000,144000,2000,8,1,2,RARELY,MEDIUM,WEALTH_CREATION,41,HIGH
46,84000,58300,0,1142000,556000,35200,6,4,5,LUMP_SUM,MEDIUM,TAX_SAVING,100,HIGH
44,94000,68100,300,757000,269000,25600,7,1,3,RARELY,HIGH,TAX_SAVING,46,LOW
58,67000,35100,28400,448000,168000,3500,4,4,2,MONTHLY,MEDIUM,SHORT_TERM_GOAL,74,HIGH
47,69000,56100,0,497000,89000,14000,13,4,4,QUARTERLY,HIGH,WEALTH_CREATION,74,MEDIUM
47,48000,21000,22700,88000,3000,4300,13,1,2,RARELY,MEDIUM,WEALTH_CREATION,34,HIGH
52,61000,34600,18500,565000,32000,7900,15,3,3,RARELY,HIGH,TAX_SAVING,60,HIGH
50,98000,76400,18500,2142000,23000,3100,7,1,3,QUARTERLY,HIGH,WEALTH_CREATION,62,HIGH
46,106000,75400,12700,1945000,574000,17900,1,1,1,MONTHLY,MEDIUM,RETIREMENT,46,HIGH
37,46000,31100,200,591000,73000,14700,8,3,3,MONTHLY,HIGH,TAX_SAVING,63,HIGH
40,24000,18700,1800,170000,52000,3500,9,1,2,MONTHLY,LOW,RETIREMENT,66,MEDIUM
22,60000,40800,17200,501000,126000,2000,2,3,2,LUMP_SUM,MEDIUM,TAX_SAVING,51,HIGH
25,36000,14700,15600,567000,82000,5700,4,1,1,MONTHLY,MEDIUM,RETIREMENT,40,HIGH
35,42000,14500,17500,258000,26000,10000,19,1,1,QUARTERLY,LOW,RETIREMENT,69,HIGH
27,62000,52500,0,875000,213000,19200,6,1,4,QUARTERLY,LOW,WEALTH_CREATION,72,HIGH
36,96000,64200,25400,1250000,405000,6400,3,3,2,MONTHLY,MEDIUM,WEALTH_CREATION,73,HIGH
57,85000,76500,0,456000,31000,21700,9,2,3,RARELY,HIGH,WEALTH_CREATION,41,LOW
28,135000,71000,59300,301000,114000,4700,18,2,1,MONTHLY,HIGH,WEALTH_CREATION,40,MEDIUM
39,44000,38200,0,595000,195000,9900,1,1,1,QUARTERLY,MEDIUM,TAX_SAVING,56,MEDIUM
39,93000,51200,23600,1009000,222000,18200,17,3,3,QUARTERLY,MEDIUM,WEALTH_CREATION,72,HIGH
28,109000,87000,16700,711000,143000,5300,6,3,2,RARELY,LOW,SHORT_TERM_GOAL,75,LOW
52,59000,53500,0,922000,293000,11600,2,3,2,RARELY,LOW,TAX_SAVING,69,HIGH
34,104000,72900,0,1731000,356000,49800,4,1,3,RARELY,LOW,SHORT_TERM_GOAL,65,LOW
42,162000,110700,0,3874000,485000,87200,2,3,3,MONTHLY,MEDIUM,EMERGENCY_FUND,75,MEDIUM
62,37000,33200,0,332000,85000,8400,2,1,5,MONTHLY,MEDIUM,EMERGENCY_FUND,65,MEDIUM
59,118000,43800,64600,884000,450000,9600,5,5,1,MONTHLY,HIGH,RETIREMENT,81,HIGH
58,159000,127200,13100,964000,253000,18700,4,2,4,MONTHLY,HIGH,SHORT_TERM_GOAL,62,LOW
55,66000,29300,12600,1009000,303000,24100,10,1,4,LUMP_SUM,MEDIUM,WEALTH_CREATION,77,HIGH
47,52000,22400,13500,194000,89000,16100,2,1,2,MONTHLY,MEDIUM,WEALTH_CREATION,46,LOW
51,57000,38900,0,2068000,495000,30400,5,4,2,RARELY,HIGH,WEALTH_CREATION,48,HIGH
62,146000,129700,0,3997000,1081000,27000,3,1,3,MONTHLY,LOW,TAX_SAVING,78,HIGH
51,37000,26500,0,138000,41000,12400,1,2,1,RARELY,MEDIUM,WEALTH_CREATION,49,LOW
21,134000,81000,24700,884000,282000,28300,15,1,5,RARELY,LOW,SHORT_TERM_GOAL,76,HIGH
42,93000,60400,22200,1807000,154000,10400,3,1,2,QUARTERLY,LOW,SHORT_TERM_GOAL,64,HIGH
61,42000,13300,17200,111000,28000,11500,9,2,1,RARELY,MEDIUM,WEALTH_CREATION,48,LOW
26,174000,112400,40000,2518000,799000,21600,4,1,4,MONTHLY,MEDIUM,TAX_SAVING,68,HIGH
40,88000,79400,0,6218000,1197000,23100,16,2,1,MONTHLY,HIGH,SHORT_TERM_GOAL,41,HIGH
25,125000,44400,70600,942000,203000,10000,10,5,1,MONTHLY,HIGH,RETIREMENT,79,HIGH
58,88000,46100,23400,392000,71000,18500,5,1,5,LUMP_SUM,MEDIUM,EMERGENCY_FUND,75,MEDIUM
29,125000,105500,13200,1213000,731000,6300,10,3,3,RARELY,HIGH,SHORT_TERM_GOAL,34,LOW
62,54000,17300,26200,411000,39000,10500,16,3,3,RARELY,LOW,SHORT_TERM_GOAL,76,HIGH
58,170000,94400,70400,1993000,105000,5200,12,1,2,MONTHLY,MEDIUM,WEALTH_CREATION,57,HIGH
24,59000,18500,33900,522000,163000,6600,3,2,1,MONTHLY,MEDIUM,WEALTH_CREATION,60,HIGH
58,66000,60700,0,486000,303000,11800,10,1,2,RARELY,MEDIUM,EMERGENCY_FUND,40,LOW
38,39000,29300,6200,371000,97000,3500,19,2,1,MONTHLY,MEDIUM,EMERGENCY_FUND,59,HIGH
44,54000,36700,5700,310000,28000,11600,3,4,3,MONTHLY,LOW,EMERGENCY_FUND,96,MEDIUM
23,48000,40600,0,989000,137000,8800,6,2,4,RARELY,HIGH,WEALTH_CREATION,47,HIGH
54,59000,15200,40800,198000,43000,3000,12,2,4,MONTHLY,LOW,EMERGENCY_FUND,93,HIGH
54,39000,19000,17600,149000,54000,2400,7,1,2,MONTHLY,HIGH,WEALTH_CREATION,21,MEDIUM
31,103000,67700,8800,365000,66000,26500,12,4,3,RARELY,MEDIUM,EMERGENCY_FUND,65,LOW
49,173000,108400,0,1342000,919000,74400,18,2,2,LUMP_SUM,MEDIUM,RETIREMENT,43,MEDIUM
34,156000,110400,0,758000,20000,74300,18,4,4,LUMP_SUM,MEDIUM,SHORT_TERM_GOAL,79,MEDIUM
47,88000,80900,0,1082000,140000,28500,17,4,2,MONTHLY,HIGH,RETIREMENT,59,HIGH
55,121000,47900,48100,725000,258000,25000,8,1,2,MONTHLY,HIGH,WEALTH_CREATION,31,MEDIUM
52,72000,25700,39000,648000,175000,7300,15,1,5,RARELY,LOW,TAX_SAVING,64,HIGH
63,119000,61700,39200,935000,574000,18100,9,1,4,QUARTERLY,MEDIUM,TAX_SAVING,63,HIGH
26,86000,40400,39700,654000,75000,5900,1,1,4,QUARTERLY,MEDIUM,TAX_SAVING,66,HIGH
64,84000,45200,6800,368000,13000,32000,1,5,3,MONTHLY,HIGH,SHORT_TERM_GOAL,83,LOW
32,86000,46900,20800,656000,389000,18300,22,2,4,RARELY,MEDIUM,RETIREMENT,73,HIGH
48,48000,30100,15200,1145000,366000,2700,13,1,2,LUMP_SUM,MEDIUM,SHORT_TERM_GOAL,47,HIGH
36,174000,114800,1200,3019000,773000,58000,4,1,3,MONTHLY,MEDIUM,SHORT_TERM_GOAL,75,HIGH
24,63000,34200,5900,1079000,301000,22900,3,1,3,MONTHLY,MEDIUM,TAX_SAVING,50,HIGH
43,52000,27700,19500,1199000,68000,4800,13,4,2,LUMP_SUM,MEDIUM,RETIREMENT,64,HIGH
50,158000,90700,17800,4925000,1852000,49500,13,3,3,MONTHLY,LOW,EMERGENCY_FUND,78,HIGH
39,57000,41800,0,249000,66000,19700,2,3,1,QUARTERLY,MEDIUM,WEALTH_CREATION,71,LOW
47,130000,66000,17600,377000,97000,46400,5,1,4,MONTHLY,LOW,SHORT_TERM_GOAL,68,LOW
57,29000,14600,11400,241000,175000,3000,16,1,3,QUARTERLY,HIGH,WEALTH_CREATION,56,HIGH
40,23000,10000,5600,367000,55000,7400,2,1,2,QUARTERLY,HIGH,WEALTH_CREATION,55,MEDIUM
38,57000,50900,0,592000,96000,6400,5,3,2,LUMP_SUM,MEDIUM,SHORT_TERM_GOAL,69,MEDIUM
33,99000,35200,45800,1231000,467000,18000,9,2,4,RARELY,HIGH,WEALTH_CREATION,51,HIGH
27,159000,108900,0,1142000,384000,59800,4,3,3,RARELY,LOW,WEALTH_CREATION,76,MEDIUM
22,135000,78400,36300,2996000,59000,20300,12,2,4,MONTHLY,MEDIUM,RETIREMENT,78,HIGH
56,25000,19200,100,249000,91000,5700,2,2,4,LUMP_SUM,MEDIUM,SHORT_TERM_GOAL,78,MEDIUM
37,53000,28200,18700,1559000,159000,6100,5,1,5,MONTHLY,LOW,WEALTH_CREATION,82,HIGH
28,46000,35200,5300,643000,4000,5500,8,1,2,QUARTERLY,MEDIUM,RETIREMENT,46,MEDIUM
33,49000,22000,21400,100000,8000,5600,1,5,4,MONTHLY,LOW,EMERGENCY_FUND,100,HIGH
65,42000,33300,0,682000,38000,8900,16,3,1,MONTHLY,HIGH,RETIREMENT,59,HIGH
65,76000,26700,42000,660000,281000,7300,10,5,5,LUMP_SUM,MEDIUM,RETIREMENT,79,HIGH
42,292000,177400,60000,7322000,994000,54600,6,2,2,QUARTERLY,MEDIUM,WEALTH_CREATION,57,HIGH
23,70000,31200,29800,714000,43000,9000,3,2,1,LUMP_SUM,LOW,WEALTH_CREATION,57,HIGH
65,194000,113700,12400,1328000,376000,67900,11,1,2,MONTHLY,HIGH,SHORT_TERM_GOAL,48,LOW
61,36000,17100,16700,121000,44000,2200,6,1,1,MONTHLY,MEDIUM,EMERGENCY_FUND,48,LOW
54,73000,43600,0,1230000,433000,29700,1,4,5,LUMP_SUM,MEDIUM,WEALTH_CREATION,82,HIGH
41,55000,43200,2000,1206000,381000,9800,7,2,3,RARELY,MEDIUM,WEALTH_CREATION,54,HIGH
52,27000,23900,1100,1025000,483000,2000,22,1,2,RARELY,HIGH,RETIREMENT,42,HIGH
52,46000,17100,15500,316000,53000,13400,6,1,3,RARELY,LOW,TAX_SAVING,73,LOW
41,52000,18300,8400,297000,100000,25300,1,1,3,MONTHLY,LOW,EMERGENCY_FUND,56,LOW
39,32000,29400,0,606000,60000,3700,8,3,2,MONTHLY,HIGH,SHORT_TERM_GOAL,68,HIGH
35,97000,78800,0,1057000,506000,24300,18,3,5,QUARTERLY,MEDIUM,RETIREMENT,84,HIGH
22,59000,34300,5500,1275000,132000,19200,4,1,1,MONTHLY,LOW,RETIREMENT,34,HIGH
55,94000,46800,10200,542000,296000,37000,19,2,4,MONTHLY,MEDIUM,RETIREMENT,93,HIGH
49,53000,42500,4000,589000,320000,6500,7,2,4,MONTHLY,HIGH,TAX_SAVING,59,MEDIUM
54,48000,23600,16300,890000,396000,8100,6,3,2,LUMP_SUM,MEDIUM,SHORT_TERM_GOAL,69,HIGH
29,52000,30300,1100,1263000,307000,20600,15,3,1,LUMP_SUM,HIGH,SHORT_TERM_GOAL,59,HIGH
64,54000,42800,300,1328000,278000,10900,9,2,2,MONTHLY,MEDIUM,WEALTH_CREATION,48,HIGH
46,38000,22800,0,198000,15000,15800,13,3,4,MONTHLY,MEDIUM,WEALTH_CREATION,91,HIGH
35,74000,65500,0,1783000,276000,12900,4,1,1,RARELY,MEDIUM,RETIREMENT,37,MEDIUM
27,21000,13400,5100,166000,18000,2500,13,2,2,MONTHLY,MEDIUM,EMERGENCY_FUND,56,HIGH
42,93000,66400,0,708000,182000,26700,7,1,3,RARELY,MEDIUM,TAX_SAVING,47,LOW
34,41000,19900,2500,239000,110000,18600,4,3,5,RARELY,LOW,WEALTH_CREATION,86,LOW
58,95000,37200,53100,88000,23000,4700,19,2,1,LUMP_SUM,MEDIUM,RETIREMENT,61,HIGH
27,57000,21100,28900,447000,57000,7000,1,3,3,RARELY,LOW,SHORT_TERM_GOAL,72,MEDIUM
49,87000,58700,2600,889000,397000,25700,2,1,4,LUMP_SUM,MEDIUM,EMERGENCY_FUND,68,LOW
24,72000,53300,9500,2106000,1003000,9200,2,2,2,MONTHLY,MEDIUM,EMERGENCY_FUND,50,HIGH
30,82000,57400,11100,518000,160000,13500,7,1,3,QUARTERLY,LOW,EMERGENCY_FUND,55,MEDIUM
37,78000,48800,2700,2660000,927000,26500,2,3,1,MONTHLY,LOW,WEALTH_CREATION,60,HIGH
35,80000,41900,28000,865000,215000,10100,12,3,2,MONTHLY,MEDIUM,WEALTH_CREATION,70,HIGH
40,62000,44100,14600,1583000,463000,3300,10,2,5,LUMP_SUM,MEDIUM,RETIREMENT,64,HIGH
49,41000,17900,17800,153000,83000,5300,6,3,3,RARELY,MEDIUM,EMERGENCY_FUND,70,MEDIUM
25,74000,48400,23100,635000,264000,2500,7,4,5,MONTHLY,HIGH,RETIREMENT,100,HIGH
56,67000,29000,17300,935000,120000,20700,11,4,5,LUMP_SUM,MEDIUM,WEALTH_CREATION,88,HIGH
59,81000,52900,20300,1713000,399000,7800,17,1,4,MONTHLY,LOW,EMERGENCY_FUND,81,HIGH
25,40000,21400,7000,467000,90000,11600,10,2,1,LUMP_SUM,MEDIUM,EMERGENCY_FUND,48,LOW
30,88000,80900,0,749000,300000,34400,1,3,5,MONTHLY,MEDIUM,WEALTH_CREATION,100,HIGH
36,53000,31400,14500,303000,63000,7100,1,4,2,QUARTERLY,MEDIUM,SHORT_TERM_GOAL,88,MEDIUM
40,73000,61300,0,1002000,354000,23300,14,1,3,RARELY,MEDIUM,RETIREMENT,44,HIGH
56,90000,62900,16000,354000,175000,11100,8,1,4,MONTHLY,MEDIUM,SHORT_TERM_GOAL,59,MEDIUM
26,69000,57900,0,1819000,75000,20600,11,4,1,MONTHLY,MEDIUM,RETIREMENT,60,HIGH
37,51000,27800,17000,701000,193000,6200,13,1,4,MONTHLY,MEDIUM,WEALTH_CREATION,69,HIGH
53,37000,32500,0,537000,187000,9200,20,5,3,LUMP_SUM,LOW,EMERGENCY_FUND,92,HIGH
38,151000,123500,8900,1777000,137000,18600,19,1,3,MONTHLY,MEDIUM,WEALTH_CREATION,70,HIGH
36,61000,37300,12300,406000,52000,11400,15,5,3,RARELY,HIGH,EMERGENCY_FUND,65,HIGH
35,102000,69800,1700,2143000,360000,30500,9,1,3,MONTHLY,MEDIUM,WEALTH_CREATION,66,HIGH
58,60000,45300,1400,1354000,135000,13300,11,1,4,MONTHLY,MEDIUM,SHORT_TERM_GOAL,71,HIGH
60,44000,17700,16400,622000,196000,9900,1,1,4,QUARTERLY,LOW,WEALTH_CREATION,60,HIGH
52,253000,141000,87500,2199000,236000,24500,11,1,3,MONTHLY,MEDIUM,RETIREMENT,40,HIGH
47,51000,23200,0,103000,9000,28000,15,3,3,MONTHLY,MEDIUM,RETIREMENT,72,MEDIUM
29,76000,47400,14100,211000,56000,14500,1,1,3,RARELY,MEDIUM,WEALTH_CREATION,52,LOW
61,266000,165500,48200,4815000,531000,52300,6,1,2,QUARTERLY,MEDIUM,SHORT_TERM_GOAL,50,HIGH
23,400000,240000,109400,2774000,232000,50600,14,3,1,MONTHLY,LOW,WEALTH_CREATION,64,HIGH
60,56000,37600,15000,92000,4000,3400,12,1,2,MONTHLY,HIGH,SHORT_TERM_GOAL,44,LOW
35,35000,23300,9400,514000,144000,2300,16,4,5,RARELY,MEDIUM,RETIREMENT,74,HIGH
49,35000,23400,6100,295000,27000,5500,23,2,3,MONTHLY,MEDIUM,SHORT_TERM_GOAL,56,HIGH
27,62000,43900,0,144000,71000,29900,10,3,1,QUARTERLY,MEDIUM,RETIREMENT,72,MEDIUM
35,77000,58900,0,1782000,177000,25200,7,1,2,MONTHLY,MEDIUM,WEALTH_CREATION,50,MEDIUM
60,54000,47400,0,342000,43000,22100,2,1,5,MONTHLY,MEDIUM,WEALTH_CREATION,65,MEDIUM
38,145000,88800,31300,1921000,145000,24900,15,3,2,RARELY,MEDIUM,RETIREMENT,65,HIGH
33,48000,29400,15200,371000,113000,3400,23,3,1,MONTHLY,MEDIUM,WEALTH_CREATION,66,HIGH
42,49000,43900,0,949000,252000,9100,12,5,5,MONTHLY,HIGH,WEALTH_CREATION,98,HIGH
56,32000,17600,10500,256000,37000,3900,17,1,4,MONTHLY,MEDIUM,EMERGENCY_FUND,74,HIGH
24,52000,41300,0,464000,78000,11800,1,2,1,LUMP_SUM,HIGH,EMERGENCY_FUND,36,LOW
28,33000,19500,2400,162000,75000,11100,14,1,4,MONTHLY,MEDIUM,EMERGENCY_FUND,78,MEDIUM
39,100000,57900,21900,1532000,477000,20200,2,1,4,QUARTERLY,MEDIUM,RETIREMENT,65,HIGH
23,102000,67800,14400,4156000,725000,19800,1,1,2,QUARTERLY,HIGH,RETIREMENT,39,HIGH
54,94000,54000,23100,2614000,946000,16900,7,5,5,LUMP_SUM,HIGH,EMERGENCY_FUND,71,HIGH
39,42000,25700,8000,939000,221000,8300,10,1,2,MONTHLY,MEDIUM,WEALTH_CREATION,48,HIGH
46,117000,73200,29200,881000,121000,14600,3,2,2,LUMP_SUM,LOW,WEALTH_CREATION,63,HIGH
21,94000,21000,58500,556000,106000,14500,2,1,2,MONTHLY,MEDIUM,EMERGENCY_FUND,34,LOW
29,69000,49700,12900,999000,296000,6400,5,2,3,LUMP_SUM,HIGH,WEALTH_CREATION,71,HIGH
49,40000,21600,9000,909000,451000,9400,7,1,5,MONTHLY,HIGH,WEALTH_CREATION,66,HIGH
42,52000,30000,11600,174000,38000,10400,25,3,2,MONTHLY,HIGH,WEALTH_CREATION,64,HIGH
63,44000,17500,25000,594000,76000,1500,4,3,1,MONTHLY,MEDIUM,SHORT_TERM_GOAL,60,HIGH
30,60000,55200,0,761000,94000,13500,15,1,3,QUARTERLY,HIGH,EMERGENCY_FUND,52,MEDIUM
57,46000,24200,19100,163000,11000,2700,20,3,1,MONTHLY,MEDIUM,RETIREMENT,63,HIGH
52,20000,17800,300,525000,311000,1900,7,1,4,MONTHLY,MEDIUM,TAX_SAVING,69,HIGH
53,68000,49400,9000,3086000,469000,9600,13,4,2,MONTHLY,HIGH,TAX_SAVING,77,HIGH
27,38000,22700,10300,231000,84000,5000,4,4,1,QUARTERLY,MEDIUM,TAX_SAVING,62,MEDIUM
22,39000,18900,16800,96000,27000,3300,10,1,1,MONTHLY,HIGH,WEALTH_CREATION,47,MEDIUM
38,56000,37500,11900,619000,252000,6600,6,2,3,MONTHLY,MEDIUM,SHORT_TERM_GOAL,62,HIGH
42,69000,29100,32600,387000,131000,7300,3,2,3,MONTHLY,MEDIUM,RETIREMENT,62,HIGH
42,147000,107400,0,2127000,895000,42900,7,1,3,MONTHLY,HIGH,SHORT_TERM_GOAL,62,MEDIUM
34,48000,33000,5700,231000,20000,9300,15,5,4,RARELY,HIGH,EMERGENCY_FUND,83,MEDIUM
43,84000,38000,29300,263000,92000,16700,2,3,5,MONTHLY,HIGH,TAX_SAVING,99,MEDIUM
25,93000,61200,15700,1070000,326000,16100,3,1,4,RARELY,HIGH,WEALTH_CREATION,33,MEDIUM
41,60000,24700,16800,511000,278000,18500,6,3,1,MONTHLY,MEDIUM,WEALTH_CREATION,71,HIGH
65,84000,55900,19600,867000,226000,8500,11,2,5,MONTHLY,MEDIUM,TAX_SAVING,81,HIGH
32,123000,67900,42900,375000,123000,12200,1,1,5,LUMP_SUM,MEDIUM,WEALTH_CREATION,70,HIGH
27,199000,133500,18700,3127000,1289000,46800,8,5,5,RARELY,MEDIUM,EMERGENCY_FUND,88,HIGH
22,117000,27500,79000,362000,79000,10500,6,5,2,RARELY,MEDIUM,EMERGENCY_FUND,67,MEDIUM
53,143000,126100,5200,610000,215000,11700,7,2,3,MONTHLY,MEDIUM,TAX_SAVING,75,HIGH
45,48000,21500,26000,506000,55000,500,3,1,2,QUARTERLY,HIGH,SHORT_TERM_GOAL,25,MEDIUM
23,51000,27500,20900,843000,349000,2600,5,3,2,MONTHLY,HIGH,TAX_SAVING,56,HIGH
27,67000,42200,20200,261000,71000,4600,2,5,3,RARELY,HIGH,RETIREMENT,73,HIGH
34,155000,83900,52400,1485000,166000,18700,6,5,5,LUMP_SUM,MEDIUM,WEALTH_CREATION,100,HIGH
32,171000,85600,32900,1629000,424000,52500,9,3,3,RARELY,MEDIUM,WEALTH_CREATION,53,HIGH
26,47000,16800,25200,873000,82000,5000,13,1,4,RARELY,HIGH,TAX_SAVING,39,HIGH
46,122000,77600,41800,2794000,461000,2600,1,2,3,RARELY,MEDIUM,EMERGENCY_FUND,65,HIGH
31,64000,29600,28100,12000,4000,6300,10,1,4,LUMP_SUM,LOW,SHORT_TERM_GOAL,68,MEDIUM
21,44000,27900,0,1074000,161000,18200,4,3,3,RARELY,HIGH,WEALTH_CREATION,52,HIGH
29,75000,57900,0,1309000,160000,26700,11,1,5,LUMP_SUM,LOW,TAX_SAVING,87,HIGH
24,97000,63100,0,2676000,1207000,38500,5,2,2,QUARTERLY,LOW,SHORT_TERM_GOAL,59,HIGH
54,95000,62900,23600,472000,197000,8500,14,1,2,QUARTERLY,LOW,RETIREMENT,55,HIGH
35,76000,64600,0,1687000,822000,23400,12,3,1,MONTHLY,MEDIUM,TAX_SAVING,51,HIGH
21,87000,48800,11200,1214000,515000,27000,6,2,1,RARELY,MEDIUM,SHORT_TERM_GOAL,44,LOW
46,51000,38000,0,392000,155000,21700,4,4,1,LUMP_SUM,MEDIUM,RETIREMENT,57,MEDIUM
21,37000,31300,2700,409000,109000,3000,10,2,4,MONTHLY,HIGH,SHORT_TERM_GOAL,64,MEDIUM
43,72000,39300,15300,339000,143000,17400,11,4,5,MONTHLY,LOW,WEALTH_CREATION,100,HIGH
61,90000,39800,25700,1060000,286000,24500,8,1,2,MONTHLY,MEDIUM,SHORT_TERM_GOAL,60,HIGH
53,54000,29200,23200,107000,29000,1600,20,3,4,MONTHLY,HIGH,EMERGENCY_FUND,92,HIGH
48,37000,23700,5000,139000,6000,8300,9,3,1,LUMP_SUM,HIGH,EMERGENCY_FUND,37,LOW
34,41000,21300,19300,198000,52000,400,22,3,4,RARELY,MEDIUM,RETIREMENT,80,HIGH
37,89000,70000,0,963000,263000,27200,3,2,2,MONTHLY,MEDIUM,TAX_SAVING,43,LOW
52,31000,23500,4800,581000,181000,2700,9,4,4,MONTHLY,MEDIUM,RETIREMENT,95,HIGH
27,52000,43900,4000,1198000,152000,4100,2,1,3,MONTHLY,LOW,SHORT_TERM_GOAL,79,HIGH
22,43000,14000,22900,292000,19000,6100,6,1,5,MONTHLY,LOW,RETIREMENT,81,HIGH
62,87000,44200,17100,1119000,733000,25700,4,2,1,MONTHLY,HIGH,SHORT_TERM_GOAL,49,MEDIUM
36,23000,14800,3000,430000,29000,5200,10,4,2,LUMP_SUM,HIGH,TAX_SAVING,56,HIGH
47,72000,66200,0,2432000,734000,21700,8,2,2,MONTHLY,LOW,RETIREMENT,62,HIGH
51,36000,15600,7500,839000,43000,12900,4,3,2,MONTHLY,HIGH,WEALTH_CREATION,75,HIGH
31,95000,51400,30300,515000,261000,13300,16,1,5,LUMP_SUM,LOW,TAX_SAVING,79,HIGH
45,81000,47900,23700,503000,211000,9400,15,5,3,QUARTERLY,MEDIUM,WEALTH_CREATION,93,HIGH
62,58000,36400,0,1344000,57000,25300,1,1,4,LUMP_SUM,HIGH,WEALTH_CREATION,43,MEDIUM
23,170000,101300,25800,422000,221000,42900,6,1,5,MONTHLY,LOW,EMERGENCY_FUND,77,MEDIUM
27,234000,132700,50000,1129000,210000,51300,7,3,3,RARELY,HIGH,TAX_SAVING,50,MEDIUM
46,85000,39000,38100,631000,195000,7900,6,3,4,LUMP_SUM,MEDIUM,WEALTH_CREATION,75,HIGH
42,113000,65800,25600,1003000,298000,21600,3,1,3,MONTHLY,MEDIUM,WEALTH_CREATION,67,MEDIUM
35,151000,86000,33200,867000,193000,31800,8,3,5,MONTHLY,LOW,RETIREMENT,88,HIGH
31,30000,21900,6500,359000,103000,1600,6,1,3,MONTHLY,MEDIUM,RETIREMENT,67,HIGH
34,32000,16600,800,661000,143000,14600,2,4,2,QUARTERLY,HIGH,TAX_SAVING,49,HIGH
40,83000,69600,7500,707000,208000,5900,7,1,3,QUARTERLY,MEDIUM,EMERGENCY_FUND,40,MEDIUM
27,57000,29600,9600,103000,44000,17800,12,1,5,RARELY,LOW,SHORT_TERM_GOAL,77,LOW
32,31000,22200,6700,341000,76000,2100,12,1,4,MONTHLY,LOW,EMERGENCY_FUND,69,HIGH
40,26000,14900,8800,131000,73000,2300,8,2,3,MONTHLY,MEDIUM,SHORT_TERM_GOAL,63,HIGH
41,76000,49000,20200,341000,95000,6800,9,1,2,MONTHLY,HIGH,SHORT_TERM_GOAL,57,LOW
37,68000,20400,31900,992000,149000,15700,13,1,5,MONTHLY,MEDIUM,SHORT_TERM_GOAL,75,HIGH
52,45000,29100,13200,247000,76000,2700,3,3,2,MONTHLY,HIGH,RETIREMENT,63,HIGH
50,65000,35100,5700,952000,131000,24200,17,2,4,MONTHLY,LOW,WEALTH_CREATION,72,HIGH
64,30000,10500,14900,131000,27000,4600,12,4,3,MONTHLY,MEDIUM,WEALTH_CREATION,94,HIGH
31,95000,52500,3600,2237000,936000,38900,1,1,3,MONTHLY,MEDIUM,RETIREMENT,55,HIGH
22,23000,17500,4500,140000,34000,1000,6,3,4,LUMP_SUM,HIGH,WEALTH_CREATION,81,HIGH
24,58000,23400,22000,580000,77000,12600,1,3,4,LUMP_SUM,MEDIUM,WEALTH_CREATION,81,HIGH
34,46000,21600,14400,438000,78000,10000,21,2,1,MONTHLY,MEDIUM,WEALTH_CREATION,40,HIGH
57,85000,54000,19700,394000,187000,11300,4,2,4,MONTHLY,MEDIUM,TAX_SAVING,63,MEDIUM
29,64000,43400,3100,2804000,208000,17500,11,4,1,MONTHLY,HIGH,RETIREMENT,46,HIGH
38,98000,50000,35900,424000,76000,12100,17,1,1,MONTHLY,HIGH,WEALTH_CREATION,34,HIGH
63,37000,18100,14800,319000,48000,4100,18,1,3,MONTHLY,MEDIUM,RETIREMENT,59,HIGH
47,103000,61400,30900,700000,33000,10700,3,1,4,MONTHLY,LOW,EMERGENCY_FUND,76,MEDIUM
26,61000,38900,14900,769000,183000,7200,20,4,3,QUARTERLY,LOW,WEALTH_CREATION,91,HIGH
26,101000,64700,5000,2262000,501000,31300,4,3,1,RARELY,MEDIUM,WEALTH_CREATION,48,HIGH
40,51000,22900,25500,921000,517000,2600,2,4,3,MONTHLY,LOW,WEALTH_CREATION,88,HIGH
61,41000,31000,4700,825000,329000,5300,6,2,1,MONTHLY,LOW,SHORT_TERM_GOAL,80,HIGH
45,20000,7800,6200,441000,62000,6000,11,2,5,MONTHLY,MEDIUM,WEALTH_CREATION,86,HIGH
50,132000,96000,30800,2815000,1923000,5200,13,3,4,LUMP_SUM,MEDIUM,WEALTH_CREATION,78,HIGH
43,132000,94800,0,1155000,419000,47500,6,4,3,MONTHLY,LOW,TAX_SAVING,75,HIGH
30,37000,20300,12400,261000,17000,4300,15,1,1,MONTHLY,MEDIUM,SHORT_TERM_GOAL,42,MEDIUM
25,43000,25600,12200,868000,50000,5200,10,2,1,LUMP_SUM,LOW,SHORT_TERM_GOAL,51,HIGH
22,44000,28800,9900,121000,13000,5300,22,2,1,MONTHLY,LOW,EMERGENCY_FUND,64,MEDIUM
56,75000,50900,7700,522000,177000,16400,2,1,4,MONTHLY,LOW,RETIREMENT,82,HIGH
46,38000,27200,3100,744000,148000,7700,7,2,4,QUARTERLY,HIGH,RETIREMENT,66,HIGH
54,107000,70200,28500,571000,62000,8300,10,1,2,MONTHLY,MEDIUM,TAX_SAVING,58,MEDIUM
35,43000,35400,2700,99000,33000,4900,6,3,3,MONTHLY,LOW,RETIREMENT,78,HIGH
55,122000,91300,2800,1090000,340000,27900,17,1,4,MONTHLY,LOW,WEALTH_CREATION,91,HIGH
58,80000,43500,24600,792000,404000,11900,10,2,3,LUMP_SUM,LOW,SHORT_TERM_GOAL,60,HIGH
35,79000,53600,10300,1473000,207000,15100,16,3,2,QUARTERLY,MEDIUM,EMERGENCY_FUND,73,HIGH
48,43000,28500,9700,290000,92000,4800,19,5,2,RARELY,MEDIUM,RETIREMENT,86,HIGH
36,39000,21200,13700,190000,46000,4100,11,3,2,QUARTERLY,MEDIUM,RETIREMENT,77,HIGH
34,85000,30900,39200,445000,228000,14900,6,2,3,RARELY,HIGH,WEALTH_CREATION,61,MEDIUM
43,96000,30400,33700,471000,144000,31900,4,3,3,RARELY,HIGH,EMERGENCY_FUND,51,LOW
44,72000,50800,19900,1413000,500000,1300,7,4,4,MONTHLY,HIGH,TAX_SAVING,90,HIGH
26,106000,66900,0,2018000,504000,54000,4,4,2,LUMP_SUM,HIGH,RETIREMENT,61,MEDIUM
51,132000,64000,56900,715000,219000,11100,14,1,1,MONTHLY,MEDIUM,RETIREMENT,50,HIGH
58,108000,65900,5200,2240000,1358000,36900,6,2,4,MONTHLY,LOW,RETIREMENT,77,HIGH
47,79000,49600,15600,1041000,222000,13800,9,2,4,MONTHLY,HIGH,WEALTH_CREATION,52,HIGH
41,84000,63800,6500,862000,295000,13700,4,4,3,RARELY,MEDIUM,WEALTH_CREATION,74,HIGH
24,49000,45000,1100,329000,139000,2900,6,1,3,RARELY,MEDIUM,RETIREMENT,63,HIGH
47,33000,14500,15300,245000,131000,3200,19,3,5,MONTHLY,HIGH,SHORT_TERM_GOAL,74,HIGH
38,71000,47300,13300,958000,300000,10400,6,3,3,RARELY,LOW,EMERGENCY_FUND,70,HIGH
50,73000,45400,15600,805000,305000,12000,9,4,5,QUARTERLY,HIGH,WEALTH_CREATION,93,HIGH
26,84000,39100,7700,1396000,221000,37200,2,1,1,QUARTERLY,MEDIUM,EMERGENCY_FUND,60,MEDIUM
44,20000,13000,3800,307000,23000,3200,18,2,2,MONTHLY,MEDIUM,TAX_SAVING,69,HIGH
30,29000,16800,5800,270000,7000,6400,8,1,2,QUARTERLY,MEDIUM,EMERGENCY_FUND,45,LOW
37,20000,14300,4000,372000,158000,1700,5,3,2,QUARTERLY,MEDIUM,WEALTH_CREATION,79,HIGH
40,123000,56400,16700,182000,21000,49900,14,2,3,LUMP_SUM,HIGH,RETIREMENT,65,MEDIUM
39,199000,131100,25400,4351000,1405000,42500,3,2,1,MONTHLY,HIGH,RETIREMENT,41,HIGH
36,110000,58600,20700,1939000,988000,30700,3,1,2,QUARTERLY,HIGH,EMERGENCY_FUND,42,LOW
58,79000,56000,4500,706000,237000,18500,19,2,3,MONTHLY,LOW,TAX_SAVING,62,HIGH
64,119000,54600,42100,2382000,1258000,22300,4,2,2,LUMP_SUM,MEDIUM,RETIREMENT,54,HIGH
47,28000,13900,13000,75000,30000,1100,14,1,5,MONTHLY,LOW,SHORT_TERM_GOAL,90,HIGH
51,30000,22200,4200,239000,16000,3600,9,2,1,QUARTERLY,HIGH,WEALTH_CREATION,45,MEDIUM
52,94000,50900,8400,3013000,714000,34700,2,4,3,RARELY,HIGH,TAX_SAVING,77,HIGH
28,88000,53300,29500,876000,74000,5200,3,4,4,MONTHLY,LOW,EMERGENCY_FUND,84,HIGH
43,62000,38700,15400,253000,28000,7900,15,2,3,MONTHLY,MEDIUM,SHORT_TERM_GOAL,82,MEDIUM
56,53000,37500,6700,557000,131000,8800,15,2,1,MONTHLY,LOW,WEALTH_CREATION,61,HIGH
38,107000,66800,13100,798000,110000,27100,2,2,3,MONTHLY,HIGH,RETIREMENT,57,MEDIUM
47,106000,84900,13000,763000,78000,8100,3,1,4,RARELY,MEDIUM,WEALTH_CREATION,50,MEDIUM
32,39000,21400,3300,290000,107000,14300,7,1,3,MONTHLY,MEDIUM,WEALTH_CREATION,49,MEDIUM
49,151000,55600,50500,3472000,431000,44900,20,2,1,RARELY,LOW,EMERGENCY_FUND,45,HIGH
38,36000,19900,8800,655000,8000,7300,2,1,4,QUARTERLY,HIGH,SHORT_TERM_GOAL,68,MEDIUM
29,38000,30500,5300,1264000,633000,2200,1,1,2,LUMP_SUM,HIGH,WEALTH_CREATION,27,HIGH
51,86000,58300,7300,1534000,388000,20400,15,1,4,MONTHLY,HIGH,WEALTH_CREATION,68,HIGH
36,46000,32600,200,329000,56000,13200,4,3,4,LUMP_SUM,HIGH,SHORT_TERM_GOAL,85,LOW
26,82000,66500,0,4468000,937000,26900,1,1,2,MONTHLY,LOW,SHORT_TERM_GOAL,50,HIGH
50,28000,17200,3900,248000,34000,6900,10,1,5,LUMP_SUM,HIGH,WEALTH_CREATION,63,HIGH
25,44000,38400,0,220000,74000,6900,2,2,1,MONTHLY,HIGH,EMERGENCY_FUND,50,LOW
60,94000,38300,38000,442000,55000,17700,15,1,1,MONTHLY,MEDIUM,TAX_SAVING,57,HIGH
53,79000,46400,0,1582000,476000,38000,21,4,1,MONTHLY,HIGH,RETIREMENT,70,HIGH
27,91000,26100,62100,454000,97000,2800,4,2,4,MONTHLY,LOW,EMERGENCY_FUND,75,HIGH
60,55000,33300,9900,650000,59000,11800,18,3,4,QUARTERLY,MEDIUM,EMERGENCY_FUND,86,HIGH
54,37000,26500,0,103000,23000,15400,18,2,2,MONTHLY,HIGH,SHORT_TERM_GOAL,60,LOW
40,113000,57400,38100,451000,158000,17500,12,1,1,LUMP_SUM,MEDIUM,WEALTH_CREATION,38,MEDIUM
64,21000,19300,0,473000,226000,2200,13,5,4,QUARTERLY,MEDIUM,SHORT_TERM_GOAL,75,HIGH
27,39000,21500,13500,237000,49000,4000,10,1,2,RARELY,LOW,SHORT_TERM_GOAL,65,MEDIUM
48,144000,80600,44100,1405000,118000,19300,12,4,1,MONTHLY,MEDIUM,WEALTH_CREATION,68,HIGH
61,57000,26600,27600,72000,26000,2800,9,3,3,QUARTERLY,MEDIUM,RETIREMENT,84,HIGH
32,102000,80100,4500,1898000,423000,17400,1,1,1,RARELY,LOW,EMERGENCY_FUND,61,LOW
21,44000,24600,13700,98000,36000,5700,15,2,2,QUARTERLY,MEDIUM,RETIREMENT,60,HIGH
65,48000,24900,18300,968000,200000,4800,15,3,4,RARELY,HIGH,RETIREMENT,61,HIGH
44,91000,48100,41300,1142000,161000,1600,15,3,3,LUMP_SUM,HIGH,RETIREMENT,49,HIGH
40,30000,15800,10400,375000,93000,3800,1,3,5,MONTHLY,MEDIUM,SHORT_TERM_GOAL,98,HIGH
53,33000,21600,9500,235000,17000,1900,5,3,1,LUMP_SUM,HIGH,SHORT_TERM_GOAL,69,LOW
45,29000,22200,4700,292000,40000,2100,18,2,2,LUMP_SUM,HIGH,WEALTH_CREATION,39,HIGH
24,49000,30000,16400,189000,4000,2600,3,2,4,QUARTERLY,MEDIUM,TAX_SAVING,64,HIGH
60,93000,53000,10200,398000,125000,29800,8,4,5,LUMP_SUM,LOW,SHORT_TERM_GOAL,99,MEDIUM
52,99000,60100,30400,739000,127000,8500,3,3,1,RARELY,MEDIUM,WEALTH_CREATION,65,MEDIUM
44,28000,21500,2300,694000,125000,4200,2,4,3,MONTHLY,MEDIUM,RETIREMENT,86,HIGH
52,26000,16800,6600,730000,63000,2600,9,2,3,LUMP_SUM,HIGH,SHORT_TERM_GOAL,62,HIGH
33,43000,37600,0,1848000,862000,17300,9,3,5,MONTHLY,HIGH,RETIREMENT,91,HIGH
44,91000,83700,0,2856000,1105000,29400,1,2,1,LUMP_SUM,HIGH,WEALTH_CREATION,57,HIGH
30,78000,29300,29100,77000,23000,19600,10,3,3,MONTHLY,MEDIUM,RETIREMENT,75,HIGH
28,72000,49700,17600,615000,222000,4700,4,2,4,LUMP_SUM,MEDIUM,TAX_SAVING,85,HIGH
31,69000,55600,0,1660000,715000,15100,7,2,1,MONTHLY,MEDIUM,WEALTH_CREATION,50,HIGH
55,124000,94700,4300,2467000,903000,25000,18,2,3,MONTHLY,LOW,WEALTH_CREATION,67,HIGH
35,39000,33500,300,139000,64000,5200,6,3,3,RARELY,MEDIUM,SHORT_TERM_GOAL,74,LOW
65,80000,60600,3100,1692000,383000,16300,18,1,1,MONTHLY,MEDIUM,EMERGENCY_FUND,40,HIGH
57,81000,49400,20900,440000,290000,10700,4,1,1,LUMP_SUM,LOW,EMERGENCY_FUND,54,LOW
55,104000,61500,31300,464000,205000,11200,7,4,1,QUARTERLY,MEDIUM,EMERGENCY_FUND,74,MEDIUM
35,42000,21000,9200,1249000,104000,11800,1,1,4,LUMP_SUM,LOW,RETIREMENT,65,HIGH
55,152000,90600,39200,375000,65000,22200,20,1,2,LUMP_SUM,LOW,WEALTH_CREATION,46,HIGH
48,54000,19900,10200,1171000,195000,23900,9,3,3,MONTHLY,MEDIUM,WEALTH_CREATION,74,HIGH
29,134000,84500,0,3369000,858000,51000,7,3,4,MONTHLY,HIGH,TAX_SAVING,65,HIGH
51,52000,32800,6400,1180000,253000,12800,10,3,3,MONTHLY,LOW,WEALTH_CREATION,71,HIGH
52,30000,18300,6800,86000,49000,4900,22,3,3,RARELY,MEDIUM,EMERGENCY_FUND,65,MEDIUM
39,42000,32800,4400,1404000,186000,4800,10,3,2,MONTHLY,MEDIUM,WEALTH_CREATION,67,HIGH
35,87000,36700,29300,487000,80000,21000,3,1,1,MONTHLY,LOW,EMERGENCY_FUND,56,LOW
54,51000,25100,14100,313000,49000,11800,9,4,3,MONTHLY,MEDIUM,WEALTH_CREATION,87,HIGH
30,82000,58000,14200,1095000,602000,9800,7,1,4,RARELY,LOW,WEALTH_CREATION,59,HIGH
60,125000,115000,0,1935000,119000,28600,15,4,5,RARELY,MEDIUM,WEALTH_CREATION,71,HIGH
25,160000,99700,34700,1760000,265000,25600,11,1,3,MONTHLY,LOW,WEALTH_CREATION,68,HIGH
53,48000,32400,8500,164000,8000,7100,7,1,2,RARELY,MEDIUM,EMERGENCY_FUND,42,LOW
25,83000,55500,16700,145000,6000,10800,16,3,1,LUMP_SUM,LOW,WEALTH_CREATION,53,HIGH
37,109000,70000,10900,4182000,2228000,28100,9,2,1,MONTHLY,LOW,RETIREMENT,65,HIGH
59,97000,56400,37800,556000,148000,2800,10,1,1,MONTHLY,HIGH,WEALTH_CREATION,31,HIGH
52,53000,27100,9300,281000,142000,16600,22,3,2,RARELY,MEDIUM,SHORT_TERM_GOAL,41,MEDIUM
42,43000,18600,18200,627000,28000,6200,2,1,5,QUARTERLY,LOW,TAX_SAVING,85,HIGH
28,48000,35200,7000,78000,38000,5800,8,1,2,RARELY,HIGH,TAX_SAVING,23,LOW
22,49000,25900,18200,683000,164000,4900,12,1,1,MONTHLY,HIGH,EMERGENCY_FUND,42,MEDIUM
28,144000,83600,44300,788000,134000,16100,4,2,2,MONTHLY,MEDIUM,WEALTH_CREATION,61,HIGH
39,189000,106600,0,4535000,307000,103900,2,2,2,RARELY,HIGH,SHORT_TERM_GOAL,36,LOW
29,90000,33100,55300,337000,87000,1600,8,2,1,MONTHLY,MEDIUM,EMERGENCY_FUND,61,MEDIUM
60,62000,24000,30500,206000,67000,7500,15,2,1,LUMP_SUM,LOW,RETIREMENT,62,HIGH
32,89000,78500,0,404000,95000,29000,1,1,3,MONTHLY,LOW,SHORT_TERM_GOAL,87,LOW
46,159000,110800,13500,2504000,313000,34700,2,2,2,MONTHLY,MEDIUM,WEALTH_CREATION,67,HIGH
59,78000,64800,0,1612000,297000,15400,7,1,3,MONTHLY,HIGH,EMERGENCY_FUND,72,HIGH
23,49000,44600,0,777000,218000,13500,20,2,1,MONTHLY,HIGH,RETIREMENT,35,HIGH
27,123000,76800,20100,742000,24000,26100,9,3,3,MONTHLY,LOW,SHORT_TERM_GOAL,87,HIGH
63,108000,90400,0,3627000,127000,23500,12,3,5,RARELY,MEDIUM,EMERGENCY_FUND,75,HIGH
39,97000,62700,0,2498000,957000,37600,10,1,2,RARELY,HIGH,WEALTH_CREATION,32,HIGH
57,232000,135700,18400,5912000,1193000,77900,10,1,5,MONTHLY,HIGH,SHORT_TERM_GOAL,66,HIGH
42,143000,78700,13500,774000,472000,50800,2,2,2,MONTHLY,MEDIUM,WEALTH_CREATION,59,MEDIUM
30,114000,83300,17000,4784000,1766000,13700,12,1,4,MONTHLY,MEDIUM,WEALTH_CREATION,67,HIGH
54,76000,33500,700,1816000,303000,41800,15,1,4,MONTHLY,MEDIUM,WEALTH_CREATION,77,HIGH
65,51000,42700,0,1023000,17000,17400,2,3,2,QUARTERLY,MEDIUM,WEALTH_CREATION,64,HIGH
21,70000,37900,29800,323000,138000,2300,18,1,3,RARELY,MEDIUM,EMERGENCY_FUND,54,HIGH
46,46000,29700,0,878000,123000,23800,20,3,2,QUARTERLY,MEDIUM,RETIREMENT,54,HIGH
57,34000,24400,4100,148000,22000,5500,5,2,3,MONTHLY,LOW,TAX_SAVING,61,MEDIUM
57,65000,33300,26900,469000,8000,4800,14,1,5,QUARTERLY,LOW,TAX_SAVING,84,HIGH
36,75000,23800,25400,1633000,289000,25800,1,1,4,MONTHLY,HIGH,RETIREMENT,73,HIGH
42,72000,32600,10200,319000,137000,29200,4,3,1,MONTHLY,HIGH,WEALTH_CREATION,58,LOW
62,84000,44400,33400,683000,121000,6200,11,1,4,MONTHLY,HIGH,WEALTH_CREATION,43,HIGH
34,102000,58800,14100,4667000,1642000,29100,3,1,5,MONTHLY,HIGH,TAX_SAVING,60,HIGH
22,114000,79800,400,1199000,40000,33800,13,1,5,RARELY,LOW,RETIREMENT,69,HIGH
27,115000,63800,15800,505000,245000,35400,7,1,1,RARELY,MEDIUM,WEALTH_CREATION,30,LOW
39,48000,39700,0,570000,140000,10100,12,1,1,QUARTERLY,HIGH,WEALTH_CREATION,50,MEDIUM
25,48000,22100,9300,405000,12000,16600,15,1,1,MONTHLY,MEDIUM,WEALTH_CREATION,54,HIGH
52,181000,111600,37800,1735000,287000,31600,10,2,1,MONTHLY,HIGH,SHORT_TERM_GOAL,36,LOW
35,61000,44100,0,1369000,168000,17600,20,3,4,MONTHLY,LOW,WEALTH_CREATION,82,HIGH
44,54000,42200,8600,669000,143000,3200,10,3,2,QUARTERLY,LOW,TAX_SAVING,69,HIGH
29,44000,37300,0,735000,284000,23100,4,5,1,MONTHLY,LOW,RETIREMENT,82,HIGH
29,77000,41400,8500,2217000,808000,27100,5,2,2,LUMP_SUM,LOW,WEALTH_CREATION,53,HIGH
45,74000,47000,17100,1092000,210000,9900,9,4,2,RARELY,MEDIUM,SHORT_TERM_GOAL,60,HIGH
33,167000,45000,88500,633000,17000,33500,8,2,3,MONTHLY,HIGH,EMERGENCY_FUND,58,LOW
21,108000,73700,32100,1906000,340000,2200,7,1,5,LUMP_SUM,LOW,EMERGENCY_FUND,68,HIGH
44,81000,30500,45700,927000,215000,4800,17,1,5,MONTHLY,HIGH,EMERGENCY_FUND,73,HIGH
33,51000,15200,25700,356000,133000,10100,5,2,4,QUARTERLY,MEDIUM,EMERGENCY_FUND,74,HIGH
34,20000,14000,1900,444000,43000,4100,7,1,2,MONTHLY,MEDIUM,RETIREMENT,58,HIGH
35,59000,35300,14900,1223000,234000,8800,4,4,2,MONTHLY,HIGH,EMERGENCY_FUND,60,HIGH
49,63000,20500,38200,534000,278000,4300,10,1,2,MONTHLY,HIGH,WEALTH_CREATION,37,HIGH
47,36000,25400,3700,384000,86000,6900,20,3,3,RARELY,LOW,WEALTH_CREATION,64,HIGH
58,71000,46600,0,1010000,51000,30600,15,2,2,MONTHLY,HIGH,SHORT_TERM_GOAL,56,MEDIUM
28,46000,14300,24700,1147000,201000,7000,1,5,2,RARELY,MEDIUM,TAX_SAVING,71,HIGH
48,51000,25800,19200,975000,398000,6000,6,3,5,MONTHLY,HIGH,RETIREMENT,73,HIGH
46,83000,44100,20500,870000,324000,18400,1,2,5,RARELY,LOW,WEALTH_CREATION,82,HIGH
30,107000,97500,1600,295000,46000,7900,16,4,1,MONTHLY,LOW,WEALTH_CREATION,74,HIGH
26,69000,48900,11700,1138000,128000,8400,1,3,1,MONTHLY,LOW,RETIREMENT,73,HIGH
31,274000,183900,0,2872000,927000,104900,8,4,2,RARELY,HIGH,WEALTH_CREATION,67,MEDIUM
63,136000,122900,0,1492000,1069000,17600,5,3,3,RARELY,HIGH,SHORT_TERM_GOAL,70,MEDIUM
41,119000,86900,12200,996000,613000,19900,1,2,4,MONTHLY,HIGH,RETIREMENT,70,HIGH
37,113000,69000,23200,265000,21000,20800,15,4,5,MONTHLY,MEDIUM,TAX_SAVING,89,HIGH
33,129000,93900,13800,956000,78000,21300,20,4,2,MONTHLY,MEDIUM,WEALTH_CREATION,70,HIGH
52,92000,70900,0,268000,97000,36800,4,3,4,QUARTERLY,MEDIUM,RETIREMENT,77,LOW
56,20000,17200,0,337000,116000,4800,11,1,3,MONTHLY,HIGH,WEALTH_CREATION,45,HIGH
38,112000,65100,0,702000,235000,48300,16,1,2,RARELY,LOW,WEALTH_CREATION,52,MEDIUM
57,88000,49700,16300,1377000,258000,22000,10,2,1,MONTHLY,MEDIUM,SHORT_TERM_GOAL,43,HIGH
54,71000,57100,1700,571000,180000,12200,13,1,5,MONTHLY,HIGH,SHORT_TERM_GOAL,78,HIGH
44,68000,42800,0,245000,113000,32900,11,1,2,QUARTERLY,HIGH,RETIREMENT,33,LOW
50,43000,14700,13400,70000,26000,14900,2,3,1,QUARTERLY,MEDIUM,EMERGENCY_FUND,63,LOW
27,41000,23800,900,687000,116000,16300,1,3,2,RARELY,HIGH,RETIREMENT,48,LOW
44,107000,78100,26600,2279000,1129000,2300,4,3,1,RARELY,MEDIUM,WEALTH_CREATION,53,HIGH
48,26000,18300,2800,146000,33000,4900,15,2,2,MONTHLY,MEDIUM,TAX_SAVING,71,MEDIUM
59,109000,79900,0,3415000,1066000,31900,4,4,4,QUARTERLY,MEDIUM,WEALTH_CREATION,96,HIGH
43,42000,27300,8700,512000,45000,6000,10,2,3,MONTHLY,MEDIUM,EMERGENCY_FUND,66,MEDIUM
50,45000,25700,5200,346000,8000,14100,17,2,2,MONTHLY,MEDIUM,RETIREMENT,53,HIGH
26,316000,247600,0,6311000,1839000,70500,5,1,2,MONTHLY,MEDIUM,WEALTH_CREATION,51,HIGH
63,37000,26800,0,398000,13000,10800,12,3,3,MONTHLY,LOW,EMERGENCY_FUND,54,MEDIUM
26,28000,13000,12600,90000,6000,2400,12,2,4,MONTHLY,HIGH,SHORT_TERM_GOAL,69,MEDIUM
60,50000,31300,13900,450000,315000,4800,13,2,1,QUARTERLY,HIGH,RETIREMENT,40,HIGH
55,43000,25400,11100,279000,30000,6500,1,5,1,QUARTERLY,MEDIUM,WEALTH_CREATION,76,HIGH
40,84000,44300,24200,655000,358000,15500,17,3,1,QUARTERLY,MEDIUM,WEALTH_CREATION,57,HIGH
27,51000,30700,16600,1726000,632000,3700,2,5,2,MONTHLY,MEDIUM,WEALTH_CREATION,87,HIGH
30,108000,86400,19400,3672000,1151000,2200,3,1,4,QUARTERLY,HIGH,WEALTH_CREATION,61,HIGH
44,117000,78200,7300,1573000,990000,31500,11,3,1,LUMP_SUM,HIGH,RETIREMENT,67,HIGH
28,20000,9700,7500,219000,109000,2800,7,2,5,MONTHLY,MEDIUM,TAX_SAVING,77,HIGH
33,64000,43200,14500,827000,162000,6300,16,2,3,MONTHLY,LOW,RETIREMENT,62,HIGH
21,50000,25800,21500,247000,10000,2700,4,1,5,QUARTERLY,MEDIUM,WEALTH_CREATION,68,HIGH
46,68000,50400,12200,1690000,313000,5400,14,2,2,MONTHLY,LOW,TAX_SAVING,74,HIGH
21,49000,34000,6200,960000,334000,8800,6,4,1,MONTHLY,LOW,TAX_SAVING,89,HIGH
52,279000,200600,57700,3503000,511000,20700,18,2,3,RARELY,HIGH,SHORT_TERM_GOAL,37,MEDIUM
62,78000,44900,9100,1658000,381000,24000,15,2,2,LUMP_SUM,MEDIUM,EMERGENCY_FUND,79,HIGH
28,93000,60200,7100,367000,62000,25700,15,1,5,MONTHLY,MEDIUM,WEALTH_CREATION,75,HIGH
48,195000,94500,20200,2934000,990000,80300,15,3,1,QUARTERLY,HIGH,WEALTH_CREATION,51,HIGH
24,43000,30300,6800,406000,77000,5900,9,3,3,MONTHLY,MEDIUM,TAX_SAVING,68,HIGH
25,46000,21500,23600,1087000,397000,900,10,2,1,MONTHLY,MEDIUM,WEALTH_CREATION,57,HIGH
55,74000,52700,6400,1241000,372000,14900,12,2,2,MONTHLY,LOW,RETIREMENT,65,HIGH
43,147000,56900,54300,2055000,525000,35800,14,5,3,RARELY,HIGH,TAX_SAVING,74,HIGH
45,117000,75600,26800,1300000,571000,14600,7,4,1,MONTHLY,MEDIUM,SHORT_TERM_GOAL,66,HIGH
23,51000,32700,10600,322000,86000,7700,7,1,5,MONTHLY,LOW,EMERGENCY_FUND,86,MEDIUM
64,35000,18600,6000,954000,20000,10400,8,2,1,LUMP_SUM,MEDIUM,WEALTH_CREATION,48,HIGH
29,57000,30400,18800,306000,173000,7800,12,1,2,RARELY,MEDIUM,TAX_SAVING,32,HIGH
61,161000,95900,17500,2075000,244000,47600,10,1,4,RARELY,LOW,RETIREMENT,69,HIGH
59,61000,17500,27900,158000,55000,15600,6,1,4,MONTHLY,HIGH,TAX_SAVING,51,HIGH
47,62000,43700,800,744000,154000,17500,3,3,1,MONTHLY,HIGH,EMERGENCY_FUND,43,LOW
38,46000,33400,3300,561000,286000,9300,18,2,4,MONTHLY,LOW,WEALTH_CREATION,64,HIGH
50,20000,9200,0,252000,15000,11000,18,1,3,MONTHLY,HIGH,TAX_SAVING,54,MEDIUM
42,35000,20100,12600,230000,48000,2300,3,3,3,LUMP_SUM,HIGH,WEALTH_CREATION,62,HIGH
58,46000,27400,12400,287000,53000,6200,5,2,1,RARELY,MEDIUM,SHORT_TERM_GOAL,33,MEDIUM
34,84000,34200,35800,1626000,576000,14000,9,3,1,QUARTERLY,MEDIUM,EMERGENCY_FUND,54,HIGH
45,91000,59200,2600,612000,112000,29200,23,1,3,RARELY,HIGH,RETIREMENT,27,LOW
37,58000,43400,3500,1466000,369000,11100,9,4,2,MONTHLY,MEDIUM,WEALTH_CREATION,76,HIGH
46,28000,17600,0,390000,136000,12600,3,2,1,MONTHLY,MEDIUM,RETIREMENT,43,MEDIUM
45,56000,37400,7900,482000,223000,10700,4,1,4,MONTHLY,MEDIUM,WEALTH_CREATION,68,HIGH
36,23000,15800,6800,230000,19000,400,7,2,4,QUARTERLY,MEDIUM,SHORT_TERM_GOAL,70,MEDIUM
21,81000,47400,27800,1171000,40000,5800,21,1,3,RARELY,LOW,RETIREMENT,51,HIGH
45,20000,11800,2200,601000,249000,6000,3,1,4,QUARTERLY,MEDIUM,EMERGENCY_FUND,62,HIGH
44,43000,26900,7600,555000,250000,8500,4,1,3,LUMP_SUM,LOW,SHORT_TERM_GOAL,52,HIGH
46,61000,36100,22300,616000,65000,2600,7,1,4,MONTHLY,HIGH,TAX_SAVING,61,HIGH
43,110000,61900,14600,2138000,1132000,33500,13,4,3,QUARTERLY,MEDIUM,WEALTH_CREATION,97,HIGH
28,60000,32300,7200,1483000,70000,20500,1,1,5,MONTHLY,HIGH,SHORT_TERM_GOAL,52,HIGH
65,67000,51100,0,2763000,816000,25300,22,1,3,RARELY,MEDIUM,TAX_SAVING,56,HIGH
28,38000,28500,0,1011000,212000,10400,16,1,5,MONTHLY,LOW,WEALTH_CREATION,90,HIGH
33,69000,43600,19900,1371000,632000,5500,9,1,4,MONTHLY,LOW,WEALTH_CREATION,56,HIGH
43,37000,25500,1400,156000,29000,10100,14,4,3,MONTHLY,MEDIUM,WEALTH_CREATION,58,HIGH
57,40000,31600,6700,216000,29000,1700,4,4,3,MONTHLY,MEDIUM,RETIREMENT,84,HIGH
62,54000,34900,18500,1136000,47000,600,4,2,2,MONTHLY,MEDIUM,SHORT_TERM_GOAL,58,HIGH
55,115000,60600,19100,1716000,1335000,35300,10,2,4,RARELY,LOW,WEALTH_CREATION,73,HIGH
64,58000,32900,17700,853000,64000,7400,18,1,2,RARELY,MEDIUM,WEALTH_CREATION,52,HIGH
39,57000,30100,15500,73000,10000,11400,11,5,3,MONTHLY,MEDIUM,RETIREMENT,83,HIGH
53,35000,22200,2800,397000,66000,10000,7,3,1,LUMP_SUM,MEDIUM,WEALTH_CREATION,53,MEDIUM
21,121000,97000,21900,1589000,949000,2100,12,2,2,RARELY,LOW,WEALTH_CREATION,55,HIGH
59,35000,30400,2400,557000,366000,2200,20,5,4,MONTHLY,HIGH,WEALTH_CREATION,93,HIGH
28,70000,31600,29800,871000,224000,8600,7,2,1,MONTHLY,MEDIUM,RETIREMENT,62,HIGH
53,130000,50000,70900,1903000,840000,9100,14,3,1,MONTHLY,MEDIUM,EMERGENCY_FUND,59,HIGH
33,63000,44500,16100,1001000,169000,2400,3,3,3,MONTHLY,MEDIUM,RETIREMENT,93,HIGH
60,124000,67800,0,1348000,401000,68200,1,2,4,MONTHLY,HIGH,WEALTH_CREATION,73,MEDIUM
37,102000,67100,0,1306000,112000,56100,1,2,3,RARELY,LOW,EMERGENCY_FUND,57,LOW
62,193000,148000,0,3432000,1791000,48900,5,1,5,RARELY,HIGH,WEALTH_CREATION,51,HIGH
54,120000,99800,7300,930000,210000,12900,2,1,2,LUMP_SUM,HIGH,TAX_SAVING,35,LOW
22,46000,28900,13800,645000,100000,3300,20,3,3,MONTHLY,HIGH,WEALTH_CREATION,55,HIGH
63,138000,108100,15000,831000,202000,14900,5,4,1,QUARTERLY,HIGH,RETIREMENT,65,MEDIUM
36,38000,26800,9200,242000,17000,2000,1,1,2,LUMP_SUM,LOW,WEALTH_CREATION,70,HIGH
49,83000,44500,13800,2397000,971000,24700,6,1,4,LUMP_SUM,MEDIUM,WEALTH_CREATION,46,HIGH
36,92000,57600,4400,686000,88000,30000,10,3,2,MONTHLY,MEDIUM,WEALTH_CREATION,76,HIGH
48,128000,87900,1900,961000,483000,38200,3,4,3,MONTHLY,HIGH,RETIREMENT,76,HIGH
28,62000,40500,19700,273000,72000,1800,7,2,4,MONTHLY,HIGH,EMERGENCY_FUND,71,MEDIUM
33,80000,49300,12200,648000,93000,18500,3,1,2,LUMP_SUM,MEDIUM,SHORT_TERM_GOAL,57,LOW
24,60000,40000,13600,295000,213000,6400,1,1,2,LUMP_SUM,HIGH,RETIREMENT,30,LOW
56,35000,22000,9900,925000,243000,3100,14,1,2,QUARTERLY,LOW,SHORT_TERM_GOAL,77,HIGH
64,31000,16800,4900,668000,25000,9300,7,1,1,MONTHLY,LOW,WEALTH_CREATION,50,HIGH
55,61000,41500,1900,1985000,408000,17600,9,1,4,MONTHLY,LOW,TAX_SAVING,71,HIGH
46,123000,36800,32200,147000,46000,54000,18,2,5,MONTHLY,MEDIUM,SHORT_TERM_GOAL,94,MEDIUM
60,51000,46900,0,217000,84000,8400,19,1,2,RARELY,MEDIUM,WEALTH_CREATION,61,MEDIUM
54,44000,38700,0,222000,128000,12100,19,4,3,QUARTERLY,LOW,TAX_SAVING,89,HIGH
33,31000,13800,9600,234000,65000,7600,6,2,3,QUARTERLY,HIGH,WEALTH_CREATION,59,MEDIUM
45,40000,28900,0,535000,131000,19300,10,4,5,QUARTERLY,MEDIUM,WEALTH_CREATION,84,HIGH
54,34000,26700,6900,645000,249000,400,3,1,2,MONTHLY,MEDIUM,SHORT_TERM_GOAL,49,HIGH
64,39000,15900,17000,223000,168000,6100,3,1,3,QUARTERLY,LOW,RETIREMENT,68,HIGH
55,101000,68700,18400,1059000,85000,13900,4,2,3,RARELY,HIGH,RETIREMENT,69,MEDIUM
21,66000,51600,5100,172000,33000,9300,12,1,1,MONTHLY,MEDIUM,WEALTH_CREATION,59,MEDIUM
32,126000,35900,50500,3068000,766000,39600,9,5,3,MONTHLY,MEDIUM,EMERGENCY_FUND,86,HIGH
30,23000,19500,1200,343000,92000,2300,7,4,1,MONTHLY,MEDIUM,SHORT_TERM_GOAL,70,HIGH
34,45000,33200,9600,403000,183000,2200,18,4,4,QUARTERLY,MEDIUM,WEALTH_CREATION,83,HIGH
38,75000,53900,15600,986000,70000,5500,16,5,2,MONTHLY,MEDIUM,SHORT_TERM_GOAL,100,HIGH
56,60000,36300,16100,712000,314000,7600,21,4,1,MONTHLY,LOW,EMERGENCY_FUND,73,HIGH
36,74000,39000,3100,844000,282000,31900,15,4,4,MONTHLY,HIGH,TAX_SAVING,72,HIGH
65,81000,53200,5100,667000,55000,22700,13,5,4,MONTHLY,LOW,SHORT_TERM_GOAL,100,HIGH
65,37000,31000,2100,648000,174000,3900,4,2,5,MONTHLY,HIGH,RETIREMENT,81,HIGH
43,49000,23600,9000,93000,13000,16400,20,3,4,MONTHLY,MEDIUM,EMERGENCY_FUND,68,HIGH
32,70000,64400,0,544000,256000,27300,21,1,5,RARELY,MEDIUM,TAX_SAVING,54,HIGH
65,41000,22800,15600,208000,34000,2600,3,2,2,LUMP_SUM,LOW,WEALTH_CREATION,63,HIGH
37,118000,82300,21700,719000,255000,14000,1,1,3,MONTHLY,LOW,WEALTH_CREATION,62,MEDIUM
21,30000,27600,0,1140000,464000,3400,6,1,2,QUARTERLY,MEDIUM,EMERGENCY_FUND,38,HIGH
21,48000,11100,19400,1048000,250000,17500,7,3,5,LUMP_SUM,HIGH,EMERGENCY_FUND,85,HIGH
47,88000,61600,23000,315000,105000,3400,2,1,2,LUMP_SUM,MEDIUM,WEALTH_CREATION,58,MEDIUM
60,74000,52900,11900,263000,41000,9200,4,4,3,MONTHLY,LOW,WEALTH_CREATION,90,HIGH
31,77000,42800,20000,683000,131000,14200,6,2,1,LUMP_SUM,MEDIUM,WEALTH_CREATION,49,HIGH
34,37000,31100,3900,1846000,361000,2000,2,3,1,MONTHLY,MEDIUM,SHORT_TERM_GOAL,44,HIGH
45,117000,94800,0,1246000,808000,28800,15,5,3,QUARTERLY,MEDIUM,RETIREMENT,67,HIGH
47,65000,38000,18200,343000,97000,8800,9,1,3,LUMP_SUM,LOW,SHORT_TERM_GOAL,64,HIGH
51,41000,37700,0,1228000,320000,12700,10,4,4,MONTHLY,MEDIUM,SHORT_TERM_GOAL,86,HIGH
62,72000,49700,10900,1785000,75000,11400,7,1,1,QUARTERLY,HIGH,WEALTH_CREATION,35,HIGH
61,86000,51100,4600,293000,76000,30300,20,2,3,QUARTERLY,LOW,WEALTH_CREATION,83,HIGH
23,20000,6400,12000,146000,24000,1600,14,1,4,MONTHLY,LOW,SHORT_TERM_GOAL,91,HIGH
62,92000,69200,7200,214000,27000,15600,17,1,2,QUARTERLY,LOW,WEALTH_CREATION,51,HIGH
23,29000,20400,7100,42000,1000,1500,9,2,1,LUMP_SUM,MEDIUM,WEALTH_CREATION,44,MEDIUM
60,65000,47900,13400,309000,109000,3700,15,2,3,MONTHLY,MEDIUM,WEALTH_CREATION,67,HIGH
52,70000,34700,20000,290000,72000,15300,10,2,3,QUARTERLY,MEDIUM,WEALTH_CREATION,66,HIGH
28,88000,52400,10900,380000,120000,24700,5,2,2,MONTHLY,LOW,SHORT_TERM_GOAL,67,MEDIUM
47,41000,27200,2000,823000,180000,11800,6,1,2,MONTHLY,HIGH,WEALTH_CREATION,32,HIGH
53,69000,54300,8200,444000,66000,6500,21,2,1,MONTHLY,HIGH,WEALTH_CREATION,28,MEDIUM
50,212000,135500,25300,2229000,453000,51200,14,4,3,RARELY,HIGH,WEALTH_CREATION,70,HIGH
55,82000,40100,100,261000,16000,41800,9,1,1,MONTHLY,MEDIUM,WEALTH_CREATION,38,LOW
40,89000,54500,25300,712000,319000,9200,5,5,4,MONTHLY,MEDIUM,WEALTH_CREATION,93,HIGH
35,73000,39800,21800,1336000,122000,11400,6,5,3,MONTHLY,LOW,TAX_SAVING,86,HIGH
21,119000,98500,2100,2858000,737000,18400,3,2,2,RARELY,HIGH,RETIREMENT,47,HIGH
38,130000,55700,54300,947000,72000,20000,5,1,2,MONTHLY,MEDIUM,EMERGENCY_FUND,55,LOW
44,98000,64700,5500,692000,186000,27800,6,2,2,RARELY,MEDIUM,WEALTH_CREATION,50,LOW
57,140000,95700,800,1614000,792000,43500,11,1,2,MONTHLY,MEDIUM,RETIREMENT,47,MEDIUM
48,145000,96300,35700,696000,46000,13000,5,2,4,LUMP_SUM,MEDIUM,EMERGENCY_FUND,59,LOW
46,45000,18500,24900,115000,64000,1600,3,2,5,MONTHLY,HIGH,RETIREMENT,75,HIGH
62,100000,49200,40000,818000,131000,10800,12,1,5,MONTHLY,MEDIUM,SHORT_TERM_GOAL,71,HIGH
35,20000,11800,5000,71000,3000,3200,14,2,4,MONTHLY,LOW,WEALTH_CREATION,87,HIGH
23,36000,23900,0,208000,73000,13100,14,2,5,LUMP_SUM,LOW,RETIREMENT,81,HIGH
32,84000,24800,55200,397000,159000,4000,14,2,4,RARELY,MEDIUM,WEALTH_CREATION,89,HIGH
36,83000,47300,28700,948000,121000,7000,2,5,1,MONTHLY,LOW,RETIREMENT,96,HIGH
36,32000,16900,300,1373000,456000,14800,16,3,5,MONTHLY,LOW,WEALTH_CREATION,92,HIGH
46,74000,44600,21800,990000,636000,7600,6,4,1,MONTHLY,LOW,TAX_SAVING,77,HIGH
33,35000,13300,10300,344000,119000,11400,21,4,3,MONTHLY,MEDIUM,SHORT_TERM_GOAL,62,HIGH
63,31000,23300,0,1023000,403000,14300,5,2,3,LUMP_SUM,MEDIUM,SHORT_TERM_GOAL,52,HIGH
24,142000,86900,12700,920000,41000,42400,16,2,3,MONTHLY,HIGH,EMERGENCY_FUND,61,LOW
23,87000,72800,0,1224000,368000,20800,3,4,1,MONTHLY,MEDIUM,WEALTH_CREATION,65,HIGH
53,134000,98000,21300,3774000,144000,14700,6,3,1,RARELY,HIGH,RETIREMENT,40,HIGH
40,88000,17600,63400,72000,27000,7000,8,2,4,LUMP_SUM,LOW,WEALTH_CREATION,66,HIGH
36,87000,54200,21700,415000,69000,11100,13,1,1,RARELY,MEDIUM,WEALTH_CREATION,29,MEDIUM
64,84000,42200,34600,512000,41000,7200,10,2,4,QUARTERLY,LOW,WEALTH_CREATION,91,HIGH
57,39000,17500,13900,1102000,763000,7600,25,1,4,MONTHLY,LOW,TAX_SAVING,73,HIGH
36,174000,123400,13800,1453000,45000,36800,4,2,5,MONTHLY,LOW,EMERGENCY_FUND,99,HIGH
65,44000,34400,3100,1114000,370000,6500,7,3,2,LUMP_SUM,MEDIUM,EMERGENCY_FUND,64,HIGH
35,106000,63800,11300,315000,183000,30900,20,1,5,MONTHLY,HIGH,WEALTH_CREATION,69,HIGH
44,46000,24300,13300,279000,133000,8400,19,1,4,MONTHLY,LOW,EMERGENCY_FUND,69,HIGH
44,83000,54900,22300,654000,110000,5800,4,3,1,RARELY,MEDIUM,WEALTH_CREATION,40,MEDIUM
53,49000,29600,0,764000,91000,20700,8,5,1,QUARTERLY,MEDIUM,WEALTH_CREATION,73,HIGH
59,120000,80500,14600,1163000,760000,24900,3,3,3,MONTHLY,MEDIUM,WEALTH_CREATION,82,HIGH
46,121000,57600,36200,475000,63000,27200,11,2,1,MONTHLY,LOW,WEALTH_CREATION,57,HIGH
42,79000,56100,9000,752000,170000,13900,14,1,5,MONTHLY,LOW,WEALTH_CREATION,78,HIGH
27,20000,13000,900,314000,168000,6100,3,4,3,QUARTERLY,LOW,WEALTH_CREATION,77,HIGH
38,83000,39800,42700,1312000,108000,500,3,1,4,QUARTERLY,MEDIUM,EMERGENCY_FUND,78,HIGH
48,105000,58800,29100,671000,95000,17100,10,1,4,RARELY,HIGH,SHORT_TERM_GOAL,35,MEDIUM
27,42000,34100,600,181000,88000,7300,6,1,3,MONTHLY,LOW,RETIREMENT,42,HIGH
53,49000,38100,0,1105000,256000,19500,10,1,3,RARELY,HIGH,SHORT_TERM_GOAL,36,LOW
25,59000,37500,8200,1406000,518000,13300,2,1,5,MONTHLY,HIGH,WEALTH_CREATION,70,HIGH
22,55000,33800,8900,530000,54000,12300,12,4,1,MONTHLY,MEDIUM,WEALTH_CREATION,83,HIGH
35,62000,46400,1000,1082000,337000,14600,15,2,5,QUARTERLY,LOW,WEALTH_CREATION,94,HIGH
21,43000,39500,1800,1634000,480000,1700,16,4,3,QUARTERLY,MEDIUM,EMERGENCY_FUND,84,HIGH
64,67000,32100,23100,450000,235000,11800,8,1,3,MONTHLY,HIGH,WEALTH_CREATION,50,HIGH
35,39000,19500,8800,392000,134000,10700,7,3,3,QUARTERLY,HIGH,WEALTH_CREATION,69,HIGH
30,27000,12000,13900,154000,51000,1100,20,2,4,RARELY,MEDIUM,RETIREMENT,64,HIGH
35,189000,119500,0,10972000,1737000,69700,7,4,1,QUARTERLY,MEDIUM,EMERGENCY_FUND,57,HIGH
44,44000,40400,0,1262000,200000,8600,2,3,2,MONTHLY,MEDIUM,TAX_SAVING,72,HIGH
48,20000,17400,0,587000,65000,8700,4,2,3,MONTHLY,HIGH,WEALTH_CREATION,69,HIGH
51,70000,58800,3400,1188000,286000,7800,5,2,3,MONTHLY,HIGH,RETIREMENT,52,HIGH
28,51000,13400,32500,236000,120000,5100,17,1,2,QUARTERLY,MEDIUM,WEALTH_CREATION,45,HIGH
42,71000,58600,0,1390000,113000,18000,12,1,1,QUARTERLY,MEDIUM,RETIREMENT,33,HIGH
40,86000,34900,47200,148000,63000,3900,19,3,4,QUARTERLY,HIGH,EMERGENCY_FUND,79,HIGH
55,40000,17700,12500,286000,178000,9800,2,1,2,MONTHLY,HIGH,EMERGENCY_FUND,32,LOW
38,72000,39300,27100,307000,66000,5600,14,1,5,QUARTERLY,MEDIUM,TAX_SAVING,64,HIGH
47,97000,67200,20400,791000,219000,9400,11,1,5,MONTHLY,MEDIUM,TAX_SAVING,68,HIGH
34,225000,194900,11200,4445000,750000,18900,2,4,4,MONTHLY,MEDIUM,RETIREMENT,100,HIGH
44,26000,13400,7000,315000,87000,5600,1,5,4,LUMP_SUM,HIGH,WEALTH_CREATION,90,HIGH
34,42000,34100,4100,437000,75000,3800,15,1,2,QUARTERLY,HIGH,SHORT_TERM_GOAL,26,MEDIUM
56,96000,51800,14700,711000,169000,29500,1,2,2,MONTHLY,MEDIUM,WEALTH_CREATION,50,MEDIUM
48,84000,21000,32700,1188000,229000,30300,7,5,4,MONTHLY,LOW,RETIREMENT,100,HIGH
23,70000,26400,29800,399000,171000,13800,14,2,2,MONTHLY,HIGH,EMERGENCY_FUND,49,HIGH
29,43000,21900,13200,196000,43000,7900,8,1,3,LUMP_SUM,MEDIUM,SHORT_TERM_GOAL,62,LOW
49,71000,41100,16800,307000,31000,13100,5,2,2,MONTHLY,MEDIUM,TAX_SAVING,56,MEDIUM
40,44000,28700,8000,457000,75000,7300,8,1,1,LUMP_SUM,HIGH,WEALTH_CREATION,39,LOW
33,45000,26400,700,1558000,159000,17900,8,1,2,MONTHLY,LOW,EMERGENCY_FUND,59,HIGH
23,20000,12600,5600,476000,62000,1800,3,2,3,QUARTERLY,MEDIUM,EMERGENCY_FUND,67,HIGH
57,51000,10900,37200,96000,42000,2900,1,1,5,RARELY,HIGH,RETIREMENT,48,HIGH
24,100000,75000,12500,499000,3000,12500,1,2,1,MONTHLY,MEDIUM,WEALTH_CREATION,54,MEDIUM
49,232000,213400,0,4507000,1594000,127600,17,1,3,RARELY,LOW,SHORT_TERM_GOAL,54,HIGH
33,73000,24000,42300,478000,43000,6700,7,5,1,LUMP_SUM,LOW,RETIREMENT,91,HIGH
47,20000,12300,4200,506000,245000,3500,2,2,4,MONTHLY,MEDIUM,WEALTH_CREATION,74,HIGH
58,47000,33100,0,1254000,276000,25800,7,3,1,MONTHLY,HIGH,WEALTH_CREATION,45,HIGH
54,29000,21700,6500,569000,266000,800,1,2,2,QUARTERLY,MEDIUM,WEALTH_CREATION,65,HIGH
29,183000,56200,99800,549000,373000,27000,5,2,3,MONTHLY,LOW,SHORT_TERM_GOAL,78,MEDIUM
24,56000,23300,30400,447000,126000,2300,12,4,2,LUMP_SUM,MEDIUM,RETIREMENT,71,HIGH
50,68000,23700,27300,416000,170000,17000,12,1,3,MONTHLY,MEDIUM,WEALTH_CREATION,61,HIGH
23,118000,94900,9900,972000,481000,13200,11,4,3,MONTHLY,MEDIUM,WEALTH_CREATION,68,HIGH
53,94000,32800,52300,1329000,152000,8900,16,1,3,RARELY,LOW,RETIREMENT,54,HIGH
61,33000,28400,0,445000,189000,9100,16,3,4,LUMP_SUM,MEDIUM,WEALTH_CREATION,68,HIGH
35,82000,59900,10100,2494000,230000,12000,7,2,3,MONTHLY,MEDIUM,TAX_SAVING,69,HIGH
43,82000,28000,19200,1578000,188000,34800,7,3,1,RARELY,MEDIUM,TAX_SAVING,41,MEDIUM
48,126000,75400,0,1300000,659000,65700,1,2,5,MONTHLY,MEDIUM,TAX_SAVING,88,MEDIUM
37,72000,59000,10500,2165000,838000,2500,1,5,2,QUARTERLY,LOW,WEALTH_CREATION,77,HIGH
47,144000,119700,0,1820000,713000,34000,14,4,3,MONTHLY,LOW,WEALTH_CREATION,78,HIGH
53,87000,50500,31400,863000,193000,5100,6,1,1,MONTHLY,LOW,RETIREMENT,58,HIGH
48,57000,52400,2600,285000,129000,2000,3,2,1,MONTHLY,MEDIUM,WEALTH_CREATION,46,LOW
61,110000,67000,19800,280000,50000,23200,15,2,1,MONTHLY,MEDIUM,WEALTH_CREATION,49,MEDIUM
56,46000,35600,9200,710000,69000,1200,1,2,4,QUARTERLY,HIGH,RETIREMENT,62,HIGH
22,39000,10900,25700,410000,152000,2400,3,2,5,MONTHLY,MEDIUM,EMERGENCY_FUND,91,HIGH
57,68000,33400,14600,1542000,408000,20000,18,1,5,LUMP_SUM,MEDIUM,RETIREMENT,83,HIGH
38,100000,62400,24000,1526000,112000,13600,21,4,1,MONTHLY,LOW,WEALTH_CREATION,62,HIGH
61,44000,33100,0,253000,29000,13900,7,2,2,MONTHLY,HIGH,EMERGENCY_FUND,46,LOW
65,69000,41800,22000,201000,4000,5200,6,4,2,MONTHLY,MEDIUM,SHORT_TERM_GOAL,84,MEDIUM
44,45000,33400,0,1413000,362000,19200,1,2,2,RARELY,MEDIUM,RETIREMENT,39,HIGH
42,74000,34600,800,565000,233000,38600,3,2,1,MONTHLY,LOW,EMERGENCY_FUND,62,LOW
49,55000,38200,0,334000,57000,30200,22,3,1,MONTHLY,MEDIUM,SHORT_TERM_GOAL,67,MEDIUM
61,20000,17100,0,137000,45000,4600,11,1,4,RARELY,MEDIUM,RETIREMENT,51,HIGH
40,84000,62400,20000,1169000,361000,1600,4,1,3,LUMP_SUM,MEDIUM,TAX_SAVING,69,HIGH
53,65000,38200,23600,318000,38000,3200,4,1,4,MONTHLY,MEDIUM,WEALTH_CREATION,61,HIGH
50,72000,59300,0,1056000,705000,18100,11,4,5,LUMP_SUM,MEDIUM,EMERGENCY_FUND,87,HIGH
39,59000,28600,21100,278000,13000,9300,9,3,4,RARELY,MEDIUM,WEALTH_CREATION,83,HIGH
48,58000,44600,0,461000,98000,21500,15,2,3,MONTHLY,MEDIUM,WEALTH_CREATION,54,MEDIUM
33,31000,19200,10600,1467000,335000,1200,10,2,5,LUMP_SUM,LOW,EMERGENCY_FUND,83,HIGH
63,54000,22800,27700,184000,40000,3500,2,3,3,MONTHLY,HIGH,TAX_SAVING,67,MEDIUM
46,60000,43500,11200,372000,47000,5300,13,3,2,MONTHLY,MEDIUM,EMERGENCY_FUND,71,HIGH
35,66000,41600,4500,732000,413000,19900,12,3,2,LUMP_SUM,HIGH,WEALTH_CREATION,34,MEDIUM
65,20000,13200,1400,264000,129000,5400,5,2,2,RARELY,LOW,SHORT_TERM_GOAL,76,LOW
61,33000,18900,0,460000,3000,14300,3,1,3,MONTHLY,MEDIUM,WEALTH_CREATION,60,MEDIUM
39,104000,61200,28200,4477000,436000,14600,6,1,4,RARELY,LOW,EMERGENCY_FUND,75,HIGH
25,129000,71000,19100,644000,41000,38900,5,4,1,RARELY,HIGH,WEALTH_CREATION,41,LOW
45,78000,49600,3200,746000,149000,25200,7,3,2,LUMP_SUM,MEDIUM,WEALTH_CREATION,52,HIGH
36,35000,29100,2800,466000,91000,3100,9,1,2,MONTHLY,LOW,EMERGENCY_FUND,62,HIGH
50,29000,8100,17500,336000,99000,3400,2,3,2,QUARTERLY,HIGH,WEALTH_CREATION,58,HIGH
53,105000,71900,13900,519000,32000,19200,3,2,4,QUARTERLY,HIGH,EMERGENCY_FUND,77,LOW
58,155000,86500,30600,766000,45000,37900,11,4,2,MONTHLY,MEDIUM,WEALTH_CREATION,78,HIGH
25,85000,57200,16100,887000,161000,11700,23,2,2,MONTHLY,HIGH,TAX_SAVING,52,HIGH
38,147000,62700,77100,564000,161000,7200,7,3,2,QUARTERLY,HIGH,WEALTH_CREATION,58,HIGH
27,163000,121500,12700,3100000,341000,28800,2,1,3,LUMP_SUM,HIGH,WEALTH_CREATION,52,MEDIUM
53,87000,57600,10200,826000,267000,19200,8,1,2,MONTHLY,LOW,WEALTH_CREATION,52,HIGH
62,113000,62500,43500,2201000,778000,7000,7,5,5,MONTHLY,HIGH,EMERGENCY_FUND,81,HIGH
33,131000,77200,43200,530000,128000,10600,19,5,1,MONTHLY,MEDIUM,SHORT_TERM_GOAL,68,HIGH
53,61000,39900,16500,1786000,545000,4600,1,1,5,LUMP_SUM,MEDIUM,RETIREMENT,56,HIGH
52,46000,36800,6800,362000,58000,2400,14,2,5,LUMP_SUM,MEDIUM,WEALTH_CREATION,77,HIGH
28,61000,34700,6700,719000,104000,19600,2,3,2,LUMP_SUM,HIGH,WEALTH_CREATION,49,HIGH
22,71000,45800,8700,957000,66000,16500,17,1,1,LUMP_SUM,MEDIUM,EMERGENCY_FUND,29,MEDIUM
56,51000,37400,0,112000,85000,17600,8,1,2,RARELY,MEDIUM,EMERGENCY_FUND,42,LOW
26,20000,7200,6100,402000,91000,6700,9,3,3,QUARTERLY,MEDIUM,EMERGENCY_FUND,85,HIGH
26,75000,56600,9300,1431000,260000,9100,14,3,2,RARELY,HIGH,TAX_SAVING,39,HIGH
60,149000,67600,63200,2129000,541000,18200,24,1,2,MONTHLY,HIGH,RETIREMENT,44,HIGH
31,33000,24600,5000,292000,65000,3400,25,3,1,MONTHLY,HIGH,EMERGENCY_FUND,43,MEDIUM
59,47000,25000,17300,370000,69000,4700,12,4,4,LUMP_SUM,HIGH,WEALTH_CREATION,81,HIGH
58,143000,131500,0,2884000,1410000,30200,2,1,1,MONTHLY,HIGH,RETIREMENT,35,HIGH
62,96000,60300,0,2590000,116000,44000,11,3,3,LUMP_SUM,LOW,TAX_SAVING,75,HIGH
43,44000,26400,10400,477000,90000,7200,6,2,2,QUARTERLY,MEDIUM,RETIREMENT,65,HIGH
41,30000,18000,2600,477000,136000,9400,17,3,1,MONTHLY,LOW,SHORT_TERM_GOAL,76,HIGH
21,66000,47000,5700,131000,56000,13300,7,1,2,MONTHLY,HIGH,EMERGENCY_FUND,50,LOW
41,73000,37800,7000,1135000,92000,28200,5,2,3,MONTHLY,MEDIUM,SHORT_TERM_GOAL,70,MEDIUM
34,145000,126800,0,1977000,249000,28300,6,1,2,LUMP_SUM,MEDIUM,SHORT_TERM_GOAL,45,MEDIUM
33,215000,146200,0,2484000,823000,105400,9,1,2,RARELY,MEDIUM,WEALTH_CREATION,43,LOW
36,20000,11100,5700,254000,177000,3200,6,3,4,RARELY,HIGH,TAX_SAVING,57,HIGH
58,99000,77900,0,2237000,510000,34400,14,2,1,QUARTERLY,LOW,TAX_SAVING,63,HIGH
60,115000,46600,18900,1461000,753000,49500,3,1,3,LUMP_SUM,LOW,RETIREMENT,62,HIGH
34,88000,52500,25900,206000,56000,9600,17,2,5,MONTHLY,HIGH,WEALTH_CREATION,85,HIGH
56,121000,77500,24800,3294000,1359000,18700,18,2,2,QUARTERLY,MEDIUM,WEALTH_CREATION,75,HIGH
41,32000,24700,0,103000,24000,8700,11,2,2,MONTHLY,MEDIUM,RETIREMENT,72,MEDIUM
25,161000,78400,66900,1027000,241000,15700,4,2,2,MONTHLY,MEDIUM,SHORT_TERM_GOAL,55,MEDIUM
55,75000,36200,4100,315000,2000,34700,8,2,2,LUMP_SUM,HIGH,WEALTH_CREATION,43,LOW
45,86000,60400,10200,617000,173000,15400,2,3,1,MONTHLY,HIGH,RETIREMENT,66,MEDIUM
41,122000,72200,34000,1107000,222000,15800,3,4,3,LUMP_SUM,LOW,RETIREMENT,99,HIGH
65,89000,63100,20100,1197000,572000,5800,11,3,4,RARELY,HIGH,EMERGENCY_FUND,66,MEDIUM
36,46000,30500,5100,318000,62000,10400,1,2,5,MONTHLY,HIGH,RETIREMENT,86,MEDIUM
42,60000,55200,0,477000,193000,22200,5,2,3,MONTHLY,LOW,TAX_SAVING,76,HIGH
28,71000,42800,21000,2496000,1188000,7200,13,2,4,RARELY,MEDIUM,WEALTH_CREATION,49,HIGH
50,32000,26700,0,482000,79000,6200,18,4,3,RARELY,MEDIUM,RETIREMENT,64,HIGH
47,36000,24900,6700,344000,68000,4400,1,2,4,QUARTERLY,HIGH,EMERGENCY_FUND,63,MEDIUM
57,36000,14000,13500,418000,36000,8500,3,1,1,MONTHLY,MEDIUM,TAX_SAVING,41,HIGH
28,102000,64400,35600,1704000,167000,2000,3,1,5,MONTHLY,MEDIUM,EMERGENCY_FUND,72,HIGH
43,232000,145400,74100,5898000,704000,12500,11,3,4,MONTHLY,HIGH,RETIREMENT,75,HIGH
56,135000,44700,64600,1840000,366000,25700,12,2,2,RARELY,MEDIUM,WEALTH_CREATION,60,HIGH
33,96000,67500,0,451000,73000,32200,16,1,5,MONTHLY,MEDIUM,TAX_SAVING,62,MEDIUM
65,191000,53700,86200,614000,273000,51100,11,4,3,QUARTERLY,MEDIUM,SHORT_TERM_GOAL,80,HIGH
51,60000,43600,0,1498000,302000,16900,1,3,1,MONTHLY,LOW,WEALTH_CREATION,68,HIGH
54,65000,47400,3000,277000,36000,14600,4,1,2,MONTHLY,LOW,EMERGENCY_FUND,65,LOW
58,26000,12900,4500,126000,16000,8600,5,2,2,MONTHLY,MEDIUM,RETIREMENT,57,MEDIUM
54,103000,51100,40200,344000,45000,11700,4,1,3,MONTHLY,HIGH,SHORT_TERM_GOAL,46,LOW
32,70000,42300,0,947000,363000,31700,2,2,1,LUMP_SUM,MEDIUM,EMERGENCY_FUND,34,LOW
26,39000,23500,4100,274000,192000,11400,15,3,4,RARELY,MEDIUM,WEALTH_CREATION,71,HIGH
57,33000,18400,1800,469000,82000,12800,14,1,5,RARELY,LOW,SHORT_TERM_GOAL,69,MEDIUM
53,69000,43400,0,2744000,1171000,32700,12,1,3,MONTHLY,MEDIUM,RETIREMENT,62,HIGH
26,54000,30500,12500,944000,258000,11000,22,1,2,LUMP_SUM,MEDIUM,WEALTH_CREATION,48,HIGH
60,60000,34000,12300,659000,33000,13700,3,2,4,RARELY,MEDIUM,RETIREMENT,60,HIGH
30,86000,64300,7500,178000,97000,14200,3,1,4,MONTHLY,LOW,SHORT_TERM_GOAL,88,LOW
43,83000,66400,6800,642000,178000,9800,18,5,3,RARELY,LOW,WEALTH_CREATION,81,HIGH
65,259000,143400,12300,1555000,476000,103300,13,2,2,MONTHLY,MEDIUM,SHORT_TERM_GOAL,62,LOW
52,124000,103200,0,781000,132000,25500,7,3,3,MONTHLY,MEDIUM,SHORT_TERM_GOAL,70,HIGH
64,51000,35900,0,3071000,430000,25200,9,2,4,QUARTERLY,HIGH,TAX_SAVING,48,HIGH
24,110000,85400,0,1971000,293000,30500,10,2,4,RARELY,HIGH,TAX_SAVING,42,HIGH
49,94000,62700,15900,723000,29000,15400,3,4,4,MONTHLY,MEDIUM,RETIREMENT,85,HIGH
51,69000,50800,10800,603000,334000,7400,8,5,1,RARELY,MEDIUM,EMERGENCY_FUND,60,MEDIUM
41,75000,43700,26800,580000,172000,4500,6,2,1,LUMP_SUM,HIGH,SHORT_TERM_GOAL,41,MEDIUM
60,78000,59400,15800,1484000,983000,2800,5,1,2,MONTHLY,HIGH,WEALTH_CREATION,28,HIGH
51,111000,63400,36300,765000,270000,11300,12,2,3,MONTHLY,MEDIUM,WEALTH_CREATION,60,HIGH
55,22000,12800,0,220000,43000,9200,19,3,1,QUARTERLY,MEDIUM,RETIREMENT,57,MEDIUM
63,62000,13800,43500,205000,89000,4700,7,3,3,MONTHLY,MEDIUM,RETIREMENT,76,HIGH
36,76000,36300,18100,1357000,569000,21600,2,1,4,MONTHLY,HIGH,TAX_SAVING,60,HIGH
57,96000,51800,17800,1048000,262000,26400,16,2,2,RARELY,LOW,SHORT_TERM_GOAL,61,HIGH
64,110000,101200,0,2187000,477000,11000,9,1,4,MONTHLY,MEDIUM,EMERGENCY_FUND,71,HIGH
56,53000,40200,0,314000,177000,27400,3,2,4,MONTHLY,MEDIUM,RETIREMENT,66,MEDIUM
40,33000,26500,0,51000,15000,11400,2,1,1,MONTHLY,LOW,TAX_SAVING,48,LOW
